run_id,random_seed,profile,temperature,serving_mode,mode,sweetness,hardness,batch_target_g,input_batch_g,crown_count,crown_pi_ing_ids,crown_names,input_crown_grams,input_ratio,individual_main_policies,main_basis,family,individual_hard_limits,derived_shared_group_hard_limit,engine_result_status,proposed_crown_grams,output_ratio,exact_engine_ratio,whole_gram_ratio,total_main_percent,score,hard_safe,preview_status,apply_status,save_reopen_status,refusal_error_code,largest_non_main_drift,runtime_ms,classification,case_expectation,case_kind,failure_reason
GELATO-1C-01,2026082610,Gelato,-12,temp_minus_12,ECO,-2,-2,500,500,1,PI-ING-000345,BANANA · Fresh Fruit,1,1,main-banana-fresh-dairy,FRUIT_EQUIVALENT,fruit,30,30,maximized,138,1,1,1,27.6,94.37933333333334,true,READY,APPLIED,SAVED_REOPENED,,227,66,PASS,feasible,none,
GELATO-1C-02,2026082611,Gelato,-13,temp_minus_13,OPTIMAL,-2,2,750,750,1,PI-ING-000345,BANANA · Fresh Fruit,2,1,main-banana-fresh-dairy,FRUIT_EQUIVALENT,fruit,30,30,maximized,150,1,1,1,20,95.4071111111111,true,READY,APPLIED,SAVED_REOPENED,,228,21,PASS,feasible,none,
GELATO-1C-03,2026082612,Gelato,Fresh,fresh,ECO,2,-2,1000,1000,1,PI-ING-000345,BANANA · Fresh Fruit,5,1,USER_HELD/UNKNOWN,NONE,fruit,NONE,,no_admissible_increase,5,1,1,1,0.5,87.16666666666667,true,REFUSED:product_behavior_invalid,NOT_ATTEMPTED,NOT_ATTEMPTED,product_behavior_invalid,3,10198,AUTHORITY_BLOCKED,authority_blocked,none,"Propozycja PI została odrzucona: w proponowanej recepturze pINGÜINO nie rozpoznaje jeszcze tego produktu — brak danych o jego roli. Twoja receptura nie została zmieniona. {""mainObjective"":{""status"":""no_admissible_increase"",""startingMainGrams"":5,""exactAcceptedMainGrams"":5,""executableMainGrams"":5,""firstHigherRejectedGrams"":733,""firstHigherRejectedReason"":""hard_gate"",""technicalScore"":9,""attempts"":733,""searchUpperBoundGrams"":733,""provenMaximum"":false,""testedHigherCandidateCount"":728,""limitingTechnicalRules"":[""main_behavior_blocked""],""certifiedUpperBoundGrams"":733,""proofKind"":""linear_relaxation""},""diagnosticReason"":null}"
GELATO-1C-04,2026082613,Gelato,-11,temp_minus_11,OPTIMAL,2,2,1200,1200,1,PI-ING-000345,BANANA · Fresh Fruit,10,1,USER_HELD/UNKNOWN,NONE,fruit,NONE,,already_clean,,,,,,,false,REFUSED:already_clean,NOT_ATTEMPTED,NOT_ATTEMPTED,already_clean,,848,AUTHORITY_BLOCKED,authority_blocked,none,already_clean
GELATO-1C-05,2026082614,Gelato,-12,temp_minus_12,ECO,0,0,1500,1500,1,PI-ING-000345,BANANA · Fresh Fruit,25,1,main-banana-fresh-dairy,FRUIT_EQUIVALENT,fruit,30,30,maximized,170,1,1,1,11.3333,91.26666666666667,true,READY,APPLIED,SAVED_REOPENED,,88,7,PASS,feasible,support_one,
GELATO-1C-06,2026082615,Gelato,-13,temp_minus_13,OPTIMAL,-1,1,2000,2000,1,PI-ING-000038,WHISKY 40% · Spirit,20,1,main-whisky-40-dairy-0038-minus11,ETHANOL_PERCENT,alcohol,4.9,,impossible_under_constraints,,,,,,,false,REFUSED:impossible_under_constraints,NOT_ATTEMPTED,NOT_ATTEMPTED,impossible_under_constraints,,30,HONEST_IMPOSSIBLE,feasible,main_one,impossible_under_constraints
GELATO-1C-07,2026082616,Gelato,Fresh,fresh,ECO,1,-1,1500,1000,1,PI-ING-000345,BANANA · Fresh Fruit,100,1,main-banana-fresh-dairy,FRUIT_EQUIVALENT,fruit,30,30,preview_ready,150,1,1,1,10,88.98878857142857,false,READY,NOT_ATTEMPTED,NOT_SELECTED,ok,302.2,1,HONEST_IMPOSSIBLE,feasible,batch_resize,"{""hardSafe"":false,""locksPreserved"":true,""violations"":[{""metric"":""total_solids"",""direction"":""low"",""value"":30.843039999999995,""band"":{""min"":31,""max"":45},""severity_points"":0.022422857142857872,""priority_rank"":4,""reason"":""total_solids_low""}]}"
GELATO-1C-08,2026082617,Gelato,-11,temp_minus_11,OPTIMAL,-2,0,500,500,1,PI-ING-000345,BANANA · Fresh Fruit,150,1,main-banana-fresh-dairy,FRUIT_EQUIVALENT,fruit,30,,rescale_locked_sum,,,,,,,false,REFUSED:rescale_locked_sum,NOT_ATTEMPTED,NOT_ATTEMPTED,rescale_locked_sum,,0,HONEST_IMPOSSIBLE,feasible,support_multiple,rescale_locked_sum
GELATO-1C-09,2026082618,Gelato,-12,temp_minus_12,ECO,2,-2,1000,1000,1,PI-ING-001553,STRAWBERRIES · Fresh Fruit,10,1,main-berry-fresh-dairy,FRUIT_EQUIVALENT,fruit,45,45,maximized,450,1,1,1,45,97.33333333333333,true,READY,APPLIED,SAVED_REOPENED,,433,5,PASS,feasible,randomized,
GELATO-1C-10,2026082619,Gelato,Fresh,fresh,OPTIMAL,-1,2,1200,1200,1,PI-ING-001578,COCOA ALKALIZED 100% · Cacao Barry Cocoa Powder,25,1,USER_HELD/UNKNOWN,NONE,chocolate_cocoa,NONE,,maximized,184,1,1,1,15.3333,88.97777777777776,true,READY,APPLIED,SAVED_REOPENED,,194,9,PASS,feasible,randomized,
GELATO-2C-01,2026082620,Gelato,-13,temp_minus_13,OPTIMAL,-2,-2,750,750,2,PI-ING-000345|PI-ING-001556,BANANA · Fresh Fruit|CRANBERRY · Fresh Fruit,150|150,1:1,main-banana-fresh-dairy|main-berry-fresh-dairy,FRUIT_EQUIVALENT|FRUIT_EQUIVALENT,fruit|fruit,30|45,30,maximized,113|112,1:0.99115,1:0.99115,1:0.99115,30,95.55555555555556,true,READY,APPLIED,SAVED_REOPENED,,385,11,PASS,feasible,none,
GELATO-2C-02,2026082621,Gelato,Fresh,fresh,ECO,-2,2,1000,1000,2,PI-ING-000345|PI-ING-001553,BANANA · Fresh Fruit|STRAWBERRIES · Fresh Fruit,300|150,1:0.5,main-banana-fresh-dairy|main-berry-fresh-dairy,FRUIT_EQUIVALENT|FRUIT_EQUIVALENT,fruit|fruit,30|45,30,maximized,200|100,1:0.5,1:0.5,1:0.5,30,95.55555555555556,true,READY,APPLIED,SAVED_REOPENED,,340,6,PASS,feasible,none,
GELATO-2C-03,2026082622,Gelato,-11,temp_minus_11,OPTIMAL,2,-2,1200,1200,2,PI-ING-000345|PI-ING-000614,BANANA · Fresh Fruit|PISTACHIO · Aldori Paste · 100% Nut,1|200,1:200,main-banana-fresh-dairy|main-pistachio-pure-paste-dairy-0614,FRUIT_EQUIVALENT|NUT_EQUIVALENT,fruit|nut,30|15,,no_proposal,,,,,,,false,REFUSED:no_proposal,NOT_ATTEMPTED,NOT_ATTEMPTED,no_proposal,,8425,AUTHORITY_BLOCKED,authority_blocked,none,no_proposal
GELATO-2C-04,2026082623,Gelato,-12,temp_minus_12,ECO,2,2,1500,1500,2,PI-ING-000345|PI-ING-001553,BANANA · Fresh Fruit|STRAWBERRIES · Fresh Fruit,200|1,1:0.005,main-banana-fresh-dairy|USER_HELD/UNKNOWN,FRUIT_EQUIVALENT|NONE,fruit|fruit,30|NONE,,no_admissible_increase,200|1,1:0.005,1:0.005,1:0.005,13.4,89.05277258564409,false,REFUSED:product_behavior_invalid,NOT_ATTEMPTED,NOT_ATTEMPTED,product_behavior_invalid,128,7700,AUTHORITY_BLOCKED,authority_blocked,none,"Propozycja PI została odrzucona: w proponowanej recepturze pINGÜINO nie rozpoznaje jeszcze tego produktu — brak danych o jego roli. Twoja receptura nie została zmieniona. {""mainObjective"":{""status"":""no_admissible_increase"",""startingMainGrams"":201,""exactAcceptedMainGrams"":201,""executableMainGrams"":201,""firstHigherRejectedGrams"":857,""firstHigherRejectedReason"":""hard_gate"",""technicalScore"":9,""attempts"":857,""searchUpperBoundGrams"":857,""provenMaximum"":false,""testedHigherCandidateCount"":656,""limitingTechnicalRules"":[""main_behavior_blocked""],""certifiedUpperBoundGrams"":857,""proofKind"":""linear_relaxation""},""diagnosticReason"":""hard_residual""}"
GELATO-2C-05,2026082624,Gelato,-13,temp_minus_13,OPTIMAL,0,0,2000,2000,2,PI-ING-000345|PI-ING-001553,BANANA · Fresh Fruit|STRAWBERRIES · Fresh Fruit,10|50,1:5,main-banana-fresh-dairy|main-berry-fresh-dairy,FRUIT_EQUIVALENT|FRUIT_EQUIVALENT,fruit|fruit,30|45,,no_admissible_increase,10|50,1:5,1:5,1:5,3,81.55555555555556,true,REFUSED:product_behavior_invalid,NOT_ATTEMPTED,NOT_ATTEMPTED,product_behavior_invalid,21,48,HONEST_IMPOSSIBLE,feasible,support_one,"Propozycja PI została odrzucona: w proponowanej recepturze grupa Main ma 3.0%; wymagane minimum to 25.0%. Twoja receptura nie została zmieniona. {""mainObjective"":{""status"":""no_admissible_increase"",""startingMainGrams"":60,""exactAcceptedMainGrams"":60,""executableMainGrams"":60,""firstHigherRejectedGrams"":null,""firstHigherRejectedReason"":null,""technicalScore"":8,""attempts"":0,""searchUpperBoundGrams"":95,""provenMaximum"":false,""testedHigherCandidateCount"":0,""limitingTechnicalRules"":[""no_technically_valid_main_candidate""],""certifiedUpperBoundGrams"":95,""proofKind"":""linear_relaxation""},""diagnosticReason"":null}"
GELATO-2C-06,2026082625,Gelato,Fresh,fresh,ECO,-1,1,400,400,2,PI-ING-000345|PI-ING-001553,BANANA · Fresh Fruit|STRAWBERRIES · Fresh Fruit,25|100,1:4,main-banana-fresh-dairy|main-berry-fresh-dairy,FRUIT_EQUIVALENT|FRUIT_EQUIVALENT,fruit|fruit,30|45,30,maximized,25|95,1:3.8,1:3.8,1:3.8,30,97.77777777777779,true,READY,APPLIED,SAVED_REOPENED,,215,16,PASS,feasible,main_one,
GELATO-2C-07,2026082626,Gelato,-11,temp_minus_11,OPTIMAL,1,-1,400,1000,2,PI-ING-000345|PI-ING-001553,BANANA · Fresh Fruit|STRAWBERRIES · Fresh Fruit,400|600,1:1.5,main-banana-fresh-dairy|main-berry-fresh-dairy,FRUIT_EQUIVALENT|FRUIT_EQUIVALENT,fruit|fruit,30|45,,product_behavior_invalid,80|120,1:1.5,1:1.5,1:1.5,50,69.36874788026195,false,REFUSED:product_behavior_invalid,NOT_ATTEMPTED,NOT_ATTEMPTED,product_behavior_invalid,538,1,HONEST_IMPOSSIBLE,feasible,batch_resize,"Propozycja PI została odrzucona: w proponowanej recepturze grupa Main przekracza zatwierdzony poziom OPTIMAL 30.0%. Twoja receptura nie została zmieniona. {""mainObjective"":null,""diagnosticReason"":null}"
GELATO-2C-08,2026082627,Gelato,-12,temp_minus_12,ECO,-2,0,750,750,2,PI-ING-000345|PI-ING-001553,BANANA · Fresh Fruit|STRAWBERRIES · Fresh Fruit,600|600,1:1,main-banana-fresh-dairy|main-berry-fresh-dairy,FRUIT_EQUIVALENT|FRUIT_EQUIVALENT,fruit|fruit,30|45,,no_proposal,,,,,,,false,REFUSED:no_proposal,NOT_ATTEMPTED,NOT_ATTEMPTED,no_proposal,,8,HONEST_IMPOSSIBLE,honest_impossible,support_multiple,no_proposal
GELATO-2C-09,2026082628,Gelato,Fresh,fresh,OPTIMAL,1,-2,2000,2000,2,PI-ING-000419|PI-ING-000405,HAZELNUT · Pi-NUTS Paste · Dry · 100% Nut|WATERMELON · Fresh Fruit,1|300,1:300,main-pure-nut-paste-dairy|main-fruit-fresh-dairy,NUT_EQUIVALENT|FRUIT_EQUIVALENT,nut|fruit,15|45,,no_proposal,,,,,,,false,REFUSED:no_proposal,NOT_ATTEMPTED,NOT_ATTEMPTED,no_proposal,,113650,HONEST_IMPOSSIBLE,feasible,randomized,no_proposal
GELATO-2C-10,2026082629,Gelato,Fresh,fresh,OPTIMAL,1,-2,500,500,2,PI-ING-000366|PI-ING-000334,KIWI · Fresh Fruit|VANILLA · Pi-NUTS Paste,2|25,1:12.5,main-kiwi-fresh-dairy|USER_HELD/UNKNOWN,FRUIT_EQUIVALENT|NONE,fruit|vanilla,20|NONE,,maximized,9|110,1:12.222222,1:12.222222,1:12.222222,23.8,88.97666666666667,true,READY,APPLIED,SAVED_REOPENED,,151,2911,PASS,feasible,randomized,
GELATO-3C-01,2026082630,Gelato,Fresh,fresh,ECO,-2,-2,1000,1000,3,PI-ING-000345|PI-ING-001553|PI-ING-001556,BANANA · Fresh Fruit|STRAWBERRIES · Fresh Fruit|CRANBERRY · Fresh Fruit,50|50|50,1:1:1,main-banana-fresh-dairy|main-berry-fresh-dairy|main-berry-fresh-dairy,FRUIT_EQUIVALENT|FRUIT_EQUIVALENT|FRUIT_EQUIVALENT,fruit|fruit|fruit,30|45|45,30,maximized,100|100|100,1:1:1,1:1:1,1:1:1,30,94,true,READY,APPLIED,SAVED_REOPENED,,307,1596,PASS,feasible,none,
GELATO-3C-02,2026082631,Gelato,-11,temp_minus_11,OPTIMAL,-2,2,1200,1200,3,PI-ING-000345|PI-ING-001553|PI-ING-001556,BANANA · Fresh Fruit|STRAWBERRIES · Fresh Fruit|CRANBERRY · Fresh Fruit,100|200|300,1:2:3,main-banana-fresh-dairy|main-berry-fresh-dairy|main-berry-fresh-dairy,FRUIT_EQUIVALENT|FRUIT_EQUIVALENT|FRUIT_EQUIVALENT,fruit|fruit|fruit,30|45|45,30,maximized,60|120|180,1:2:3,1:2:3,1:2:3,30,95.55555555555556,true,READY,APPLIED,NOT_SELECTED,,438,7,PASS,feasible,none,
GELATO-3C-03,2026082632,Gelato,-12,temp_minus_12,ECO,2,-2,1500,1500,3,PI-ING-000345|PI-ING-000614|PI-ING-001553,BANANA · Fresh Fruit|PISTACHIO · Aldori Paste · 100% Nut|STRAWBERRIES · Fresh Fruit,300|200|100,1:0.666667:0.333333,main-banana-fresh-dairy|main-pistachio-pure-paste-dairy-0614|main-berry-fresh-dairy,FRUIT_EQUIVALENT|NUT_EQUIVALENT|FRUIT_EQUIVALENT,fruit|nut|fruit,30|15|45,,no_proposal,,,,,,,false,REFUSED:no_proposal,NOT_ATTEMPTED,NOT_ATTEMPTED,no_proposal,,92838,AUTHORITY_BLOCKED,authority_blocked,none,no_proposal
GELATO-3C-04,2026082633,Gelato,-13,temp_minus_13,OPTIMAL,2,2,2000,2000,3,PI-ING-000345|PI-ING-001553|PI-ING-001556,BANANA · Fresh Fruit|STRAWBERRIES · Fresh Fruit|CRANBERRY · Fresh Fruit,1|2|5,1:2:5,main-banana-fresh-dairy|main-berry-fresh-dairy|USER_HELD/UNKNOWN,FRUIT_EQUIVALENT|FRUIT_EQUIVALENT|NONE,fruit|fruit|fruit,30|45|NONE,,no_admissible_increase,1|2|5,1:2:5,1:2:5,1:2:5,0.4,83.33333333333333,true,REFUSED:product_behavior_invalid,NOT_ATTEMPTED,NOT_ATTEMPTED,product_behavior_invalid,5,15014,AUTHORITY_BLOCKED,authority_blocked,none,"Propozycja PI została odrzucona: w proponowanej recepturze pINGÜINO nie rozpoznaje jeszcze tego produktu — brak danych o jego roli. Twoja receptura nie została zmieniona. {""mainObjective"":{""status"":""no_admissible_increase"",""startingMainGrams"":8,""exactAcceptedMainGrams"":8,""executableMainGrams"":8,""firstHigherRejectedGrams"":910,""firstHigherRejectedReason"":""hard_gate"",""technicalScore"":9,""attempts"":910,""searchUpperBoundGrams"":910,""provenMaximum"":false,""testedHigherCandidateCount"":902,""limitingTechnicalRules"":[""main_behavior_blocked""],""certifiedUpperBoundGrams"":910,""proofKind"":""linear_relaxation""},""diagnosticReason"":null}"
GELATO-3C-05,2026082634,Gelato,Fresh,fresh,ECO,0,0,400,400,3,PI-ING-000345|PI-ING-001553|PI-ING-001556,BANANA · Fresh Fruit|STRAWBERRIES · Fresh Fruit|CRANBERRY · Fresh Fruit,600|1|2,1:0.001667:0.003333,main-banana-fresh-dairy|main-berry-fresh-dairy|main-berry-fresh-dairy,FRUIT_EQUIVALENT|FRUIT_EQUIVALENT|FRUIT_EQUIVALENT,fruit|fruit|fruit,30|45|45,,no_proposal,,,,,,,false,REFUSED:no_proposal,NOT_ATTEMPTED,NOT_ATTEMPTED,no_proposal,,6,HONEST_IMPOSSIBLE,honest_impossible,support_one,no_proposal
GELATO-3C-06,2026082635,Gelato,-11,temp_minus_11,OPTIMAL,-1,1,500,500,3,PI-ING-000345|PI-ING-001553|PI-ING-001556,BANANA · Fresh Fruit|STRAWBERRIES · Fresh Fruit|CRANBERRY · Fresh Fruit,25|50|100,1:2:4,main-banana-fresh-dairy|main-berry-fresh-dairy|main-berry-fresh-dairy,FRUIT_EQUIVALENT|FRUIT_EQUIVALENT|FRUIT_EQUIVALENT,fruit|fruit|fruit,30|45|45,30,maximized,25|42|83,1:1.68:3.32,1:1.68:3.32,1:1.68:3.32,30,96,true,READY,APPLIED,NOT_SELECTED,,146,6,PASS,feasible,main_one,
GELATO-3C-07,2026082636,Gelato,-12,temp_minus_12,ECO,1,-1,750,2000,3,PI-ING-000345|PI-ING-001553|PI-ING-001556,BANANA · Fresh Fruit|STRAWBERRIES · Fresh Fruit|CRANBERRY · Fresh Fruit,150|150|150,1:1:1,main-banana-fresh-dairy|main-berry-fresh-dairy|main-berry-fresh-dairy,FRUIT_EQUIVALENT|FRUIT_EQUIVALENT|FRUIT_EQUIVALENT,fruit|fruit|fruit,30|45|45,,product_behavior_invalid,56|56|56,1:1:1,1:1:1,1:1:1,22.4,85.91703604121854,false,REFUSED:product_behavior_invalid,NOT_ATTEMPTED,NOT_ATTEMPTED,product_behavior_invalid,580.45,1,HONEST_IMPOSSIBLE,feasible,batch_resize,"Propozycja PI została odrzucona: w proponowanej recepturze grupa Main ma 22.4%; wymagane minimum to 25.0%. Twoja receptura nie została zmieniona. {""mainObjective"":null,""diagnosticReason"":null}"
GELATO-3C-08,2026082637,Gelato,-13,temp_minus_13,OPTIMAL,-2,0,1000,1000,3,PI-ING-000345|PI-ING-001553|PI-ING-001556,BANANA · Fresh Fruit|STRAWBERRIES · Fresh Fruit|CRANBERRY · Fresh Fruit,400|10|1,1:0.025:0.0025,main-banana-fresh-dairy|main-berry-fresh-dairy|main-berry-fresh-dairy,FRUIT_EQUIVALENT|FRUIT_EQUIVALENT|FRUIT_EQUIVALENT,fruit|fruit|fruit,30|45|45,,rescale_locked_sum,,,,,,,false,REFUSED:rescale_locked_sum,NOT_ATTEMPTED,NOT_ATTEMPTED,rescale_locked_sum,,0,HONEST_IMPOSSIBLE,feasible,support_multiple,rescale_locked_sum
GELATO-3C-09,2026082638,Gelato,-11,temp_minus_11,ECO,-1,2,400,400,3,PI-ING-000340|PI-ING-000369|PI-ING-000038,MANGO CHATO · Puree · Frozen/Chilled · 100% Fruit|LIME · Fresh Fruit|WHISKY 40% · Spirit,400|5|200,1:0.0125:0.5,main-fruit-puree-dairy|main-fruit-fresh-dairy|main-whisky-40-dairy-0038-minus11,FRUIT_EQUIVALENT|FRUIT_EQUIVALENT|ETHANOL_PERCENT,fruit|fruit|alcohol,45|45|4.9,,no_proposal,,,,,,,false,REFUSED:no_proposal,NOT_ATTEMPTED,NOT_ATTEMPTED,no_proposal,,32,HONEST_IMPOSSIBLE,honest_impossible,randomized,no_proposal
GELATO-3C-10,2026082639,Gelato,-11,temp_minus_11,OPTIMAL,-1,0,2000,2000,3,PI-ING-000419|PI-ING-000167|PI-ING-000334,HAZELNUT · Pi-NUTS Paste · Dry · 100% Nut|COFFEE INSTANT · Coffee · Dry|VANILLA · Pi-NUTS Paste,2|150|10,1:75:5,main-pure-nut-paste-dairy|USER_HELD/UNKNOWN|USER_HELD/UNKNOWN,NUT_EQUIVALENT|NONE|NONE,nut|coffee|vanilla,15|NONE|NONE,,maximized,5|345|23,1:69:4.6,1:69:4.6,1:69:4.6,18.65,86.27692708333333,true,READY,APPLIED,NOT_SELECTED,,476,23,PASS,feasible,randomized,
GELATO-4C-01,2026082640,Gelato,-11,temp_minus_11,OPTIMAL,-2,-2,1200,1200,4,PI-ING-000345|PI-ING-001553|PI-ING-001556|PI-ING-000394,BANANA · Fresh Fruit|STRAWBERRIES · Fresh Fruit|CRANBERRY · Fresh Fruit|RASPBERRIES · Fresh Fruit,50|50|50|50,1:1:1:1,main-banana-fresh-dairy|main-berry-fresh-dairy|main-berry-fresh-dairy|main-berry-fresh-dairy,FRUIT_EQUIVALENT|FRUIT_EQUIVALENT|FRUIT_EQUIVALENT|FRUIT_EQUIVALENT,fruit|fruit|fruit|fruit,30|45|45|45,30,maximized,90|90|90|90,1:1:1:1,1:1:1:1,1:1:1:1,30,93.77777777777779,true,READY,APPLIED,NOT_SELECTED,,373,2135,PASS,feasible,none,
GELATO-4C-02,2026082641,Gelato,-12,temp_minus_12,ECO,-2,2,1500,1500,4,PI-ING-000345|PI-ING-001553|PI-ING-001556|PI-ING-000394,BANANA · Fresh Fruit|STRAWBERRIES · Fresh Fruit|CRANBERRY · Fresh Fruit|RASPBERRIES · Fresh Fruit,100|200|300|400,1:2:3:4,main-banana-fresh-dairy|main-berry-fresh-dairy|main-berry-fresh-dairy|main-berry-fresh-dairy,FRUIT_EQUIVALENT|FRUIT_EQUIVALENT|FRUIT_EQUIVALENT|FRUIT_EQUIVALENT,fruit|fruit|fruit|fruit,30|45|45|45,30,maximized,45|90|135|180,1:2:3:4,1:2:3:4,1:2:3:4,30,96,true,READY,APPLIED,NOT_SELECTED,,452,14,PASS,feasible,none,
GELATO-4C-03,2026082642,Gelato,-13,temp_minus_13,OPTIMAL,2,-2,2000,2000,4,PI-ING-000345|PI-ING-000614|PI-ING-001553|PI-ING-000419,BANANA · Fresh Fruit|PISTACHIO · Aldori Paste · 100% Nut|STRAWBERRIES · Fresh Fruit|HAZELNUT · Pi-NUTS Paste · Dry · 100% Nut,400|300|200|100,1:0.75:0.5:0.25,main-banana-fresh-dairy|main-pistachio-pure-paste-dairy-0614|main-berry-fresh-dairy|main-pure-nut-paste-dairy,FRUIT_EQUIVALENT|NUT_EQUIVALENT|FRUIT_EQUIVALENT|NUT_EQUIVALENT,fruit|nut|fruit|nut,30|15|45|15,,no_proposal,,,,,,,false,REFUSED:no_proposal,NOT_ATTEMPTED,NOT_ATTEMPTED,no_proposal,,144842,AUTHORITY_BLOCKED,authority_blocked,none,no_proposal
GELATO-4C-04,2026082643,Gelato,Fresh,fresh,ECO,2,2,400,400,4,PI-ING-000345|PI-ING-001553|PI-ING-001556|PI-ING-000394,BANANA · Fresh Fruit|STRAWBERRIES · Fresh Fruit|CRANBERRY · Fresh Fruit|RASPBERRIES · Fresh Fruit,1|2|5|10,1:2:5:10,main-banana-fresh-dairy|main-berry-fresh-dairy|main-berry-fresh-dairy|USER_HELD/UNKNOWN,FRUIT_EQUIVALENT|FRUIT_EQUIVALENT|FRUIT_EQUIVALENT|NONE,fruit|fruit|fruit|fruit,30|45|45|NONE,,no_admissible_increase,1|2|5|10,1:2:5:10,1:2:5:10,1:2:5:10,4.5,82,true,REFUSED:product_behavior_invalid,NOT_ATTEMPTED,NOT_ATTEMPTED,product_behavior_invalid,18,254,AUTHORITY_BLOCKED,authority_blocked,none,"Propozycja PI została odrzucona: w proponowanej recepturze pINGÜINO nie rozpoznaje jeszcze tego produktu — brak danych o jego roli. Twoja receptura nie została zmieniona. {""mainObjective"":{""status"":""no_admissible_increase"",""startingMainGrams"":18,""exactAcceptedMainGrams"":18,""executableMainGrams"":18,""firstHigherRejectedGrams"":204,""firstHigherRejectedReason"":""hard_gate"",""technicalScore"":10,""attempts"":204,""searchUpperBoundGrams"":204,""provenMaximum"":false,""testedHigherCandidateCount"":186,""limitingTechnicalRules"":[""main_behavior_blocked""],""certifiedUpperBoundGrams"":204,""proofKind"":""linear_relaxation""},""diagnosticReason"":null}"
GELATO-4C-05,2026082644,Gelato,-11,temp_minus_11,OPTIMAL,0,0,500,500,4,PI-ING-000345|PI-ING-001553|PI-ING-001556|PI-ING-000394,BANANA · Fresh Fruit|STRAWBERRIES · Fresh Fruit|CRANBERRY · Fresh Fruit|RASPBERRIES · Fresh Fruit,600|1|2|5,1:0.001667:0.003333:0.008333,main-banana-fresh-dairy|main-berry-fresh-dairy|main-berry-fresh-dairy|main-berry-fresh-dairy,FRUIT_EQUIVALENT|FRUIT_EQUIVALENT|FRUIT_EQUIVALENT|FRUIT_EQUIVALENT,fruit|fruit|fruit|fruit,30|45|45|45,,no_proposal,,,,,,,false,REFUSED:no_proposal,NOT_ATTEMPTED,NOT_ATTEMPTED,no_proposal,,10,HONEST_IMPOSSIBLE,honest_impossible,support_one,no_proposal
GELATO-4C-06,2026082645,Gelato,-12,temp_minus_12,ECO,-1,1,750,750,4,PI-ING-000345|PI-ING-001553|PI-ING-001556|PI-ING-000394,BANANA · Fresh Fruit|STRAWBERRIES · Fresh Fruit|CRANBERRY · Fresh Fruit|RASPBERRIES · Fresh Fruit,25|50|100|150,1:2:4:6,main-banana-fresh-dairy|main-berry-fresh-dairy|main-berry-fresh-dairy|main-berry-fresh-dairy,FRUIT_EQUIVALENT|FRUIT_EQUIVALENT|FRUIT_EQUIVALENT|FRUIT_EQUIVALENT,fruit|fruit|fruit|fruit,30|45|45|45,30,maximized,25|33|67|100,1:1.32:2.68:4,1:1.32:2.68:4,1:1.32:2.68:4,30,97.77777777777779,true,READY,APPLIED,NOT_SELECTED,,216,8,PASS,feasible,main_one,
GELATO-4C-07,2026082646,Gelato,-13,temp_minus_13,OPTIMAL,1,-1,1200,400,4,PI-ING-000345|PI-ING-001553|PI-ING-001556|PI-ING-000394,BANANA · Fresh Fruit|STRAWBERRIES · Fresh Fruit|CRANBERRY · Fresh Fruit|RASPBERRIES · Fresh Fruit,150|150|150|150,1:1:1:1,main-banana-fresh-dairy|main-berry-fresh-dairy|main-berry-fresh-dairy|main-berry-fresh-dairy,FRUIT_EQUIVALENT|FRUIT_EQUIVALENT|FRUIT_EQUIVALENT|FRUIT_EQUIVALENT,fruit|fruit|fruit|fruit,30|45|45|45,,product_behavior_invalid,175|175|175|175,1:1:1:1,1:1:1:1,1:1:1:1,58.3333,69.03575293605579,false,REFUSED:product_behavior_invalid,NOT_ATTEMPTED,NOT_ATTEMPTED,product_behavior_invalid,40,1,HONEST_IMPOSSIBLE,honest_impossible,batch_resize,"Propozycja PI została odrzucona: w proponowanej recepturze grupa Main przekracza zatwierdzony poziom OPTIMAL 30.0%. Twoja receptura nie została zmieniona. {""mainObjective"":null,""diagnosticReason"":null}"
GELATO-4C-08,2026082647,Gelato,Fresh,fresh,ECO,-2,0,1200,1200,4,PI-ING-000345|PI-ING-001553|PI-ING-001556|PI-ING-000394,BANANA · Fresh Fruit|STRAWBERRIES · Fresh Fruit|CRANBERRY · Fresh Fruit|RASPBERRIES · Fresh Fruit,400|100|25|5,1:0.25:0.0625:0.0125,main-banana-fresh-dairy|main-berry-fresh-dairy|main-berry-fresh-dairy|main-berry-fresh-dairy,FRUIT_EQUIVALENT|FRUIT_EQUIVALENT|FRUIT_EQUIVALENT|FRUIT_EQUIVALENT,fruit|fruit|fruit|fruit,30|45|45|45,,rescale_locked_sum,,,,,,,false,REFUSED:rescale_locked_sum,NOT_ATTEMPTED,NOT_ATTEMPTED,rescale_locked_sum,,0,HONEST_IMPOSSIBLE,feasible,support_multiple,rescale_locked_sum
GELATO-4C-09,2026082648,Gelato,-12,temp_minus_12,ECO,0,-1,1000,1000,4,PI-ING-001556|PI-ING-001553|PI-ING-000167|PI-ING-000334,CRANBERRY · Fresh Fruit|STRAWBERRIES · Fresh Fruit|COFFEE INSTANT · Coffee · Dry|VANILLA · Pi-NUTS Paste,300|150|1|5,1:0.5:0.003333:0.016667,main-berry-fresh-dairy|main-berry-fresh-dairy|USER_HELD/UNKNOWN|USER_HELD/UNKNOWN,FRUIT_EQUIVALENT|FRUIT_EQUIVALENT|NONE|NONE,fruit|fruit|coffee|vanilla,45|45|NONE|NONE,,maximized,309|154|1|5,1:0.498382:0.003236:0.016181,1:0.498382:0.003236:0.016181,1:0.498382:0.003236:0.016181,46.9,97.33333333333333,true,READY,APPLIED,NOT_SELECTED,,452,20,PASS,feasible,randomized,
GELATO-4C-10,2026082649,Gelato,-12,temp_minus_12,OPTIMAL,-1,-2,2000,2000,4,PI-ING-000345|PI-ING-000614|PI-ING-000167|PI-ING-000419,BANANA · Fresh Fruit|PISTACHIO · Aldori Paste · 100% Nut|COFFEE INSTANT · Coffee · Dry|HAZELNUT · Pi-NUTS Paste · Dry · 100% Nut,5|50|10|200,1:10:2:40,main-banana-fresh-dairy|main-pistachio-pure-paste-dairy-0614|USER_HELD/UNKNOWN|main-pure-nut-paste-dairy,FRUIT_EQUIVALENT|NUT_EQUIVALENT|NONE|NUT_EQUIVALENT,fruit|nut|coffee|nut,30|15|NONE|15,,best_achievable,7|71|14|283,1:10.142857:2:40.428571,1:10.142857:2:40.428571,1:10.142857:2:40.428571,18.75,94.83333333333333,true,READY,APPLIED,NOT_SELECTED,,269,463,PASS,feasible,randomized,
GELATO-5C-01,2026082650,Gelato,-12,temp_minus_12,ECO,-2,-2,1500,1500,5,PI-ING-000345|PI-ING-001553|PI-ING-001556|PI-ING-000394|PI-ING-000405,BANANA · Fresh Fruit|STRAWBERRIES · Fresh Fruit|CRANBERRY · Fresh Fruit|RASPBERRIES · Fresh Fruit|WATERMELON · Fresh Fruit,50|50|50|50|50,1:1:1:1:1,main-banana-fresh-dairy|main-berry-fresh-dairy|main-berry-fresh-dairy|main-berry-fresh-dairy|main-fruit-fresh-dairy,FRUIT_EQUIVALENT|FRUIT_EQUIVALENT|FRUIT_EQUIVALENT|FRUIT_EQUIVALENT|FRUIT_EQUIVALENT,fruit|fruit|fruit|fruit|fruit,30|45|45|45|45,30,maximized,90|90|90|90|90,1:1:1:1:1,1:1:1:1:1,1:1:1:1:1,30,96,true,READY,APPLIED,NOT_SELECTED,,456,9,PASS,feasible,none,
GELATO-5C-02,2026082651,Gelato,-13,temp_minus_13,OPTIMAL,-2,2,2000,2000,5,PI-ING-000345|PI-ING-001553|PI-ING-001556|PI-ING-000394|PI-ING-000405,BANANA · Fresh Fruit|STRAWBERRIES · Fresh Fruit|CRANBERRY · Fresh Fruit|RASPBERRIES · Fresh Fruit|WATERMELON · Fresh Fruit,100|150|200|300|400,1:1.5:2:3:4,main-banana-fresh-dairy|main-berry-fresh-dairy|main-berry-fresh-dairy|main-berry-fresh-dairy|main-fruit-fresh-dairy,FRUIT_EQUIVALENT|FRUIT_EQUIVALENT|FRUIT_EQUIVALENT|FRUIT_EQUIVALENT|FRUIT_EQUIVALENT,fruit|fruit|fruit|fruit|fruit,30|45|45|45|45,30,maximized,52|78|104|157|209,1:1.5:2:3.019231:4.019231,1:1.5:2:3.019231:4.019231,1:1.5:2:3.019231:4.019231,30,94.22222222222223,true,READY,APPLIED,NOT_SELECTED,,577,10,PASS,feasible,none,
GELATO-5C-03,2026082652,Gelato,Fresh,fresh,ECO,2,-2,400,400,5,PI-ING-000345|PI-ING-000614|PI-ING-001553|PI-ING-000419|PI-ING-001556,BANANA · Fresh Fruit|PISTACHIO · Aldori Paste · 100% Nut|STRAWBERRIES · Fresh Fruit|HAZELNUT · Pi-NUTS Paste · Dry · 100% Nut|CRANBERRY · Fresh Fruit,400|300|200|150|100,1:0.75:0.5:0.375:0.25,main-banana-fresh-dairy|main-pistachio-pure-paste-dairy-0614|main-berry-fresh-dairy|main-pure-nut-paste-dairy|main-berry-fresh-dairy,FRUIT_EQUIVALENT|NUT_EQUIVALENT|FRUIT_EQUIVALENT|NUT_EQUIVALENT|FRUIT_EQUIVALENT,fruit|nut|fruit|nut|fruit,30|15|45|15|45,,no_proposal,,,,,,,false,REFUSED:no_proposal,NOT_ATTEMPTED,NOT_ATTEMPTED,no_proposal,,1634,AUTHORITY_BLOCKED,authority_blocked,none,no_proposal
GELATO-5C-04,2026082653,Gelato,-11,temp_minus_11,OPTIMAL,2,2,500,500,5,PI-ING-000345|PI-ING-001553|PI-ING-001556|PI-ING-000394|PI-ING-000405,BANANA · Fresh Fruit|STRAWBERRIES · Fresh Fruit|CRANBERRY · Fresh Fruit|RASPBERRIES · Fresh Fruit|WATERMELON · Fresh Fruit,1|2|5|10|25,1:2:5:10:25,main-banana-fresh-dairy|main-berry-fresh-dairy|main-berry-fresh-dairy|main-berry-fresh-dairy|USER_HELD/UNKNOWN,FRUIT_EQUIVALENT|FRUIT_EQUIVALENT|FRUIT_EQUIVALENT|FRUIT_EQUIVALENT|NONE,fruit|fruit|fruit|fruit|fruit,30|45|45|45|NONE,,no_admissible_increase,1|2|5|10|25,1:2:5:10:25,1:2:5:10:25,1:2:5:10:25,8.6,85.36,true,REFUSED:product_behavior_invalid,NOT_ATTEMPTED,NOT_ATTEMPTED,product_behavior_invalid,43,17358,AUTHORITY_BLOCKED,authority_blocked,none,"Propozycja PI została odrzucona: w proponowanej recepturze pINGÜINO nie rozpoznaje jeszcze tego produktu — brak danych o jego roli. Twoja receptura nie została zmieniona. {""mainObjective"":{""status"":""no_admissible_increase"",""startingMainGrams"":43,""exactAcceptedMainGrams"":43,""executableMainGrams"":43,""firstHigherRejectedGrams"":261,""firstHigherRejectedReason"":""hard_gate"",""technicalScore"":9,""attempts"":261,""searchUpperBoundGrams"":261,""provenMaximum"":false,""testedHigherCandidateCount"":218,""limitingTechnicalRules"":[""main_behavior_blocked""],""certifiedUpperBoundGrams"":261,""proofKind"":""linear_relaxation""},""diagnosticReason"":null}"
GELATO-5C-05,2026082654,Gelato,-12,temp_minus_12,ECO,0,0,750,750,5,PI-ING-000345|PI-ING-001553|PI-ING-001556|PI-ING-000394|PI-ING-000405,BANANA · Fresh Fruit|STRAWBERRIES · Fresh Fruit|CRANBERRY · Fresh Fruit|RASPBERRIES · Fresh Fruit|WATERMELON · Fresh Fruit,600|1|2|5|10,1:0.001667:0.003333:0.008333:0.016667,main-banana-fresh-dairy|main-berry-fresh-dairy|main-berry-fresh-dairy|main-berry-fresh-dairy|main-fruit-fresh-dairy,FRUIT_EQUIVALENT|FRUIT_EQUIVALENT|FRUIT_EQUIVALENT|FRUIT_EQUIVALENT|FRUIT_EQUIVALENT,fruit|fruit|fruit|fruit|fruit,30|45|45|45|45,,rescale_locked_sum,,,,,,,false,REFUSED:rescale_locked_sum,NOT_ATTEMPTED,NOT_ATTEMPTED,rescale_locked_sum,,0,HONEST_IMPOSSIBLE,feasible,support_one,rescale_locked_sum
GELATO-5C-06,2026082655,Gelato,-13,temp_minus_13,OPTIMAL,-1,1,1000,1000,5,PI-ING-000345|PI-ING-001553|PI-ING-001556|PI-ING-000394|PI-ING-000405,BANANA · Fresh Fruit|STRAWBERRIES · Fresh Fruit|CRANBERRY · Fresh Fruit|RASPBERRIES · Fresh Fruit|WATERMELON · Fresh Fruit,25|50|100|150|200,1:2:4:6:8,main-banana-fresh-dairy|main-berry-fresh-dairy|main-berry-fresh-dairy|main-berry-fresh-dairy|main-fruit-fresh-dairy,FRUIT_EQUIVALENT|FRUIT_EQUIVALENT|FRUIT_EQUIVALENT|FRUIT_EQUIVALENT|FRUIT_EQUIVALENT,fruit|fruit|fruit|fruit|fruit,30|45|45|45|45,30,maximized,25|28|55|82|110,1:1.12:2.2:3.28:4.4,1:1.12:2.2:3.28:4.4,1:1.12:2.2:3.28:4.4,30,97.77777777777779,true,READY,APPLIED,NOT_SELECTED,,301,11,PASS,feasible,main_one,
GELATO-5C-07,2026082656,Gelato,Fresh,fresh,ECO,1,-1,1000,1300,5,PI-ING-000345|PI-ING-001553|PI-ING-001556|PI-ING-000394|PI-ING-000405,BANANA · Fresh Fruit|STRAWBERRIES · Fresh Fruit|CRANBERRY · Fresh Fruit|RASPBERRIES · Fresh Fruit|WATERMELON · Fresh Fruit,150|150|150|150|150,1:1:1:1:1,main-banana-fresh-dairy|main-berry-fresh-dairy|main-berry-fresh-dairy|main-berry-fresh-dairy|main-fruit-fresh-dairy,FRUIT_EQUIVALENT|FRUIT_EQUIVALENT|FRUIT_EQUIVALENT|FRUIT_EQUIVALENT|FRUIT_EQUIVALENT,fruit|fruit|fruit|fruit|fruit,30|45|45|45|45,,product_behavior_invalid,115.38461538461537|115.38461538461537|115.38461538461537|115.38461538461537|115.38461538461537,1:1:1:1:1,1:1:1:1:1,1:1:1:1:1,57.6923,58.31748368816,false,REFUSED:product_behavior_invalid,NOT_ATTEMPTED,NOT_ATTEMPTED,product_behavior_invalid,85.3314,1,HONEST_IMPOSSIBLE,feasible,batch_resize,"Propozycja PI została odrzucona: w proponowanej recepturze składniki systemu stabilizującego Gelato muszą mieć pełne gramy. Twoja receptura nie została zmieniona. {""mainObjective"":null,""diagnosticReason"":""practicalization_blocked""}"
GELATO-5C-08,2026082657,Gelato,-11,temp_minus_11,OPTIMAL,-2,0,1500,1500,5,PI-ING-000345|PI-ING-001553|PI-ING-001556|PI-ING-000394|PI-ING-000405,BANANA · Fresh Fruit|STRAWBERRIES · Fresh Fruit|CRANBERRY · Fresh Fruit|RASPBERRIES · Fresh Fruit|WATERMELON · Fresh Fruit,400|100|25|5|1,1:0.25:0.0625:0.0125:0.0025,main-banana-fresh-dairy|main-berry-fresh-dairy|main-berry-fresh-dairy|main-berry-fresh-dairy|main-fruit-fresh-dairy,FRUIT_EQUIVALENT|FRUIT_EQUIVALENT|FRUIT_EQUIVALENT|FRUIT_EQUIVALENT|FRUIT_EQUIVALENT,fruit|fruit|fruit|fruit|fruit,30|45|45|45|45,,rescale_locked_sum,,,,,,,false,REFUSED:rescale_locked_sum,NOT_ATTEMPTED,NOT_ATTEMPTED,rescale_locked_sum,,0,HONEST_IMPOSSIBLE,feasible,support_multiple,rescale_locked_sum
GELATO-5C-09,2026082658,Gelato,Fresh,fresh,OPTIMAL,1,2,1000,1000,5,PI-ING-000614|PI-ING-000394|PI-ING-001556|PI-ING-000369|PI-ING-000405,PISTACHIO · Aldori Paste · 100% Nut|RASPBERRIES · Fresh Fruit|CRANBERRY · Fresh Fruit|LIME · Fresh Fruit|WATERMELON · Fresh Fruit,2|400|100|25|2,1:200:50:12.5:1,main-pistachio-pure-paste-dairy-0614|main-berry-fresh-dairy|main-berry-fresh-dairy|main-fruit-fresh-dairy|main-fruit-fresh-dairy,NUT_EQUIVALENT|FRUIT_EQUIVALENT|FRUIT_EQUIVALENT|FRUIT_EQUIVALENT|FRUIT_EQUIVALENT,nut|fruit|fruit|fruit|fruit,15|45|45|45|45,,no_proposal,,,,,,,false,REFUSED:no_proposal,NOT_ATTEMPTED,NOT_ATTEMPTED,no_proposal,,52031,HONEST_IMPOSSIBLE,feasible,randomized,no_proposal
GELATO-5C-10,2026082659,Gelato,-11,temp_minus_11,OPTIMAL,-2,-1,500,500,5,PI-ING-001578|PI-ING-000394|PI-ING-000614|PI-ING-000167|PI-ING-000340,COCOA ALKALIZED 100% · Cacao Barry Cocoa Powder|RASPBERRIES · Fresh Fruit|PISTACHIO · Aldori Paste · 100% Nut|COFFEE INSTANT · Coffee · Dry|MANGO CHATO · Puree · Frozen/Chilled · 100% Fruit,150|2|2|150|1,1:0.013333:0.013333:1:0.006667,USER_HELD/UNKNOWN|main-berry-fresh-dairy|main-pistachio-pure-paste-dairy-0614|USER_HELD/UNKNOWN|main-fruit-puree-dairy,NONE|FRUIT_EQUIVALENT|NUT_EQUIVALENT|NONE|FRUIT_EQUIVALENT,chocolate_cocoa|fruit|nut|coffee|fruit,NONE|45|15|NONE|45,,no_proposal,,,,,,,false,REFUSED:no_proposal,NOT_ATTEMPTED,NOT_ATTEMPTED,no_proposal,,4838,HONEST_IMPOSSIBLE,feasible,randomized,no_proposal
GELATO-SESSION-01,2026082990,Gelato,-11,temp_minus_11,OPTIMAL,0,0,1000,1000,3,PI-ING-000345|PI-ING-001553|PI-ING-001556,BANANA · Fresh Fruit|STRAWBERRIES · Fresh Fruit|CRANBERRY · Fresh Fruit,100|200|300,1:2:3,main-banana-fresh-dairy|main-berry-fresh-dairy|main-berry-fresh-dairy,FRUIT_EQUIVALENT|FRUIT_EQUIVALENT|FRUIT_EQUIVALENT,fruit|fruit|fruit,30|45|45,,rescale_locked_sum,,,,,,,false,REFUSED:rescale_locked_sum,NOT_ATTEMPTED,NOT_ATTEMPTED,rescale_locked_sum,,0,HONEST_IMPOSSIBLE,feasible,session_recalculate,rescale_locked_sum
GELATO-SESSION-02,2026082990,Gelato,-11,temp_minus_11,OPTIMAL,2,0,1000,1000,3,PI-ING-000345|PI-ING-001553|PI-ING-001556,BANANA · Fresh Fruit|STRAWBERRIES · Fresh Fruit|CRANBERRY · Fresh Fruit,100|200|300,1:2:3,main-banana-fresh-dairy|main-berry-fresh-dairy|main-berry-fresh-dairy,FRUIT_EQUIVALENT|FRUIT_EQUIVALENT|FRUIT_EQUIVALENT,fruit|fruit|fruit,30|45|45,,rescale_locked_sum,,,,,,,false,REFUSED:rescale_locked_sum,NOT_ATTEMPTED,NOT_ATTEMPTED,rescale_locked_sum,,0,HONEST_IMPOSSIBLE,feasible,session_sweetness,rescale_locked_sum
GELATO-SESSION-03,2026082990,Gelato,-11,temp_minus_11,OPTIMAL,2,-2,1000,1000,3,PI-ING-000345|PI-ING-001553|PI-ING-001556,BANANA · Fresh Fruit|STRAWBERRIES · Fresh Fruit|CRANBERRY · Fresh Fruit,100|200|300,1:2:3,main-banana-fresh-dairy|main-berry-fresh-dairy|main-berry-fresh-dairy,FRUIT_EQUIVALENT|FRUIT_EQUIVALENT|FRUIT_EQUIVALENT,fruit|fruit|fruit,30|45|45,,rescale_locked_sum,,,,,,,false,REFUSED:rescale_locked_sum,NOT_ATTEMPTED,NOT_ATTEMPTED,rescale_locked_sum,,0,HONEST_IMPOSSIBLE,feasible,session_hardness,rescale_locked_sum
GELATO-SESSION-04,2026082990,Gelato,-13,temp_minus_13,OPTIMAL,2,-2,1000,1000,3,PI-ING-000345|PI-ING-001553|PI-ING-001556,BANANA · Fresh Fruit|STRAWBERRIES · Fresh Fruit|CRANBERRY · Fresh Fruit,100|200|300,1:2:3,main-banana-fresh-dairy|main-berry-fresh-dairy|main-berry-fresh-dairy,FRUIT_EQUIVALENT|FRUIT_EQUIVALENT|FRUIT_EQUIVALENT,fruit|fruit|fruit,30|45|45,,rescale_locked_sum,,,,,,,false,REFUSED:rescale_locked_sum,NOT_ATTEMPTED,NOT_ATTEMPTED,rescale_locked_sum,,0,HONEST_IMPOSSIBLE,feasible,session_temperature,rescale_locked_sum
GELATO-SESSION-05,2026082990,Gelato,-13,temp_minus_13,OPTIMAL,2,-2,1500,1000,3,PI-ING-000345|PI-ING-001553|PI-ING-001556,BANANA · Fresh Fruit|STRAWBERRIES · Fresh Fruit|CRANBERRY · Fresh Fruit,100|200|300,1:2:3,main-banana-fresh-dairy|main-berry-fresh-dairy|main-berry-fresh-dairy,FRUIT_EQUIVALENT|FRUIT_EQUIVALENT|FRUIT_EQUIVALENT,fruit|fruit|fruit,30|45|45,,rescale_invalid,,,,,,,false,REFUSED:rescale_invalid,NOT_ATTEMPTED,NOT_ATTEMPTED,rescale_invalid,,0,HONEST_IMPOSSIBLE,feasible,session_batch,rescale_invalid
SORBET-1C-01,2026082710,Sorbet,-13,temp_minus_13,ECO,-2,-2,750,750,1,PI-ING-001553,STRAWBERRIES · Fresh Fruit,1,1,main-sorbet-exact-fruit-60-v1,FRUIT_EQUIVALENT,fruit,60,60,maximized,450,1,1,1,60,87.4074074074074,true,READY,APPLIED,SAVED_REOPENED,,0,7957,PASS,feasible,none,
SORBET-1C-02,2026082711,Sorbet,Fresh,fresh,OPTIMAL,-2,2,1000,1000,1,PI-ING-001553,STRAWBERRIES · Fresh Fruit,2,1,main-sorbet-exact-fruit-60-v1,FRUIT_EQUIVALENT,fruit,60,60,maximized,600,1,1,1,60,85.18518518518519,true,READY,APPLIED,SAVED_REOPENED,,101,13657,PASS,feasible,none,
SORBET-1C-03,2026082712,Sorbet,-11,temp_minus_11,ECO,2,-2,1200,1200,1,PI-ING-001553,STRAWBERRIES · Fresh Fruit,5,1,USER_HELD/UNKNOWN,NONE,fruit,NONE,,unsafe_proposal,,,,,,,false,REFUSED:unsafe_proposal,NOT_ATTEMPTED,NOT_ATTEMPTED,unsafe_proposal,,72499,AUTHORITY_BLOCKED,authority_blocked,none,unsafe_proposal
SORBET-1C-04,2026082713,Sorbet,-12,temp_minus_12,OPTIMAL,2,2,1500,1500,1,PI-ING-001553,STRAWBERRIES · Fresh Fruit,10,1,USER_HELD/UNKNOWN,NONE,fruit,NONE,,unsafe_proposal,,,,,,,false,REFUSED:unsafe_proposal,NOT_ATTEMPTED,NOT_ATTEMPTED,unsafe_proposal,,114715,AUTHORITY_BLOCKED,authority_blocked,none,unsafe_proposal
SORBET-1C-05,2026082714,Sorbet,-13,temp_minus_13,ECO,0,0,2000,2000,1,PI-ING-001553,STRAWBERRIES · Fresh Fruit,25,1,main-sorbet-exact-fruit-60-v1,FRUIT_EQUIVALENT,fruit,60,,no_admissible_increase,25,1,1,1,1.25,42.148148148148145,false,REFUSED:product_behavior_invalid,NOT_ATTEMPTED,NOT_ATTEMPTED,product_behavior_invalid,725,119,HONEST_IMPOSSIBLE,feasible,support_one,"Propozycja PI została odrzucona: w proponowanej recepturze grupa Main ma 1.3%; wymagane minimum to 60.0%. Twoja receptura nie została zmieniona. {""mainObjective"":{""status"":""no_admissible_increase"",""startingMainGrams"":25,""exactAcceptedMainGrams"":25,""executableMainGrams"":25,""firstHigherRejectedGrams"":1200,""firstHigherRejectedReason"":""hard_gate"",""technicalScore"":2,""attempts"":1,""searchUpperBoundGrams"":1200,""provenMaximum"":false,""testedHigherCandidateCount"":1,""limitingTechnicalRules"":[""direction:npac"",""direction:pod""],""certifiedUpperBoundGrams"":1271,""proofKind"":""linear_relaxation""},""diagnosticReason"":""hard_residual""}"
SORBET-1C-06,2026082715,Sorbet,Fresh,fresh,OPTIMAL,-1,1,400,400,1,PI-ING-001553,STRAWBERRIES · Fresh Fruit,50,1,main-sorbet-exact-fruit-60-v1,FRUIT_EQUIVALENT,fruit,60,,impossible_under_constraints,,,,,,,false,REFUSED:impossible_under_constraints,NOT_ATTEMPTED,NOT_ATTEMPTED,impossible_under_constraints,,209,HONEST_IMPOSSIBLE,feasible,main_one,impossible_under_constraints
SORBET-1C-07,2026082716,Sorbet,-11,temp_minus_11,ECO,1,-1,400,1000,1,PI-ING-001553,STRAWBERRIES · Fresh Fruit,100,1,main-sorbet-exact-fruit-60-v1,FRUIT_EQUIVALENT,fruit,60,,rescale_invalid,,,,,,,false,REFUSED:rescale_invalid,NOT_ATTEMPTED,NOT_ATTEMPTED,rescale_invalid,,0,HONEST_IMPOSSIBLE,feasible,batch_resize,rescale_invalid
SORBET-1C-08,2026082717,Sorbet,-12,temp_minus_12,OPTIMAL,-2,0,750,750,1,PI-ING-001553,STRAWBERRIES · Fresh Fruit,150,1,main-sorbet-exact-fruit-60-v1,FRUIT_EQUIVALENT,fruit,60,,no_admissible_increase,150,1,1,1,20,47.77777777777778,false,REFUSED:product_behavior_invalid,NOT_ATTEMPTED,NOT_ATTEMPTED,product_behavior_invalid,300,11,HONEST_IMPOSSIBLE,feasible,support_multiple,"Propozycja PI została odrzucona: w proponowanej recepturze grupa Main ma 20.0%; wymagane minimum to 60.0%. Twoja receptura nie została zmieniona. {""mainObjective"":{""status"":""no_admissible_increase"",""startingMainGrams"":150,""exactAcceptedMainGrams"":150,""executableMainGrams"":150,""firstHigherRejectedGrams"":450,""firstHigherRejectedReason"":""hard_gate"",""technicalScore"":2,""attempts"":1,""searchUpperBoundGrams"":450,""provenMaximum"":false,""testedHigherCandidateCount"":1,""limitingTechnicalRules"":[""direction:npac"",""direction:pod""],""proofKind"":""heuristic_search""},""diagnosticReason"":""hard_residual""}"
SORBET-1C-09,2026082718,Sorbet,-13,temp_minus_13,ECO,-2,0,400,400,1,PI-ING-000345,BANANA · Fresh Fruit,300,1,USER_HELD/UNKNOWN,NONE,fruit,NONE,,maximized,370,1,1,1,92.5,86.11055555555555,true,READY,APPLIED,SAVED_REOPENED,,31,10327,PASS,feasible,randomized,
SORBET-1C-10,2026082719,Sorbet,-13,temp_minus_13,OPTIMAL,-2,1,750,750,1,PI-ING-000366,KIWI · Fresh Fruit,2,1,USER_HELD/UNKNOWN,NONE,fruit,NONE,,maximized,645,1,1,1,86,85.48,true,READY,APPLIED,SAVED_REOPENED,,57,31783,PASS,feasible,randomized,
SORBET-2C-01,2026082720,Sorbet,Fresh,fresh,OPTIMAL,-2,-2,1000,1000,2,PI-ING-001553|PI-ING-000369,STRAWBERRIES · Fresh Fruit|LIME · Fresh Fruit,150|150,1:1,main-sorbet-exact-fruit-60-v1|main-sorbet-exact-fruit-60-v1,FRUIT_EQUIVALENT|FRUIT_EQUIVALENT,fruit|fruit,60|60,60,maximized,300|300,1:1,1:1,1:1,60,86.51851851851852,true,READY,APPLIED,SAVED_REOPENED,,106,8188,PASS,feasible,none,
SORBET-2C-02,2026082721,Sorbet,-11,temp_minus_11,ECO,-2,2,1200,1200,2,PI-ING-001553|PI-ING-000369,STRAWBERRIES · Fresh Fruit|LIME · Fresh Fruit,300|150,1:0.5,main-sorbet-exact-fruit-60-v1|main-sorbet-exact-fruit-60-v1,FRUIT_EQUIVALENT|FRUIT_EQUIVALENT,fruit|fruit,60|60,60,maximized,480|240,1:0.5,1:0.5,1:0.5,60,87.4074074074074,true,READY,APPLIED,SAVED_REOPENED,,0,15106,PASS,feasible,none,
SORBET-2C-03,2026082722,Sorbet,-12,temp_minus_12,OPTIMAL,2,-2,1500,1500,2,PI-ING-001553|PI-ING-000369,STRAWBERRIES · Fresh Fruit|LIME · Fresh Fruit,1|200,1:200,main-sorbet-exact-fruit-60-v1|USER_HELD/UNKNOWN,FRUIT_EQUIVALENT|NONE,fruit|fruit,60|NONE,,unsafe_proposal,,,,,,,false,REFUSED:unsafe_proposal,NOT_ATTEMPTED,NOT_ATTEMPTED,unsafe_proposal,,110385,AUTHORITY_BLOCKED,authority_blocked,none,unsafe_proposal
SORBET-2C-04,2026082723,Sorbet,-13,temp_minus_13,ECO,2,2,2000,2000,2,PI-ING-001553|PI-ING-000369,STRAWBERRIES · Fresh Fruit|LIME · Fresh Fruit,200|1,1:0.005,main-sorbet-exact-fruit-60-v1|USER_HELD/UNKNOWN,FRUIT_EQUIVALENT|NONE,fruit|fruit,60|NONE,,unsafe_proposal,,,,,,,false,REFUSED:unsafe_proposal,NOT_ATTEMPTED,NOT_ATTEMPTED,unsafe_proposal,,211047,AUTHORITY_BLOCKED,authority_blocked,none,unsafe_proposal
SORBET-2C-05,2026082724,Sorbet,Fresh,fresh,OPTIMAL,0,0,400,400,2,PI-ING-001553|PI-ING-000369,STRAWBERRIES · Fresh Fruit|LIME · Fresh Fruit,10|50,1:5,main-sorbet-exact-fruit-60-v1|main-sorbet-exact-fruit-60-v1,FRUIT_EQUIVALENT|FRUIT_EQUIVALENT,fruit|fruit,60|60,,no_admissible_increase,10|50,1:5,1:5,1:5,15,47.77777777777778,false,REFUSED:product_behavior_invalid,NOT_ATTEMPTED,NOT_ATTEMPTED,product_behavior_invalid,114,66,HONEST_IMPOSSIBLE,feasible,support_one,"Propozycja PI została odrzucona: w proponowanej recepturze grupa Main ma 15.0%; wymagane minimum to 60.0%. Twoja receptura nie została zmieniona. {""mainObjective"":{""status"":""no_admissible_increase"",""startingMainGrams"":60,""exactAcceptedMainGrams"":60,""executableMainGrams"":60,""firstHigherRejectedGrams"":null,""firstHigherRejectedReason"":null,""technicalScore"":2,""attempts"":0,""searchUpperBoundGrams"":239,""provenMaximum"":false,""testedHigherCandidateCount"":0,""limitingTechnicalRules"":[""no_technically_valid_main_candidate""],""certifiedUpperBoundGrams"":239,""proofKind"":""linear_relaxation""},""diagnosticReason"":""hard_residual""}"
SORBET-2C-06,2026082725,Sorbet,-11,temp_minus_11,ECO,-1,1,500,500,2,PI-ING-001553|PI-ING-000369,STRAWBERRIES · Fresh Fruit|LIME · Fresh Fruit,25|100,1:4,main-sorbet-exact-fruit-60-v1|main-sorbet-exact-fruit-60-v1,FRUIT_EQUIVALENT|FRUIT_EQUIVALENT,fruit|fruit,60|60,,no_admissible_increase,25|100,1:4,1:4,1:4,25,50.75501555555556,false,REFUSED:product_behavior_invalid,NOT_ATTEMPTED,NOT_ATTEMPTED,product_behavior_invalid,92,1562,HONEST_IMPOSSIBLE,feasible,main_one,"Propozycja PI została odrzucona: w proponowanej recepturze grupa Main ma 25.0%; wymagane minimum to 60.0%. Twoja receptura nie została zmieniona. {""mainObjective"":{""status"":""no_admissible_increase"",""startingMainGrams"":125,""exactAcceptedMainGrams"":125,""executableMainGrams"":125,""firstHigherRejectedGrams"":300,""firstHigherRejectedReason"":""hard_gate"",""technicalScore"":2,""attempts"":1,""searchUpperBoundGrams"":300,""provenMaximum"":false,""testedHigherCandidateCount"":1,""limitingTechnicalRules"":[""direction:npac"",""direction:pod""],""certifiedUpperBoundGrams"":398,""proofKind"":""linear_relaxation""},""diagnosticReason"":""hard_residual""}"
SORBET-2C-07,2026082726,Sorbet,-12,temp_minus_12,OPTIMAL,1,-1,750,2000,2,PI-ING-001553|PI-ING-000369,STRAWBERRIES · Fresh Fruit|LIME · Fresh Fruit,400|600,1:1.5,main-sorbet-exact-fruit-60-v1|main-sorbet-exact-fruit-60-v1,FRUIT_EQUIVALENT|FRUIT_EQUIVALENT,fruit|fruit,60|60,,product_behavior_invalid,150|225,1:1.5,1:1.5,1:1.5,50,68.82997422466674,false,REFUSED:product_behavior_invalid,NOT_ATTEMPTED,NOT_ATTEMPTED,product_behavior_invalid,252.3438,1,HONEST_IMPOSSIBLE,feasible,batch_resize,"Propozycja PI została odrzucona: w proponowanej recepturze składniki systemu stabilizującego Sorbet muszą mieć pełne gramy. Twoja receptura nie została zmieniona. {""mainObjective"":null,""diagnosticReason"":""practicalization_blocked""}"
SORBET-2C-08,2026082727,Sorbet,-13,temp_minus_13,ECO,-2,0,1000,1000,2,PI-ING-001553|PI-ING-000369,STRAWBERRIES · Fresh Fruit|LIME · Fresh Fruit,600|600,1:1,main-sorbet-exact-fruit-60-v1|main-sorbet-exact-fruit-60-v1,FRUIT_EQUIVALENT|FRUIT_EQUIVALENT,fruit|fruit,60|60,60,maximized,300|300,1:1,1:1,1:1,60,87.4074074074074,true,READY,APPLIED,NOT_SELECTED,,5,4,PASS,honest_impossible,support_multiple,
SORBET-2C-09,2026082728,Sorbet,Fresh,fresh,OPTIMAL,0,-1,1500,1500,2,PI-ING-001556|PI-ING-000345,CRANBERRY · Fresh Fruit|BANANA · Fresh Fruit,50|200,1:4,USER_HELD/UNKNOWN|USER_HELD/UNKNOWN,NONE|NONE,fruit|fruit,NONE|NONE,,maximized,284|1134,1:3.992958,1:3.992958,1:3.992958,94.5333,86.07407407407408,true,READY,APPLIED,SAVED_REOPENED,,153,103768,PASS,feasible,randomized,
SORBET-2C-10,2026082729,Sorbet,-12,temp_minus_12,ECO,0,2,2000,2000,2,PI-ING-000405|PI-ING-001553,WATERMELON · Fresh Fruit|STRAWBERRIES · Fresh Fruit,1|50,1:50,USER_HELD/UNKNOWN|main-sorbet-exact-fruit-60-v1,NONE|FRUIT_EQUIVALENT,fruit|fruit,NONE|60,,maximized,32|1591,1:49.71875,1:49.71875,1:49.71875,81.15,86.74074074074075,true,READY,APPLIED,SAVED_REOPENED,,70,158322,PASS,feasible,randomized,
SORBET-3C-01,2026082730,Sorbet,-11,temp_minus_11,ECO,-2,-2,1200,1200,3,PI-ING-001553|PI-ING-000369|PI-ING-000340,STRAWBERRIES · Fresh Fruit|LIME · Fresh Fruit|MANGO CHATO · Puree · Frozen/Chilled · 100% Fruit,50|50|50,1:1:1,main-sorbet-exact-fruit-60-v1|main-sorbet-exact-fruit-60-v1|main-sorbet-exact-fruit-60-v1,FRUIT_EQUIVALENT|FRUIT_EQUIVALENT|FRUIT_EQUIVALENT,fruit|fruit|fruit,60|60|60,60,maximized,240|240|240,1:1:1,1:1:1,1:1:1,60,86.07407407407408,true,READY,APPLIED,SAVED_REOPENED,,0,21890,PASS,feasible,none,
SORBET-3C-02,2026082731,Sorbet,-12,temp_minus_12,OPTIMAL,-2,2,1500,1500,3,PI-ING-001553|PI-ING-000369|PI-ING-000340,STRAWBERRIES · Fresh Fruit|LIME · Fresh Fruit|MANGO CHATO · Puree · Frozen/Chilled · 100% Fruit,100|200|300,1:2:3,main-sorbet-exact-fruit-60-v1|main-sorbet-exact-fruit-60-v1|main-sorbet-exact-fruit-60-v1,FRUIT_EQUIVALENT|FRUIT_EQUIVALENT|FRUIT_EQUIVALENT,fruit|fruit|fruit,60|60|60,,unsafe_proposal,,,,,,,false,REFUSED:unsafe_proposal,NOT_ATTEMPTED,NOT_ATTEMPTED,unsafe_proposal,,30390,HONEST_IMPOSSIBLE,feasible,none,unsafe_proposal
SORBET-3C-03,2026082732,Sorbet,-13,temp_minus_13,ECO,2,-2,2000,2000,3,PI-ING-001553|PI-ING-000369|PI-ING-000340,STRAWBERRIES · Fresh Fruit|LIME · Fresh Fruit|MANGO CHATO · Puree · Frozen/Chilled · 100% Fruit,300|200|100,1:0.666667:0.333333,main-sorbet-exact-fruit-60-v1|main-sorbet-exact-fruit-60-v1|USER_HELD/UNKNOWN,FRUIT_EQUIVALENT|FRUIT_EQUIVALENT|NONE,fruit|fruit|fruit,60|60|NONE,,unsafe_proposal,,,,,,,false,REFUSED:unsafe_proposal,NOT_ATTEMPTED,NOT_ATTEMPTED,unsafe_proposal,,324879,AUTHORITY_BLOCKED,authority_blocked,none,unsafe_proposal
SORBET-3C-04,2026082733,Sorbet,Fresh,fresh,OPTIMAL,2,2,400,400,3,PI-ING-001553|PI-ING-000369|PI-ING-000340,STRAWBERRIES · Fresh Fruit|LIME · Fresh Fruit|MANGO CHATO · Puree · Frozen/Chilled · 100% Fruit,1|2|5,1:2:5,main-sorbet-exact-fruit-60-v1|main-sorbet-exact-fruit-60-v1|USER_HELD/UNKNOWN,FRUIT_EQUIVALENT|FRUIT_EQUIVALENT|NONE,fruit|fruit|fruit,60|60|NONE,,unsafe_proposal,,,,,,,false,REFUSED:unsafe_proposal,NOT_ATTEMPTED,NOT_ATTEMPTED,unsafe_proposal,,25346,AUTHORITY_BLOCKED,authority_blocked,none,unsafe_proposal
SORBET-3C-05,2026082734,Sorbet,-11,temp_minus_11,ECO,0,0,500,500,3,PI-ING-001553|PI-ING-000369|PI-ING-000340,STRAWBERRIES · Fresh Fruit|LIME · Fresh Fruit|MANGO CHATO · Puree · Frozen/Chilled · 100% Fruit,600|1|2,1:0.001667:0.003333,main-sorbet-exact-fruit-60-v1|main-sorbet-exact-fruit-60-v1|main-sorbet-exact-fruit-60-v1,FRUIT_EQUIVALENT|FRUIT_EQUIVALENT|FRUIT_EQUIVALENT,fruit|fruit|fruit,60|60|60,,no_proposal,,,,,,,false,REFUSED:no_proposal,NOT_ATTEMPTED,NOT_ATTEMPTED,no_proposal,,8,HONEST_IMPOSSIBLE,honest_impossible,support_one,no_proposal
SORBET-3C-06,2026082735,Sorbet,-12,temp_minus_12,OPTIMAL,-1,1,750,750,3,PI-ING-001553|PI-ING-000369|PI-ING-000340,STRAWBERRIES · Fresh Fruit|LIME · Fresh Fruit|MANGO CHATO · Puree · Frozen/Chilled · 100% Fruit,25|50|100,1:2:4,main-sorbet-exact-fruit-60-v1|main-sorbet-exact-fruit-60-v1|main-sorbet-exact-fruit-60-v1,FRUIT_EQUIVALENT|FRUIT_EQUIVALENT|FRUIT_EQUIVALENT,fruit|fruit|fruit,60|60|60,,no_admissible_increase,25|50|100,1:2:4,1:2:4,1:2:4,23.3333,49.02772888888889,false,REFUSED:product_behavior_invalid,NOT_ATTEMPTED,NOT_ATTEMPTED,product_behavior_invalid,131,14705,HONEST_IMPOSSIBLE,feasible,main_one,"Propozycja PI została odrzucona: w proponowanej recepturze grupa Main ma 23.3%; wymagane minimum to 60.0%. Twoja receptura nie została zmieniona. {""mainObjective"":{""status"":""no_admissible_increase"",""startingMainGrams"":175,""exactAcceptedMainGrams"":175,""executableMainGrams"":175,""firstHigherRejectedGrams"":450,""firstHigherRejectedReason"":""hard_gate"",""technicalScore"":2,""attempts"":1,""searchUpperBoundGrams"":450,""provenMaximum"":false,""testedHigherCandidateCount"":1,""limitingTechnicalRules"":[""direction:npac"",""direction:pod""],""certifiedUpperBoundGrams"":646,""proofKind"":""linear_relaxation""},""diagnosticReason"":""hard_residual""}"
SORBET-3C-07,2026082736,Sorbet,-13,temp_minus_13,ECO,1,-1,1200,400,3,PI-ING-001553|PI-ING-000369|PI-ING-000340,STRAWBERRIES · Fresh Fruit|LIME · Fresh Fruit|MANGO CHATO · Puree · Frozen/Chilled · 100% Fruit,150|150|150,1:1:1,main-sorbet-exact-fruit-60-v1|main-sorbet-exact-fruit-60-v1|main-sorbet-exact-fruit-60-v1,FRUIT_EQUIVALENT|FRUIT_EQUIVALENT|FRUIT_EQUIVALENT,fruit|fruit|fruit,60|60|60,,product_behavior_invalid,289|289|289,1:1:1,1:1:1,1:1:1,72.25,78.51851851851852,false,REFUSED:product_behavior_invalid,NOT_ATTEMPTED,NOT_ATTEMPTED,product_behavior_invalid,53,1,HONEST_IMPOSSIBLE,honest_impossible,batch_resize,"Propozycja PI została odrzucona: w proponowanej recepturze grupa Main przekracza twardy limit 60.0%. Twoja receptura nie została zmieniona. {""mainObjective"":null,""diagnosticReason"":null}"
SORBET-3C-08,2026082737,Sorbet,Fresh,fresh,OPTIMAL,-2,0,1200,1200,3,PI-ING-001553|PI-ING-000369|PI-ING-000340,STRAWBERRIES · Fresh Fruit|LIME · Fresh Fruit|MANGO CHATO · Puree · Frozen/Chilled · 100% Fruit,400|10|1,1:0.025:0.0025,main-sorbet-exact-fruit-60-v1|main-sorbet-exact-fruit-60-v1|main-sorbet-exact-fruit-60-v1,FRUIT_EQUIVALENT|FRUIT_EQUIVALENT|FRUIT_EQUIVALENT,fruit|fruit|fruit,60|60|60,,no_admissible_increase,400|10|1,1:0.025:0.0025,1:0.025:0.0025,1:0.025:0.0025,34.25,48.72667777777778,false,REFUSED:product_behavior_invalid,NOT_ATTEMPTED,NOT_ATTEMPTED,product_behavior_invalid,309,21,HONEST_IMPOSSIBLE,feasible,support_multiple,"Propozycja PI została odrzucona: w proponowanej recepturze grupa Main ma 34.3%; wymagane minimum to 60.0%. Twoja receptura nie została zmieniona. {""mainObjective"":{""status"":""no_admissible_increase"",""startingMainGrams"":411,""exactAcceptedMainGrams"":411,""executableMainGrams"":411,""firstHigherRejectedGrams"":720,""firstHigherRejectedReason"":""hard_gate"",""technicalScore"":2,""attempts"":1,""searchUpperBoundGrams"":720,""provenMaximum"":false,""testedHigherCandidateCount"":1,""limitingTechnicalRules"":[""direction:npac"",""direction:pod""],""proofKind"":""heuristic_search""},""diagnosticReason"":""hard_residual""}"
SORBET-3C-09,2026082738,Sorbet,Fresh,fresh,ECO,0,-2,1500,1500,3,PI-ING-000405|PI-ING-000366|PI-ING-000369,WATERMELON · Fresh Fruit|KIWI · Fresh Fruit|LIME · Fresh Fruit,200|10|600,1:0.05:3,USER_HELD/UNKNOWN|USER_HELD/UNKNOWN|main-sorbet-exact-fruit-60-v1,NONE|NONE|FRUIT_EQUIVALENT,fruit|fruit|fruit,NONE|NONE|60,,no_admissible_increase,200|10|600,1:0.05:3,1:0.05:3,1:0.05:3,54,87.4074074074074,true,READY,APPLIED,SAVED_REOPENED,,47,112322,PASS,feasible,randomized,
SORBET-3C-10,2026082739,Sorbet,-13,temp_minus_13,OPTIMAL,-2,0,1200,1200,3,PI-ING-000366|PI-ING-000334|PI-ING-000345,KIWI · Fresh Fruit|VANILLA · Pi-NUTS Paste|BANANA · Fresh Fruit,1|5|2,1:5:2,USER_HELD/UNKNOWN|USER_HELD/UNKNOWN|USER_HELD/UNKNOWN,NONE|NONE|NONE,fruit|vanilla|fruit,NONE|NONE|NONE,,maximized,67|335|134,1:5:2,1:5:2,1:5:2,44.6667,86.51851851851852,true,DIAGNOSTIC,NOT_ATTEMPTED_DIAGNOSTIC,NOT_SELECTED,ok,374,19897,HONEST_IMPOSSIBLE,feasible,randomized,"{""hardSafe"":true,""locksPreserved"":true,""diagnosticOnly"":true,""violations"":[]}"
SORBET-4C-01,2026082740,Sorbet,-12,temp_minus_12,OPTIMAL,-2,-2,1500,1500,4,PI-ING-001553|PI-ING-000369|PI-ING-000340|PI-ING-001556,STRAWBERRIES · Fresh Fruit|LIME · Fresh Fruit|MANGO CHATO · Puree · Frozen/Chilled · 100% Fruit|CRANBERRY · Fresh Fruit,50|50|50|50,1:1:1:1,main-sorbet-exact-fruit-60-v1|main-sorbet-exact-fruit-60-v1|main-sorbet-exact-fruit-60-v1|USER_HELD/UNKNOWN,FRUIT_EQUIVALENT|FRUIT_EQUIVALENT|FRUIT_EQUIVALENT|NONE,fruit|fruit|fruit|fruit,60|60|60|NONE,,maximized,315|315|315|314,1:1:1:0.996825,1:1:1:0.996825,1:1:1:0.996825,83.9333,84.51851851851852,true,READY,APPLIED,NOT_SELECTED,,134,159882,PASS,feasible,none,
SORBET-4C-02,2026082741,Sorbet,-13,temp_minus_13,ECO,-2,2,2000,2000,4,PI-ING-001553|PI-ING-000369|PI-ING-000340|PI-ING-001556,STRAWBERRIES · Fresh Fruit|LIME · Fresh Fruit|MANGO CHATO · Puree · Frozen/Chilled · 100% Fruit|CRANBERRY · Fresh Fruit,100|200|300|400,1:2:3:4,main-sorbet-exact-fruit-60-v1|main-sorbet-exact-fruit-60-v1|main-sorbet-exact-fruit-60-v1|USER_HELD/UNKNOWN,FRUIT_EQUIVALENT|FRUIT_EQUIVALENT|FRUIT_EQUIVALENT|NONE,fruit|fruit|fruit|fruit,60|60|60|NONE,,maximized,163|327|490|654,1:2.006135:3.006135:4.01227,1:2.006135:3.006135:4.01227,1:2.006135:3.006135:4.01227,81.7,86.51851851851852,true,READY,APPLIED,NOT_SELECTED,,68,245854,PASS,feasible,none,
SORBET-4C-03,2026082742,Sorbet,Fresh,fresh,OPTIMAL,2,-2,400,400,4,PI-ING-001553|PI-ING-000369|PI-ING-000340|PI-ING-001556,STRAWBERRIES · Fresh Fruit|LIME · Fresh Fruit|MANGO CHATO · Puree · Frozen/Chilled · 100% Fruit|CRANBERRY · Fresh Fruit,400|300|200|100,1:0.75:0.5:0.25,main-sorbet-exact-fruit-60-v1|main-sorbet-exact-fruit-60-v1|main-sorbet-exact-fruit-60-v1|USER_HELD/UNKNOWN,FRUIT_EQUIVALENT|FRUIT_EQUIVALENT|FRUIT_EQUIVALENT|NONE,fruit|fruit|fruit|fruit,60|60|60|NONE,,no_proposal,,,,,,,false,REFUSED:no_proposal,NOT_ATTEMPTED,NOT_ATTEMPTED,no_proposal,,2032,AUTHORITY_BLOCKED,authority_blocked,none,no_proposal
SORBET-4C-04,2026082743,Sorbet,-11,temp_minus_11,ECO,2,2,500,500,4,PI-ING-001553|PI-ING-000369|PI-ING-000340|PI-ING-001556,STRAWBERRIES · Fresh Fruit|LIME · Fresh Fruit|MANGO CHATO · Puree · Frozen/Chilled · 100% Fruit|CRANBERRY · Fresh Fruit,1|2|5|10,1:2:5:10,main-sorbet-exact-fruit-60-v1|main-sorbet-exact-fruit-60-v1|main-sorbet-exact-fruit-60-v1|USER_HELD/UNKNOWN,FRUIT_EQUIVALENT|FRUIT_EQUIVALENT|FRUIT_EQUIVALENT|NONE,fruit|fruit|fruit|fruit,60|60|60|NONE,,unsafe_proposal,,,,,,,false,REFUSED:unsafe_proposal,NOT_ATTEMPTED,NOT_ATTEMPTED,unsafe_proposal,,31939,AUTHORITY_BLOCKED,authority_blocked,none,unsafe_proposal
SORBET-4C-05,2026082744,Sorbet,-12,temp_minus_12,OPTIMAL,0,0,750,750,4,PI-ING-001553|PI-ING-000369|PI-ING-000340|PI-ING-001556,STRAWBERRIES · Fresh Fruit|LIME · Fresh Fruit|MANGO CHATO · Puree · Frozen/Chilled · 100% Fruit|CRANBERRY · Fresh Fruit,600|1|2|5,1:0.001667:0.003333:0.008333,main-sorbet-exact-fruit-60-v1|main-sorbet-exact-fruit-60-v1|main-sorbet-exact-fruit-60-v1|USER_HELD/UNKNOWN,FRUIT_EQUIVALENT|FRUIT_EQUIVALENT|FRUIT_EQUIVALENT|NONE,fruit|fruit|fruit|fruit,60|60|60|NONE,,no_proposal,,,,,,,false,REFUSED:no_proposal,NOT_ATTEMPTED,NOT_ATTEMPTED,no_proposal,,3750,HONEST_IMPOSSIBLE,feasible,support_one,no_proposal
SORBET-4C-06,2026082745,Sorbet,-13,temp_minus_13,ECO,-1,1,1000,1000,4,PI-ING-001553|PI-ING-000369|PI-ING-000340|PI-ING-001556,STRAWBERRIES · Fresh Fruit|LIME · Fresh Fruit|MANGO CHATO · Puree · Frozen/Chilled · 100% Fruit|CRANBERRY · Fresh Fruit,25|50|100|150,1:2:4:6,main-sorbet-exact-fruit-60-v1|main-sorbet-exact-fruit-60-v1|main-sorbet-exact-fruit-60-v1|USER_HELD/UNKNOWN,FRUIT_EQUIVALENT|FRUIT_EQUIVALENT|FRUIT_EQUIVALENT|NONE,fruit|fruit|fruit|fruit,60|60|60|NONE,,no_admissible_increase,25|50|100|150,1:2:4:6,1:2:4:6,1:2:4:6,32.5,49.84521888888889,false,DIAGNOSTIC,NOT_ATTEMPTED_DIAGNOSTIC,NOT_SELECTED,ok,114,76166,HONEST_IMPOSSIBLE,feasible,main_one,"{""hardSafe"":false,""locksPreserved"":true,""diagnosticOnly"":true,""violations"":[{""metric"":""ice_fraction"",""direction"":""low"",""value"":26.78501361449538,""band"":{""min"":50,""max"":58},""severity_points"":5.803746596376155,""priority_rank"":1,""reason"":""ice_fraction_low""},{""metric"":""npac"",""direction"":""high"",""value"":101.31350490340671,""band"":{""min"":48,""max"":55},""severity_points"":13.232429972401917,""priority_rank"":2,""reason"":""npac_high""},{""metric"":""pod"",""direction"":""high"",""value"":32.13101,""band"":{""min"":15,""max"":25},""severity_points"":1.4262020000000006,""priority_rank"":3,""reason"":""pod_high""},{""metric"":""water"",""direction"":""low"",""value"":55.08925,""band"":{""min"":67,""max"":73},""severity_points"":3.97025,""priority_rank"":4,""reason"":""water_low""},{""metric"":""total_solids"",""direction"":""high"",""value"":44.91075,""band"":{""min"":25,""max"":33},""severity_points"":2.9776875,""priority_rank"":4,""reason"":""total_solids_high""}]}"
SORBET-4C-07,2026082746,Sorbet,Fresh,fresh,OPTIMAL,1,-1,1000,1300,4,PI-ING-001553|PI-ING-000369|PI-ING-000340|PI-ING-001556,STRAWBERRIES · Fresh Fruit|LIME · Fresh Fruit|MANGO CHATO · Puree · Frozen/Chilled · 100% Fruit|CRANBERRY · Fresh Fruit,150|150|150|150,1:1:1:1,main-sorbet-exact-fruit-60-v1|main-sorbet-exact-fruit-60-v1|main-sorbet-exact-fruit-60-v1|USER_HELD/UNKNOWN,FRUIT_EQUIVALENT|FRUIT_EQUIVALENT|FRUIT_EQUIVALENT|NONE,fruit|fruit|fruit|fruit,60|60|60|NONE,,preview_ready,115|115|115|115,1:1:1:1,1:1:1:1,1:1:1:1,46,64.77564949885489,false,READY,NOT_ATTEMPTED,NOT_SELECTED,ok,71.6538,1,HONEST_IMPOSSIBLE,feasible,batch_resize,"{""hardSafe"":false,""locksPreserved"":true,""violations"":[{""metric"":""ice_fraction"",""direction"":""low"",""value"":44.346975309278925,""band"":{""min"":51,""max"":59},""severity_points"":1.6632561726802688,""priority_rank"":1,""reason"":""ice_fraction_low""},{""metric"":""npac"",""direction"":""high"",""value"":49.61100563735754,""band"":{""min"":35,""max"":40},""severity_points"":3.8444022549430175,""priority_rank"":2,""reason"":""npac_high""},{""metric"":""total_solids"",""direction"":""high"",""value"":35.594825,""band"":{""min"":25,""max"":33},""severity_points"":0.64870625,""priority_rank"":4,""reason"":""total_solids_high""},{""metric"":""water"",""direction"":""low"",""value"":64.405175,""band"":{""min"":67,""max"":75},""severity_points"":0.64870625,""priority_rank"":4,""reason"":""water_low""}]}"
SORBET-4C-08,2026082747,Sorbet,-11,temp_minus_11,ECO,-2,0,1500,1500,4,PI-ING-001553|PI-ING-000369|PI-ING-000340|PI-ING-001556,STRAWBERRIES · Fresh Fruit|LIME · Fresh Fruit|MANGO CHATO · Puree · Frozen/Chilled · 100% Fruit|CRANBERRY · Fresh Fruit,400|100|25|5,1:0.25:0.0625:0.0125,main-sorbet-exact-fruit-60-v1|main-sorbet-exact-fruit-60-v1|main-sorbet-exact-fruit-60-v1|USER_HELD/UNKNOWN,FRUIT_EQUIVALENT|FRUIT_EQUIVALENT|FRUIT_EQUIVALENT|NONE,fruit|fruit|fruit|fruit,60|60|60|NONE,,no_admissible_increase,400|100|25|5,1:0.25:0.0625:0.0125,1:0.25:0.0625:0.0125,1:0.25:0.0625:0.0125,35.3333,49.00400666666667,false,DIAGNOSTIC,NOT_ATTEMPTED_DIAGNOSTIC,NOT_SELECTED,ok,370,5732,HONEST_IMPOSSIBLE,feasible,support_multiple,"{""hardSafe"":false,""locksPreserved"":true,""diagnosticOnly"":true,""violations"":[{""metric"":""ice_fraction"",""direction"":""low"",""value"":14.892517127967109,""band"":{""min"":51,""max"":59},""severity_points"":9.026870718008222,""priority_rank"":1,""reason"":""ice_fraction_low""},{""metric"":""npac"",""direction"":""high"",""value"":130.16064687735204,""band"":{""min"":35,""max"":40},""severity_points"":36.064258750940816,""priority_rank"":2,""reason"":""npac_high""},{""metric"":""pod"",""direction"":""high"",""value"":34.654646666666665,""band"":{""min"":15,""max"":25},""severity_points"":1.9309293333333328,""priority_rank"":3,""reason"":""pod_high""},{""metric"":""total_solids"",""direction"":""high"",""value"":48.24985,""band"":{""min"":25,""max"":33},""severity_points"":3.8124625000000005,""priority_rank"":4,""reason"":""total_solids_high""},{""metric"":""water"",""direction"":""low"",""value"":51.75015,""band"":{""min"":67,""max"":75},""severity_points"":3.8124625000000005,""priority_rank"":4,""reason"":""water_low""}]}"
SORBET-4C-09,2026082748,Sorbet,-13,temp_minus_13,OPTIMAL,1,0,500,500,4,PI-ING-001578|PI-ING-001556|PI-ING-001553|PI-ING-000345,COCOA ALKALIZED 100% · Cacao Barry Cocoa Powder|CRANBERRY · Fresh Fruit|STRAWBERRIES · Fresh Fruit|BANANA · Fresh Fruit,10|200|25|25,1:20:2.5:2.5,USER_HELD/UNKNOWN|USER_HELD/UNKNOWN|main-sorbet-exact-fruit-60-v1|USER_HELD/UNKNOWN,NONE|NONE|FRUIT_EQUIVALENT|NONE,chocolate_cocoa|fruit|fruit|fruit,NONE|NONE|60|NONE,,best_achievable,15|308|39|38,1:20.533333:2.6:2.533333,1:20.533333:2.6:2.533333,1:20.533333:2.6:2.533333,80,78.96296296296298,true,READY,APPLIED,NOT_SELECTED,,31,23033,PASS,feasible,randomized,
SORBET-4C-10,2026082749,Sorbet,-13,temp_minus_13,ECO,-1,-2,500,500,4,PI-ING-000394|PI-ING-001553|PI-ING-000366|PI-ING-001556,RASPBERRIES · Fresh Fruit|STRAWBERRIES · Fresh Fruit|KIWI · Fresh Fruit|CRANBERRY · Fresh Fruit,5|600|400|50,1:120:80:10,USER_HELD/UNKNOWN|main-sorbet-exact-fruit-60-v1|USER_HELD/UNKNOWN|USER_HELD/UNKNOWN,NONE|FRUIT_EQUIVALENT|NONE|NONE,fruit|fruit|fruit|fruit,NONE|60|NONE|NONE,,maximized,2|236|157|20,1:118:78.5:10,1:118:78.5:10,1:118:78.5:10,83,85.4074074074074,true,DIAGNOSTIC,NOT_ATTEMPTED_DIAGNOSTIC,NOT_SELECTED,ok,35,1545,HONEST_IMPOSSIBLE,honest_impossible,randomized,"{""hardSafe"":true,""locksPreserved"":true,""diagnosticOnly"":true,""violations"":[]}"
SORBET-5C-01,2026082750,Sorbet,-13,temp_minus_13,ECO,-2,-2,2000,2000,5,PI-ING-001553|PI-ING-000369|PI-ING-000340|PI-ING-001556|PI-ING-000394,STRAWBERRIES · Fresh Fruit|LIME · Fresh Fruit|MANGO CHATO · Puree · Frozen/Chilled · 100% Fruit|CRANBERRY · Fresh Fruit|RASPBERRIES · Fresh Fruit,50|50|50|50|50,1:1:1:1:1,main-sorbet-exact-fruit-60-v1|main-sorbet-exact-fruit-60-v1|main-sorbet-exact-fruit-60-v1|USER_HELD/UNKNOWN|USER_HELD/UNKNOWN,FRUIT_EQUIVALENT|FRUIT_EQUIVALENT|FRUIT_EQUIVALENT|NONE|NONE,fruit|fruit|fruit|fruit|fruit,60|60|60|NONE|NONE,,maximized,328|328|328|328|327,1:1:1:1:0.996951,1:1:1:1:0.996951,1:1:1:1:0.996951,81.95,80.2962962962963,true,READY,APPLIED,NOT_SELECTED,,154,358603,PASS,feasible,none,
SORBET-5C-02,2026082751,Sorbet,Fresh,fresh,OPTIMAL,-2,2,400,400,5,PI-ING-001553|PI-ING-000369|PI-ING-000340|PI-ING-001556|PI-ING-000394,STRAWBERRIES · Fresh Fruit|LIME · Fresh Fruit|MANGO CHATO · Puree · Frozen/Chilled · 100% Fruit|CRANBERRY · Fresh Fruit|RASPBERRIES · Fresh Fruit,100|150|200|300|400,1:1.5:2:3:4,main-sorbet-exact-fruit-60-v1|main-sorbet-exact-fruit-60-v1|main-sorbet-exact-fruit-60-v1|USER_HELD/UNKNOWN|USER_HELD/UNKNOWN,FRUIT_EQUIVALENT|FRUIT_EQUIVALENT|FRUIT_EQUIVALENT|NONE|NONE,fruit|fruit|fruit|fruit|fruit,60|60|60|NONE|NONE,,maximized,30|44|59|89|118,1:1.466667:1.966667:2.966667:3.933333,1:1.466667:1.966667:2.966667:3.933333,1:1.466667:1.966667:2.966667:3.933333,85,80.2962962962963,true,DIAGNOSTIC,NOT_ATTEMPTED_DIAGNOSTIC,NOT_SELECTED,ok,25,1414,HONEST_IMPOSSIBLE,honest_impossible,none,"{""hardSafe"":true,""locksPreserved"":true,""diagnosticOnly"":true,""violations"":[]}"
SORBET-5C-03,2026082752,Sorbet,-11,temp_minus_11,ECO,2,-2,500,500,5,PI-ING-001553|PI-ING-000369|PI-ING-000340|PI-ING-001556|PI-ING-000394,STRAWBERRIES · Fresh Fruit|LIME · Fresh Fruit|MANGO CHATO · Puree · Frozen/Chilled · 100% Fruit|CRANBERRY · Fresh Fruit|RASPBERRIES · Fresh Fruit,400|300|200|150|100,1:0.75:0.5:0.375:0.25,main-sorbet-exact-fruit-60-v1|main-sorbet-exact-fruit-60-v1|main-sorbet-exact-fruit-60-v1|USER_HELD/UNKNOWN|USER_HELD/UNKNOWN,FRUIT_EQUIVALENT|FRUIT_EQUIVALENT|FRUIT_EQUIVALENT|NONE|NONE,fruit|fruit|fruit|fruit|fruit,60|60|60|NONE|NONE,,best_achievable,147|110|74|55|37,1:0.748299:0.503401:0.37415:0.251701,1:0.748299:0.503401:0.37415:0.251701,1:0.748299:0.503401:0.37415:0.251701,84.6,83.85185185185186,true,READY,APPLIED,NOT_SELECTED,,24,2611,PASS,authority_blocked,none,
SORBET-5C-04,2026082753,Sorbet,-12,temp_minus_12,OPTIMAL,2,2,750,750,5,PI-ING-001553|PI-ING-000369|PI-ING-000340|PI-ING-001556|PI-ING-000394,STRAWBERRIES · Fresh Fruit|LIME · Fresh Fruit|MANGO CHATO · Puree · Frozen/Chilled · 100% Fruit|CRANBERRY · Fresh Fruit|RASPBERRIES · Fresh Fruit,1|2|5|10|25,1:2:5:10:25,main-sorbet-exact-fruit-60-v1|main-sorbet-exact-fruit-60-v1|main-sorbet-exact-fruit-60-v1|USER_HELD/UNKNOWN|USER_HELD/UNKNOWN,FRUIT_EQUIVALENT|FRUIT_EQUIVALENT|FRUIT_EQUIVALENT|NONE|NONE,fruit|fruit|fruit|fruit|fruit,60|60|60|NONE|NONE,,maximized,15|29|73|146|365,1:1.933333:4.866667:9.733333:24.333333,1:1.933333:4.866667:9.733333:24.333333,1:1.933333:4.866667:9.733333:24.333333,83.7333,79.62962962962963,true,READY,APPLIED,NOT_SELECTED,,58,51678,PASS,authority_blocked,none,
SORBET-5C-05,2026082754,Sorbet,-13,temp_minus_13,ECO,0,0,1000,1000,5,PI-ING-001553|PI-ING-000369|PI-ING-000340|PI-ING-001556|PI-ING-000394,STRAWBERRIES · Fresh Fruit|LIME · Fresh Fruit|MANGO CHATO · Puree · Frozen/Chilled · 100% Fruit|CRANBERRY · Fresh Fruit|RASPBERRIES · Fresh Fruit,600|1|2|5|10,1:0.001667:0.003333:0.008333:0.016667,main-sorbet-exact-fruit-60-v1|main-sorbet-exact-fruit-60-v1|main-sorbet-exact-fruit-60-v1|USER_HELD/UNKNOWN|USER_HELD/UNKNOWN,FRUIT_EQUIVALENT|FRUIT_EQUIVALENT|FRUIT_EQUIVALENT|NONE|NONE,fruit|fruit|fruit|fruit|fruit,60|60|60|NONE|NONE,,maximized,628|1|2|5|11,1:0.001592:0.003185:0.007962:0.017516,1:0.001592:0.003185:0.007962:0.017516,1:0.001592:0.003185:0.007962:0.017516,64.7,86.74074074074075,true,READY,APPLIED,NOT_SELECTED,,30,8916,PASS,feasible,support_one,
SORBET-5C-06,2026082755,Sorbet,Fresh,fresh,OPTIMAL,-1,1,1200,1200,5,PI-ING-001553|PI-ING-000369|PI-ING-000340|PI-ING-001556|PI-ING-000394,STRAWBERRIES · Fresh Fruit|LIME · Fresh Fruit|MANGO CHATO · Puree · Frozen/Chilled · 100% Fruit|CRANBERRY · Fresh Fruit|RASPBERRIES · Fresh Fruit,25|50|100|150|200,1:2:4:6:8,main-sorbet-exact-fruit-60-v1|main-sorbet-exact-fruit-60-v1|main-sorbet-exact-fruit-60-v1|USER_HELD/UNKNOWN|USER_HELD/UNKNOWN,FRUIT_EQUIVALENT|FRUIT_EQUIVALENT|FRUIT_EQUIVALENT|NONE|NONE,fruit|fruit|fruit|fruit|fruit,60|60|60|NONE|NONE,,no_admissible_increase,25|50|100|150|200,1:2:4:6:8,1:2:4:6:8,1:2:4:6:8,43.75,65.71084201388888,false,DIAGNOSTIC,NOT_ATTEMPTED_DIAGNOSTIC,NOT_SELECTED,ok,103,103294,HONEST_IMPOSSIBLE,feasible,main_one,"{""hardSafe"":false,""locksPreserved"":true,""diagnosticOnly"":true,""violations"":[{""metric"":""npac"",""direction"":""high"",""value"":53.06791194370445,""band"":{""min"":35,""max"":40},""severity_points"":5.22716477748178,""priority_rank"":2,""reason"":""npac_high""},{""metric"":""water"",""direction"":""low"",""value"":64.58179166666666,""band"":{""min"":67,""max"":75},""severity_points"":0.6045520833333349,""priority_rank"":4,""reason"":""water_low""},{""metric"":""total_solids"",""direction"":""high"",""value"":35.418208333333325,""band"":{""min"":25,""max"":33},""severity_points"":0.6045520833333313,""priority_rank"":4,""reason"":""total_solids_high""}]}"
SORBET-5C-07,2026082756,Sorbet,-11,temp_minus_11,ECO,1,-1,1500,1000,5,PI-ING-001553|PI-ING-000369|PI-ING-000340|PI-ING-001556|PI-ING-000394,STRAWBERRIES · Fresh Fruit|LIME · Fresh Fruit|MANGO CHATO · Puree · Frozen/Chilled · 100% Fruit|CRANBERRY · Fresh Fruit|RASPBERRIES · Fresh Fruit,150|150|150|150|150,1:1:1:1:1,main-sorbet-exact-fruit-60-v1|main-sorbet-exact-fruit-60-v1|main-sorbet-exact-fruit-60-v1|USER_HELD/UNKNOWN|USER_HELD/UNKNOWN,FRUIT_EQUIVALENT|FRUIT_EQUIVALENT|FRUIT_EQUIVALENT|NONE|NONE,fruit|fruit|fruit|fruit|fruit,60|60|60|NONE|NONE,,preview_ready,225|225|225|225|225,1:1:1:1:1,1:1:1:1:1,1:1:1:1:1,75,65.52613472222222,false,READY,NOT_ATTEMPTED,NOT_SELECTED,ok,56.125,1,HONEST_IMPOSSIBLE,feasible,batch_resize,"{""hardSafe"":false,""locksPreserved"":true,""violations"":[{""metric"":""npac"",""direction"":""low"",""value"":25.548721200684792,""band"":{""min"":35,""max"":40},""severity_points"":3.7805115197260832,""priority_rank"":2,""reason"":""npac_low""},{""metric"":""pod"",""direction"":""low"",""value"":13.9098,""band"":{""min"":15,""max"":25},""severity_points"":0.21803999999999987,""priority_rank"":3,""reason"":""pod_low""},{""metric"":""water"",""direction"":""high"",""value"":75.79896666666667,""band"":{""min"":67,""max"":75},""severity_points"":0.19974166666666804,""priority_rank"":4,""reason"":""water_high""},{""metric"":""total_solids"",""direction"":""low"",""value"":24.20103333333333,""band"":{""min"":25,""max"":33},""severity_points"":0.19974166666666715,""priority_rank"":4,""reason"":""total_solids_low""}]}"
SORBET-5C-08,2026082757,Sorbet,-12,temp_minus_12,OPTIMAL,-2,0,2000,2000,5,PI-ING-001553|PI-ING-000369|PI-ING-000340|PI-ING-001556|PI-ING-000394,STRAWBERRIES · Fresh Fruit|LIME · Fresh Fruit|MANGO CHATO · Puree · Frozen/Chilled · 100% Fruit|CRANBERRY · Fresh Fruit|RASPBERRIES · Fresh Fruit,400|100|25|5|1,1:0.25:0.0625:0.0125:0.0025,main-sorbet-exact-fruit-60-v1|main-sorbet-exact-fruit-60-v1|main-sorbet-exact-fruit-60-v1|USER_HELD/UNKNOWN|USER_HELD/UNKNOWN,FRUIT_EQUIVALENT|FRUIT_EQUIVALENT|FRUIT_EQUIVALENT|NONE|NONE,fruit|fruit|fruit|fruit|fruit,60|60|60|NONE|NONE,,no_admissible_increase,400|100|25|5|1,1:0.25:0.0625:0.0125:0.0025,1:0.25:0.0625:0.0125:0.0025,1:0.25:0.0625:0.0125:0.0025,26.55,47.77777777777778,false,DIAGNOSTIC,NOT_ATTEMPTED_DIAGNOSTIC,NOT_SELECTED,ok,669,7955,HONEST_IMPOSSIBLE,feasible,support_multiple,"{""hardSafe"":false,""locksPreserved"":true,""diagnosticOnly"":true,""violations"":[{""metric"":""ice_fraction"",""direction"":""low"",""value"":1.4669451071298567,""band"":{""min"":51,""max"":59},""severity_points"":12.383263723217535,""priority_rank"":1,""reason"":""ice_fraction_low""},{""metric"":""npac"",""direction"":""high"",""value"":198.99563534290564,""band"":{""min"":42,""max"":49},""severity_points"":42.85589581225876,""priority_rank"":2,""reason"":""npac_high""},{""metric"":""pod"",""direction"":""high"",""value"":41.15122949999999,""band"":{""min"":15,""max"":25},""severity_points"":3.2302458999999986,""priority_rank"":3,""reason"":""pod_high""},{""metric"":""water"",""direction"":""low"",""value"":43.219660999999995,""band"":{""min"":67,""max"":73},""severity_points"":7.926779666666668,""priority_rank"":4,""reason"":""water_low""},{""metric"":""total_solids"",""direction"":""high"",""value"":56.780339000000005,""band"":{""min"":25,""max"":33},""severity_points"":5.945084750000001,""priority_rank"":4,""reason"":""total_solids_high""}]}"
SORBET-5C-09,2026082758,Sorbet,Fresh,fresh,ECO,2,1,750,750,5,PI-ING-000394|PI-ING-000334|PI-ING-000345|PI-ING-000167|PI-ING-001553,RASPBERRIES · Fresh Fruit|VANILLA · Pi-NUTS Paste|BANANA · Fresh Fruit|COFFEE INSTANT · Coffee · Dry|STRAWBERRIES · Fresh Fruit,50|25|200|1|600,1:0.5:4:0.02:12,USER_HELD/UNKNOWN|USER_HELD/UNKNOWN|USER_HELD/UNKNOWN|USER_HELD/UNKNOWN|main-sorbet-exact-fruit-60-v1,NONE|NONE|NONE|NONE|FRUIT_EQUIVALENT,fruit|vanilla|fruit|coffee|fruit,NONE|NONE|NONE|NONE|60,,best_achievable,38|19|151|1|455,1:0.5:3.973684:0.026316:11.973684,1:0.5:3.973684:0.026316:11.973684,1:0.5:3.973684:0.026316:11.973684,88.5333,86.07407407407408,true,READY,APPLIED,NOT_SELECTED,,46,936,PASS,honest_impossible,randomized,
SORBET-5C-10,2026082759,Sorbet,-12,temp_minus_12,ECO,1,0,750,750,5,PI-ING-000167|PI-ING-000369|PI-ING-000405|PI-ING-001553|PI-ING-000340,COFFEE INSTANT · Coffee · Dry|LIME · Fresh Fruit|WATERMELON · Fresh Fruit|STRAWBERRIES · Fresh Fruit|MANGO CHATO · Puree · Frozen/Chilled · 100% Fruit,1|50|400|50|2,1:50:400:50:2,USER_HELD/UNKNOWN|main-sorbet-exact-fruit-60-v1|USER_HELD/UNKNOWN|main-sorbet-exact-fruit-60-v1|main-sorbet-exact-fruit-60-v1,NONE|FRUIT_EQUIVALENT|NONE|FRUIT_EQUIVALENT|FRUIT_EQUIVALENT,coffee|fruit|fruit|fruit|fruit,NONE|60|NONE|60|60,,maximized,1|60|480|60|2,1:60:480:60:2,1:60:480:60:2,1:60:480:60:2,80.4,86.74074074074075,true,READY,APPLIED,NOT_SELECTED,,26,43515,PASS,feasible,randomized,
SORBET-SESSION-01,2026082991,Sorbet,-11,temp_minus_11,OPTIMAL,0,0,1000,1000,3,PI-ING-001553|PI-ING-000369|PI-ING-000340,STRAWBERRIES · Fresh Fruit|LIME · Fresh Fruit|MANGO CHATO · Puree · Frozen/Chilled · 100% Fruit,100|200|300,1:2:3,main-sorbet-exact-fruit-60-v1|main-sorbet-exact-fruit-60-v1|main-sorbet-exact-fruit-60-v1,FRUIT_EQUIVALENT|FRUIT_EQUIVALENT|FRUIT_EQUIVALENT,fruit|fruit|fruit,60|60|60,60,no_admissible_increase,100|200|300,1:2:3,1:2:3,1:2:3,60,75.88976008468595,false,DIAGNOSTIC,NOT_ATTEMPTED_DIAGNOSTIC,NOT_SELECTED,ok,0,169,HONEST_IMPOSSIBLE,feasible,session_recalculate,"{""hardSafe"":false,""locksPreserved"":true,""diagnosticOnly"":true,""violations"":[{""metric"":""ice_fraction"",""direction"":""low"",""value"":50.64905216673298,""band"":{""min"":51,""max"":59},""severity_points"":0.08773695831675532,""priority_rank"":1,""reason"":""ice_fraction_low""},{""metric"":""npac"",""direction"":""high"",""value"":41.376246334310856,""band"":{""min"":35,""max"":40},""severity_points"":0.5504985337243425,""priority_rank"":2,""reason"":""npac_high""}]}"
SORBET-SESSION-02,2026082991,Sorbet,-11,temp_minus_11,OPTIMAL,2,0,1000,1000,3,PI-ING-001553|PI-ING-000369|PI-ING-000340,STRAWBERRIES · Fresh Fruit|LIME · Fresh Fruit|MANGO CHATO · Puree · Frozen/Chilled · 100% Fruit,100|200|300,1:2:3,main-sorbet-exact-fruit-60-v1|main-sorbet-exact-fruit-60-v1|main-sorbet-exact-fruit-60-v1,FRUIT_EQUIVALENT|FRUIT_EQUIVALENT|FRUIT_EQUIVALENT,fruit|fruit|fruit,60|60|60,60,no_admissible_increase,100|200|300,1:2:3,1:2:3,1:2:3,60,75.88976008468595,false,DIAGNOSTIC,NOT_ATTEMPTED_DIAGNOSTIC,NOT_SELECTED,ok,0,157,HONEST_IMPOSSIBLE,feasible,session_sweetness,"{""hardSafe"":false,""locksPreserved"":true,""diagnosticOnly"":true,""violations"":[{""metric"":""ice_fraction"",""direction"":""low"",""value"":50.64905216673298,""band"":{""min"":51,""max"":59},""severity_points"":0.08773695831675532,""priority_rank"":1,""reason"":""ice_fraction_low""},{""metric"":""npac"",""direction"":""high"",""value"":41.376246334310856,""band"":{""min"":35,""max"":40},""severity_points"":0.5504985337243425,""priority_rank"":2,""reason"":""npac_high""}]}"
SORBET-SESSION-03,2026082991,Sorbet,-11,temp_minus_11,OPTIMAL,2,-2,1000,1000,3,PI-ING-001553|PI-ING-000369|PI-ING-000340,STRAWBERRIES · Fresh Fruit|LIME · Fresh Fruit|MANGO CHATO · Puree · Frozen/Chilled · 100% Fruit,100|200|300,1:2:3,main-sorbet-exact-fruit-60-v1|main-sorbet-exact-fruit-60-v1|main-sorbet-exact-fruit-60-v1,FRUIT_EQUIVALENT|FRUIT_EQUIVALENT|FRUIT_EQUIVALENT,fruit|fruit|fruit,60|60|60,60,no_admissible_increase,100|200|300,1:2:3,1:2:3,1:2:3,60,75.88976008468595,false,DIAGNOSTIC,NOT_ATTEMPTED_DIAGNOSTIC,NOT_SELECTED,ok,0,149,HONEST_IMPOSSIBLE,feasible,session_hardness,"{""hardSafe"":false,""locksPreserved"":true,""diagnosticOnly"":true,""violations"":[{""metric"":""ice_fraction"",""direction"":""low"",""value"":50.64905216673298,""band"":{""min"":51,""max"":59},""severity_points"":0.08773695831675532,""priority_rank"":1,""reason"":""ice_fraction_low""},{""metric"":""npac"",""direction"":""high"",""value"":41.376246334310856,""band"":{""min"":35,""max"":40},""severity_points"":0.5504985337243425,""priority_rank"":2,""reason"":""npac_high""}]}"
SORBET-SESSION-04,2026082991,Sorbet,-13,temp_minus_13,OPTIMAL,2,-2,1000,1000,3,PI-ING-001553|PI-ING-000369|PI-ING-000340,STRAWBERRIES · Fresh Fruit|LIME · Fresh Fruit|MANGO CHATO · Puree · Frozen/Chilled · 100% Fruit,100|200|300,1:2:3,main-sorbet-exact-fruit-60-v1|main-sorbet-exact-fruit-60-v1|main-sorbet-exact-fruit-60-v1,FRUIT_EQUIVALENT|FRUIT_EQUIVALENT|FRUIT_EQUIVALENT,fruit|fruit|fruit,60|60|60,60,no_admissible_increase,100|200|300,1:2:3,1:2:3,1:2:3,60,80.21740601095439,false,DIAGNOSTIC,NOT_ATTEMPTED_DIAGNOSTIC,NOT_SELECTED,ok,0,111,HONEST_IMPOSSIBLE,feasible,session_temperature,"{""hardSafe"":false,""locksPreserved"":true,""diagnosticOnly"":true,""violations"":[{""metric"":""npac"",""direction"":""low"",""value"":41.376246334310856,""band"":{""min"":48,""max"":55},""severity_points"":1.8925010473397552,""priority_rank"":2,""reason"":""npac_low""}]}"
SORBET-SESSION-05,2026082991,Sorbet,-13,temp_minus_13,OPTIMAL,2,-2,1500,1000,3,PI-ING-001553|PI-ING-000369|PI-ING-000340,STRAWBERRIES · Fresh Fruit|LIME · Fresh Fruit|MANGO CHATO · Puree · Frozen/Chilled · 100% Fruit,100|200|300,1:2:3,main-sorbet-exact-fruit-60-v1|main-sorbet-exact-fruit-60-v1|main-sorbet-exact-fruit-60-v1,FRUIT_EQUIVALENT|FRUIT_EQUIVALENT|FRUIT_EQUIVALENT,fruit|fruit|fruit,60|60|60,,product_behavior_invalid,162|323|485,1:1.993827:2.993827,1:2:3,1:1.993827:2.993827,64.6667,70.6731388356071,false,REFUSED:product_behavior_invalid,NOT_ATTEMPTED,NOT_ATTEMPTED,product_behavior_invalid,64,0,HONEST_IMPOSSIBLE,feasible,session_batch,"Propozycja PI została odrzucona: w proponowanej recepturze grupa Main przekracza zatwierdzony poziom OPTIMAL 60.0%. Twoja receptura nie została zmieniona. {""mainObjective"":null,""diagnosticReason"":null}"
VEGAN-1C-01,2026082810,Vegan,Fresh,fresh,ECO,-2,-2,1000,1000,1,PI-ING-001553,STRAWBERRIES · Fresh Fruit,1,1,main-vegan-fruit-combination-v2,FRUIT_EQUIVALENT,fruit,87.6,87.6,maximized,785,1,1,1,78.5,88.14814814814815,true,READY,APPLIED,SAVED_REOPENED,,53,8017,PASS,feasible,none,
VEGAN-1C-02,2026082811,Vegan,-11,temp_minus_11,OPTIMAL,-2,2,1200,1200,1,PI-ING-001553,STRAWBERRIES · Fresh Fruit,2,1,main-vegan-fruit-combination-v2,FRUIT_EQUIVALENT,fruit,87.6,87.6,maximized,935,1,1,1,77.9167,87.25925925925925,true,READY,APPLIED,SAVED_REOPENED,,173,10,PASS,feasible,none,
VEGAN-1C-03,2026082812,Vegan,-12,temp_minus_12,ECO,2,-2,1500,1500,1,PI-ING-001553,STRAWBERRIES · Fresh Fruit,5,1,USER_HELD/UNKNOWN,NONE,fruit,NONE,,no_admissible_increase,5,1,1,1,0.3333,75.92592592592594,true,REFUSED:product_behavior_invalid,NOT_ATTEMPTED,NOT_ATTEMPTED,product_behavior_invalid,2,5780,AUTHORITY_BLOCKED,authority_blocked,none,"Propozycja PI została odrzucona: w proponowanej recepturze pINGÜINO nie rozpoznaje jeszcze tego produktu — brak danych o jego roli. Twoja receptura nie została zmieniona. {""mainObjective"":{""status"":""no_admissible_increase"",""startingMainGrams"":5,""exactAcceptedMainGrams"":5,""executableMainGrams"":5,""firstHigherRejectedGrams"":1150,""firstHigherRejectedReason"":""hard_gate"",""technicalScore"":9,""attempts"":1150,""searchUpperBoundGrams"":1150,""provenMaximum"":false,""testedHigherCandidateCount"":1145,""limitingTechnicalRules"":[""main_behavior_blocked""],""certifiedUpperBoundGrams"":1150,""proofKind"":""linear_relaxation""},""diagnosticReason"":null}"
VEGAN-1C-04,2026082813,Vegan,-13,temp_minus_13,OPTIMAL,2,2,2000,2000,1,PI-ING-001553,STRAWBERRIES · Fresh Fruit,10,1,USER_HELD/UNKNOWN,NONE,fruit,NONE,,no_admissible_increase,10,1,1,1,0.5,76.14814814814814,true,REFUSED:product_behavior_invalid,NOT_ATTEMPTED,NOT_ATTEMPTED,product_behavior_invalid,4,35979,AUTHORITY_BLOCKED,authority_blocked,none,"Propozycja PI została odrzucona: w proponowanej recepturze pINGÜINO nie rozpoznaje jeszcze tego produktu — brak danych o jego roli. Twoja receptura nie została zmieniona. {""mainObjective"":{""status"":""no_admissible_increase"",""startingMainGrams"":10,""exactAcceptedMainGrams"":10,""executableMainGrams"":10,""firstHigherRejectedGrams"":1493,""firstHigherRejectedReason"":""hard_gate"",""technicalScore"":8,""attempts"":1493,""searchUpperBoundGrams"":1493,""provenMaximum"":false,""testedHigherCandidateCount"":1483,""limitingTechnicalRules"":[""main_behavior_blocked""],""certifiedUpperBoundGrams"":1493,""proofKind"":""linear_relaxation""},""diagnosticReason"":null}"
VEGAN-1C-05,2026082814,Vegan,Fresh,fresh,ECO,0,0,400,400,1,PI-ING-001553,STRAWBERRIES · Fresh Fruit,25,1,main-vegan-fruit-combination-v2,FRUIT_EQUIVALENT,fruit,87.6,87.6,maximized,133,1,1,1,33.25,88.14814814814815,true,READY,APPLIED,SAVED_REOPENED,,25,5,PASS,feasible,support_one,
VEGAN-1C-06,2026082815,Vegan,-11,temp_minus_11,OPTIMAL,-1,1,500,500,1,PI-ING-001553,STRAWBERRIES · Fresh Fruit,50,1,main-vegan-fruit-combination-v2,FRUIT_EQUIVALENT,fruit,87.6,,impossible_under_constraints,,,,,,,false,REFUSED:impossible_under_constraints,NOT_ATTEMPTED,NOT_ATTEMPTED,impossible_under_constraints,,20,HONEST_IMPOSSIBLE,feasible,main_one,impossible_under_constraints
VEGAN-1C-07,2026082816,Vegan,-12,temp_minus_12,ECO,1,-1,750,2000,1,PI-ING-001553,STRAWBERRIES · Fresh Fruit,100,1,main-vegan-fruit-combination-v2,FRUIT_EQUIVALENT,fruit,87.6,,product_behavior_invalid,38,1,1,1,5.0667,76.87703703703703,true,REFUSED:product_behavior_invalid,NOT_ATTEMPTED,NOT_ATTEMPTED,product_behavior_invalid,472.25,1,HONEST_IMPOSSIBLE,feasible,batch_resize,"Propozycja PI została odrzucona: w proponowanej recepturze grupa Main ma 5.1%; wymagane minimum to 30.0%. Twoja receptura nie została zmieniona. {""mainObjective"":null,""diagnosticReason"":null}"
VEGAN-1C-08,2026082817,Vegan,-13,temp_minus_13,OPTIMAL,-2,0,1000,1000,1,PI-ING-001553,STRAWBERRIES · Fresh Fruit,150,1,main-vegan-fruit-combination-v2,FRUIT_EQUIVALENT,fruit,87.6,,no_admissible_increase,150,1,1,1,15,68.15053138930786,false,REFUSED:product_behavior_invalid,NOT_ATTEMPTED,NOT_ATTEMPTED,product_behavior_invalid,75,86,HONEST_IMPOSSIBLE,feasible,support_multiple,"Propozycja PI została odrzucona: w proponowanej recepturze grupa Main ma 15.0%; wymagane minimum to 30.0%. Twoja receptura nie została zmieniona. {""mainObjective"":{""status"":""no_admissible_increase"",""startingMainGrams"":150,""exactAcceptedMainGrams"":150,""executableMainGrams"":150,""firstHigherRejectedGrams"":null,""firstHigherRejectedReason"":null,""technicalScore"":5,""attempts"":0,""searchUpperBoundGrams"":150,""provenMaximum"":false,""testedHigherCandidateCount"":0,""limitingTechnicalRules"":[""no_technically_valid_main_candidate""],""certifiedUpperBoundGrams"":29,""proofKind"":""linear_relaxation""},""diagnosticReason"":""hard_residual""}"
VEGAN-1C-09,2026082818,Vegan,-12,temp_minus_12,ECO,-2,-2,750,750,1,PI-ING-000167,COFFEE INSTANT · Coffee · Dry,25,1,USER_HELD/UNKNOWN,NONE,coffee,NONE,,maximized,226,1,1,1,30.1333,87.48148148148148,true,READY,APPLIED,SAVED_REOPENED,,80,29,PASS,feasible,randomized,
VEGAN-1C-10,2026082819,Vegan,-12,temp_minus_12,OPTIMAL,-2,-1,500,500,1,PI-ING-000340,MANGO CHATO · Puree · Frozen/Chilled · 100% Fruit,1,1,USER_HELD/UNKNOWN,NONE,fruit,NONE,,maximized,103,1,1,1,20.6,89.48148148148148,true,READY,APPLIED,SAVED_REOPENED,,122,11,PASS,feasible,randomized,
VEGAN-2C-01,2026082820,Vegan,-11,temp_minus_11,OPTIMAL,-2,-2,1200,1200,2,PI-ING-001553|PI-ING-001589,STRAWBERRIES · Fresh Fruit|BANANA · Puree,150|150,1:1,main-vegan-fruit-combination-v2|main-vegan-fruit-combination-v2,FRUIT_EQUIVALENT|FRUIT_EQUIVALENT,fruit|fruit,87.6|87.6,82.5,maximized,495|495,1:1,1:1,1:1,82.5,86.81481481481482,true,READY,APPLIED,SAVED_REOPENED,,220,25067,PASS,feasible,none,
VEGAN-2C-02,2026082821,Vegan,-12,temp_minus_12,ECO,-2,2,1500,1500,2,PI-ING-001553|PI-ING-001589,STRAWBERRIES · Fresh Fruit|BANANA · Puree,300|150,1:0.5,main-vegan-fruit-combination-v2|main-vegan-fruit-combination-v2,FRUIT_EQUIVALENT|FRUIT_EQUIVALENT,fruit|fruit,87.6|87.6,82.5,maximized,761|380,1:0.499343,1:0.499343,1:0.499343,76.0667,88.14814814814815,true,READY,APPLIED,SAVED_REOPENED,,372,58,PASS,feasible,none,
VEGAN-2C-03,2026082822,Vegan,-13,temp_minus_13,OPTIMAL,2,-2,2000,2000,2,PI-ING-001553|PI-ING-000614,STRAWBERRIES · Fresh Fruit|PISTACHIO · Aldori Paste · 100% Nut,1|200,1:200,main-vegan-fruit-combination-v2|main-vegan-pistachio-paste-0614,FRUIT_EQUIVALENT|NUT_EQUIVALENT,fruit|nut,87.6|26.6,,unsupported_profile,,,,,,,false,REFUSED:unsupported_profile,NOT_ATTEMPTED,NOT_ATTEMPTED,unsupported_profile,,1,AUTHORITY_BLOCKED,authority_blocked,none,unsupported_profile
VEGAN-2C-04,2026082823,Vegan,Fresh,fresh,ECO,2,2,400,400,2,PI-ING-001553|PI-ING-001589,STRAWBERRIES · Fresh Fruit|BANANA · Puree,200|1,1:0.005,main-vegan-fruit-combination-v2|USER_HELD/UNKNOWN,FRUIT_EQUIVALENT|NONE,fruit|fruit,87.6|NONE,,unsafe_proposal,,,,,,,false,REFUSED:unsafe_proposal,NOT_ATTEMPTED,NOT_ATTEMPTED,unsafe_proposal,,11463,AUTHORITY_BLOCKED,authority_blocked,none,unsafe_proposal
VEGAN-2C-05,2026082824,Vegan,-11,temp_minus_11,OPTIMAL,0,0,500,500,2,PI-ING-001553|PI-ING-001589,STRAWBERRIES · Fresh Fruit|BANANA · Puree,10|50,1:5,main-vegan-fruit-combination-v2|main-vegan-fruit-combination-v2,FRUIT_EQUIVALENT|FRUIT_EQUIVALENT,fruit|fruit,87.6|87.6,82.5,maximized,32|157,1:4.90625,1:4.90625,1:4.90625,37.8,88.14814814814815,true,READY,APPLIED,SAVED_REOPENED,,43,9,PASS,feasible,support_one,
VEGAN-2C-06,2026082825,Vegan,-12,temp_minus_12,ECO,-1,1,750,750,2,PI-ING-001553|PI-ING-001589,STRAWBERRIES · Fresh Fruit|BANANA · Puree,25|100,1:4,main-vegan-fruit-combination-v2|main-vegan-fruit-combination-v2,FRUIT_EQUIVALENT|FRUIT_EQUIVALENT,fruit|fruit,87.6|87.6,82.5,maximized,25|546,1:21.84,1:21.84,1:21.84,76.1333,88.37037037037037,true,READY,APPLIED,SAVED_REOPENED,,296,30,PASS,feasible,main_one,
VEGAN-2C-07,2026082826,Vegan,-13,temp_minus_13,OPTIMAL,1,-1,1200,400,2,PI-ING-001553|PI-ING-001589,STRAWBERRIES · Fresh Fruit|BANANA · Puree,400|600,1:1.5,main-vegan-fruit-combination-v2|main-vegan-fruit-combination-v2,FRUIT_EQUIVALENT|FRUIT_EQUIVALENT,fruit|fruit,87.6|87.6,82.5,preview_ready,329|494,1:1.50152,1:1.5,1:1.50152,68.5833,77.06667671827483,false,READY,NOT_ATTEMPTED,NOT_SELECTED,ok,42,1,HONEST_IMPOSSIBLE,honest_impossible,batch_resize,"{""hardSafe"":false,""locksPreserved"":true,""violations"":[{""metric"":""npac"",""direction"":""low"",""value"":33.83409475183778,""band"":{""min"":50,""max"":64},""severity_points"":2.3094150354517455,""priority_rank"":2,""reason"":""npac_low""},{""metric"":""water"",""direction"":""high"",""value"":73.62355000000001,""band"":{""min"":50,""max"":67},""severity_points"":0.7792411764705892,""priority_rank"":4,""reason"":""water_high""},{""metric"":""total_solids"",""direction"":""low"",""value"":26.376450000000002,""band"":{""min"":30,""max"":43},""severity_points"":0.5574692307692305,""priority_rank"":4,""reason"":""total_solids_low""}]}"
VEGAN-2C-08,2026082827,Vegan,Fresh,fresh,ECO,-2,0,1200,1200,2,PI-ING-001553|PI-ING-001589,STRAWBERRIES · Fresh Fruit|BANANA · Puree,600|600,1:1,main-vegan-fruit-combination-v2|main-vegan-fruit-combination-v2,FRUIT_EQUIVALENT|FRUIT_EQUIVALENT,fruit|fruit,87.6|87.6,,no_proposal,,,,,,,false,REFUSED:no_proposal,NOT_ATTEMPTED,NOT_ATTEMPTED,no_proposal,,4,HONEST_IMPOSSIBLE,feasible,support_multiple,no_proposal
VEGAN-2C-09,2026082828,Vegan,-12,temp_minus_12,ECO,2,-2,1000,1000,2,PI-ING-001589|PI-ING-000340,BANANA · Puree|MANGO CHATO · Puree · Frozen/Chilled · 100% Fruit,300|25,1:0.083333,main-vegan-fruit-combination-v2|USER_HELD/UNKNOWN,FRUIT_EQUIVALENT|NONE,fruit|fruit,87.6|NONE,,maximized,825|69,1:0.083636,1:0.083636,1:0.083636,89.4,86.81481481481482,true,READY,APPLIED,SAVED_REOPENED,,33,7,PASS,feasible,randomized,
VEGAN-2C-10,2026082829,Vegan,Fresh,fresh,ECO,-1,-2,750,750,2,PI-ING-000334|PI-ING-000405,VANILLA · Pi-NUTS Paste|WATERMELON · Fresh Fruit,1|25,1:25,USER_HELD/UNKNOWN|USER_HELD/UNKNOWN,NONE|NONE,vanilla|fruit,NONE|NONE,,unsupported_profile,,,,,,,false,REFUSED:unsupported_profile,NOT_ATTEMPTED,NOT_ATTEMPTED,unsupported_profile,,0,HONEST_IMPOSSIBLE,feasible,randomized,unsupported_profile
VEGAN-3C-01,2026082830,Vegan,-12,temp_minus_12,ECO,-2,-2,1500,1500,3,PI-ING-001553|PI-ING-001589|PI-ING-001556,STRAWBERRIES · Fresh Fruit|BANANA · Puree|CRANBERRY · Fresh Fruit,50|50|50,1:1:1,main-vegan-fruit-combination-v2|main-vegan-fruit-combination-v2|USER_HELD/UNKNOWN,FRUIT_EQUIVALENT|FRUIT_EQUIVALENT|NONE,fruit|fruit|fruit,87.6|87.6|NONE,,best_achievable,187|186|186,1:0.994652:0.994652,1:0.994652:0.994652,1:0.994652:0.994652,37.2667,87.48148148148148,true,READY,APPLIED,NOT_SELECTED,,199,8,PASS,feasible,none,
VEGAN-3C-02,2026082831,Vegan,-13,temp_minus_13,OPTIMAL,-2,2,2000,2000,3,PI-ING-001553|PI-ING-001589|PI-ING-001556,STRAWBERRIES · Fresh Fruit|BANANA · Puree|CRANBERRY · Fresh Fruit,100|200|300,1:2:3,main-vegan-fruit-combination-v2|main-vegan-fruit-combination-v2|USER_HELD/UNKNOWN,FRUIT_EQUIVALENT|FRUIT_EQUIVALENT|NONE,fruit|fruit|fruit,87.6|87.6|NONE,,maximized,247|494|740,1:2:2.995951,1:2:2.995951,1:2:2.995951,74.05,88.14814814814815,true,READY,APPLIED,NOT_SELECTED,,103,52,PASS,feasible,none,
VEGAN-3C-03,2026082832,Vegan,Fresh,fresh,ECO,2,-2,400,400,3,PI-ING-001553|PI-ING-000614|PI-ING-001589,STRAWBERRIES · Fresh Fruit|PISTACHIO · Aldori Paste · 100% Nut|BANANA · Puree,300|200|100,1:0.666667:0.333333,main-vegan-fruit-combination-v2|main-vegan-pistachio-paste-0614|main-vegan-fruit-combination-v2,FRUIT_EQUIVALENT|NUT_EQUIVALENT|FRUIT_EQUIVALENT,fruit|nut|fruit,87.6|26.6|87.6,,no_proposal,,,,,,,false,REFUSED:no_proposal,NOT_ATTEMPTED,NOT_ATTEMPTED,no_proposal,,1758,AUTHORITY_BLOCKED,authority_blocked,none,no_proposal
VEGAN-3C-04,2026082833,Vegan,-11,temp_minus_11,OPTIMAL,2,2,500,500,3,PI-ING-001553|PI-ING-001589|PI-ING-001556,STRAWBERRIES · Fresh Fruit|BANANA · Puree|CRANBERRY · Fresh Fruit,1|2|5,1:2:5,main-vegan-fruit-combination-v2|main-vegan-fruit-combination-v2|USER_HELD/UNKNOWN,FRUIT_EQUIVALENT|FRUIT_EQUIVALENT|NONE,fruit|fruit|fruit,87.6|87.6|NONE,,unsafe_proposal,,,,,,,false,REFUSED:unsafe_proposal,NOT_ATTEMPTED,NOT_ATTEMPTED,unsafe_proposal,,27612,AUTHORITY_BLOCKED,authority_blocked,none,unsafe_proposal
VEGAN-3C-05,2026082834,Vegan,-12,temp_minus_12,ECO,0,0,750,750,3,PI-ING-001553|PI-ING-001589|PI-ING-001556,STRAWBERRIES · Fresh Fruit|BANANA · Puree|CRANBERRY · Fresh Fruit,600|1|2,1:0.001667:0.003333,main-vegan-fruit-combination-v2|main-vegan-fruit-combination-v2|USER_HELD/UNKNOWN,FRUIT_EQUIVALENT|FRUIT_EQUIVALENT|NONE,fruit|fruit|fruit,87.6|87.6|NONE,,main_ratio_conflict,,,,,,,false,REFUSED:main_ratio_conflict,NOT_ATTEMPTED,NOT_ATTEMPTED,main_ratio_conflict,,2,HONEST_IMPOSSIBLE,feasible,support_one,"Blokady lub zakresy składników Głównych (STRAWBERRIES · Fresh Fruit, BANANA · Puree, CRANBERRY · Fresh Fruit) są sprzeczne z ich zapisaną proporcją. PI nie zmieniło receptury."
VEGAN-3C-06,2026082835,Vegan,-13,temp_minus_13,OPTIMAL,-1,1,1000,1000,3,PI-ING-001553|PI-ING-001589|PI-ING-001556,STRAWBERRIES · Fresh Fruit|BANANA · Puree|CRANBERRY · Fresh Fruit,25|50|100,1:2:4,main-vegan-fruit-combination-v2|main-vegan-fruit-combination-v2|USER_HELD/UNKNOWN,FRUIT_EQUIVALENT|FRUIT_EQUIVALENT|NONE,fruit|fruit|fruit,87.6|87.6|NONE,,maximized,25|253|506,1:10.12:20.24,1:10.12:20.24,1:10.12:20.24,78.4,88.81481481481482,true,READY,APPLIED,NOT_SELECTED,,78,65,PASS,feasible,main_one,
VEGAN-3C-07,2026082836,Vegan,Fresh,fresh,ECO,1,-1,1000,1300,3,PI-ING-001553|PI-ING-001589|PI-ING-001556,STRAWBERRIES · Fresh Fruit|BANANA · Puree|CRANBERRY · Fresh Fruit,150|150|150,1:1:1,main-vegan-fruit-combination-v2|main-vegan-fruit-combination-v2|USER_HELD/UNKNOWN,FRUIT_EQUIVALENT|FRUIT_EQUIVALENT|NONE,fruit|fruit|fruit,87.6|87.6|NONE,,preview_ready,115|115|115,1:1:1,1:1:1,1:1:1,34.5,82.67329310126722,false,READY,NOT_ATTEMPTED,NOT_SELECTED,ok,78.0385,1,HONEST_IMPOSSIBLE,feasible,batch_resize,"{""hardSafe"":false,""locksPreserved"":true,""violations"":[{""metric"":""npac"",""direction"":""low"",""value"":34.50641696074949,""band"":{""min"":35,""max"":52},""severity_points"":0.05806859285300113,""priority_rank"":2,""reason"":""npac_low""},{""metric"":""total_solids"",""direction"":""low"",""value"":29.375055,""band"":{""min"":30,""max"":43},""severity_points"":0.09614538461538466,""priority_rank"":4,""reason"":""total_solids_low""}]}"
VEGAN-3C-08,2026082837,Vegan,-11,temp_minus_11,OPTIMAL,-2,0,1500,1500,3,PI-ING-001553|PI-ING-001589|PI-ING-001556,STRAWBERRIES · Fresh Fruit|BANANA · Puree|CRANBERRY · Fresh Fruit,400|10|1,1:0.025:0.0025,main-vegan-fruit-combination-v2|main-vegan-fruit-combination-v2|USER_HELD/UNKNOWN,FRUIT_EQUIVALENT|FRUIT_EQUIVALENT|NONE,fruit|fruit|fruit,87.6|87.6|NONE,,impossible_under_constraints,,,,,,,false,REFUSED:impossible_under_constraints,NOT_ATTEMPTED,NOT_ATTEMPTED,impossible_under_constraints,,4,HONEST_IMPOSSIBLE,feasible,support_multiple,impossible_under_constraints
VEGAN-3C-09,2026082838,Vegan,-12,temp_minus_12,OPTIMAL,-1,-1,750,750,3,PI-ING-000340|PI-ING-000405|PI-ING-001589,MANGO CHATO · Puree · Frozen/Chilled · 100% Fruit|WATERMELON · Fresh Fruit|BANANA · Puree,10|5|5,1:0.5:0.5,USER_HELD/UNKNOWN|USER_HELD/UNKNOWN|main-vegan-fruit-combination-v2,NONE|NONE|FRUIT_EQUIVALENT,fruit|fruit|fruit,NONE|NONE|87.6,,maximized,238|119|119,1:0.5:0.5,1:0.5:0.5,1:0.5:0.5,63.4667,89.7037037037037,true,READY,APPLIED,NOT_SELECTED,,252,11,PASS,feasible,randomized,
VEGAN-3C-10,2026082839,Vegan,-13,temp_minus_13,ECO,0,1,1000,1000,3,PI-ING-000167|PI-ING-001589|PI-ING-001556,COFFEE INSTANT · Coffee · Dry|BANANA · Puree|CRANBERRY · Fresh Fruit,25|10|25,1:0.4:1,USER_HELD/UNKNOWN|main-vegan-fruit-combination-v2|USER_HELD/UNKNOWN,NONE|FRUIT_EQUIVALENT|NONE,coffee|fruit|fruit,NONE|87.6|NONE,,unsupported_profile,,,,,,,false,REFUSED:unsupported_profile,NOT_ATTEMPTED,NOT_ATTEMPTED,unsupported_profile,,0,HONEST_IMPOSSIBLE,feasible,randomized,unsupported_profile
VEGAN-4C-01,2026082840,Vegan,-13,temp_minus_13,OPTIMAL,-2,-2,2000,2000,4,PI-ING-001553|PI-ING-001589|PI-ING-001556|PI-ING-000394,STRAWBERRIES · Fresh Fruit|BANANA · Puree|CRANBERRY · Fresh Fruit|RASPBERRIES · Fresh Fruit,50|50|50|50,1:1:1:1,main-vegan-fruit-combination-v2|main-vegan-fruit-combination-v2|USER_HELD/UNKNOWN|USER_HELD/UNKNOWN,FRUIT_EQUIVALENT|FRUIT_EQUIVALENT|NONE|NONE,fruit|fruit|fruit|fruit,87.6|87.6|NONE|NONE,,no_admissible_increase,50|50|50|50,1:1:1:1,1:1:1:1,1:1:1:1,10,79.48148148148148,true,READY,APPLIED,NOT_SELECTED,,84,57611,PASS,feasible,none,
VEGAN-4C-02,2026082841,Vegan,Fresh,fresh,ECO,-2,2,400,400,4,PI-ING-001553|PI-ING-001589|PI-ING-001556|PI-ING-000394,STRAWBERRIES · Fresh Fruit|BANANA · Puree|CRANBERRY · Fresh Fruit|RASPBERRIES · Fresh Fruit,100|200|300|400,1:2:3:4,main-vegan-fruit-combination-v2|main-vegan-fruit-combination-v2|USER_HELD/UNKNOWN|USER_HELD/UNKNOWN,FRUIT_EQUIVALENT|FRUIT_EQUIVALENT|NONE|NONE,fruit|fruit|fruit|fruit,87.6|87.6|NONE|NONE,,maximized,33|65|98|131,1:1.969697:2.969697:3.969697,1:1.969697:2.969697:3.969697,1:1.969697:2.969697:3.969697,81.75,87.25925925925925,true,READY,APPLIED,NOT_SELECTED,,57,6,PASS,honest_impossible,none,
VEGAN-4C-03,2026082842,Vegan,-11,temp_minus_11,OPTIMAL,2,-2,500,500,4,PI-ING-001553|PI-ING-000614|PI-ING-001589|PI-ING-001578,STRAWBERRIES · Fresh Fruit|PISTACHIO · Aldori Paste · 100% Nut|BANANA · Puree|COCOA ALKALIZED 100% · Cacao Barry Cocoa Powder,400|300|200|100,1:0.75:0.5:0.25,main-vegan-fruit-combination-v2|main-vegan-pistachio-paste-0614|main-vegan-fruit-combination-v2|main-vegan-cocoa-powder-1578,FRUIT_EQUIVALENT|NUT_EQUIVALENT|FRUIT_EQUIVALENT|COCOA_SOLIDS_EQUIVALENT,fruit|nut|fruit|chocolate_cocoa,87.6|26.6|87.6|24,,no_proposal,,,,,,,false,REFUSED:no_proposal,NOT_ATTEMPTED,NOT_ATTEMPTED,no_proposal,,1604,AUTHORITY_BLOCKED,authority_blocked,none,no_proposal
VEGAN-4C-04,2026082843,Vegan,-12,temp_minus_12,ECO,2,2,750,750,4,PI-ING-001553|PI-ING-001589|PI-ING-001556|PI-ING-000394,STRAWBERRIES · Fresh Fruit|BANANA · Puree|CRANBERRY · Fresh Fruit|RASPBERRIES · Fresh Fruit,1|2|5|10,1:2:5:10,main-vegan-fruit-combination-v2|main-vegan-fruit-combination-v2|USER_HELD/UNKNOWN|USER_HELD/UNKNOWN,FRUIT_EQUIVALENT|FRUIT_EQUIVALENT|NONE|NONE,fruit|fruit|fruit|fruit,87.6|87.6|NONE|NONE,,maximized,33|65|164|328,1:1.969697:4.969697:9.939394,1:1.969697:4.969697:9.939394,1:1.969697:4.969697:9.939394,78.6667,86.81481481481482,true,READY,APPLIED,NOT_SELECTED,,42,3,PASS,authority_blocked,none,
VEGAN-4C-05,2026082844,Vegan,-13,temp_minus_13,OPTIMAL,0,0,1000,1000,4,PI-ING-001553|PI-ING-001589|PI-ING-001556|PI-ING-000394,STRAWBERRIES · Fresh Fruit|BANANA · Puree|CRANBERRY · Fresh Fruit|RASPBERRIES · Fresh Fruit,600|1|2|5,1:0.001667:0.003333:0.008333,main-vegan-fruit-combination-v2|main-vegan-fruit-combination-v2|USER_HELD/UNKNOWN|USER_HELD/UNKNOWN,FRUIT_EQUIVALENT|FRUIT_EQUIVALENT|NONE|NONE,fruit|fruit|fruit|fruit,87.6|87.6|NONE|NONE,,maximized,289|1|1|2,1:0.00346:0.00346:0.00692,1:0.00346:0.00346:0.00692,1:0.00346:0.00346:0.00692,29.3,90.14814814814815,true,READY,APPLIED,NOT_SELECTED,,33,5,PASS,feasible,support_one,
VEGAN-4C-06,2026082845,Vegan,Fresh,fresh,ECO,-1,1,1200,1200,4,PI-ING-001553|PI-ING-001589|PI-ING-001556|PI-ING-000394,STRAWBERRIES · Fresh Fruit|BANANA · Puree|CRANBERRY · Fresh Fruit|RASPBERRIES · Fresh Fruit,25|50|100|150,1:2:4:6,main-vegan-fruit-combination-v2|main-vegan-fruit-combination-v2|USER_HELD/UNKNOWN|USER_HELD/UNKNOWN,FRUIT_EQUIVALENT|FRUIT_EQUIVALENT|NONE|NONE,fruit|fruit|fruit|fruit,87.6|87.6|NONE|NONE,,maximized,25|159|318|478,1:6.36:12.72:19.12,1:6.36:12.72:19.12,1:6.36:12.72:19.12,81.6667,88.14814814814815,true,READY,APPLIED,NOT_SELECTED,,134,16,PASS,feasible,main_one,
VEGAN-4C-07,2026082846,Vegan,-11,temp_minus_11,OPTIMAL,1,-1,1500,1000,4,PI-ING-001553|PI-ING-001589|PI-ING-001556|PI-ING-000394,STRAWBERRIES · Fresh Fruit|BANANA · Puree|CRANBERRY · Fresh Fruit|RASPBERRIES · Fresh Fruit,150|150|150|150,1:1:1:1,main-vegan-fruit-combination-v2|main-vegan-fruit-combination-v2|USER_HELD/UNKNOWN|USER_HELD/UNKNOWN,FRUIT_EQUIVALENT|FRUIT_EQUIVALENT|NONE|NONE,fruit|fruit|fruit|fruit,87.6|87.6|NONE|NONE,,preview_ready,225|225|225|225,1:1:1:1,1:1:1:1,1:1:1:1,60,72.17438280570929,false,READY,NOT_ATTEMPTED,NOT_SELECTED,ok,79.2,1,HONEST_IMPOSSIBLE,feasible,batch_resize,"{""hardSafe"":false,""locksPreserved"":true,""violations"":[{""metric"":""ice_fraction"",""direction"":""high"",""value"":62.32312161283372,""band"":{""min"":45,""max"":61},""severity_points"":0.16539020160421458,""priority_rank"":1,""reason"":""ice_fraction_high""},{""metric"":""npac"",""direction"":""low"",""value"":25.588621629947006,""band"":{""min"":35,""max"":52},""severity_points"":1.1072209847121168,""priority_rank"":2,""reason"":""npac_low""},{""metric"":""total_solids"",""direction"":""low"",""value"":23.819200000000002,""band"":{""min"":30,""max"":43},""severity_points"":0.9508923076923074,""priority_rank"":4,""reason"":""total_solids_low""},{""metric"":""water"",""direction"":""high"",""value"":76.18079999999998,""band"":{""min"":54,""max"":72},""severity_points"":0.46453333333333074,""priority_rank"":4,""reason"":""water_high""}]}"
VEGAN-4C-08,2026082847,Vegan,-12,temp_minus_12,ECO,-2,0,2000,2000,4,PI-ING-001553|PI-ING-001589|PI-ING-001556|PI-ING-000394,STRAWBERRIES · Fresh Fruit|BANANA · Puree|CRANBERRY · Fresh Fruit|RASPBERRIES · Fresh Fruit,400|100|25|5,1:0.25:0.0625:0.0125,main-vegan-fruit-combination-v2|main-vegan-fruit-combination-v2|USER_HELD/UNKNOWN|USER_HELD/UNKNOWN,FRUIT_EQUIVALENT|FRUIT_EQUIVALENT|NONE|NONE,fruit|fruit|fruit|fruit,87.6|87.6|NONE|NONE,,maximized,101|25|6|1,1:0.247525:0.059406:0.009901,1:0.247525:0.059406:0.009901,1:0.247525:0.059406:0.009901,6.65,76.13259259259259,true,READY,APPLIED,NOT_SELECTED,,260,4,PASS,feasible,support_multiple,
VEGAN-4C-09,2026082848,Vegan,-12,temp_minus_12,OPTIMAL,0,1,500,500,4,PI-ING-000334|PI-ING-000340|PI-ING-000614|PI-ING-001578,VANILLA · Pi-NUTS Paste|MANGO CHATO · Puree · Frozen/Chilled · 100% Fruit|PISTACHIO · Aldori Paste · 100% Nut|COCOA ALKALIZED 100% · Cacao Barry Cocoa Powder,400|400|5|300,1:1:0.0125:0.75,USER_HELD/UNKNOWN|USER_HELD/UNKNOWN|main-vegan-pistachio-paste-0614|main-vegan-cocoa-powder-1578,NONE|NONE|NUT_EQUIVALENT|COCOA_SOLIDS_EQUIVALENT,vanilla|fruit|nut|chocolate_cocoa,NONE|NONE|26.6|24,,best_achievable,110|110|1|83,1:1:0.009091:0.754545,1:1:0.009091:0.754545,1:1:0.009091:0.754545,60.8,88.81481481481482,true,DIAGNOSTIC,NOT_ATTEMPTED_DIAGNOSTIC,NOT_SELECTED,ok,48,15,HONEST_IMPOSSIBLE,honest_impossible,randomized,"{""hardSafe"":true,""locksPreserved"":true,""diagnosticOnly"":true,""violations"":[]}"
VEGAN-4C-10,2026082849,Vegan,-11,temp_minus_11,ECO,-2,2,750,750,4,PI-ING-000167|PI-ING-001578|PI-ING-001589|PI-ING-000614,COFFEE INSTANT · Coffee · Dry|COCOA ALKALIZED 100% · Cacao Barry Cocoa Powder|BANANA · Puree|PISTACHIO · Aldori Paste · 100% Nut,200|300|100|25,1:1.5:0.5:0.125,USER_HELD/UNKNOWN|main-vegan-cocoa-powder-1578|main-vegan-fruit-combination-v2|main-vegan-pistachio-paste-0614,NONE|COCOA_SOLIDS_EQUIVALENT|FRUIT_EQUIVALENT|NUT_EQUIVALENT,coffee|chocolate_cocoa|fruit|nut,NONE|24|87.6|26.6,,unsupported_profile,,,,,,,false,REFUSED:unsupported_profile,NOT_ATTEMPTED,NOT_ATTEMPTED,unsupported_profile,,0,HONEST_IMPOSSIBLE,feasible,randomized,unsupported_profile
VEGAN-5C-01,2026082850,Vegan,Fresh,fresh,ECO,-2,-2,400,400,5,PI-ING-001553|PI-ING-001589|PI-ING-001556|PI-ING-000394|PI-ING-000405,STRAWBERRIES · Fresh Fruit|BANANA · Puree|CRANBERRY · Fresh Fruit|RASPBERRIES · Fresh Fruit|WATERMELON · Fresh Fruit,50|50|50|50|50,1:1:1:1:1,main-vegan-fruit-combination-v2|main-vegan-fruit-combination-v2|USER_HELD/UNKNOWN|USER_HELD/UNKNOWN|USER_HELD/UNKNOWN,FRUIT_EQUIVALENT|FRUIT_EQUIVALENT|NONE|NONE|NONE,fruit|fruit|fruit|fruit|fruit,87.6|87.6|NONE|NONE|NONE,,maximized,65|65|65|65|65,1:1:1:1:1,1:1:1:1:1,1:1:1:1:1,81.25,88.14814814814815,true,READY,APPLIED,NOT_SELECTED,,28,16164,PASS,feasible,none,
VEGAN-5C-02,2026082851,Vegan,-11,temp_minus_11,OPTIMAL,-2,2,500,500,5,PI-ING-001553|PI-ING-001589|PI-ING-001556|PI-ING-000394|PI-ING-000405,STRAWBERRIES · Fresh Fruit|BANANA · Puree|CRANBERRY · Fresh Fruit|RASPBERRIES · Fresh Fruit|WATERMELON · Fresh Fruit,100|150|200|300|400,1:1.5:2:3:4,main-vegan-fruit-combination-v2|main-vegan-fruit-combination-v2|USER_HELD/UNKNOWN|USER_HELD/UNKNOWN|USER_HELD/UNKNOWN,FRUIT_EQUIVALENT|FRUIT_EQUIVALENT|NONE|NONE|NONE,fruit|fruit|fruit|fruit|fruit,87.6|87.6|NONE|NONE|NONE,,maximized,35|52|69|104|139,1:1.485714:1.971429:2.971429:3.971429,1:1.485714:1.971429:2.971429:3.971429,1:1.485714:1.971429:2.971429:3.971429,79.8,87.25925925925925,true,READY,APPLIED,NOT_SELECTED,,86,20,PASS,honest_impossible,none,
VEGAN-5C-03,2026082852,Vegan,-12,temp_minus_12,ECO,2,-2,750,750,5,PI-ING-001553|PI-ING-000614|PI-ING-001589|PI-ING-001578|PI-ING-001556,STRAWBERRIES · Fresh Fruit|PISTACHIO · Aldori Paste · 100% Nut|BANANA · Puree|COCOA ALKALIZED 100% · Cacao Barry Cocoa Powder|CRANBERRY · Fresh Fruit,400|300|200|150|100,1:0.75:0.5:0.375:0.25,main-vegan-fruit-combination-v2|main-vegan-pistachio-paste-0614|main-vegan-fruit-combination-v2|main-vegan-cocoa-powder-1578|USER_HELD/UNKNOWN,FRUIT_EQUIVALENT|NUT_EQUIVALENT|FRUIT_EQUIVALENT|COCOA_SOLIDS_EQUIVALENT|NONE,fruit|nut|fruit|chocolate_cocoa|fruit,87.6|26.6|87.6|24|NONE,,maximized,113|85|57|42|28,1:0.752212:0.504425:0.371681:0.247788,1:0.752212:0.504425:0.371681:0.247788,1:0.752212:0.504425:0.371681:0.247788,43.3333,87.92592592592592,true,READY,APPLIED,NOT_SELECTED,,51,130,PASS,authority_blocked,none,
VEGAN-5C-04,2026082853,Vegan,-13,temp_minus_13,OPTIMAL,2,2,1000,1000,5,PI-ING-001553|PI-ING-001589|PI-ING-001556|PI-ING-000394|PI-ING-000405,STRAWBERRIES · Fresh Fruit|BANANA · Puree|CRANBERRY · Fresh Fruit|RASPBERRIES · Fresh Fruit|WATERMELON · Fresh Fruit,1|2|5|10|25,1:2:5:10:25,main-vegan-fruit-combination-v2|main-vegan-fruit-combination-v2|USER_HELD/UNKNOWN|USER_HELD/UNKNOWN|USER_HELD/UNKNOWN,FRUIT_EQUIVALENT|FRUIT_EQUIVALENT|NONE|NONE|NONE,fruit|fruit|fruit|fruit|fruit,87.6|87.6|NONE|NONE|NONE,,maximized,17|35|87|175|437,1:2.058824:5.117647:10.294118:25.705882,1:2.058824:5.117647:10.294118:25.705882,1:2.058824:5.117647:10.294118:25.705882,75.1,87.48148148148148,true,READY,APPLIED,NOT_SELECTED,,89,28,PASS,authority_blocked,none,
VEGAN-5C-05,2026082854,Vegan,Fresh,fresh,ECO,0,0,1200,1200,5,PI-ING-001553|PI-ING-001589|PI-ING-001556|PI-ING-000394|PI-ING-000405,STRAWBERRIES · Fresh Fruit|BANANA · Puree|CRANBERRY · Fresh Fruit|RASPBERRIES · Fresh Fruit|WATERMELON · Fresh Fruit,600|1|2|5|10,1:0.001667:0.003333:0.008333:0.016667,main-vegan-fruit-combination-v2|main-vegan-fruit-combination-v2|USER_HELD/UNKNOWN|USER_HELD/UNKNOWN|USER_HELD/UNKNOWN,FRUIT_EQUIVALENT|FRUIT_EQUIVALENT|NONE|NONE|NONE,fruit|fruit|fruit|fruit|fruit,87.6|87.6|NONE|NONE|NONE,,maximized,387|1|1|3|7,1:0.002584:0.002584:0.007752:0.018088,1:0.002584:0.002584:0.007752:0.018088,1:0.002584:0.002584:0.007752:0.018088,33.25,88.14814814814815,true,READY,APPLIED,NOT_SELECTED,,80,86,PASS,feasible,support_one,
VEGAN-5C-06,2026082855,Vegan,-11,temp_minus_11,OPTIMAL,-1,1,1500,1500,5,PI-ING-001553|PI-ING-001589|PI-ING-001556|PI-ING-000394|PI-ING-000405,STRAWBERRIES · Fresh Fruit|BANANA · Puree|CRANBERRY · Fresh Fruit|RASPBERRIES · Fresh Fruit|WATERMELON · Fresh Fruit,25|50|100|150|200,1:2:4:6:8,main-vegan-fruit-combination-v2|main-vegan-fruit-combination-v2|USER_HELD/UNKNOWN|USER_HELD/UNKNOWN|USER_HELD/UNKNOWN,FRUIT_EQUIVALENT|FRUIT_EQUIVALENT|NONE|NONE|NONE,fruit|fruit|fruit|fruit|fruit,87.6|87.6|NONE|NONE|NONE,,maximized,25|117|234|351|468,1:4.68:9.36:14.04:18.72,1:4.68:9.36:14.04:18.72,1:4.68:9.36:14.04:18.72,79.6667,88.14814814814815,true,READY,APPLIED,NOT_SELECTED,,175,27,PASS,feasible,main_one,
VEGAN-5C-07,2026082856,Vegan,-12,temp_minus_12,ECO,1,-1,400,1000,5,PI-ING-001553|PI-ING-001589|PI-ING-001556|PI-ING-000394|PI-ING-000405,STRAWBERRIES · Fresh Fruit|BANANA · Puree|CRANBERRY · Fresh Fruit|RASPBERRIES · Fresh Fruit|WATERMELON · Fresh Fruit,150|150|150|150|150,1:1:1:1:1,main-vegan-fruit-combination-v2|main-vegan-fruit-combination-v2|USER_HELD/UNKNOWN|USER_HELD/UNKNOWN|USER_HELD/UNKNOWN,FRUIT_EQUIVALENT|FRUIT_EQUIVALENT|NONE|NONE|NONE,fruit|fruit|fruit|fruit|fruit,87.6|87.6|NONE|NONE|NONE,,rescale_invalid,,,,,,,false,REFUSED:rescale_invalid,NOT_ATTEMPTED,NOT_ATTEMPTED,rescale_invalid,,0,HONEST_IMPOSSIBLE,feasible,batch_resize,rescale_invalid
VEGAN-5C-08,2026082857,Vegan,-13,temp_minus_13,OPTIMAL,-2,0,400,400,5,PI-ING-001553|PI-ING-001589|PI-ING-001556|PI-ING-000394|PI-ING-000405,STRAWBERRIES · Fresh Fruit|BANANA · Puree|CRANBERRY · Fresh Fruit|RASPBERRIES · Fresh Fruit|WATERMELON · Fresh Fruit,400|100|25|5|1,1:0.25:0.0625:0.0125:0.0025,main-vegan-fruit-combination-v2|main-vegan-fruit-combination-v2|USER_HELD/UNKNOWN|USER_HELD/UNKNOWN|USER_HELD/UNKNOWN,FRUIT_EQUIVALENT|FRUIT_EQUIVALENT|NONE|NONE|NONE,fruit|fruit|fruit|fruit|fruit,87.6|87.6|NONE|NONE|NONE,,no_proposal,,,,,,,false,REFUSED:no_proposal,NOT_ATTEMPTED,NOT_ATTEMPTED,no_proposal,,15,HONEST_IMPOSSIBLE,honest_impossible,support_multiple,no_proposal
VEGAN-5C-09,2026082858,Vegan,-11,temp_minus_11,ECO,-2,1,1200,1200,5,PI-ING-000167|PI-ING-000334|PI-ING-001589|PI-ING-001556|PI-ING-000614,COFFEE INSTANT · Coffee · Dry|VANILLA · Pi-NUTS Paste|BANANA · Puree|CRANBERRY · Fresh Fruit|PISTACHIO · Aldori Paste · 100% Nut,150|2|150|1|25,1:0.013333:1:0.006667:0.166667,USER_HELD/UNKNOWN|USER_HELD/UNKNOWN|main-vegan-fruit-combination-v2|USER_HELD/UNKNOWN|main-vegan-pistachio-paste-0614,NONE|NONE|FRUIT_EQUIVALENT|NONE|NUT_EQUIVALENT,coffee|vanilla|fruit|fruit|nut,NONE|NONE|87.6|NONE|26.6,,unsupported_profile,,,,,,,false,REFUSED:unsupported_profile,NOT_ATTEMPTED,NOT_ATTEMPTED,unsupported_profile,,1,HONEST_IMPOSSIBLE,feasible,randomized,unsupported_profile
VEGAN-5C-10,2026082859,Vegan,-11,temp_minus_11,OPTIMAL,-1,1,1500,1500,5,PI-ING-001556|PI-ING-001553|PI-ING-000405|PI-ING-000167|PI-ING-000334,CRANBERRY · Fresh Fruit|STRAWBERRIES · Fresh Fruit|WATERMELON · Fresh Fruit|COFFEE INSTANT · Coffee · Dry|VANILLA · Pi-NUTS Paste,300|100|10|100|400,1:0.333333:0.033333:0.333333:1.333333,USER_HELD/UNKNOWN|main-vegan-fruit-combination-v2|USER_HELD/UNKNOWN|USER_HELD/UNKNOWN|USER_HELD/UNKNOWN,NONE|FRUIT_EQUIVALENT|NONE|NONE|NONE,fruit|fruit|fruit|coffee|vanilla,NONE|87.6|NONE|NONE|NONE,,unsupported_profile,,,,,,,false,REFUSED:unsupported_profile,NOT_ATTEMPTED,NOT_ATTEMPTED,unsupported_profile,,0,HONEST_IMPOSSIBLE,feasible,randomized,unsupported_profile
VEGAN-SESSION-01,2026082992,Vegan,-11,temp_minus_11,OPTIMAL,0,0,1000,1000,3,PI-ING-001553|PI-ING-001589|PI-ING-001556,STRAWBERRIES · Fresh Fruit|BANANA · Puree|CRANBERRY · Fresh Fruit,100|200|300,1:2:3,main-vegan-fruit-combination-v2|main-vegan-fruit-combination-v2|USER_HELD/UNKNOWN,FRUIT_EQUIVALENT|FRUIT_EQUIVALENT|NONE,fruit|fruit|fruit,87.6|87.6|NONE,,maximized,59|118|176,1:2:2.983051,1:2:2.983051,1:2:2.983051,35.3,88.14814814814815,true,READY,APPLIED,NOT_SELECTED,,59,9,PASS,feasible,session_recalculate,
VEGAN-SESSION-02,2026082992,Vegan,-11,temp_minus_11,OPTIMAL,2,0,1000,1000,3,PI-ING-001553|PI-ING-001589|PI-ING-001556,STRAWBERRIES · Fresh Fruit|BANANA · Puree|CRANBERRY · Fresh Fruit,59|118|176,1:2:2.983051,main-vegan-fruit-combination-v2|main-vegan-fruit-combination-v2|USER_HELD/UNKNOWN,FRUIT_EQUIVALENT|FRUIT_EQUIVALENT|NONE,fruit|fruit|fruit,87.6|87.6|NONE,,maximized,60|119|178,1:1.983333:2.966667,1:1.983333:2.966667,1:1.983333:2.966667,35.7,86.81481481481482,true,READY,APPLIED,NOT_SELECTED,,69,17,PASS,feasible,session_sweetness,
VEGAN-SESSION-03,2026082992,Vegan,-11,temp_minus_11,OPTIMAL,2,-2,1000,1000,3,PI-ING-001553|PI-ING-001589|PI-ING-001556,STRAWBERRIES · Fresh Fruit|BANANA · Puree|CRANBERRY · Fresh Fruit,60|119|178,1:1.983333:2.966667,main-vegan-fruit-combination-v2|main-vegan-fruit-combination-v2|USER_HELD/UNKNOWN,FRUIT_EQUIVALENT|FRUIT_EQUIVALENT|NONE,fruit|fruit|fruit,87.6|87.6|NONE,,no_admissible_increase,60|119|178,1:1.983333:2.966667,1:1.983333:2.966667,1:1.983333:2.966667,35.7,86.81481481481482,true,READY,APPLIED,NOT_SELECTED,,0,2163,PASS,feasible,session_hardness,
VEGAN-SESSION-04,2026082992,Vegan,-13,temp_minus_13,OPTIMAL,2,-2,1000,1000,3,PI-ING-001553|PI-ING-001589|PI-ING-001556,STRAWBERRIES · Fresh Fruit|BANANA · Puree|CRANBERRY · Fresh Fruit,60|119|178,1:1.983333:2.966667,main-vegan-fruit-combination-v2|main-vegan-fruit-combination-v2|USER_HELD/UNKNOWN,FRUIT_EQUIVALENT|FRUIT_EQUIVALENT|NONE,fruit|fruit|fruit,87.6|87.6|NONE,,maximized,52|103|154,1:1.980769:2.961538,1:1.980769:2.961538,1:1.980769:2.961538,30.9,87.48148148148148,true,READY,APPLIED,NOT_SELECTED,,130,9,PASS,feasible,session_temperature,
VEGAN-SESSION-05,2026082992,Vegan,-13,temp_minus_13,OPTIMAL,2,-2,1500,1000,3,PI-ING-001553|PI-ING-001589|PI-ING-001556,STRAWBERRIES · Fresh Fruit|BANANA · Puree|CRANBERRY · Fresh Fruit,52|103|154,1:1.980769:2.961538,main-vegan-fruit-combination-v2|main-vegan-fruit-combination-v2|USER_HELD/UNKNOWN,FRUIT_EQUIVALENT|FRUIT_EQUIVALENT|NONE,fruit|fruit|fruit,87.6|87.6|NONE,,main_ratio_conflict,,,,,,,false,REFUSED:main_ratio_conflict,NOT_ATTEMPTED,NOT_ATTEMPTED,main_ratio_conflict,,1,HONEST_IMPOSSIBLE,feasible,session_batch,"Propozycja narusza tożsamość składników Głównych (STRAWBERRIES · Fresh Fruit, BANANA · Puree, CRANBERRY · Fresh Fruit): składnik zniknął, został wyzerowany, utracił rolę Główną albo zmieniła się zapisana proporcja. PI nie zmieniło receptury."
PROTEIN-1C-01,2026082910,Protein,-11,temp_minus_11,ECO,-2,-2,1200,1200,1,PI-ING-001553,STRAWBERRIES · Fresh Fruit,1,1,main-protein-fruit-combination-v2,FRUIT_EQUIVALENT,fruit,49.5,49.5,best_achievable,594,1,1,1,49.5,89.92592592592594,true,READY,APPLIED,SAVED_REOPENED,,550,166,PASS,feasible,none,
PROTEIN-1C-02,2026082911,Protein,-12,temp_minus_12,OPTIMAL,-2,2,1500,1500,1,PI-ING-001553,STRAWBERRIES · Fresh Fruit,2,1,main-protein-fruit-combination-v2,FRUIT_EQUIVALENT,fruit,49.5,49.5,best_achievable,534,1,1,1,35.6,89.92592592592594,true,DIAGNOSTIC,NOT_ATTEMPTED_DIAGNOSTIC,NOT_SELECTED,ok,714,1776,HONEST_IMPOSSIBLE,feasible,none,"{""hardSafe"":true,""locksPreserved"":true,""diagnosticOnly"":true,""violations"":[]}"
PROTEIN-1C-03,2026082912,Protein,-13,temp_minus_13,ECO,2,-2,2000,2000,1,PI-ING-001553,STRAWBERRIES · Fresh Fruit,5,1,USER_HELD/UNKNOWN,NONE,fruit,NONE,,best_achievable,5,1,1,1,0.25,74.5925925925926,true,REFUSED:product_behavior_invalid,NOT_ATTEMPTED,NOT_ATTEMPTED,product_behavior_invalid,43,1565,AUTHORITY_BLOCKED,authority_blocked,none,"Propozycja PI została odrzucona: w proponowanej recepturze pINGÜINO nie rozpoznaje jeszcze tego produktu — brak danych o jego roli. Twoja receptura nie została zmieniona. {""mainObjective"":{""status"":""best_achievable"",""startingMainGrams"":5,""exactAcceptedMainGrams"":5,""executableMainGrams"":5,""firstHigherRejectedGrams"":5.0304412841796875,""firstHigherRejectedReason"":""hard_gate"",""technicalScore"":9,""attempts"":17,""searchUpperBoundGrams"":2000,""provenMaximum"":false,""testedHigherCandidateCount"":0,""limitingTechnicalRules"":[""hard_gate""],""proofKind"":""heuristic_search""},""diagnosticReason"":null}"
PROTEIN-1C-04,2026082913,Protein,Fresh,fresh,OPTIMAL,2,2,400,400,1,PI-ING-001553,STRAWBERRIES · Fresh Fruit,10,1,USER_HELD/UNKNOWN,NONE,fruit,NONE,,best_achievable,10,1,1,1,2.5,72.14814814814815,true,REFUSED:product_behavior_invalid,NOT_ATTEMPTED,NOT_ATTEMPTED,product_behavior_invalid,34,747,AUTHORITY_BLOCKED,authority_blocked,none,"Propozycja PI została odrzucona: w proponowanej recepturze pINGÜINO nie rozpoznaje jeszcze tego produktu — brak danych o jego roli. Twoja receptura nie została zmieniona. {""mainObjective"":{""status"":""best_achievable"",""startingMainGrams"":10,""exactAcceptedMainGrams"":10,""executableMainGrams"":10,""firstHigherRejectedGrams"":10.047607421875,""firstHigherRejectedReason"":""hard_gate"",""technicalScore"":10,""attempts"":14,""searchUpperBoundGrams"":400,""provenMaximum"":false,""testedHigherCandidateCount"":0,""limitingTechnicalRules"":[""hard_gate""],""proofKind"":""heuristic_search""},""diagnosticReason"":null}"
PROTEIN-1C-05,2026082914,Protein,-11,temp_minus_11,ECO,0,0,500,500,1,PI-ING-001553,STRAWBERRIES · Fresh Fruit,25,1,main-protein-fruit-combination-v2,FRUIT_EQUIVALENT,fruit,49.5,49.5,best_achievable,247,1,1,1,49.4,88.14814814814815,true,READY,APPLIED,SAVED_REOPENED,,224,548,PASS,feasible,support_one,
PROTEIN-1C-06,2026082915,Protein,-12,temp_minus_12,OPTIMAL,-1,1,750,750,1,PI-ING-001553,STRAWBERRIES · Fresh Fruit,50,1,main-protein-fruit-combination-v2,FRUIT_EQUIVALENT,fruit,49.5,,best_achievable,50,1,1,1,6.6667,76.5925925925926,true,REFUSED:product_behavior_invalid,NOT_ATTEMPTED,NOT_ATTEMPTED,product_behavior_invalid,28,6,HONEST_IMPOSSIBLE,feasible,main_one,"Propozycja PI została odrzucona: w proponowanej recepturze grupa Main ma 6.7%; wymagane minimum to 10.0%. Twoja receptura nie została zmieniona. {""mainObjective"":{""status"":""best_achievable"",""startingMainGrams"":50,""exactAcceptedMainGrams"":50,""executableMainGrams"":50,""firstHigherRejectedGrams"":null,""firstHigherRejectedReason"":null,""technicalScore"":10,""attempts"":1,""searchUpperBoundGrams"":750,""provenMaximum"":false,""testedHigherCandidateCount"":0,""limitingTechnicalRules"":[""bounded_protein_group_search""],""proofKind"":""heuristic_search""},""diagnosticReason"":null}"
PROTEIN-1C-07,2026082916,Protein,-13,temp_minus_13,ECO,1,-1,1200,400,1,PI-ING-001553,STRAWBERRIES · Fresh Fruit,100,1,main-protein-fruit-combination-v2,FRUIT_EQUIVALENT,fruit,49.5,49.5,preview_ready,300,1,1,1,25,87.7037037037037,true,READY,APPLIED,SAVED_REOPENED,,264,33,PASS,feasible,batch_resize,
PROTEIN-1C-08,2026082917,Protein,Fresh,fresh,OPTIMAL,-2,0,1200,1200,1,PI-ING-001553,STRAWBERRIES · Fresh Fruit,150,1,main-protein-fruit-combination-v2,FRUIT_EQUIVALENT,fruit,49.5,49.5,best_achievable,192,1,1,1,16,86.19259259259259,true,READY,APPLIED,SAVED_REOPENED,,159,514,PASS,feasible,support_multiple,
PROTEIN-1C-09,2026082918,Protein,-12,temp_minus_12,ECO,-2,0,1500,1500,1,PI-ING-000334,VANILLA · Pi-NUTS Paste,10,1,USER_HELD/UNKNOWN,NONE,vanilla,NONE,,best_achievable,122,1,1,1,8.1333,78.40592592592593,true,DIAGNOSTIC,NOT_ATTEMPTED_DIAGNOSTIC,NOT_SELECTED,ok,144,372,HONEST_IMPOSSIBLE,feasible,randomized,"{""hardSafe"":true,""locksPreserved"":true,""diagnosticOnly"":true,""violations"":[]}"
PROTEIN-1C-10,2026082919,Protein,-11,temp_minus_11,OPTIMAL,-1,-2,1000,1000,1,PI-ING-000405,WATERMELON · Fresh Fruit,50,1,USER_HELD/UNKNOWN,NONE,fruit,NONE,,best_achievable,150,1,1,1,15,82.14814814814814,true,READY,APPLIED,SAVED_REOPENED,,67,30,PASS,feasible,randomized,
PROTEIN-2C-01,2026082920,Protein,-12,temp_minus_12,OPTIMAL,-2,-2,1500,1500,2,PI-ING-000345|PI-ING-001556,BANANA · Fresh Fruit|CRANBERRY · Fresh Fruit,352|136,1:0.386364,main-protein-fruit-combination-v2|USER_HELD/UNKNOWN,FRUIT_EQUIVALENT|NONE,fruit|fruit,17.1|NONE,,best_achievable,445|172,1:0.386517,1:0.386364,1:0.386517,41.1333,89.03703703703702,true,READY,APPLIED,SAVED_REOPENED,,441,469,PASS,feasible,none,
PROTEIN-2C-02,2026082921,Protein,-13,temp_minus_13,ECO,-2,2,2000,2000,2,PI-ING-001553|PI-ING-000345,STRAWBERRIES · Fresh Fruit|BANANA · Fresh Fruit,300|150,1:0.5,main-protein-fruit-combination-v2|main-protein-fruit-combination-v2,FRUIT_EQUIVALENT|FRUIT_EQUIVALENT,fruit|fruit,49.5|17.1,20.7,best_achievable,148|74,1:0.5,1:0.5,1:0.5,11.1,81.17481481481481,true,READY,APPLIED,SAVED_REOPENED,,330,1990,PASS,feasible,none,
PROTEIN-2C-03,2026082922,Protein,Fresh,fresh,OPTIMAL,2,-2,400,400,2,PI-ING-001553|PI-ING-001578,STRAWBERRIES · Fresh Fruit|COCOA ALKALIZED 100% · Cacao Barry Cocoa Powder,1|200,1:200,main-protein-fruit-combination-v2|main-protein-cocoa-1578,FRUIT_EQUIVALENT|COCOA_SOLIDS_EQUIVALENT,fruit|chocolate_cocoa,49.5|6.1,,unsafe_proposal,,,,,,,false,REFUSED:unsafe_proposal,NOT_ATTEMPTED,NOT_ATTEMPTED,unsafe_proposal,,49925,AUTHORITY_BLOCKED,authority_blocked,none,unsafe_proposal
PROTEIN-2C-04,2026082923,Protein,-11,temp_minus_11,ECO,2,2,500,500,2,PI-ING-001553|PI-ING-000345,STRAWBERRIES · Fresh Fruit|BANANA · Fresh Fruit,200|1,1:0.005,main-protein-fruit-combination-v2|USER_HELD/UNKNOWN,FRUIT_EQUIVALENT|NONE,fruit|fruit,49.5|NONE,,best_achievable,200|1,1:0.005,1:0.005,1:0.005,40.2,88.81481481481482,true,REFUSED:product_behavior_invalid,NOT_ATTEMPTED,NOT_ATTEMPTED,product_behavior_invalid,142,230,AUTHORITY_BLOCKED,authority_blocked,none,"Propozycja PI została odrzucona: w proponowanej recepturze pINGÜINO nie rozpoznaje jeszcze tego produktu — brak danych o jego roli. Twoja receptura nie została zmieniona. {""mainObjective"":{""status"":""best_achievable"",""startingMainGrams"":201,""exactAcceptedMainGrams"":201,""executableMainGrams"":201,""firstHigherRejectedGrams"":201.0364990234375,""firstHigherRejectedReason"":""hard_gate"",""technicalScore"":10,""attempts"":14,""searchUpperBoundGrams"":500,""provenMaximum"":false,""testedHigherCandidateCount"":0,""limitingTechnicalRules"":[""hard_gate""],""proofKind"":""heuristic_search""},""diagnosticReason"":null}"
PROTEIN-2C-05,2026082924,Protein,-12,temp_minus_12,OPTIMAL,0,0,750,750,2,PI-ING-001553|PI-ING-000345,STRAWBERRIES · Fresh Fruit|BANANA · Fresh Fruit,10|50,1:5,main-protein-fruit-combination-v2|main-protein-fruit-combination-v2,FRUIT_EQUIVALENT|FRUIT_EQUIVALENT,fruit|fruit,49.5|17.1,,best_achievable,10|50,1:5,1:5,1:5,8,77.83703703703704,true,REFUSED:product_behavior_invalid,NOT_ATTEMPTED,NOT_ATTEMPTED,product_behavior_invalid,29,2197,HONEST_IMPOSSIBLE,feasible,support_one,"Propozycja PI została odrzucona: w proponowanej recepturze grupa Main ma 8.0%; wymagane minimum to 10.0%. Twoja receptura nie została zmieniona. {""mainObjective"":{""status"":""best_achievable"",""startingMainGrams"":60,""exactAcceptedMainGrams"":60,""executableMainGrams"":60,""firstHigherRejectedGrams"":60.0465087890625,""firstHigherRejectedReason"":""hard_gate"",""technicalScore"":9,""attempts"":12,""searchUpperBoundGrams"":750,""provenMaximum"":false,""testedHigherCandidateCount"":0,""limitingTechnicalRules"":[""hard_gate""],""proofKind"":""heuristic_search""},""diagnosticReason"":null}"
PROTEIN-2C-06,2026082925,Protein,-13,temp_minus_13,ECO,-1,1,1000,1000,2,PI-ING-001553|PI-ING-000345,STRAWBERRIES · Fresh Fruit|BANANA · Fresh Fruit,25|100,1:4,main-protein-fruit-combination-v2|main-protein-fruit-combination-v2,FRUIT_EQUIVALENT|FRUIT_EQUIVALENT,fruit|fruit,49.5|17.1,20.7,best_achievable,25|100,1:4,1:4,1:4,12.5,82.03703703703702,true,READY,APPLIED,SAVED_REOPENED,,275,1133,PASS,feasible,main_one,
PROTEIN-2C-07,2026082926,Protein,Fresh,fresh,OPTIMAL,1,-1,1000,1300,2,PI-ING-001553|PI-ING-000345,STRAWBERRIES · Fresh Fruit|BANANA · Fresh Fruit,400|600,1:1.5,main-protein-fruit-combination-v2|main-protein-fruit-combination-v2,FRUIT_EQUIVALENT|FRUIT_EQUIVALENT,fruit|fruit,49.5|17.1,,product_behavior_invalid,308|462,1:1.5,1:1.5,1:1.5,77,69.12532997485168,false,REFUSED:product_behavior_invalid,NOT_ATTEMPTED,NOT_ATTEMPTED,product_behavior_invalid,33.1538,533,HONEST_IMPOSSIBLE,feasible,batch_resize,"Propozycja PI została odrzucona: w proponowanej recepturze grupa Main przekracza zatwierdzony poziom OPTIMAL 20.7%. Twoja receptura nie została zmieniona. {""mainObjective"":null,""diagnosticReason"":null}"
PROTEIN-2C-08,2026082927,Protein,-11,temp_minus_11,ECO,-2,0,1500,1500,2,PI-ING-001553|PI-ING-000345,STRAWBERRIES · Fresh Fruit|BANANA · Fresh Fruit,600|600,1:1,main-protein-fruit-combination-v2|main-protein-fruit-combination-v2,FRUIT_EQUIVALENT|FRUIT_EQUIVALENT,fruit|fruit,49.5|17.1,,rescale_locked_sum,,,,,,,false,REFUSED:rescale_locked_sum,NOT_ATTEMPTED,NOT_ATTEMPTED,rescale_locked_sum,,1,HONEST_IMPOSSIBLE,feasible,support_multiple,rescale_locked_sum
PROTEIN-2C-09,2026082928,Protein,-12,temp_minus_12,OPTIMAL,1,0,2000,2000,2,PI-ING-000246|PI-ING-000405,FRENCH VANILLA · MEC3 Cream · Chilled · 14054A|WATERMELON · Fresh Fruit,25|100,1:4,main-protein-vanilla-0246|USER_HELD/UNKNOWN,PERCENT_OF_BASE|NONE,vanilla|fruit,4.9|NONE,,best_achievable,61|243,1:3.983607,1:4,1:3.983607,15.2,83.89037037037038,true,READY,APPLIED,SAVED_REOPENED,,159,19,PASS,feasible,randomized,
PROTEIN-2C-10,2026082929,Protein,-12,temp_minus_12,ECO,1,1,1000,1000,2,PI-ING-000334|PI-ING-000246,VANILLA · Pi-NUTS Paste|FRENCH VANILLA · MEC3 Cream · Chilled · 14054A,2|100,1:50,USER_HELD/UNKNOWN|main-protein-vanilla-0246,NONE|PERCENT_OF_BASE,vanilla|vanilla,NONE|4.9,,best_achievable,2|101,1:50.5,1:50,1:50.5,10.3,80.42814814814814,true,READY,APPLIED,SAVED_REOPENED,,72,88,PASS,feasible,randomized,
PROTEIN-3C-01,2026082930,Protein,-13,temp_minus_13,ECO,-2,-2,2000,2000,3,PI-ING-001553|PI-ING-000345|PI-ING-001556,STRAWBERRIES · Fresh Fruit|BANANA · Fresh Fruit|CRANBERRY · Fresh Fruit,50|50|50,1:1:1,main-protein-fruit-combination-v2|main-protein-fruit-combination-v2|USER_HELD/UNKNOWN,FRUIT_EQUIVALENT|FRUIT_EQUIVALENT|NONE,fruit|fruit|fruit,49.5|17.1|NONE,,best_achievable,55|55|55,1:1:1,1:1:1,1:1:1,8.25,76.2925925925926,true,READY,APPLIED,NOT_SELECTED,,370,876,PASS,feasible,none,
PROTEIN-3C-02,2026082931,Protein,Fresh,fresh,OPTIMAL,-2,2,400,400,3,PI-ING-001553|PI-ING-000345|PI-ING-001556,STRAWBERRIES · Fresh Fruit|BANANA · Fresh Fruit|CRANBERRY · Fresh Fruit,100|200|300,1:2:3,main-protein-fruit-combination-v2|main-protein-fruit-combination-v2|USER_HELD/UNKNOWN,FRUIT_EQUIVALENT|FRUIT_EQUIVALENT|NONE,fruit|fruit|fruit,49.5|17.1|NONE,,main_ratio_conflict,,,,,,,false,REFUSED:main_ratio_conflict,NOT_ATTEMPTED,NOT_ATTEMPTED,main_ratio_conflict,,9,HONEST_IMPOSSIBLE,honest_impossible,none,"Składniki Główne ważą 600.0 g, więcej niż docelowa partia 400.0 g. PI nie zmniejszyło tożsamości receptury po cichu."
PROTEIN-3C-03,2026082932,Protein,-11,temp_minus_11,ECO,2,-2,500,500,3,PI-ING-001553|PI-ING-001578|PI-ING-000345,STRAWBERRIES · Fresh Fruit|COCOA ALKALIZED 100% · Cacao Barry Cocoa Powder|BANANA · Fresh Fruit,300|200|100,1:0.666667:0.333333,main-protein-fruit-combination-v2|main-protein-cocoa-1578|main-protein-fruit-combination-v2,FRUIT_EQUIVALENT|COCOA_SOLIDS_EQUIVALENT|FRUIT_EQUIVALENT,fruit|chocolate_cocoa|fruit,49.5|6.1|17.1,,main_ratio_conflict,,,,,,,false,REFUSED:main_ratio_conflict,NOT_ATTEMPTED,NOT_ATTEMPTED,main_ratio_conflict,,2,AUTHORITY_BLOCKED,authority_blocked,none,"Składniki Główne ważą 600.0 g, więcej niż docelowa partia 500.0 g. PI nie zmniejszyło tożsamości receptury po cichu."
PROTEIN-3C-04,2026082933,Protein,-12,temp_minus_12,OPTIMAL,2,2,750,750,3,PI-ING-001553|PI-ING-000345|PI-ING-001556,STRAWBERRIES · Fresh Fruit|BANANA · Fresh Fruit|CRANBERRY · Fresh Fruit,1|2|5,1:2:5,main-protein-fruit-combination-v2|main-protein-fruit-combination-v2|USER_HELD/UNKNOWN,FRUIT_EQUIVALENT|FRUIT_EQUIVALENT|NONE,fruit|fruit|fruit,49.5|17.1|NONE,,best_achievable,1|2|5,1:2:5,1:2:5,1:2:5,1.0667,75.48148148148148,true,REFUSED:product_behavior_invalid,NOT_ATTEMPTED,NOT_ATTEMPTED,product_behavior_invalid,12,440,AUTHORITY_BLOCKED,authority_blocked,none,"Propozycja PI została odrzucona: w proponowanej recepturze pINGÜINO nie rozpoznaje jeszcze tego produktu — brak danych o jego roli. Twoja receptura nie została zmieniona. {""mainObjective"":{""status"":""best_achievable"",""startingMainGrams"":8,""exactAcceptedMainGrams"":8,""executableMainGrams"":8,""firstHigherRejectedGrams"":8.0452880859375,""firstHigherRejectedReason"":""hard_gate"",""technicalScore"":10,""attempts"":15,""searchUpperBoundGrams"":750,""provenMaximum"":false,""testedHigherCandidateCount"":0,""limitingTechnicalRules"":[""hard_gate""],""proofKind"":""heuristic_search""},""diagnosticReason"":null}"
PROTEIN-3C-05,2026082934,Protein,-13,temp_minus_13,ECO,0,0,1000,1000,3,PI-ING-001553|PI-ING-000345|PI-ING-001556,STRAWBERRIES · Fresh Fruit|BANANA · Fresh Fruit|CRANBERRY · Fresh Fruit,600|1|2,1:0.001667:0.003333,main-protein-fruit-combination-v2|main-protein-fruit-combination-v2|USER_HELD/UNKNOWN,FRUIT_EQUIVALENT|FRUIT_EQUIVALENT|NONE,fruit|fruit|fruit,49.5|17.1|NONE,,rescale_locked_sum,,,,,,,false,REFUSED:rescale_locked_sum,NOT_ATTEMPTED,NOT_ATTEMPTED,rescale_locked_sum,,1,HONEST_IMPOSSIBLE,feasible,support_one,rescale_locked_sum
PROTEIN-3C-06,2026082935,Protein,Fresh,fresh,OPTIMAL,-1,1,1200,1200,3,PI-ING-001553|PI-ING-000345|PI-ING-001556,STRAWBERRIES · Fresh Fruit|BANANA · Fresh Fruit|CRANBERRY · Fresh Fruit,25|50|100,1:2:4,main-protein-fruit-combination-v2|main-protein-fruit-combination-v2|USER_HELD/UNKNOWN,FRUIT_EQUIVALENT|FRUIT_EQUIVALENT|NONE,fruit|fruit|fruit,49.5|17.1|NONE,,best_achievable,25|50|100,1:2:4,1:2:4,1:2:4,14.5833,82.42592592592592,true,READY,APPLIED,NOT_SELECTED,,84,6,PASS,feasible,main_one,
PROTEIN-3C-07,2026082936,Protein,-11,temp_minus_11,ECO,1,-1,1500,1000,3,PI-ING-001553|PI-ING-000345|PI-ING-001556,STRAWBERRIES · Fresh Fruit|BANANA · Fresh Fruit|CRANBERRY · Fresh Fruit,150|150|150,1:1:1,main-protein-fruit-combination-v2|main-protein-fruit-combination-v2|USER_HELD/UNKNOWN,FRUIT_EQUIVALENT|FRUIT_EQUIVALENT|NONE,fruit|fruit|fruit,49.5|17.1|NONE,,preview_ready,225|225|225,1:1:1,1:1:1,1:1:1,45,85.48148148148148,true,READY,APPLIED,NOT_SELECTED,,90.8,1213,PASS,feasible,batch_resize,
PROTEIN-3C-08,2026082937,Protein,-12,temp_minus_12,OPTIMAL,-2,0,2000,2000,3,PI-ING-001553|PI-ING-000345|PI-ING-001556,STRAWBERRIES · Fresh Fruit|BANANA · Fresh Fruit|CRANBERRY · Fresh Fruit,400|10|1,1:0.025:0.0025,main-protein-fruit-combination-v2|main-protein-fruit-combination-v2|USER_HELD/UNKNOWN,FRUIT_EQUIVALENT|FRUIT_EQUIVALENT|NONE,fruit|fruit|fruit,49.5|17.1|NONE,,best_achievable,400|10|1,1:0.025:0.0025,1:0.025:0.0025,1:0.025:0.0025,20.55,83.42634893569395,false,DIAGNOSTIC,NOT_ATTEMPTED_DIAGNOSTIC,NOT_SELECTED,ok,207,435,HONEST_IMPOSSIBLE,feasible,support_multiple,"{""hardSafe"":false,""locksPreserved"":true,""diagnosticOnly"":true,""violations"":[{""metric"":""total_solids"",""direction"":""low"",""value"":26.869422500000002,""band"":{""min"":31,""max"":44},""severity_points"":0.6354734615384612,""priority_rank"":4,""reason"":""total_solids_low""},{""metric"":""water"",""direction"":""high"",""value"":73.13057750000002,""band"":{""min"":56,""max"":70},""severity_points"":0.4472253571428593,""priority_rank"":4,""reason"":""water_high""}]}"
PROTEIN-3C-09,2026082938,Protein,-12,temp_minus_12,OPTIMAL,0,0,2000,2000,3,PI-ING-000405|PI-ING-000614|PI-ING-000334,WATERMELON · Fresh Fruit|PISTACHIO · Aldori Paste · 100% Nut|VANILLA · Pi-NUTS Paste,100|10|300,1:0.1:3,USER_HELD/UNKNOWN|main-protein-pistachio-0614|USER_HELD/UNKNOWN,NONE|NUT_EQUIVALENT|NONE,fruit|nut|vanilla,NONE|10|NONE,,best_achievable,105|11|316,1:0.104762:3.009524,1:0.1:3,1:0.104762:3.009524,21.6,88.5925925925926,true,READY,APPLIED,NOT_SELECTED,,458,2622,PASS,feasible,randomized,
PROTEIN-3C-10,2026082939,Protein,-11,temp_minus_11,ECO,-1,-1,400,400,3,PI-ING-001578|PI-ING-000334|PI-ING-000614,COCOA ALKALIZED 100% · Cacao Barry Cocoa Powder|VANILLA · Pi-NUTS Paste|PISTACHIO · Aldori Paste · 100% Nut,300|50|200,1:0.166667:0.666667,main-protein-cocoa-1578|USER_HELD/UNKNOWN|main-protein-pistachio-0614,COCOA_SOLIDS_EQUIVALENT|NONE|NUT_EQUIVALENT,chocolate_cocoa|vanilla|nut,6.1|NONE|10,,main_ratio_conflict,,,,,,,false,REFUSED:main_ratio_conflict,NOT_ATTEMPTED,NOT_ATTEMPTED,main_ratio_conflict,,0,HONEST_IMPOSSIBLE,honest_impossible,randomized,"Składniki Główne ważą 550.0 g, więcej niż docelowa partia 400.0 g. PI nie zmniejszyło tożsamości receptury po cichu."
PROTEIN-4C-01,2026082940,Protein,Fresh,fresh,OPTIMAL,-2,-2,400,400,4,PI-ING-001553|PI-ING-000345|PI-ING-001556|PI-ING-000394,STRAWBERRIES · Fresh Fruit|BANANA · Fresh Fruit|CRANBERRY · Fresh Fruit|RASPBERRIES · Fresh Fruit,50|50|50|50,1:1:1:1,main-protein-fruit-combination-v2|main-protein-fruit-combination-v2|USER_HELD/UNKNOWN|USER_HELD/UNKNOWN,FRUIT_EQUIVALENT|FRUIT_EQUIVALENT|NONE|NONE,fruit|fruit|fruit|fruit,49.5|17.1|NONE|NONE,,best_achievable,56|56|56|56,1:1:1:1,1:1:1:1,1:1:1:1,56,85.48148148148148,true,READY,APPLIED,NOT_SELECTED,,169,33,PASS,feasible,none,
PROTEIN-4C-02,2026082941,Protein,-11,temp_minus_11,ECO,-2,2,500,500,4,PI-ING-001553|PI-ING-000345|PI-ING-001556|PI-ING-000394,STRAWBERRIES · Fresh Fruit|BANANA · Fresh Fruit|CRANBERRY · Fresh Fruit|RASPBERRIES · Fresh Fruit,100|200|300|400,1:2:3:4,main-protein-fruit-combination-v2|main-protein-fruit-combination-v2|USER_HELD/UNKNOWN|USER_HELD/UNKNOWN,FRUIT_EQUIVALENT|FRUIT_EQUIVALENT|NONE|NONE,fruit|fruit|fruit|fruit,49.5|17.1|NONE|NONE,,main_ratio_conflict,,,,,,,false,REFUSED:main_ratio_conflict,NOT_ATTEMPTED,NOT_ATTEMPTED,main_ratio_conflict,,0,HONEST_IMPOSSIBLE,honest_impossible,none,"Składniki Główne ważą 1000.0 g, więcej niż docelowa partia 500.0 g. PI nie zmniejszyło tożsamości receptury po cichu."
PROTEIN-4C-03,2026082942,Protein,-12,temp_minus_12,OPTIMAL,2,-2,750,750,4,PI-ING-001553|PI-ING-001578|PI-ING-000345|PI-ING-000614,STRAWBERRIES · Fresh Fruit|COCOA ALKALIZED 100% · Cacao Barry Cocoa Powder|BANANA · Fresh Fruit|PISTACHIO · Aldori Paste · 100% Nut,400|300|200|100,1:0.75:0.5:0.25,main-protein-fruit-combination-v2|main-protein-cocoa-1578|main-protein-fruit-combination-v2|main-protein-pistachio-0614,FRUIT_EQUIVALENT|COCOA_SOLIDS_EQUIVALENT|FRUIT_EQUIVALENT|NUT_EQUIVALENT,fruit|chocolate_cocoa|fruit|nut,49.5|6.1|17.1|10,,main_ratio_conflict,,,,,,,false,REFUSED:main_ratio_conflict,NOT_ATTEMPTED,NOT_ATTEMPTED,main_ratio_conflict,,1,AUTHORITY_BLOCKED,authority_blocked,none,"Składniki Główne ważą 1000.0 g, więcej niż docelowa partia 750.0 g. PI nie zmniejszyło tożsamości receptury po cichu."
PROTEIN-4C-04,2026082943,Protein,-13,temp_minus_13,ECO,2,2,1000,1000,4,PI-ING-001553|PI-ING-000345|PI-ING-001556|PI-ING-000394,STRAWBERRIES · Fresh Fruit|BANANA · Fresh Fruit|CRANBERRY · Fresh Fruit|RASPBERRIES · Fresh Fruit,1|2|5|10,1:2:5:10,main-protein-fruit-combination-v2|main-protein-fruit-combination-v2|USER_HELD/UNKNOWN|USER_HELD/UNKNOWN,FRUIT_EQUIVALENT|FRUIT_EQUIVALENT|NONE|NONE,fruit|fruit|fruit|fruit,49.5|17.1|NONE|NONE,,best_achievable,6|13|31|63,1:2.166667:5.166667:10.5,1:2:5:10,1:2.166667:5.166667:10.5,11.3,80.47259259259259,true,READY,APPLIED,NOT_SELECTED,,120,198,PASS,authority_blocked,none,
PROTEIN-4C-05,2026082944,Protein,Fresh,fresh,OPTIMAL,0,0,1200,1200,4,PI-ING-001553|PI-ING-000345|PI-ING-001556|PI-ING-000394,STRAWBERRIES · Fresh Fruit|BANANA · Fresh Fruit|CRANBERRY · Fresh Fruit|RASPBERRIES · Fresh Fruit,600|1|2|5,1:0.001667:0.003333:0.008333,main-protein-fruit-combination-v2|main-protein-fruit-combination-v2|USER_HELD/UNKNOWN|USER_HELD/UNKNOWN,FRUIT_EQUIVALENT|FRUIT_EQUIVALENT|NONE|NONE,fruit|fruit|fruit|fruit,49.5|17.1|NONE|NONE,,best_achievable,625|1|2|5,1:0.0016:0.0032:0.008,1:0.001667:0.003333:0.008333,1:0.0016:0.0032:0.008,52.75,90.81481481481482,true,READY,APPLIED,NOT_SELECTED,,563,579,PASS,feasible,support_one,
PROTEIN-4C-06,2026082945,Protein,-11,temp_minus_11,ECO,-1,1,1500,1500,4,PI-ING-001553|PI-ING-000345|PI-ING-001556|PI-ING-000394,STRAWBERRIES · Fresh Fruit|BANANA · Fresh Fruit|CRANBERRY · Fresh Fruit|RASPBERRIES · Fresh Fruit,25|50|100|150,1:2:4:6,main-protein-fruit-combination-v2|main-protein-fruit-combination-v2|USER_HELD/UNKNOWN|USER_HELD/UNKNOWN,FRUIT_EQUIVALENT|FRUIT_EQUIVALENT|NONE|NONE,fruit|fruit|fruit|fruit,49.5|17.1|NONE|NONE,,best_achievable,25|50|100|150,1:2:4:6,1:2:4:6,1:2:4:6,21.6667,89.7037037037037,true,READY,APPLIED,NOT_SELECTED,,185,7,PASS,feasible,main_one,
PROTEIN-4C-07,2026082946,Protein,-12,temp_minus_12,OPTIMAL,1,-1,400,1000,4,PI-ING-001553|PI-ING-000345|PI-ING-001556|PI-ING-000394,STRAWBERRIES · Fresh Fruit|BANANA · Fresh Fruit|CRANBERRY · Fresh Fruit|RASPBERRIES · Fresh Fruit,150|150|150|150,1:1:1:1,main-protein-fruit-combination-v2|main-protein-fruit-combination-v2|USER_HELD/UNKNOWN|USER_HELD/UNKNOWN,FRUIT_EQUIVALENT|FRUIT_EQUIVALENT|NONE|NONE,fruit|fruit|fruit|fruit,49.5|17.1|NONE|NONE,,preview_ready,59.99999999999999|59.99999999999999|59.99999999999999|59.99999999999999,1:1:1:1,1:1:1:1,1:1:1:1,60,70.25762831290193,false,DIAGNOSTIC,NOT_ATTEMPTED_DIAGNOSTIC,NOT_SELECTED,ok,125.28,323,HONEST_IMPOSSIBLE,feasible,batch_resize,"{""hardSafe"":false,""locksPreserved"":true,""diagnosticOnly"":true,""violations"":[{""metric"":""npac"",""direction"":""low"",""value"":24.460825283493232,""band"":{""min"":42,""max"":50},""severity_points"":4.384793679126692,""priority_rank"":2,""reason"":""npac_low""},{""metric"":""pod"",""direction"":""low"",""value"":11.129838000000001,""band"":{""min"":12,""max"":17},""severity_points"":0.3480647999999995,""priority_rank"":3,""reason"":""pod_low""},{""metric"":""total_solids"",""direction"":""low"",""value"":23.396408000000005,""band"":{""min"":31,""max"":44},""severity_points"":1.169783384615384,""priority_rank"":4,""reason"":""total_solids_low""},{""metric"":""water"",""direction"":""high"",""value"":76.60359199999999,""band"":{""min"":56,""max"":70},""severity_points"":0.9433702857142846,""priority_rank"":4,""reason"":""water_high""},{""metric"":""fat"",""direction"":""low"",""value"":2.4759999999999995,""band"":{""min"":5,""max"":12},""severity_points"":0.7211428571428573,""priority_rank"":5,""reason"":""fat_low""}]}"
PROTEIN-4C-08,2026082947,Protein,-13,temp_minus_13,ECO,-2,0,400,400,4,PI-ING-001553|PI-ING-000345|PI-ING-001556|PI-ING-000394,STRAWBERRIES · Fresh Fruit|BANANA · Fresh Fruit|CRANBERRY · Fresh Fruit|RASPBERRIES · Fresh Fruit,400|100|25|5,1:0.25:0.0625:0.0125,main-protein-fruit-combination-v2|main-protein-fruit-combination-v2|USER_HELD/UNKNOWN|USER_HELD/UNKNOWN,FRUIT_EQUIVALENT|FRUIT_EQUIVALENT|NONE|NONE,fruit|fruit|fruit|fruit,49.5|17.1|NONE|NONE,,main_ratio_conflict,,,,,,,false,REFUSED:main_ratio_conflict,NOT_ATTEMPTED,NOT_ATTEMPTED,main_ratio_conflict,,1,HONEST_IMPOSSIBLE,honest_impossible,support_multiple,"Składniki Główne ważą 530.0 g, więcej niż docelowa partia 400.0 g. PI nie zmniejszyło tożsamości receptury po cichu."
PROTEIN-4C-09,2026082948,Protein,-11,temp_minus_11,ECO,2,-1,400,400,4,PI-ING-000394|PI-ING-001553|PI-ING-000334|PI-ING-000614,RASPBERRIES · Fresh Fruit|STRAWBERRIES · Fresh Fruit|VANILLA · Pi-NUTS Paste|PISTACHIO · Aldori Paste · 100% Nut,5|300|200|5,1:60:40:1,USER_HELD/UNKNOWN|main-protein-fruit-combination-v2|USER_HELD/UNKNOWN|main-protein-pistachio-0614,NONE|FRUIT_EQUIVALENT|NONE|NUT_EQUIVALENT,fruit|fruit|vanilla|nut,NONE|49.5|NONE|10,,main_ratio_conflict,,,,,,,false,REFUSED:main_ratio_conflict,NOT_ATTEMPTED,NOT_ATTEMPTED,main_ratio_conflict,,0,HONEST_IMPOSSIBLE,honest_impossible,randomized,"Składniki Główne ważą 510.0 g, więcej niż docelowa partia 400.0 g. PI nie zmniejszyło tożsamości receptury po cichu."
PROTEIN-4C-10,2026082949,Protein,-13,temp_minus_13,ECO,-1,-2,1000,1000,4,PI-ING-000334|PI-ING-000394|PI-ING-000405|PI-ING-001553,VANILLA · Pi-NUTS Paste|RASPBERRIES · Fresh Fruit|WATERMELON · Fresh Fruit|STRAWBERRIES · Fresh Fruit,600|2|300|1,1:0.003333:0.5:0.001667,USER_HELD/UNKNOWN|USER_HELD/UNKNOWN|USER_HELD/UNKNOWN|main-protein-fruit-combination-v2,NONE|NONE|NONE|FRUIT_EQUIVALENT,vanilla|fruit|fruit|fruit,NONE|NONE|NONE|49.5,,unsafe_proposal,,,,,,,false,REFUSED:unsafe_proposal,NOT_ATTEMPTED,NOT_ATTEMPTED,unsafe_proposal,,2175,HONEST_IMPOSSIBLE,feasible,randomized,unsafe_proposal
PROTEIN-5C-01,2026082950,Protein,-11,temp_minus_11,ECO,-2,-2,500,500,5,PI-ING-001553|PI-ING-000345|PI-ING-001556|PI-ING-000394|PI-ING-000405,STRAWBERRIES · Fresh Fruit|BANANA · Fresh Fruit|CRANBERRY · Fresh Fruit|RASPBERRIES · Fresh Fruit|WATERMELON · Fresh Fruit,50|50|50|50|50,1:1:1:1:1,main-protein-fruit-combination-v2|main-protein-fruit-combination-v2|USER_HELD/UNKNOWN|USER_HELD/UNKNOWN|USER_HELD/UNKNOWN,FRUIT_EQUIVALENT|FRUIT_EQUIVALENT|NONE|NONE|NONE,fruit|fruit|fruit|fruit|fruit,49.5|17.1|NONE|NONE|NONE,,best_achievable,50|50|50|50|50,1:1:1:1:1,1:1:1:1:1,1:1:1:1:1,50,86.37037037037037,true,READY,APPLIED,NOT_SELECTED,,165,3630,PASS,feasible,none,
PROTEIN-5C-02,2026082951,Protein,-12,temp_minus_12,OPTIMAL,-2,2,750,750,5,PI-ING-001553|PI-ING-000345|PI-ING-001556|PI-ING-000394|PI-ING-000405,STRAWBERRIES · Fresh Fruit|BANANA · Fresh Fruit|CRANBERRY · Fresh Fruit|RASPBERRIES · Fresh Fruit|WATERMELON · Fresh Fruit,100|150|200|300|400,1:1.5:2:3:4,main-protein-fruit-combination-v2|main-protein-fruit-combination-v2|USER_HELD/UNKNOWN|USER_HELD/UNKNOWN|USER_HELD/UNKNOWN,FRUIT_EQUIVALENT|FRUIT_EQUIVALENT|NONE|NONE|NONE,fruit|fruit|fruit|fruit|fruit,49.5|17.1|NONE|NONE|NONE,,main_ratio_conflict,,,,,,,false,REFUSED:main_ratio_conflict,NOT_ATTEMPTED,NOT_ATTEMPTED,main_ratio_conflict,,0,HONEST_IMPOSSIBLE,honest_impossible,none,"Składniki Główne ważą 1150.0 g, więcej niż docelowa partia 750.0 g. PI nie zmniejszyło tożsamości receptury po cichu."
PROTEIN-5C-03,2026082952,Protein,-13,temp_minus_13,ECO,2,-2,1000,1000,5,PI-ING-001553|PI-ING-001578|PI-ING-000345|PI-ING-000614|PI-ING-000246,STRAWBERRIES · Fresh Fruit|COCOA ALKALIZED 100% · Cacao Barry Cocoa Powder|BANANA · Fresh Fruit|PISTACHIO · Aldori Paste · 100% Nut|FRENCH VANILLA · MEC3 Cream · Chilled · 14054A,400|300|200|150|100,1:0.75:0.5:0.375:0.25,main-protein-fruit-combination-v2|main-protein-cocoa-1578|main-protein-fruit-combination-v2|main-protein-pistachio-0614|main-protein-vanilla-0246,FRUIT_EQUIVALENT|COCOA_SOLIDS_EQUIVALENT|FRUIT_EQUIVALENT|NUT_EQUIVALENT|PERCENT_OF_BASE,fruit|chocolate_cocoa|fruit|nut|vanilla,49.5|6.1|17.1|10|4.9,,main_ratio_conflict,,,,,,,false,REFUSED:main_ratio_conflict,NOT_ATTEMPTED,NOT_ATTEMPTED,main_ratio_conflict,,0,AUTHORITY_BLOCKED,authority_blocked,none,"Składniki Główne ważą 1150.0 g, więcej niż docelowa partia 1000.0 g. PI nie zmniejszyło tożsamości receptury po cichu."
PROTEIN-5C-04,2026082953,Protein,Fresh,fresh,OPTIMAL,2,2,1200,1200,5,PI-ING-001553|PI-ING-000345|PI-ING-001556|PI-ING-000394|PI-ING-000405,STRAWBERRIES · Fresh Fruit|BANANA · Fresh Fruit|CRANBERRY · Fresh Fruit|RASPBERRIES · Fresh Fruit|WATERMELON · Fresh Fruit,1|2|5|10|25,1:2:5:10:25,main-protein-fruit-combination-v2|main-protein-fruit-combination-v2|USER_HELD/UNKNOWN|USER_HELD/UNKNOWN|USER_HELD/UNKNOWN,FRUIT_EQUIVALENT|FRUIT_EQUIVALENT|NONE|NONE|NONE,fruit|fruit|fruit|fruit|fruit,49.5|17.1|NONE|NONE|NONE,,best_achievable,5|9|24|47|118,1:1.8:4.8:9.4:23.6,1:2:5:10:25,1:1.8:4.8:9.4:23.6,16.9167,83.93703703703703,true,READY,APPLIED,NOT_SELECTED,,107,483,PASS,authority_blocked,none,
PROTEIN-5C-05,2026082954,Protein,-11,temp_minus_11,ECO,0,0,1500,1500,5,PI-ING-001553|PI-ING-000345|PI-ING-001556|PI-ING-000394|PI-ING-000405,STRAWBERRIES · Fresh Fruit|BANANA · Fresh Fruit|CRANBERRY · Fresh Fruit|RASPBERRIES · Fresh Fruit|WATERMELON · Fresh Fruit,600|1|2|5|10,1:0.001667:0.003333:0.008333:0.016667,main-protein-fruit-combination-v2|main-protein-fruit-combination-v2|USER_HELD/UNKNOWN|USER_HELD/UNKNOWN|USER_HELD/UNKNOWN,FRUIT_EQUIVALENT|FRUIT_EQUIVALENT|NONE|NONE|NONE,fruit|fruit|fruit|fruit|fruit,49.5|17.1|NONE|NONE|NONE,,best_achievable,610|1|2|5|10,1:0.001639:0.003279:0.008197:0.016393,1:0.001667:0.003333:0.008333:0.016667,1:0.001639:0.003279:0.008197:0.016393,41.8667,88.14814814814815,true,READY,APPLIED,NOT_SELECTED,,685,590,PASS,feasible,support_one,
PROTEIN-5C-06,2026082955,Protein,-12,temp_minus_12,OPTIMAL,-1,1,2000,2000,5,PI-ING-001553|PI-ING-000345|PI-ING-001556|PI-ING-000394|PI-ING-000405,STRAWBERRIES · Fresh Fruit|BANANA · Fresh Fruit|CRANBERRY · Fresh Fruit|RASPBERRIES · Fresh Fruit|WATERMELON · Fresh Fruit,25|50|100|150|200,1:2:4:6:8,main-protein-fruit-combination-v2|main-protein-fruit-combination-v2|USER_HELD/UNKNOWN|USER_HELD/UNKNOWN|USER_HELD/UNKNOWN,FRUIT_EQUIVALENT|FRUIT_EQUIVALENT|NONE|NONE|NONE,fruit|fruit|fruit|fruit|fruit,49.5|17.1|NONE|NONE|NONE,,best_achievable,25|50|100|150|200,1:2:4:6:8,1:2:4:6:8,1:2:4:6:8,26.25,90.37037037037037,true,READY,APPLIED,NOT_SELECTED,,376,108,PASS,feasible,main_one,
PROTEIN-5C-07,2026082956,Protein,-13,temp_minus_13,ECO,1,-1,750,2000,5,PI-ING-001553|PI-ING-000345|PI-ING-001556|PI-ING-000394|PI-ING-000405,STRAWBERRIES · Fresh Fruit|BANANA · Fresh Fruit|CRANBERRY · Fresh Fruit|RASPBERRIES · Fresh Fruit|WATERMELON · Fresh Fruit,150|150|150|150|150,1:1:1:1:1,main-protein-fruit-combination-v2|main-protein-fruit-combination-v2|USER_HELD/UNKNOWN|USER_HELD/UNKNOWN|USER_HELD/UNKNOWN,FRUIT_EQUIVALENT|FRUIT_EQUIVALENT|NONE|NONE|NONE,fruit|fruit|fruit|fruit|fruit,49.5|17.1|NONE|NONE|NONE,,preview_ready,56|56|56|56|56,1:1:1:1:1,1:1:1:1:1,1:1:1:1:1,37.3333,87.7037037037037,true,READY,APPLIED,NOT_SELECTED,,365,102,PASS,feasible,batch_resize,
PROTEIN-5C-08,2026082957,Protein,Fresh,fresh,OPTIMAL,-2,0,500,500,5,PI-ING-001553|PI-ING-000345|PI-ING-001556|PI-ING-000394|PI-ING-000405,STRAWBERRIES · Fresh Fruit|BANANA · Fresh Fruit|CRANBERRY · Fresh Fruit|RASPBERRIES · Fresh Fruit|WATERMELON · Fresh Fruit,400|100|25|5|1,1:0.25:0.0625:0.0125:0.0025,main-protein-fruit-combination-v2|main-protein-fruit-combination-v2|USER_HELD/UNKNOWN|USER_HELD/UNKNOWN|USER_HELD/UNKNOWN,FRUIT_EQUIVALENT|FRUIT_EQUIVALENT|NONE|NONE|NONE,fruit|fruit|fruit|fruit|fruit,49.5|17.1|NONE|NONE|NONE,,main_ratio_conflict,,,,,,,false,REFUSED:main_ratio_conflict,NOT_ATTEMPTED,NOT_ATTEMPTED,main_ratio_conflict,,0,HONEST_IMPOSSIBLE,honest_impossible,support_multiple,"Składniki Główne ważą 531.0 g, więcej niż docelowa partia 500.0 g. PI nie zmniejszyło tożsamości receptury po cichu."
PROTEIN-5C-09,2026082958,Protein,Fresh,fresh,ECO,0,1,1000,1000,5,PI-ING-001556|PI-ING-000167|PI-ING-000405|PI-ING-000614|PI-ING-000334,CRANBERRY · Fresh Fruit|COFFEE INSTANT · Coffee · Dry|WATERMELON · Fresh Fruit|PISTACHIO · Aldori Paste · 100% Nut|VANILLA · Pi-NUTS Paste,1|300|1|25|10,1:300:1:25:10,USER_HELD/UNKNOWN|USER_HELD/UNKNOWN|USER_HELD/UNKNOWN|main-protein-pistachio-0614|USER_HELD/UNKNOWN,NONE|NONE|NONE|NUT_EQUIVALENT|NONE,fruit|coffee|fruit|nut|vanilla,NONE|NONE|NONE|10|NONE,,best_achievable,1|300|1|25|10,1:300:1:25:10,1:300:1:25:10,1:300:1:25:10,33.7,86.44005259259261,false,DIAGNOSTIC,NOT_ATTEMPTED_DIAGNOSTIC,NOT_SELECTED,ok,132,15159,HONEST_IMPOSSIBLE,feasible,randomized,"{""hardSafe"":false,""locksPreserved"":true,""diagnosticOnly"":true,""violations"":[{""metric"":""water"",""direction"":""low"",""value"":55.51273500000001,""band"":{""min"":57,""max"":70},""severity_points"":0.22880999999999793,""priority_rank"":4,""reason"":""water_low""}]}"
PROTEIN-5C-10,2026082959,Protein,-12,temp_minus_12,ECO,-2,-1,2000,2000,5,PI-ING-000405|PI-ING-000246|PI-ING-000345|PI-ING-001556|PI-ING-000394,WATERMELON · Fresh Fruit|FRENCH VANILLA · MEC3 Cream · Chilled · 14054A|BANANA · Fresh Fruit|CRANBERRY · Fresh Fruit|RASPBERRIES · Fresh Fruit,600|10|1|25|100,1:0.016667:0.001667:0.041667:0.166667,USER_HELD/UNKNOWN|main-protein-vanilla-0246|main-protein-fruit-combination-v2|USER_HELD/UNKNOWN|USER_HELD/UNKNOWN,NONE|PERCENT_OF_BASE|FRUIT_EQUIVALENT|NONE|NONE,fruit|vanilla|fruit|fruit|fruit,NONE|4.9|17.1|NONE|NONE,,best_achievable,602|10|1|25|100,1:0.016611:0.001661:0.041528:0.166113,1:0.016667:0.001667:0.041667:0.166667,1:0.016611:0.001661:0.041528:0.166113,36.9,86.81481481481482,true,READY,APPLIED,NOT_SELECTED,,620,170,PASS,feasible,randomized,
PROTEIN-SESSION-01,2026082993,Protein,-11,temp_minus_11,OPTIMAL,0,0,1000,1000,3,PI-ING-001553|PI-ING-000345|PI-ING-001556,STRAWBERRIES · Fresh Fruit|BANANA · Fresh Fruit|CRANBERRY · Fresh Fruit,100|200|300,1:2:3,main-protein-fruit-combination-v2|main-protein-fruit-combination-v2|USER_HELD/UNKNOWN,FRUIT_EQUIVALENT|FRUIT_EQUIVALENT|NONE,fruit|fruit|fruit,49.5|17.1|NONE,,best_achievable,103|206|309,1:2:3,1:2:3,1:2:3,61.8,86.81481481481482,true,DIAGNOSTIC,NOT_ATTEMPTED_DIAGNOSTIC,NOT_SELECTED,ok,473,509,HONEST_IMPOSSIBLE,feasible,session_recalculate,"{""hardSafe"":true,""locksPreserved"":true,""diagnosticOnly"":true,""violations"":[]}"
PROTEIN-SESSION-02,2026082993,Protein,-11,temp_minus_11,OPTIMAL,2,0,1000,1000,3,PI-ING-001553|PI-ING-000345|PI-ING-001556,STRAWBERRIES · Fresh Fruit|BANANA · Fresh Fruit|CRANBERRY · Fresh Fruit,103|206|309,1:2:3,main-protein-fruit-combination-v2|main-protein-fruit-combination-v2|USER_HELD/UNKNOWN,FRUIT_EQUIVALENT|FRUIT_EQUIVALENT|NONE,fruit|fruit|fruit,49.5|17.1|NONE,,best_achievable,104|209|313,1:2.009615:3.009615,1:2:3,1:2.009615:3.009615,62.6,85.92592592592592,true,DIAGNOSTIC,NOT_ATTEMPTED_DIAGNOSTIC,NOT_SELECTED,ok,52,514,HONEST_IMPOSSIBLE,feasible,session_sweetness,"{""hardSafe"":true,""locksPreserved"":true,""diagnosticOnly"":true,""violations"":[]}"
PROTEIN-SESSION-03,2026082993,Protein,-11,temp_minus_11,OPTIMAL,2,-2,1000,1000,3,PI-ING-001553|PI-ING-000345|PI-ING-001556,STRAWBERRIES · Fresh Fruit|BANANA · Fresh Fruit|CRANBERRY · Fresh Fruit,104|209|313,1:2.009615:3.009615,main-protein-fruit-combination-v2|main-protein-fruit-combination-v2|USER_HELD/UNKNOWN,FRUIT_EQUIVALENT|FRUIT_EQUIVALENT|NONE,fruit|fruit|fruit,49.5|17.1|NONE,,best_achievable,105|210|315,1:2:3,1:2:3,1:2:3,63,85.92592592592592,true,DIAGNOSTIC,NOT_ATTEMPTED_DIAGNOSTIC,NOT_SELECTED,ok,3,497,HONEST_IMPOSSIBLE,feasible,session_hardness,"{""hardSafe"":true,""locksPreserved"":true,""diagnosticOnly"":true,""violations"":[]}"
PROTEIN-SESSION-04,2026082993,Protein,-13,temp_minus_13,OPTIMAL,2,-2,1000,1000,3,PI-ING-001553|PI-ING-000345|PI-ING-001556,STRAWBERRIES · Fresh Fruit|BANANA · Fresh Fruit|CRANBERRY · Fresh Fruit,105|210|315,1:2:3,main-protein-fruit-combination-v2|main-protein-fruit-combination-v2|USER_HELD/UNKNOWN,FRUIT_EQUIVALENT|FRUIT_EQUIVALENT|NONE,fruit|fruit|fruit,49.5|17.1|NONE,,impossible_under_constraints,,,,,,,false,REFUSED:impossible_under_constraints,NOT_ATTEMPTED,NOT_ATTEMPTED,impossible_under_constraints,,811,HONEST_IMPOSSIBLE,feasible,session_temperature,impossible_under_constraints
PROTEIN-SESSION-05,2026082993,Protein,-13,temp_minus_13,OPTIMAL,2,-2,1500,1000,3,PI-ING-001553|PI-ING-000345|PI-ING-001556,STRAWBERRIES · Fresh Fruit|BANANA · Fresh Fruit|CRANBERRY · Fresh Fruit,105|210|315,1:2:3,main-protein-fruit-combination-v2|main-protein-fruit-combination-v2|USER_HELD/UNKNOWN,FRUIT_EQUIVALENT|FRUIT_EQUIVALENT|NONE,fruit|fruit|fruit,49.5|17.1|NONE,,preview_ready,174|349|523,1:2.005747:3.005747,1:2:3,1:2.005747:3.005747,69.7333,72.53023982222221,false,READY,NOT_ATTEMPTED,NOT_SELECTED,ok,49,16,HONEST_IMPOSSIBLE,feasible,session_batch,"{""hardSafe"":false,""locksPreserved"":true,""violations"":[{""metric"":""npac"",""direction"":""low"",""value"":37.707815698757116,""band"":{""min"":48,""max"":55},""severity_points"":2.9406240860693953,""priority_rank"":2,""reason"":""npac_low""},{""metric"":""pod"",""direction"":""high"",""value"":17.90843466666667,""band"":{""min"":12,""max"":17},""severity_points"":0.3633738666666673,""priority_rank"":3,""reason"":""pod_high""},{""metric"":""water"",""direction"":""high"",""value"":69.02257666666668,""band"":{""min"":55,""max"":65},""severity_points"":0.804515333333336,""priority_rank"":4,""reason"":""water_high""},{""metric"":""total_solids"",""direction"":""low"",""value"":30.97742333333333,""band"":{""min"":35,""max"":45},""severity_points"":0.8045153333333339,""priority_rank"":4,""reason"":""total_solids_low""}]}"
