ingredient_id,name,category,subcategory,family,subfamily,form,role,profiles,capability,calibration_level,policy,blocked_reason,provenance,confidence
PI-ING-000001,ADVOCAAT LIQUEUR 15% · Liqueur,alcohol,liqueur,alcohol,,alcoholic_beverage,MAIN_ALLOWED,,MAIN_CAPABLE_UNCALIBRATED,NONE,,,mapper_basement v1.0 + published product_behavior_policy_versions,Verified
PI-ING-000002,APEROL · Italian Aperitif · 11% Vol,alcohol,aperitif,alcohol,,alcoholic_beverage,MAIN_ALLOWED,,MAIN_CAPABLE_UNCALIBRATED,NONE,,,mapper_basement v1.0 + published product_behavior_policy_versions,Verified / PI Calculated
PI-ING-000003,BAILEYS ORIGINAL · Irish Cream Liqueur · 17% Vol,alcohol,liqueur,alcohol,,alcoholic_beverage,MAIN_ALLOWED,,MAIN_CAPABLE_UNCALIBRATED,NONE,,,mapper_basement v1.0 + published product_behavior_policy_versions,Verified
PI-ING-000004,BEER LAGER 2.6% · Beer,alcohol,beer,alcohol,,alcoholic_beverage,MAIN_ALLOWED,,MAIN_CAPABLE_UNCALIBRATED,NONE,,,mapper_basement v1.0 + published product_behavior_policy_versions,Verified
PI-ING-000005,BEER LAGER 4.4% · Beer,alcohol,beer,alcohol,,alcoholic_beverage,MAIN_ALLOWED,,MAIN_CAPABLE_UNCALIBRATED,NONE,,,mapper_basement v1.0 + published product_behavior_policy_versions,Verified
PI-ING-000006,BEER STRONG 7.6% · Beer,alcohol,beer,alcohol,,alcoholic_beverage,MAIN_ALLOWED,,MAIN_CAPABLE_UNCALIBRATED,NONE,,,mapper_basement v1.0 + published product_behavior_policy_versions,Verified
PI-ING-000007,BRANDY 36% · Spirit,alcohol,spirit,alcohol,,alcoholic_beverage,MAIN_ALLOWED,,MAIN_CAPABLE_UNCALIBRATED,NONE,,,mapper_basement v1.0 + published product_behavior_policy_versions,Verified
PI-ING-000008,FRUTTI DI BOSCO · Babbi Crumble · 1300116,bakery,bakery_component,bakery_cookie,,,UNKNOWN_REQUIRES_EVIDENCE,,MAIN_CAPABLE_UNCALIBRATED,NONE,,,mapper_basement v1.0 + published product_behavior_policy_versions,Verified
PI-ING-000009,CARAMEL · Stella Crumble · 8943,bakery,bakery_component,bakery_cookie,,,UNKNOWN_REQUIRES_EVIDENCE,,MAIN_CAPABLE_UNCALIBRATED,NONE,,,mapper_basement v1.0 + published product_behavior_policy_versions,Verified
PI-ING-000010,BURRO · Babbi Crumble · 1300112,bakery,bakery_component,bakery_cookie,,,UNKNOWN_REQUIRES_EVIDENCE,,MAIN_CAPABLE_UNCALIBRATED,NONE,,,mapper_basement v1.0 + published product_behavior_policy_versions,Verified
PI-ING-000011,CARAMELLO · Babbi Crumble · 1300110,bakery,bakery_component,bakery_cookie,,,UNKNOWN_REQUIRES_EVIDENCE,,MAIN_CAPABLE_UNCALIBRATED,NONE,,,mapper_basement v1.0 + published product_behavior_policy_versions,Verified
PI-ING-000012,CLASSIC · PreGel Crumble · ST-64422,bakery,bakery_component,bakery_cookie,,,UNKNOWN_REQUIRES_EVIDENCE,,MAIN_CAPABLE_UNCALIBRATED,NONE,,,mapper_basement v1.0 + published product_behavior_policy_versions,Verified
PI-ING-000013,CLASSIC · PreGel Crumble · Gluten-Free · ST-66622,bakery,bakery_component,bakery_cookie,,,UNKNOWN_REQUIRES_EVIDENCE,,MAIN_CAPABLE_UNCALIBRATED,NONE,,,mapper_basement v1.0 + published product_behavior_policy_versions,Verified
PI-ING-000014,RED BERRIES · PreGel Crumble · ST-61442,bakery,bakery_component,bakery_cookie,,,UNKNOWN_REQUIRES_EVIDENCE,,MAIN_CAPABLE_UNCALIBRATED,NONE,,,mapper_basement v1.0 + published product_behavior_policy_versions,Verified
PI-ING-000015,LEMON · PreGel Crumble · ST-95222,bakery,bakery_component,bakery_cookie,,,UNKNOWN_REQUIRES_EVIDENCE,,MAIN_CAPABLE_UNCALIBRATED,NONE,,,mapper_basement v1.0 + published product_behavior_policy_versions,Verified
PI-ING-000016,OTTO CARAMEL · PreGel Crumble · ST-65542,bakery,bakery_component,bakery_cookie,,,UNKNOWN_REQUIRES_EVIDENCE,,MAIN_CAPABLE_UNCALIBRATED,NONE,,,mapper_basement v1.0 + published product_behavior_policy_versions,Verified
PI-ING-000017,PISTACHIO · PreGel Crumble · Gluten-Free · ST-23822,bakery,bakery_component,bakery_cookie,,,UNKNOWN_REQUIRES_EVIDENCE,,MAIN_CAPABLE_UNCALIBRATED,NONE,,,mapper_basement v1.0 + published product_behavior_policy_versions,Verified
PI-ING-000018,COCOA · PreGel Crumble · ST-64922,bakery,bakery_component,bakery_cookie,,,UNKNOWN_REQUIRES_EVIDENCE,,MAIN_CAPABLE_UNCALIBRATED,NONE,,,mapper_basement v1.0 + published product_behavior_policy_versions,Verified
PI-ING-000019,EXTRA DRY SPARKLING WINE · Prosecco,alcohol,prosecco,alcohol,,alcoholic_beverage,MAIN_ALLOWED,,MAIN_CAPABLE_UNCALIBRATED,NONE,,,mapper_basement v1.0 + published product_behavior_policy_versions,Verified
PI-ING-000020,CREAM ZABAIONE MARSALA FLORIO · Stella Marsala · 8537,alcohol,marsala,alcohol,,alcoholic_beverage,MAIN_ALLOWED,,MAIN_CAPABLE_UNCALIBRATED,NONE,,,mapper_basement v1.0 + published product_behavior_policy_versions,Verified
PI-ING-000021,JOYCREAM CRUMBLE 5 · Irca Crumble · 01011427,bakery,bakery_component,bakery_cookie,,,UNKNOWN_REQUIRES_EVIDENCE,,MAIN_CAPABLE_UNCALIBRATED,NONE,,,mapper_basement v1.0 + published product_behavior_policy_versions,Verified
PI-ING-000022,LIQUEUR COFFEE CREAM · Liqueur,alcohol,liqueur,alcohol,,alcoholic_beverage,MAIN_ALLOWED,,MAIN_CAPABLE_UNCALIBRATED,NONE,,,mapper_basement v1.0 + published product_behavior_policy_versions,Verified
PI-ING-000023,LIQUEUR COFFEE · Liqueur,alcohol,liqueur,alcohol,,alcoholic_beverage,MAIN_ALLOWED,,MAIN_CAPABLE_UNCALIBRATED,NONE,,,mapper_basement v1.0 + published product_behavior_policy_versions,Verified
PI-ING-000024,LIQUEUR CURACAO · Liqueur,alcohol,liqueur,alcohol,,alcoholic_beverage,MAIN_ALLOWED,,MAIN_CAPABLE_UNCALIBRATED,NONE,,,mapper_basement v1.0 + published product_behavior_policy_versions,Verified
PI-ING-000025,MALAGA MARSALA · Fabbri Marsala · 0004302,alcohol,marsala,alcohol,,alcoholic_beverage,MAIN_ALLOWED,,MAIN_CAPABLE_UNCALIBRATED,NONE,,,mapper_basement v1.0 + published product_behavior_policy_versions,Verified
PI-ING-000026,MALIBU ORIGINAL · Coconut Flavoured Rum Liqueur · 21% Vol,alcohol,liqueur,alcohol,,alcoholic_beverage,MAIN_ALLOWED,,MAIN_CAPABLE_UNCALIBRATED,NONE,,,mapper_basement v1.0 + published product_behavior_policy_versions,Verified
PI-ING-000027,MARSALA WINE DOLCE 18% · Fortified Wine,alcohol,fortified_wine,alcohol,,alcoholic_beverage,MAIN_ALLOWED,,MAIN_CAPABLE_UNCALIBRATED,NONE,,,mapper_basement v1.0 + published product_behavior_policy_versions,Verified
PI-ING-000028,MASCARPONE ZABAIONE CREAM CR · CFC Alcoholic Component,alcohol,alcoholic_component,alcohol,,alcoholic_beverage,MAIN_ALLOWED,,MAIN_CAPABLE_UNCALIBRATED,NONE,,,mapper_basement v1.0 + published product_behavior_policy_versions,Verified
PI-ING-000029,PANNACREMA RUM · PreGel Rum · ST-80876,alcohol,rum,alcohol,,alcoholic_beverage,MAIN_ALLOWED,,MAIN_CAPABLE_UNCALIBRATED,NONE,,,mapper_basement v1.0 + published product_behavior_policy_versions,Verified
PI-ING-000030,RUM TRUFFLE CR · CFC Rum,alcohol,rum,alcohol,,alcoholic_beverage,MAIN_ALLOWED,,MAIN_CAPABLE_UNCALIBRATED,NONE,,,mapper_basement v1.0 + published product_behavior_policy_versions,Verified
PI-ING-000031,PRICKLY PEAR INDIAN FIG · Fresh Fruit,fruit,fruit_profile,fruit,,,UNKNOWN_REQUIRES_EVIDENCE,,MAIN_CAPABLE_UNCALIBRATED,NONE,,,mapper_basement v1.0 + published product_behavior_policy_versions,Estimated
PI-ING-000032,RED WINE DRY · Dry Wine,alcohol,dry_wine,alcohol,,alcoholic_beverage,MAIN_ALLOWED,,MAIN_CAPABLE_UNCALIBRATED,NONE,,,mapper_basement v1.0 + published product_behavior_policy_versions,Verified
PI-ING-000033,RED WINE · Wine,alcohol,wine,alcohol,,alcoholic_beverage,MAIN_ALLOWED,,MAIN_CAPABLE_UNCALIBRATED,NONE,,,mapper_basement v1.0 + published product_behavior_policy_versions,Verified
PI-ING-000034,RHINE WINE · Wine,alcohol,wine,alcohol,,alcoholic_beverage,MAIN_ALLOWED,,MAIN_CAPABLE_UNCALIBRATED,NONE,,,mapper_basement v1.0 + published product_behavior_policy_versions,Verified
PI-ING-000035,RUM 37.5% · Spirit,alcohol,spirit,alcohol,,alcoholic_beverage,MAIN_ALLOWED,,MAIN_CAPABLE_UNCALIBRATED,NONE,,,mapper_basement v1.0 + published product_behavior_policy_versions,Verified
PI-ING-000036,RUM,alcohol,rum,alcohol,,alcoholic_beverage,MAIN_ALLOWED,,MAIN_CAPABLE_UNCALIBRATED,NONE,,,mapper_basement v1.0 + published product_behavior_policy_versions,Verified
PI-ING-000037,VODKA,alcohol,vodka,alcohol,,alcoholic_beverage,MAIN_ALLOWED,,MAIN_CAPABLE_UNCALIBRATED,NONE,,,mapper_basement v1.0 + published product_behavior_policy_versions,Verified
PI-ING-000038,WHISKY 40% · Spirit,alcohol,spirit,alcohol,,alcoholic_beverage,MAIN_PROFILE_SPECIFIC,milk_gelato,MAIN_CAPABLE,EXACT_PRODUCT,main-whisky-40-dairy-0038-minus11,,mapper_basement v1.0 + published product_behavior_policy_versions,Verified
PI-ING-000039,WHISKY · Spirit,alcohol,spirit,alcohol,,alcoholic_beverage,MAIN_ALLOWED,,MAIN_CAPABLE_UNCALIBRATED,NONE,,,mapper_basement v1.0 + published product_behavior_policy_versions,Verified
PI-ING-000040,WHITE SPARKLING WINE · Sparkling Wine,alcohol,sparkling_wine,alcohol,,alcoholic_beverage,MAIN_ALLOWED,,MAIN_CAPABLE_UNCALIBRATED,NONE,,,mapper_basement v1.0 + published product_behavior_policy_versions,Verified
PI-ING-000041,WHITE WINE DRY · Dry Wine,alcohol,dry_wine,alcohol,,alcoholic_beverage,MAIN_ALLOWED,,MAIN_CAPABLE_UNCALIBRATED,NONE,,,mapper_basement v1.0 + published product_behavior_policy_versions,Verified
PI-ING-000042,WINE ROSE · Rose Wine,alcohol,rose_wine,alcohol,,alcoholic_beverage,MAIN_ALLOWED,,MAIN_CAPABLE_UNCALIBRATED,NONE,,,mapper_basement v1.0 + published product_behavior_policy_versions,Verified
PI-ING-000043,WINE WHITE SWEET · Sweet Wine,alcohol,sweet_wine,alcohol,,alcoholic_beverage,MAIN_ALLOWED,,MAIN_CAPABLE_UNCALIBRATED,NONE,,,mapper_basement v1.0 + published product_behavior_policy_versions,Verified
PI-ING-000044,WINE WHITE · Wine,alcohol,wine,alcohol,,alcoholic_beverage,MAIN_ALLOWED,,MAIN_CAPABLE_UNCALIBRATED,NONE,,,mapper_basement v1.0 + published product_behavior_policy_versions,Verified
PI-ING-000045,BISCOTTI · Fabbri Bakery Inclusion · Dry · 0004250,bakery,bakery_component,bakery_cookie,,,UNKNOWN_REQUIRES_EVIDENCE,,MAIN_CAPABLE_UNCALIBRATED,NONE,,,mapper_basement v1.0 + published product_behavior_policy_versions,Verified
PI-ING-000046,CEREAL COOKIES A BUTTER · Bakery Inclusion · Dry,bakery,cereal_cookies,bakery_cookie,,,UNKNOWN_REQUIRES_EVIDENCE,,MAIN_CAPABLE_UNCALIBRATED,NONE,,,mapper_basement v1.0 + published product_behavior_policy_versions,Verified
PI-ING-000047,CHALLAH BREAD · Bakery Inclusion · Dry,bakery,bakery_component,bakery_cookie,,,UNKNOWN_REQUIRES_EVIDENCE,,MAIN_CAPABLE_UNCALIBRATED,NONE,,,mapper_basement v1.0 + published product_behavior_policy_versions,Verified
PI-ING-000048,ALCOLICA · Comprital Base Mix · B091,base_mix,alcoholic_base_mix,,,,STANDARD_ONLY,,MAIN_TECHNICAL_BLOCKED,NONE,,standard_product_not_flavour_main,mapper_basement v1.0 + published product_behavior_policy_versions,Verified
PI-ING-000049,FRUTTA MILK · PreGel Base Mix · Milk-Free · ST-31108,base_mix,milk_free_powdered_ice_cream_base,,,powder,STANDARD_ONLY,,MAIN_TECHNICAL_BLOCKED,NONE,,standard_product_not_flavour_main,mapper_basement v1.0 + published product_behavior_policy_versions,Verified
PI-ING-000050,MASCARPONE · Pernigotti Base Mix · 12093661A,base_mix,mascarpone_powdered_ice_cream_mix,,,powder,STANDARD_ONLY,,MAIN_TECHNICAL_BLOCKED,NONE,,standard_product_not_flavour_main,mapper_basement v1.0 + published product_behavior_policy_versions,Verified
PI-ING-000051,RICOTTA · Pernigotti Base Mix · 12091060,base_mix,ricotta_powdered_ice_cream_mix,,,powder,STANDARD_ONLY,,MAIN_TECHNICAL_BLOCKED,NONE,,standard_product_not_flavour_main,mapper_basement v1.0 + published product_behavior_policy_versions,Verified
PI-ING-000052,MILK 50 F · Giuso Base Mix,base_mix,powdered_ice_cream_base,,,powder,STANDARD_ONLY,,MAIN_TECHNICAL_BLOCKED,NONE,,standard_product_not_flavour_main,mapper_basement v1.0 + published product_behavior_policy_versions,Verified
PI-ING-000053,PANNA MILK 50 · PreGel Base Mix · ST-92208,base_mix,powdered_ice_cream_base,,,powder,STANDARD_ONLY,,MAIN_TECHNICAL_BLOCKED,NONE,,standard_product_not_flavour_main,mapper_basement v1.0 + published product_behavior_policy_versions,Verified
PI-ING-000054,RICOTTA PROFUMO SARDEGNA · Pernigotti Base Mix · 12091070,base_mix,ricotta_powdered_ice_cream_mix,,,powder,STANDARD_ONLY,,MAIN_TECHNICAL_BLOCKED,NONE,,standard_product_not_flavour_main,mapper_basement v1.0 + published product_behavior_policy_versions,Verified
PI-ING-000055,RICOTTA PROFUMO SARDEGNA · Pernigotti Base Mix · 12108411,base_mix,ricotta_powdered_ice_cream_mix,,,powder,STANDARD_ONLY,,MAIN_TECHNICAL_BLOCKED,NONE,,standard_product_not_flavour_main,mapper_basement v1.0 + published product_behavior_policy_versions,Verified
PI-ING-000056,MASCARPONE 30 · Giuso Base Mix,base_mix,mascarpone_powdered_ice_cream_mix,,,powder,STANDARD_ONLY,,MAIN_TECHNICAL_BLOCKED,NONE,,standard_product_not_flavour_main,mapper_basement v1.0 + published product_behavior_policy_versions,Verified
PI-ING-000057,MASCARPONE 30 107 · Giuso Base Mix · ART. 107,base_mix,mascarpone_powdered_ice_cream_mix,,,powder,STANDARD_ONLY,,MAIN_TECHNICAL_BLOCKED,NONE,,standard_product_not_flavour_main,mapper_basement v1.0 + published product_behavior_policy_versions,Verified
PI-ING-000058,CREAM JOYBASE PASSION 100 · Irca Base Mix · 01070815,base_mix,ice_cream_base_mix,,,,STANDARD_ONLY,,MAIN_TECHNICAL_BLOCKED,NONE,,standard_product_not_flavour_main,mapper_basement v1.0 + published product_behavior_policy_versions,Verified
PI-ING-000059,JOYBASE PASSION CREAM 50 · Irca Base Mix · 01070683,base_mix,ice_cream_base_mix,,,,STANDARD_ONLY,,MAIN_TECHNICAL_BLOCKED,NONE,,standard_product_not_flavour_main,mapper_basement v1.0 + published product_behavior_policy_versions,Verified
PI-ING-000060,JOYGELATO MASCARPONE 4 8 · Irca Base Mix · 01070823,base_mix,mascarpone_powdered_ice_cream_mix,,,powder,STANDARD_ONLY,,MAIN_TECHNICAL_BLOCKED,NONE,,standard_product_not_flavour_main,mapper_basement v1.0 + published product_behavior_policy_versions,Verified
PI-ING-000061,JOYGELATO YOGURT 6 · Irca Base Mix · 01070639,base_mix,yogurt_powdered_ice_cream_mix,,,powder,STANDARD_ONLY,,MAIN_TECHNICAL_BLOCKED,NONE,,standard_product_not_flavour_main,mapper_basement v1.0 + published product_behavior_policy_versions,Verified
PI-ING-000062,JOYLIFE FRUTTANATURA 50 VEGAN · Irca Base Mix · 01070841,base_mix,ice_cream_base_mix,,,,STANDARD_ONLY,,MAIN_TECHNICAL_BLOCKED,NONE,,standard_product_not_flavour_main,mapper_basement v1.0 + published product_behavior_policy_versions,Vegan verified / allergen label review required
PI-ING-000063,JOYLIFE FRUTTASTEVIA VEGAN 6 · Irca Base Mix · 01070837,base_mix,ice_cream_base_mix,,,,STANDARD_ONLY,,MAIN_TECHNICAL_BLOCKED,NONE,,standard_product_not_flavour_main,mapper_basement v1.0 + published product_behavior_policy_versions,Vegan verified / cross-contamination noted
PI-ING-000064,EXTRA DARK CHOCOLATE 9 · Irca Base Mix · 01070596,base_mix,dark_chocolate_powder_mix,,,dark_chocolate,STANDARD_ONLY,,MAIN_TECHNICAL_BLOCKED,NONE,,standard_product_not_flavour_main,mapper_basement v1.0 + published product_behavior_policy_versions,Verified
PI-ING-000065,KANGAROO CREAM 13 DLA · dlaLodziarza.pl Base Mix,base_mix,ice_cream_base_mix,,,,STANDARD_ONLY,,MAIN_TECHNICAL_BLOCKED,NONE,,standard_product_not_flavour_main,mapper_basement v1.0 + published product_behavior_policy_versions,Verified
PI-ING-000066,LATTELATTE YOGURT B · Babbi Base Mix · 1470179,base_mix,yogurt_powdered_ice_cream_mix,,,powder,STANDARD_ONLY,,MAIN_TECHNICAL_BLOCKED,NONE,,standard_product_not_flavour_main,mapper_basement v1.0 + published product_behavior_policy_versions,Verified
PI-ING-000067,MASCARPONE 30 · PreGel Base Mix · ST-04544,base_mix,mascarpone_powdered_ice_cream_mix,,,powder,STANDARD_ONLY,,MAIN_TECHNICAL_BLOCKED,NONE,,standard_product_not_flavour_main,mapper_basement v1.0 + published product_behavior_policy_versions,Verified
PI-ING-000068,MASCARPONE 40 · Fabbri Base Mix · 0004497,base_mix,mascarpone_powdered_ice_cream_mix,,,powder,STANDARD_ONLY,,MAIN_TECHNICAL_BLOCKED,NONE,,standard_product_not_flavour_main,mapper_basement v1.0 + published product_behavior_policy_versions,Verified
PI-ING-000069,MASCARPONE 50 MASTER SCHOOL · Leagel Base Mix · 141901,base_mix,mascarpone_powdered_ice_cream_mix,,,powder,STANDARD_ONLY,,MAIN_TECHNICAL_BLOCKED,NONE,,standard_product_not_flavour_main,mapper_basement v1.0 + published product_behavior_policy_versions,Verified
PI-ING-000070,MASCARPONE COD 075 · Elenka Base Mix,base_mix,mascarpone_flavored_powder,,,powder,STANDARD_ONLY,,MAIN_TECHNICAL_BLOCKED,NONE,,standard_product_not_flavour_main,mapper_basement v1.0 + published product_behavior_policy_versions,Verified
PI-ING-000071,MASCARPONE · Stella Base Mix · 8756,base_mix,mascarpone_powdered_ice_cream_mix,,,powder,STANDARD_ONLY,,MAIN_TECHNICAL_BLOCKED,NONE,,standard_product_not_flavour_main,mapper_basement v1.0 + published product_behavior_policy_versions,Verified
PI-ING-000072,MASCARPONE · Aromitalia Base Mix · 2279,base_mix,mascarpone_powdered_ice_cream_mix,,,powder,STANDARD_ONLY,,MAIN_TECHNICAL_BLOCKED,NONE,,standard_product_not_flavour_main,mapper_basement v1.0 + published product_behavior_policy_versions,Verified
PI-ING-000073,MILK 30 · Gourmego Base Mix · 40120 / 40130,base_mix,powdered_ice_cream_base,,,powder,STANDARD_ONLY,,MAIN_TECHNICAL_BLOCKED,NONE,,standard_product_not_flavour_main,mapper_basement v1.0 + published product_behavior_policy_versions,Verified
PI-ING-000074,PROTEINGEL · PreGel Base Mix · 08804,base_mix,ice_cream_base_mix,,,,STANDARD_ONLY,,MAIN_TECHNICAL_BLOCKED,NONE,,standard_product_not_flavour_main,mapper_basement v1.0 + published product_behavior_policy_versions,Verified
PI-ING-000075,PROTEINMIX · Giuso Base Mix,base_mix,ice_cream_base_mix,,,,STANDARD_ONLY,,MAIN_TECHNICAL_BLOCKED,NONE,,standard_product_not_flavour_main,mapper_basement v1.0 + published product_behavior_policy_versions,Verified
PI-ING-000076,RICOTTA 30 · PreGel Base Mix · ST-88524,base_mix,ricotta_powdered_ice_cream_mix,,,powder,STANDARD_ONLY,,MAIN_TECHNICAL_BLOCKED,NONE,,standard_product_not_flavour_main,mapper_basement v1.0 + published product_behavior_policy_versions,Verified
PI-ING-000077,RICOTTA · Aromitalia Base Mix · 2713,base_mix,ricotta_powdered_ice_cream_concentrate,,,concentrate,STANDARD_ONLY,,MAIN_TECHNICAL_BLOCKED,NONE,,standard_product_not_flavour_main,mapper_basement v1.0 + published product_behavior_policy_versions,Verified
PI-ING-000078,SALTED BUTTER CARAMEL · Master Martini Base Mix · AI70AG,base_mix,salted_butter_caramel_powdered_ice_cream_mix,caramel,,powder,MAIN_ALLOWED,,MAIN_CAPABLE_UNCALIBRATED,NONE,,,mapper_basement v1.0 + published product_behavior_policy_versions,Verified
PI-ING-000079,SALTED CARAMEL · PreGel Base Mix · ST-39381,base_mix,ice_cream_base_mix,,,,STANDARD_ONLY,,MAIN_TECHNICAL_BLOCKED,NONE,,standard_product_not_flavour_main,mapper_basement v1.0 + published product_behavior_policy_versions,Verified
PI-ING-000080,SET CORE LIBERA 100 · Galatea Base Mix · 70004,base_mix,ice_cream_base_mix,,,,STANDARD_ONLY,,MAIN_TECHNICAL_BLOCKED,NONE,,standard_product_not_flavour_main,mapper_basement v1.0 + published product_behavior_policy_versions,Verified
PI-ING-000081,SOSOFT YOGURT · Giuso Base Mix · 00061160,base_mix,yogurt_powdered_ice_cream_mix,,,powder,STANDARD_ONLY,,MAIN_TECHNICAL_BLOCKED,NONE,,standard_product_not_flavour_main,mapper_basement v1.0 + published product_behavior_policy_versions,Verified
PI-ING-000082,SPRINT KEFIR · PreGel Base Mix · ST-85451,base_mix,kefir_powdered_ice_cream_mix,,,powder,STANDARD_ONLY,,MAIN_TECHNICAL_BLOCKED,NONE,,standard_product_not_flavour_main,mapper_basement v1.0 + published product_behavior_policy_versions,Verified
PI-ING-000083,SPRINT SALTED CARAMEL INDUSTRIAL · PreGel Base Mix · ST-75991,base_mix,ice_cream_base_mix,,,,STANDARD_ONLY,,MAIN_TECHNICAL_BLOCKED,NONE,,standard_product_not_flavour_main,mapper_basement v1.0 + published product_behavior_policy_versions,Verified
PI-ING-000084,SPRINT SALTED CARAMELPREGEL · Base Mix · ST-83701,base_mix,ice_cream_base_mix,,,,STANDARD_ONLY,,MAIN_TECHNICAL_BLOCKED,NONE,,standard_product_not_flavour_main,mapper_basement v1.0 + published product_behavior_policy_versions,Verified
PI-ING-000085,VEGANA SF · Elements Gelato Base Mix,base_mix,ice_cream_base_mix,,,,STANDARD_ONLY,,MAIN_TECHNICAL_BLOCKED,NONE,,standard_product_not_flavour_main,mapper_basement v1.0 + published product_behavior_policy_versions,Vegan verified / allergen label review required
PI-ING-000086,YOGURT PIU · Montebianco Base Mix · 169801,base_mix,yogurt_powdered_ice_cream_mix,,,powder,STANDARD_ONLY,,MAIN_TECHNICAL_BLOCKED,NONE,,standard_product_not_flavour_main,mapper_basement v1.0 + published product_behavior_policy_versions,Verified
PI-ING-000087,DARK CHOCOLATE 55% · Master Martini Couverture · Dry · AQ37BT,chocolate,dark_chocolate_couverture,chocolate_cocoa,,dark_chocolate,MAIN_ALLOWED,,MAIN_CAPABLE_UNCALIBRATED,NONE,,,mapper_basement v1.0 + published product_behavior_policy_versions,Verified
PI-ING-000088,CIOCCOPEANUT · PreGel Chocolate · Dry · ST-84572,chocolate,cocoa_butter,chocolate_cocoa,,,UNKNOWN_REQUIRES_EVIDENCE,,MAIN_CAPABLE_UNCALIBRATED,NONE,,,mapper_basement v1.0 + published product_behavior_policy_versions,Verified
PI-ING-000089,BITTER CHOCOLATE POWER 80% · Callebaut Couverture · Dry,chocolate,dark_chocolate_couverture,chocolate_cocoa,,dark_chocolate,MAIN_ALLOWED,,MAIN_CAPABLE_UNCALIBRATED,NONE,,,mapper_basement v1.0 + published product_behavior_policy_versions,Verified
PI-ING-000090,CHOCOCREAM · Master Martini Chocolate · Dry · AX44BK,chocolate,chocolate_component,chocolate_cocoa,,,UNKNOWN_REQUIRES_EVIDENCE,,MAIN_CAPABLE_UNCALIBRATED,NONE,,,mapper_basement v1.0 + published product_behavior_policy_versions,Verified
PI-ING-000091,CHOCO FLAKES PISTACHIO · Leagel Rippling Sauce · Dry · 233601,chocolate,chocolate_component,chocolate_cocoa,,,UNKNOWN_REQUIRES_EVIDENCE,,MAIN_CAPABLE_UNCALIBRATED,NONE,,,mapper_basement v1.0 + published product_behavior_policy_versions,Verified
PI-ING-000092,CHOCO LEMON · Leagel Rippling Sauce · Dry · 233201,chocolate,chocolate_component,chocolate_cocoa,,,UNKNOWN_REQUIRES_EVIDENCE,,MAIN_CAPABLE_UNCALIBRATED,NONE,,,mapper_basement v1.0 + published product_behavior_policy_versions,Verified
PI-ING-000093,CHOCO RASPBERRY · Leagel Rippling Sauce · Dry · 233401,chocolate,chocolate_component,chocolate_cocoa,,,UNKNOWN_REQUIRES_EVIDENCE,,MAIN_CAPABLE_UNCALIBRATED,NONE,,,mapper_basement v1.0 + published product_behavior_policy_versions,Verified
PI-ING-000094,CHOCO SPECULOOS · Leagel Rippling Sauce · Dry · 233501,chocolate,chocolate_component,chocolate_cocoa,,,UNKNOWN_REQUIRES_EVIDENCE,,MAIN_CAPABLE_UNCALIBRATED,NONE,,,mapper_basement v1.0 + published product_behavior_policy_versions,Verified
PI-ING-000095,CHOCOCREAM PISTACCHIO · Irca Chocolate · Dry · 01010958,chocolate,chocolate_component,chocolate_cocoa,,,UNKNOWN_REQUIRES_EVIDENCE,,MAIN_CAPABLE_UNCALIBRATED,NONE,,,mapper_basement v1.0 + published product_behavior_policy_versions,Verified
PI-ING-000096,CHOCOLATE MALCHOC M · Callebaut Chocolate · Dry,chocolate,milk_chocolate_maltitol,chocolate_cocoa,,milk_chocolate,MAIN_ALLOWED,,MAIN_CAPABLE_UNCALIBRATED,NONE,,,mapper_basement v1.0 + published product_behavior_policy_versions,Verified
PI-ING-000097,CIOCCOPISTACCHIO · Leagel Rippling Sauce · Dry · 231901,chocolate,chocolate_component,chocolate_cocoa,,,UNKNOWN_REQUIRES_EVIDENCE,,MAIN_CAPABLE_UNCALIBRATED,NONE,,,mapper_basement v1.0 + published product_behavior_policy_versions,Verified
PI-ING-000098,CIOCCORISO · Leagel Rippling Sauce · Dry · 230701,chocolate,chocolate_component,chocolate_cocoa,,,UNKNOWN_REQUIRES_EVIDENCE,,MAIN_CAPABLE_UNCALIBRATED,NONE,,,mapper_basement v1.0 + published product_behavior_policy_versions,Verified
PI-ING-000099,CHOCOLATE 01B · Barry Callebaut Couverture · Dry · N97230,chocolate,dark_chocolate_couverture,chocolate_cocoa,,dark_chocolate,MAIN_ALLOWED,,MAIN_CAPABLE_UNCALIBRATED,NONE,,,mapper_basement v1.0 + published product_behavior_policy_versions,Verified
PI-ING-000100,DARK CHOCOLATE RENO FOND 72% · Irca Couverture · Dry,chocolate,dark_chocolate_couverture,chocolate_cocoa,,dark_chocolate,MAIN_ALLOWED,,MAIN_CAPABLE_UNCALIBRATED,NONE,,,mapper_basement v1.0 + published product_behavior_policy_versions,Verified
PI-ING-000101,DARK CHOCOLATE 55% · Pi-NUTS Couverture · Dry,chocolate,dark_chocolate_couverture,chocolate_cocoa,,dark_chocolate,MAIN_ALLOWED,,MAIN_CAPABLE_UNCALIBRATED,NONE,,,mapper_basement v1.0 + published product_behavior_policy_versions,Verified
PI-ING-000102,DARK CHOCOLATE 70.5% · Callebaut Couverture · Dry,chocolate,dark_chocolate_couverture,chocolate_cocoa,,dark_chocolate,MAIN_ALLOWED,,MAIN_CAPABLE_UNCALIBRATED,NONE,,,mapper_basement v1.0 + published product_behavior_policy_versions,Verified
PI-ING-000103,DARK CHOCOLATE 75% · Pi-NUTS Chocolate · Dry,chocolate,dark_chocolate,chocolate_cocoa,,dark_chocolate,MAIN_ALLOWED,,MAIN_CAPABLE_UNCALIBRATED,NONE,,,mapper_basement v1.0 + published product_behavior_policy_versions,Verified
PI-ING-000104,DARK CHOCOLATE · Barbara Luijckx Couverture · Dry,chocolate,dark_chocolate_couverture,chocolate_cocoa,,dark_chocolate,MAIN_ALLOWED,,MAIN_CAPABLE_UNCALIBRATED,NONE,,,mapper_basement v1.0 + published product_behavior_policy_versions,Verified
PI-ING-000105,DARK CHOCOLATE 01B · Callebaut Couverture · Dry,chocolate,dark_chocolate_couverture,chocolate_cocoa,,dark_chocolate,MAIN_ALLOWED,,MAIN_CAPABLE_UNCALIBRATED,NONE,,,mapper_basement v1.0 + published product_behavior_policy_versions,Verified
PI-ING-000106,DARK CHOCOLATE E4 U71 · Callebaut Couverture · Dry,chocolate,dark_chocolate_couverture,chocolate_cocoa,,dark_chocolate,MAIN_ALLOWED,,MAIN_CAPABLE_UNCALIBRATED,NONE,,,mapper_basement v1.0 + published product_behavior_policy_versions,Verified
PI-ING-000107,DARK CHOCOLATE E4 U71 · Callebaut Couverture · Dry,chocolate,dark_chocolate_couverture,chocolate_cocoa,,dark_chocolate,MAIN_ALLOWED,,MAIN_CAPABLE_UNCALIBRATED,NONE,,,mapper_basement v1.0 + published product_behavior_policy_versions,Verified
PI-ING-000108,DARK CHOCOLATE 01B · Callebaut Couverture · Dry,chocolate,dark_chocolate_couverture,chocolate_cocoa,,dark_chocolate,MAIN_ALLOWED,,MAIN_CAPABLE_UNCALIBRATED,NONE,,,mapper_basement v1.0 + published product_behavior_policy_versions,Verified
PI-ING-000109,DARK CHOCOLATE MABEL COCOA 56% · ICAM Couverture · Dry · 080008416,chocolate,dark_chocolate_couverture,chocolate_cocoa,,dark_chocolate,MAIN_ALLOWED,,MAIN_CAPABLE_UNCALIBRATED,NONE,,,mapper_basement v1.0 + published product_behavior_policy_versions,Verified
PI-ING-000110,DARK CHOCOLATE Q11 86A · Sicao Couverture · Dry,chocolate,dark_chocolate_couverture,chocolate_cocoa,,dark_chocolate,MAIN_ALLOWED,,MAIN_CAPABLE_UNCALIBRATED,NONE,,,mapper_basement v1.0 + published product_behavior_policy_versions,Verified
PI-ING-000111,DARK CHOCOLATE VANINI 72% · ICAM Couverture · Dry · 080008425,chocolate,dark_chocolate_couverture,chocolate_cocoa,,dark_chocolate,MAIN_ALLOWED,,MAIN_CAPABLE_UNCALIBRATED,NONE,,,mapper_basement v1.0 + published product_behavior_policy_versions,Verified
PI-ING-000112,DARK CHOCOLATE NV · Schokinag Couverture · Dry,chocolate,dark_chocolate_couverture,chocolate_cocoa,,dark_chocolate,MAIN_ALLOWED,,MAIN_CAPABLE_UNCALIBRATED,NONE,,,mapper_basement v1.0 + published product_behavior_policy_versions,Verified
PI-ING-000113,DARK CHOCOLATE VANINI KAMES · ICAM Couverture · Dry · 8310,chocolate,dark_chocolate_couverture,chocolate_cocoa,,dark_chocolate,MAIN_ALLOWED,,MAIN_CAPABLE_UNCALIBRATED,NONE,,,mapper_basement v1.0 + published product_behavior_policy_versions,Verified
PI-ING-000114,DESSERT CHOCOLATE 72% · Barima Couverture · Dry,chocolate,dark_chocolate_couverture,chocolate_cocoa,,dark_chocolate,MAIN_ALLOWED,,MAIN_CAPABLE_UNCALIBRATED,NONE,,,mapper_basement v1.0 + published product_behavior_policy_versions,Verified
PI-ING-000115,FONDENTE · Irca Chocolate · Dry · 01011137,chocolate,dark_chocolate,chocolate_cocoa,,dark_chocolate,MAIN_ALLOWED,,MAIN_CAPABLE_UNCALIBRATED,NONE,,,mapper_basement v1.0 + published product_behavior_policy_versions,Verified
PI-ING-000116,WAFERNUT CLAIR · Irca Cocoa Powder · 01011074,chocolate,cocoa_powder,chocolate_cocoa,,cocoa_powder,MAIN_ALLOWED,,MAIN_CAPABLE_UNCALIBRATED,NONE,,,mapper_basement v1.0 + published product_behavior_policy_versions,Verified
PI-ING-000117,WAFERNUT NOIR · Irca Cocoa Powder · 01011069,chocolate,cocoa_powder,chocolate_cocoa,,cocoa_powder,MAIN_ALLOWED,,MAIN_CAPABLE_UNCALIBRATED,NONE,,,mapper_basement v1.0 + published product_behavior_policy_versions,Verified
PI-ING-000118,MILK CHOCOLATE 33% · Pi-NUTS Chocolate · Dry,chocolate,milk_chocolate,chocolate_cocoa,,milk_chocolate,MAIN_ALLOWED,,MAIN_CAPABLE_UNCALIBRATED,NONE,,,mapper_basement v1.0 + published product_behavior_policy_versions,Verified
PI-ING-000119,MILK CHOCOLATE 33.6% · Callebaut Couverture · Dry,chocolate,milk_chocolate_couverture,chocolate_cocoa,,milk_chocolate,MAIN_ALLOWED,,MAIN_CAPABLE_UNCALIBRATED,NONE,,,mapper_basement v1.0 + published product_behavior_policy_versions,Verified
PI-ING-000120,MILK CHOCOLATE E4 U71 · Callebaut Couverture · Dry,chocolate,milk_chocolate_couverture,chocolate_cocoa,,milk_chocolate,MAIN_ALLOWED,,MAIN_CAPABLE_UNCALIBRATED,NONE,,,mapper_basement v1.0 + published product_behavior_policy_versions,Verified
PI-ING-000121,MILK CHOCOLATE 86A · Sicao Couverture · Dry · T92941,chocolate,milk_chocolate_couverture,chocolate_cocoa,,milk_chocolate,MAIN_ALLOWED,,MAIN_CAPABLE_UNCALIBRATED,NONE,,,mapper_basement v1.0 + published product_behavior_policy_versions,Verified
PI-ING-000122,MILK CHOCOLATE COCOA 32% · ICAM Couverture · Dry · 080008443,chocolate,milk_chocolate_couverture,chocolate_cocoa,,milk_chocolate,MAIN_ALLOWED,,MAIN_CAPABLE_UNCALIBRATED,NONE,,,mapper_basement v1.0 + published product_behavior_policy_versions,Verified
PI-ING-000123,MILK CHOCOLATE · Sicao Couverture · Dry · T92941,chocolate,milk_chocolate_couverture,chocolate_cocoa,,milk_chocolate,MAIN_ALLOWED,,MAIN_CAPABLE_UNCALIBRATED,NONE,,,mapper_basement v1.0 + published product_behavior_policy_versions,Verified
PI-ING-000124,NUTELLA · Ferrero Cocoa Powder,chocolate,cocoa_powder,chocolate_cocoa,,cocoa_powder,MAIN_ALLOWED,,MAIN_CAPABLE_UNCALIBRATED,NONE,,,mapper_basement v1.0 + published product_behavior_policy_versions,Verified
PI-ING-000125,NUTGEL BLACK · Stella Cocoa Powder · 8778,chocolate,cocoa_powder,chocolate_cocoa,,cocoa_powder,MAIN_ALLOWED,,MAIN_CAPABLE_UNCALIBRATED,NONE,,,mapper_basement v1.0 + published product_behavior_policy_versions,Verified
PI-ING-000126,NUTGEL CAFFE · Stella Chocolate · Dry · 8785,chocolate,white_chocolate,chocolate_cocoa,,,UNKNOWN_REQUIRES_EVIDENCE,,MAIN_CAPABLE_UNCALIBRATED,NONE,,,mapper_basement v1.0 + published product_behavior_policy_versions,Verified
PI-ING-000127,NUTGEL LEMON · Stella Chocolate · Dry · 8462,chocolate,white_chocolate,chocolate_cocoa,,,UNKNOWN_REQUIRES_EVIDENCE,,MAIN_CAPABLE_UNCALIBRATED,NONE,,,mapper_basement v1.0 + published product_behavior_policy_versions,Verified
PI-ING-000128,NUTGEL MUCHO · Stella Paste · Dry · 8782,chocolate,hazelnut_paste,chocolate_cocoa,,paste,MAIN_ALLOWED,,MAIN_CAPABLE_UNCALIBRATED,NONE,,,mapper_basement v1.0 + published product_behavior_policy_versions,Verified
PI-ING-000129,NUTLY CR · CFC Chocolate · Dry,chocolate,cocoa_butter,chocolate_cocoa,,,UNKNOWN_REQUIRES_EVIDENCE,,MAIN_CAPABLE_UNCALIBRATED,NONE,,,mapper_basement v1.0 + published product_behavior_policy_versions,Verified
PI-ING-000130,NUTTY BLACK · Fabbri Cocoa Powder · 0025698,chocolate,cocoa_powder,chocolate_cocoa,,cocoa_powder,MAIN_ALLOWED,,MAIN_CAPABLE_UNCALIBRATED,NONE,,,mapper_basement v1.0 + published product_behavior_policy_versions,Verified
PI-ING-000131,NUTTY CEREALS · Fabbri Cocoa Powder · 0010568,chocolate,cocoa_powder,chocolate_cocoa,,cocoa_powder,MAIN_ALLOWED,,MAIN_CAPABLE_UNCALIBRATED,NONE,,,mapper_basement v1.0 + published product_behavior_policy_versions,Verified
PI-ING-000132,NUTTY · Fabbri Cocoa Powder · 0004467,chocolate,cocoa_powder,chocolate_cocoa,,cocoa_powder,MAIN_ALLOWED,,MAIN_CAPABLE_UNCALIBRATED,NONE,,,mapper_basement v1.0 + published product_behavior_policy_versions,Verified
PI-ING-000133,NUTTY NERO · Fabbri Cocoa Powder · 0010567,chocolate,cocoa_powder,chocolate_cocoa,,cocoa_powder,MAIN_ALLOWED,,MAIN_CAPABLE_UNCALIBRATED,NONE,,,mapper_basement v1.0 + published product_behavior_policy_versions,Verified
PI-ING-000134,NUTTY WOW HAZELNUT COCOA · Fabbri Cocoa Powder,chocolate,cocoa_powder,chocolate_cocoa,,cocoa_powder,MAIN_ALLOWED,,MAIN_CAPABLE_UNCALIBRATED,NONE,,,mapper_basement v1.0 + published product_behavior_policy_versions,Verified
PI-ING-000135,MILK CHOCOLATE · Barry Callebaut Couverture · Dry · BIO · T25BIOZL,chocolate,milk_chocolate_couverture,chocolate_cocoa,,milk_chocolate,MAIN_ALLOWED,,MAIN_CAPABLE_UNCALIBRATED,NONE,,,mapper_basement v1.0 + published product_behavior_policy_versions,Verified
PI-ING-000136,CIOCCOCREAM · Albert Chocolate · Dry,chocolate,chocolate_component,chocolate_cocoa,,,UNKNOWN_REQUIRES_EVIDENCE,,MAIN_CAPABLE_UNCALIBRATED,NONE,,,mapper_basement v1.0 + published product_behavior_policy_versions,Verified
PI-ING-000137,PEANUTS · Fabbri Cocoa Powder · 0004432,chocolate,cocoa_powder,chocolate_cocoa,,cocoa_powder,MAIN_ALLOWED,,MAIN_CAPABLE_UNCALIBRATED,NONE,,,mapper_basement v1.0 + published product_behavior_policy_versions,Verified
PI-ING-000138,CIOCCOLATO · Giuso Chocolate · Dry · 00613014,chocolate,chocolate_component,chocolate_cocoa,,,UNKNOWN_REQUIRES_EVIDENCE,,MAIN_CAPABLE_UNCALIBRATED,NONE,,,mapper_basement v1.0 + published product_behavior_policy_versions,Verified
PI-ING-000139,CIOCCOLATO · Giuso Chocolate · Dry · 00613014A,chocolate,chocolate_component,chocolate_cocoa,,,UNKNOWN_REQUIRES_EVIDENCE,,MAIN_CAPABLE_UNCALIBRATED,NONE,,,mapper_basement v1.0 + published product_behavior_policy_versions,Verified
PI-ING-000140,NERO FONDENTE · Comprital Chocolate · Dry · PC717,chocolate,dark_chocolate,chocolate_cocoa,,dark_chocolate,MAIN_ALLOWED,,MAIN_CAPABLE_UNCALIBRATED,NONE,,,mapper_basement v1.0 + published product_behavior_policy_versions,Verified
PI-ING-000141,WHITE CHOCOLATE RENO BIANCO · Irca Couverture · Dry,chocolate,white_chocolate_couverture,chocolate_cocoa,,,UNKNOWN_REQUIRES_EVIDENCE,,MAIN_CAPABLE_UNCALIBRATED,NONE,,,mapper_basement v1.0 + published product_behavior_policy_versions,Verified
PI-ING-000142,WHITE CHOCOLATE 30% · Pi-NUTS Chocolate · Dry,chocolate,white_chocolate,chocolate_cocoa,,,UNKNOWN_REQUIRES_EVIDENCE,,MAIN_CAPABLE_UNCALIBRATED,NONE,,,mapper_basement v1.0 + published product_behavior_policy_versions,Verified
PI-ING-000143,WHITE CHOCOLATE EDELWEISS · ICAM Couverture · Dry · 080008462,chocolate,white_chocolate_couverture,chocolate_cocoa,,,UNKNOWN_REQUIRES_EVIDENCE,,MAIN_CAPABLE_UNCALIBRATED,NONE,,,mapper_basement v1.0 + published product_behavior_policy_versions,Verified
PI-ING-000144,WHITE CHOCOLATE VANINI AURUM · ICAM Couverture · Dry · 080008522,chocolate,white_chocolate_couverture,chocolate_cocoa,,,UNKNOWN_REQUIRES_EVIDENCE,,MAIN_CAPABLE_UNCALIBRATED,NONE,,,mapper_basement v1.0 + published product_behavior_policy_versions,Verified
PI-ING-000145,COCONUT · Fugar Coconut · Dry · 40920,coconut,compound,coconut,,,UNKNOWN_REQUIRES_EVIDENCE,,MAIN_CAPABLE_UNCALIBRATED,NONE,,,mapper_basement v1.0 + published product_behavior_policy_versions,Verified
PI-ING-000146,COCONUT FLAKES · Coconut · Dry,coconut,coconut_flakes,coconut,,,UNKNOWN_REQUIRES_EVIDENCE,,MAIN_CAPABLE_UNCALIBRATED,NONE,,,mapper_basement v1.0 + published product_behavior_policy_versions,Verified
PI-ING-000147,COCONUT MEAT DESICCATED · Coconut · Dry,coconut,coconut_flakes,coconut,,,UNKNOWN_REQUIRES_EVIDENCE,,MAIN_CAPABLE_UNCALIBRATED,NONE,,,mapper_basement v1.0 + published product_behavior_policy_versions,Verified
PI-ING-000148,COCONUT MILK 22% · Coconut · Dry,coconut,coconut_milk,coconut,,,UNKNOWN_REQUIRES_EVIDENCE,,MAIN_CAPABLE_UNCALIBRATED,NONE,,,mapper_basement v1.0 + published product_behavior_policy_versions,Verified
PI-ING-000149,COCONUT MILK · Coconut · Dry,coconut,coconut_milk,coconut,,,UNKNOWN_REQUIRES_EVIDENCE,,MAIN_CAPABLE_UNCALIBRATED,NONE,,,mapper_basement v1.0 + published product_behavior_policy_versions,Verified
PI-ING-000150,COCONUT · Sempre Paste · Dry,coconut,coconut_paste,coconut,,paste,MAIN_ALLOWED,,MAIN_CAPABLE_UNCALIBRATED,NONE,,,mapper_basement v1.0 + published product_behavior_policy_versions,Verified
PI-ING-000151,COCONUT · Pi-NUTS Paste · Dry · 100%,coconut,coconut_paste,coconut,,paste,MAIN_ALLOWED,,MAIN_CAPABLE_UNCALIBRATED,NONE,,,mapper_basement v1.0 + published product_behavior_policy_versions,Verified
PI-ING-000152,COCONUT · Paste · Dry · 100%,coconut,coconut_paste,coconut,,paste,MAIN_ALLOWED,,MAIN_CAPABLE_UNCALIBRATED,NONE,,,mapper_basement v1.0 + published product_behavior_policy_versions,Verified
PI-ING-000153,COCONUT · Dry,coconut,coconut_powder,coconut,,powder,MAIN_ALLOWED,,MAIN_CAPABLE_UNCALIBRATED,NONE,,,mapper_basement v1.0 + published product_behavior_policy_versions,Verified
PI-ING-000154,COCONUT · Dry,coconut,compound,coconut,,,UNKNOWN_REQUIRES_EVIDENCE,,MAIN_CAPABLE_UNCALIBRATED,NONE,,,mapper_basement v1.0 + published product_behavior_policy_versions,Verified
PI-ING-000155,COCONUT · Fabbri Coconut · Dry · 0004259,coconut,coconut_milk,coconut,,,UNKNOWN_REQUIRES_EVIDENCE,,MAIN_CAPABLE_UNCALIBRATED,NONE,,,mapper_basement v1.0 + published product_behavior_policy_versions,Verified
PI-ING-000156,FROZ COCONUT PUR S10 · Ravifruit Paste · Dry · S10 / 20374300,coconut,coconut_paste,coconut,,paste,MAIN_ALLOWED,,MAIN_CAPABLE_UNCALIBRATED,NONE,,,mapper_basement v1.0 + published product_behavior_policy_versions,Verified
PI-ING-000157,NUTTY WHITE CEREALS · Fabbri Coconut · Dry · 0010565,coconut,compound,coconut,,,UNKNOWN_REQUIRES_EVIDENCE,,MAIN_CAPABLE_UNCALIBRATED,NONE,,,mapper_basement v1.0 + published product_behavior_policy_versions,Verified
PI-ING-000158,OIL COCONUT · Coconut · Dry,coconut,coconut_oil,coconut,,,UNKNOWN_REQUIRES_EVIDENCE,,MAIN_CAPABLE_UNCALIBRATED,NONE,,,mapper_basement v1.0 + published product_behavior_policy_versions,Verified
PI-ING-000159,CHESTNUT · Gotta Paste · Dry · 6049,coconut,chestnut_paste,coconut,,paste,MAIN_ALLOWED,,MAIN_CAPABLE_UNCALIBRATED,NONE,,,mapper_basement v1.0 + published product_behavior_policy_versions,Verified
PI-ING-000160,COCONUT · MEC3 Coconut · Dry · 14020,coconut,coconut_flakes,coconut,,,UNKNOWN_REQUIRES_EVIDENCE,,MAIN_CAPABLE_UNCALIBRATED,NONE,,,mapper_basement v1.0 + published product_behavior_policy_versions,Verified
PI-ING-000161,COCONUT · Dawn Paste · Dry,coconut,coconut_paste,coconut,,paste,MAIN_ALLOWED,,MAIN_CAPABLE_UNCALIBRATED,NONE,,,mapper_basement v1.0 + published product_behavior_policy_versions,Verified
PI-ING-000162,COCONUT · PreGel Coconut · Dry · ST-50402,coconut,compound,coconut,,,UNKNOWN_REQUIRES_EVIDENCE,,MAIN_CAPABLE_UNCALIBRATED,NONE,,,mapper_basement v1.0 + published product_behavior_policy_versions,Verified
PI-ING-000163,REFINED COCONUT OIL · Elstar Fats Coconut · Dry,coconut,coconut_oil,coconut,,,UNKNOWN_REQUIRES_EVIDENCE,,MAIN_CAPABLE_UNCALIBRATED,NONE,,,mapper_basement v1.0 + published product_behavior_policy_versions,Verified
PI-ING-000164,COCONUT AJOOAJ · Master Martini Coconut · Dry,coconut,coconut_oil,coconut,,,UNKNOWN_REQUIRES_EVIDENCE,,MAIN_CAPABLE_UNCALIBRATED,NONE,,,mapper_basement v1.0 + published product_behavior_policy_versions,Verified
PI-ING-000165,BLACK TEA · Tea · Dry,coffee_tea,tea,coffee,,,UNKNOWN_REQUIRES_EVIDENCE,,MAIN_CAPABLE_UNCALIBRATED,NONE,,,mapper_basement v1.0 + published product_behavior_policy_versions,Verified
PI-ING-000166,COFFEE BEAN ROASTED GROUND · Coffee · Dry,coffee_tea,coffee,coffee,,,UNKNOWN_REQUIRES_EVIDENCE,,MAIN_CAPABLE_UNCALIBRATED,NONE,,,mapper_basement v1.0 + published product_behavior_policy_versions,Verified
PI-ING-000167,COFFEE INSTANT · Coffee · Dry,coffee_tea,coffee,coffee,,,UNKNOWN_REQUIRES_EVIDENCE,,MAIN_CAPABLE_UNCALIBRATED,NONE,,,mapper_basement v1.0 + published product_behavior_policy_versions,Verified
PI-ING-000168,GRAIN COFFEE · Coffee · Dry,coffee_tea,coffee,coffee,,,UNKNOWN_REQUIRES_EVIDENCE,,MAIN_CAPABLE_UNCALIBRATED,NONE,,,mapper_basement v1.0 + published product_behavior_policy_versions,Verified
PI-ING-000169,MATCHA TEA · Tea · Dry,coffee_tea,matcha,coffee,,,UNKNOWN_REQUIRES_EVIDENCE,,MAIN_CAPABLE_UNCALIBRATED,NONE,,,mapper_basement v1.0 + published product_behavior_policy_versions,Verified
PI-ING-000170,TE MATCHA · Comprital Coffee · Dry · P485,coffee_tea,matcha,coffee,,,UNKNOWN_REQUIRES_EVIDENCE,,MAIN_CAPABLE_UNCALIBRATED,NONE,,,mapper_basement v1.0 + published product_behavior_policy_versions,Verified
PI-ING-000171,CONDENSED MILK 7.5% · Milk · Chilled,dairy,condensed_milk,,,,STANDARD_ONLY,,MAIN_TECHNICAL_BLOCKED,NONE,,standard_product_not_flavour_main,mapper_basement v1.0 + published product_behavior_policy_versions,Verified
PI-ING-000172,BLACK CHERRY · Leagel Rippling Sauce · Chilled · 330301 / 330305,dairy,cream,,,liquid,STANDARD_ONLY,,MAIN_TECHNICAL_BLOCKED,NONE,,standard_product_not_flavour_main,mapper_basement v1.0 + published product_behavior_policy_versions,Verified
PI-ING-000173,BOURBON VANILLA · Montebianco Cream · Chilled,dairy,cream,,,liquid,STANDARD_ONLY,,MAIN_TECHNICAL_BLOCKED,NONE,,standard_product_not_flavour_main,mapper_basement v1.0 + published product_behavior_policy_versions,Verified
PI-ING-000174,CROK VANILLA COOKIE · Master Martini Cream · Chilled · AX43MQ,dairy,cream,,,liquid,STANDARD_ONLY,,MAIN_TECHNICAL_BLOCKED,NONE,,standard_product_not_flavour_main,mapper_basement v1.0 + published product_behavior_policy_versions,Verified
PI-ING-000175,BURNT BUTTER · Sempre Butter · Chilled · SEMPRE328 / 110007,dairy,burnt_butter_concentrate,,,concentrate,STANDARD_ONLY,,MAIN_TECHNICAL_BLOCKED,NONE,,standard_product_not_flavour_main,mapper_basement v1.0 + published product_behavior_policy_versions,Verified
PI-ING-000176,BUTTER UNSALTED · Mlekovita Butter,dairy,unsalted_butter,,,,STANDARD_ONLY,,MAIN_TECHNICAL_BLOCKED,NONE,,standard_product_not_flavour_main,mapper_basement v1.0 + published product_behavior_policy_versions,Verified
PI-ING-000177,BUTTERMILK · Milk · Chilled,dairy,buttermilk,,,,STANDARD_ONLY,,MAIN_TECHNICAL_BLOCKED,NONE,,standard_product_not_flavour_main,mapper_basement v1.0 + published product_behavior_policy_versions,Verified
PI-ING-000178,WHITE CREAM · Master Martini Cream · Chilled · AX52CA,dairy,cream,,,liquid,STANDARD_ONLY,,MAIN_TECHNICAL_BLOCKED,NONE,,standard_product_not_flavour_main,mapper_basement v1.0 + published product_behavior_policy_versions,Verified
PI-ING-000179,CREAM 18% · Piątnica Cream · Chilled · BIO,dairy,cream,,,liquid,STANDARD_ONLY,,MAIN_TECHNICAL_BLOCKED,NONE,,standard_product_not_flavour_main,mapper_basement v1.0 + published product_behavior_policy_versions,Verified
PI-ING-000180,CREAM 30% · Mlekovita Cream · Chilled,dairy,cream,,,liquid,STANDARD_ONLY,,MAIN_TECHNICAL_BLOCKED,NONE,,standard_product_not_flavour_main,mapper_basement v1.0 + published product_behavior_policy_versions,Verified
PI-ING-000181,CREAM CHEESE · Comprital Cream · Chilled · PC770 / 21069098,dairy,cream,,,liquid,STANDARD_ONLY,,MAIN_TECHNICAL_BLOCKED,NONE,,standard_product_not_flavour_main,mapper_basement v1.0 + published product_behavior_policy_versions,Verified
PI-ING-000182,CREMVANILLE · Comprital Cream · Chilled · PC073P,dairy,cream,,,liquid,STANDARD_ONLY,,MAIN_TECHNICAL_BLOCKED,NONE,,standard_product_not_flavour_main,mapper_basement v1.0 + published product_behavior_policy_versions,Verified
PI-ING-000183,CROCKOLOSO COFFEE · Fabbri Cream · Chilled · 0004444,dairy,cream,,,liquid,STANDARD_ONLY,,MAIN_TECHNICAL_BLOCKED,NONE,,standard_product_not_flavour_main,mapper_basement v1.0 + published product_behavior_policy_versions,Verified
PI-ING-000184,AMARETTO · Fabbri Cream · Chilled · 0004306,dairy,cream,,,liquid,STANDARD_ONLY,,MAIN_TECHNICAL_BLOCKED,NONE,,standard_product_not_flavour_main,mapper_basement v1.0 + published product_behavior_policy_versions,Verified
PI-ING-000185,LELLO · Fabbri Cream · Chilled · 0004260,dairy,cream,,,liquid,STANDARD_ONLY,,MAIN_TECHNICAL_BLOCKED,NONE,,standard_product_not_flavour_main,mapper_basement v1.0 + published product_behavior_policy_versions,Verified
PI-ING-000186,MELON · Fabbri Cream · Chilled · 0004309,dairy,cream,,,liquid,STANDARD_ONLY,,MAIN_TECHNICAL_BLOCKED,NONE,,standard_product_not_flavour_main,mapper_basement v1.0 + published product_behavior_policy_versions,Verified
PI-ING-000187,BUONO · Fabbri Cream · Chilled · 0031513,dairy,cream,,,liquid,STANDARD_ONLY,,MAIN_TECHNICAL_BLOCKED,NONE,,standard_product_not_flavour_main,mapper_basement v1.0 + published product_behavior_policy_versions,Verified
PI-ING-000188,BANANA · Fabbri Cream · Chilled · 0004282,dairy,cream,,,liquid,STANDARD_ONLY,,MAIN_TECHNICAL_BLOCKED,NONE,,standard_product_not_flavour_main,mapper_basement v1.0 + published product_behavior_policy_versions,Verified
PI-ING-000189,BLUEBERRY · Fabbri Cream · Chilled · 0004292,dairy,cream,,,liquid,STANDARD_ONLY,,MAIN_TECHNICAL_BLOCKED,NONE,,standard_product_not_flavour_main,mapper_basement v1.0 + published product_behavior_policy_versions,Verified
PI-ING-000190,COFFEE MOKA · Fabbri Cream · Chilled · 0004295,dairy,cream,,,liquid,STANDARD_ONLY,,MAIN_TECHNICAL_BLOCKED,NONE,,standard_product_not_flavour_main,mapper_basement v1.0 + published product_behavior_policy_versions,Verified
PI-ING-000191,NONNA RACHELE · Fabbri Cream · Chilled · 0024235,dairy,cream,,,liquid,STANDARD_ONLY,,MAIN_TECHNICAL_BLOCKED,NONE,,standard_product_not_flavour_main,mapper_basement v1.0 + published product_behavior_policy_versions,Verified
PI-ING-000192,OVETTO · Fabbri Cream · Chilled · 0030252,dairy,cream,,,liquid,STANDARD_ONLY,,MAIN_TECHNICAL_BLOCKED,NONE,,standard_product_not_flavour_main,mapper_basement v1.0 + published product_behavior_policy_versions,Verified
PI-ING-000193,PANNA COTTA · Fabbri Cream · Chilled · 0004275,dairy,cream,,,liquid,STANDARD_ONLY,,MAIN_TECHNICAL_BLOCKED,NONE,,standard_product_not_flavour_main,mapper_basement v1.0 + published product_behavior_policy_versions,Verified
PI-ING-000194,PEACH · Fabbri Cream · Chilled · 0004314,dairy,cream,,,liquid,STANDARD_ONLY,,MAIN_TECHNICAL_BLOCKED,NONE,,standard_product_not_flavour_main,mapper_basement v1.0 + published product_behavior_policy_versions,Verified
PI-ING-000195,RASPBERRY · Fabbri Cream · Chilled · 0004288,dairy,cream,,,liquid,STANDARD_ONLY,,MAIN_TECHNICAL_BLOCKED,NONE,,standard_product_not_flavour_main,mapper_basement v1.0 + published product_behavior_policy_versions,Verified
PI-ING-000196,ROSA · Fabbri Cream · Chilled · 00021013,dairy,cream,,,liquid,STANDARD_ONLY,,MAIN_TECHNICAL_BLOCKED,NONE,,standard_product_not_flavour_main,mapper_basement v1.0 + published product_behavior_policy_versions,Verified
PI-ING-000197,VANILLA SUPER · Fabbri Cream · Chilled · 0004304,dairy,cream,,,liquid,STANDARD_ONLY,,MAIN_TECHNICAL_BLOCKED,NONE,,standard_product_not_flavour_main,mapper_basement v1.0 + published product_behavior_policy_versions,Verified
PI-ING-000198,WHITE MINT · Fabbri Cream · Chilled · 0004253,dairy,cream,,,liquid,STANDARD_ONLY,,MAIN_TECHNICAL_BLOCKED,NONE,,standard_product_not_flavour_main,mapper_basement v1.0 + published product_behavior_policy_versions,Verified
PI-ING-000199,DOUBLE CREAM · Tesco Cream · Chilled,dairy,cream,,,liquid,STANDARD_ONLY,,MAIN_TECHNICAL_BLOCKED,NONE,,standard_product_not_flavour_main,mapper_basement v1.0 + published product_behavior_policy_versions,Verified
PI-ING-000200,MILK 2% · Milk · Chilled,dairy,fresh_milk,,,fresh,STANDARD_ONLY,,MAIN_TECHNICAL_BLOCKED,NONE,,standard_product_not_flavour_main,mapper_basement v1.0 + published product_behavior_policy_versions,Verified
PI-ING-000201,MILK 3.2% · Milk · Chilled,dairy,fresh_milk,,,fresh,STANDARD_ONLY,,MAIN_TECHNICAL_BLOCKED,NONE,,standard_product_not_flavour_main,mapper_basement v1.0 + published product_behavior_policy_versions,Verified
PI-ING-000202,FRUTTI DI BOSCO WILD · Fabbri Cream · Chilled · 0004284,dairy,cream,,,liquid,STANDARD_ONLY,,MAIN_TECHNICAL_BLOCKED,NONE,,standard_product_not_flavour_main,mapper_basement v1.0 + published product_behavior_policy_versions,Verified
PI-ING-000203,ROCK · Leagel Rippling Sauce · Chilled · 231001,dairy,cream,,,liquid,STANDARD_ONLY,,MAIN_TECHNICAL_BLOCKED,NONE,,standard_product_not_flavour_main,mapper_basement v1.0 + published product_behavior_policy_versions,Verified
PI-ING-000204,GREEK YOGURT · Yogurt · Chilled,dairy,greek_yogurt,dairy_flavour,,,UNKNOWN_REQUIRES_EVIDENCE,,MAIN_CAPABLE_UNCALIBRATED,NONE,,,mapper_basement v1.0 + published product_behavior_policy_versions,Verified
PI-ING-000205,GREEN APPLE · Fabbri Cream · Chilled · 0004311,dairy,cream,,,liquid,STANDARD_ONLY,,MAIN_TECHNICAL_BLOCKED,NONE,,standard_product_not_flavour_main,mapper_basement v1.0 + published product_behavior_policy_versions,Verified
PI-ING-000206,GREEN APPLE · Leagel Rippling Sauce · Chilled · 331005,dairy,cream,,,liquid,STANDARD_ONLY,,MAIN_TECHNICAL_BLOCKED,NONE,,standard_product_not_flavour_main,mapper_basement v1.0 + published product_behavior_policy_versions,Verified
PI-ING-000207,BISCOTTI COOKIES · Fabbri Cream · Chilled · 0004250,dairy,cream,,,liquid,STANDARD_ONLY,,MAIN_TECHNICAL_BLOCKED,NONE,,standard_product_not_flavour_main,mapper_basement v1.0 + published product_behavior_policy_versions,Verified
PI-ING-000208,CREAMLAND CREAM CHEESE · Hochland Cream · Chilled · 778660 / 778662,dairy,cream,,,liquid,STANDARD_ONLY,,MAIN_TECHNICAL_BLOCKED,NONE,,standard_product_not_flavour_main,mapper_basement v1.0 + published product_behavior_policy_versions,Verified
PI-ING-000209,CREMETTE CREAM CHEESE PASTEURISED · Hochland Cream · Chilled · 778805 / 778807,dairy,cream,,,liquid,STANDARD_ONLY,,MAIN_TECHNICAL_BLOCKED,NONE,,standard_product_not_flavour_main,mapper_basement v1.0 + published product_behavior_policy_versions,Verified
PI-ING-000210,CREMETTE CREAM CHEESE · Hochland Cream · Chilled · 778844 / 778842,dairy,cream,,,liquid,STANDARD_ONLY,,MAIN_TECHNICAL_BLOCKED,NONE,,standard_product_not_flavour_main,mapper_basement v1.0 + published product_behavior_policy_versions,Verified
PI-ING-000211,HONEYCOMB · Leagel Rippling Sauce · Chilled · 234301,dairy,cream,,,liquid,STANDARD_ONLY,,MAIN_TECHNICAL_BLOCKED,NONE,,standard_product_not_flavour_main,mapper_basement v1.0 + published product_behavior_policy_versions,Verified
PI-ING-000212,AMORENERO · Irca Cream · Chilled · 01011152,dairy,cream,,,liquid,STANDARD_ONLY,,MAIN_TECHNICAL_BLOCKED,NONE,,standard_product_not_flavour_main,mapper_basement v1.0 + published product_behavior_policy_versions,Verified
PI-ING-000213,CREAM COFFEE · Irca Cream · Chilled · 01011149,dairy,cream,,,liquid,STANDARD_ONLY,,MAIN_TECHNICAL_BLOCKED,NONE,,standard_product_not_flavour_main,mapper_basement v1.0 + published product_behavior_policy_versions,Verified
PI-ING-000214,CROCCANTISSIMO · Irca Cream · Chilled · 01011288,dairy,cream,,,liquid,STANDARD_ONLY,,MAIN_TECHNICAL_BLOCKED,NONE,,standard_product_not_flavour_main,mapper_basement v1.0 + published product_behavior_policy_versions,Verified
PI-ING-000215,DONATELLO · Irca Cream · Chilled · 01011076,dairy,cream,,,liquid,STANDARD_ONLY,,MAIN_TECHNICAL_BLOCKED,NONE,,standard_product_not_flavour_main,mapper_basement v1.0 + published product_behavior_policy_versions,Verified
PI-ING-000216,FRIZZI POP BLUE · Irca Cream · Chilled · 01010456,dairy,cream,,,liquid,STANDARD_ONLY,,MAIN_TECHNICAL_BLOCKED,NONE,,standard_product_not_flavour_main,mapper_basement v1.0 + published product_behavior_policy_versions,Verified
PI-ING-000217,FRIZZI POP PINK · Irca Cream · Chilled · 1012007,dairy,cream,,,liquid,STANDARD_ONLY,,MAIN_TECHNICAL_BLOCKED,NONE,,standard_product_not_flavour_main,mapper_basement v1.0 + published product_behavior_policy_versions,Verified
PI-ING-000218,NOCCIOLINA · Irca Cream · Chilled · 01011153,dairy,cream,,,liquid,STANDARD_ONLY,,MAIN_TECHNICAL_BLOCKED,NONE,,standard_product_not_flavour_main,mapper_basement v1.0 + published product_behavior_policy_versions,Verified
PI-ING-000219,SPECULOOS · Irca Cream · Chilled · 01010133,dairy,cream,,,liquid,STANDARD_ONLY,,MAIN_TECHNICAL_BLOCKED,NONE,,standard_product_not_flavour_main,mapper_basement v1.0 + published product_behavior_policy_versions,Verified
PI-ING-000220,WHITE · Irca Cream · Chilled · 01011063,dairy,cream,,,liquid,STANDARD_ONLY,,MAIN_TECHNICAL_BLOCKED,NONE,,standard_product_not_flavour_main,mapper_basement v1.0 + published product_behavior_policy_versions,Verified
PI-ING-000221,VANIGLIA MADAGASCAR BOURBON · Irca Cream · Chilled · 01100222,dairy,cream,,,liquid,STANDARD_ONLY,,MAIN_TECHNICAL_BLOCKED,NONE,,standard_product_not_flavour_main,mapper_basement v1.0 + published product_behavior_policy_versions,Verified
PI-ING-000222,KIWI · Fabbri Cream · Chilled · 0004287,dairy,cream,,,liquid,STANDARD_ONLY,,MAIN_TECHNICAL_BLOCKED,NONE,,standard_product_not_flavour_main,mapper_basement v1.0 + published product_behavior_policy_versions,Verified
PI-ING-000223,CREAM · Stella Cream · Chilled · 8513,dairy,cream,,,liquid,STANDARD_ONLY,,MAIN_TECHNICAL_BLOCKED,NONE,,standard_product_not_flavour_main,mapper_basement v1.0 + published product_behavior_policy_versions,Verified
PI-ING-000224,CREAM · Stella Variegato · Chilled · 8784,dairy,cream,,,liquid,STANDARD_ONLY,,MAIN_TECHNICAL_BLOCKED,NONE,,standard_product_not_flavour_main,mapper_basement v1.0 + published product_behavior_policy_versions,Verified
PI-ING-000225,LEMON CREAM · Stella Cream · Chilled · 8783,dairy,cream,,,liquid,STANDARD_ONLY,,MAIN_TECHNICAL_BLOCKED,NONE,,standard_product_not_flavour_main,mapper_basement v1.0 + published product_behavior_policy_versions,Verified
PI-ING-000226,LEMON PIE · Leagel Rippling Sauce · Chilled · 334130,dairy,cream,,,liquid,STANDARD_ONLY,,MAIN_TECHNICAL_BLOCKED,NONE,,standard_product_not_flavour_main,mapper_basement v1.0 + published product_behavior_policy_versions,Verified
PI-ING-000227,MANGO · Fabbri Cream · Chilled · 0004290,dairy,cream,,,liquid,STANDARD_ONLY,,MAIN_TECHNICAL_BLOCKED,NONE,,standard_product_not_flavour_main,mapper_basement v1.0 + published product_behavior_policy_versions,Verified
PI-ING-000228,MAPLE · Leagel Cream · Chilled · 353501,dairy,cream,,,liquid,STANDARD_ONLY,,MAIN_TECHNICAL_BLOCKED,NONE,,standard_product_not_flavour_main,mapper_basement v1.0 + published product_behavior_policy_versions,Verified
PI-ING-000229,SNACKOLOSO BUONO · Fabbri Cream · Chilled · 0031510,dairy,cream,,,liquid,STANDARD_ONLY,,MAIN_TECHNICAL_BLOCKED,NONE,,standard_product_not_flavour_main,mapper_basement v1.0 + published product_behavior_policy_versions,Verified
PI-ING-000230,SNACKOLOSO SPECULOOS · Fabbri Cream · Chilled · 0026421,dairy,cream,,,liquid,STANDARD_ONLY,,MAIN_TECHNICAL_BLOCKED,NONE,,standard_product_not_flavour_main,mapper_basement v1.0 + published product_behavior_policy_versions,Verified
PI-ING-000231,MASCARPONE CAMMINO D ORO · Dairy · Chilled,dairy,mascarpone_cheese,dairy_flavour,,,UNKNOWN_REQUIRES_EVIDENCE,,MAIN_CAPABLE_UNCALIBRATED,NONE,,,mapper_basement v1.0 + published product_behavior_policy_versions,Verified
PI-ING-000232,MASCARPONE CREAM CHEESE · Cream · Chilled,dairy,mascarpone_cream_cheese,,,,STANDARD_ONLY,,MAIN_TECHNICAL_BLOCKED,NONE,,standard_product_not_flavour_main,mapper_basement v1.0 + published product_behavior_policy_versions,Verified
PI-ING-000233,MERINGUE · PreGel Cream · Chilled · ST-25702,dairy,cream,,,liquid,STANDARD_ONLY,,MAIN_TECHNICAL_BLOCKED,NONE,,standard_product_not_flavour_main,mapper_basement v1.0 + published product_behavior_policy_versions,Verified
PI-ING-000234,MILK 1.5% · Milk · Chilled,dairy,milk,,,liquid,STANDARD_ONLY,,MAIN_TECHNICAL_BLOCKED,NONE,,standard_product_not_flavour_main,mapper_basement v1.0 + published product_behavior_policy_versions,Verified
PI-ING-000235,MILK 3.2% · Milk · Chilled,dairy,milk,,,liquid,STANDARD_ONLY,,MAIN_TECHNICAL_BLOCKED,NONE,,standard_product_not_flavour_main,mapper_basement v1.0 + published product_behavior_policy_versions,Verified
PI-ING-000236,MILK 3.5% · Milk · Chilled,dairy,milk,,,liquid,STANDARD_ONLY,,MAIN_TECHNICAL_BLOCKED,NONE,,standard_product_not_flavour_main,mapper_basement v1.0 + published product_behavior_policy_versions,Verified
PI-ING-000237,MILK PROTEIN CONCENTRATE WPC 75% · Milk,dairy,milk_protein_concentrate,,,concentrate,STANDARD_ONLY,,MAIN_TECHNICAL_BLOCKED,NONE,,standard_product_not_flavour_main,mapper_basement v1.0 + published product_behavior_policy_versions,Verified
PI-ING-000238,MINT · Fabbri Cream · Chilled · 0004294,dairy,cream,,,liquid,STANDARD_ONLY,,MAIN_TECHNICAL_BLOCKED,NONE,,standard_product_not_flavour_main,mapper_basement v1.0 + published product_behavior_policy_versions,Verified
PI-ING-000239,MUFFIN · Leagel Rippling Sauce · Chilled · 231201,dairy,cream,,,liquid,STANDARD_ONLY,,MAIN_TECHNICAL_BLOCKED,NONE,,standard_product_not_flavour_main,mapper_basement v1.0 + published product_behavior_policy_versions,Verified
PI-ING-000240,YOGURT GREEK TYPE 3.5% · Suprima Yogurt · Chilled,dairy,greek_yogurt,dairy_flavour,,,UNKNOWN_REQUIRES_EVIDENCE,,MAIN_CAPABLE_UNCALIBRATED,NONE,,,mapper_basement v1.0 + published product_behavior_policy_versions,Verified
PI-ING-000241,YOGURT · Chilled,dairy,natural_yogurt,dairy_flavour,,,UNKNOWN_REQUIRES_EVIDENCE,,MAIN_CAPABLE_UNCALIBRATED,NONE,,,mapper_basement v1.0 + published product_behavior_policy_versions,Verified
PI-ING-000242,PASSION · Leagel Rippling Sauce · Chilled · 332605,dairy,cream,,,liquid,STANDARD_ONLY,,MAIN_TECHNICAL_BLOCKED,NONE,,standard_product_not_flavour_main,mapper_basement v1.0 + published product_behavior_policy_versions,Verified
PI-ING-000243,BISCOTTO VEGANA · Essenza Cream · Chilled · ESS268L,dairy,cream,,,liquid,STANDARD_ONLY,,MAIN_TECHNICAL_BLOCKED,NONE,,standard_product_not_flavour_main,mapper_basement v1.0 + published product_behavior_policy_versions,Vegan/dairy-free verified / allergen label review required
PI-ING-000244,BLUE ANGEL · PreGel Cream · Chilled · ST-12372,dairy,cream,,,liquid,STANDARD_ONLY,,MAIN_TECHNICAL_BLOCKED,NONE,,standard_product_not_flavour_main,mapper_basement v1.0 + published product_behavior_policy_versions,Verified
PI-ING-000245,COFFEE COSTA DORO · PreGel Cream · Chilled · ST-28072,dairy,cream,,,liquid,STANDARD_ONLY,,MAIN_TECHNICAL_BLOCKED,NONE,,standard_product_not_flavour_main,mapper_basement v1.0 + published product_behavior_policy_versions,Verified
PI-ING-000246,FRENCH VANILLA · MEC3 Cream · Chilled · 14054A,dairy,cream,vanilla,,flavour_paste,MAIN_PROFILE_SPECIFIC,protein_gelato,MAIN_CAPABLE,EXACT_PRODUCT,main-protein-vanilla-0246,,mapper_basement v1.0 + published product_behavior_policy_versions,Verified
PI-ING-000247,FROLLITA · PreGel Cream · Chilled · ST-21932,dairy,cream,,,liquid,STANDARD_ONLY,,MAIN_TECHNICAL_BLOCKED,NONE,,standard_product_not_flavour_main,mapper_basement v1.0 + published product_behavior_policy_versions,Verified
PI-ING-000248,GRAN CAFFE COFFEE · Pernigotti Cream · Chilled · 12092301A,dairy,cream,,,liquid,STANDARD_ONLY,,MAIN_TECHNICAL_BLOCKED,NONE,,standard_product_not_flavour_main,mapper_basement v1.0 + published product_behavior_policy_versions,Verified
PI-ING-000249,IRISH COFFEE · PreGel Cream · Chilled · ST-24003,dairy,cream,,,liquid,STANDARD_ONLY,,MAIN_TECHNICAL_BLOCKED,NONE,,standard_product_not_flavour_main,mapper_basement v1.0 + published product_behavior_policy_versions,Verified
PI-ING-000250,SALTED CARAMEL PLUS · Aromitalia Cream · Chilled · 3033,dairy,cream,,,liquid,STANDARD_ONLY,,MAIN_TECHNICAL_BLOCKED,NONE,,standard_product_not_flavour_main,mapper_basement v1.0 + published product_behavior_policy_versions,Verified
PI-ING-000251,VANIGLIA MADAGASCAR · Giuso Cream · Chilled · 01214130,dairy,cream,,,liquid,STANDARD_ONLY,,MAIN_TECHNICAL_BLOCKED,NONE,,standard_product_not_flavour_main,mapper_basement v1.0 + published product_behavior_policy_versions,Verified
PI-ING-000252,THE MATCHA · Aromitalia Cream · Chilled · 2734,dairy,cream,,,liquid,STANDARD_ONLY,,MAIN_TECHNICAL_BLOCKED,NONE,,standard_product_not_flavour_main,mapper_basement v1.0 + published product_behavior_policy_versions,Verified
PI-ING-000253,CREMA · PreGel Cream · Chilled · DEL900 / ST-85072,dairy,cream,,,liquid,STANDARD_ONLY,,MAIN_TECHNICAL_BLOCKED,NONE,,standard_product_not_flavour_main,mapper_basement v1.0 + published product_behavior_policy_versions,Verified
PI-ING-000254,GREEN TEA · Gotta Cream · Chilled · 6169,dairy,cream,,,liquid,STANDARD_ONLY,,MAIN_TECHNICAL_BLOCKED,NONE,,standard_product_not_flavour_main,mapper_basement v1.0 + published product_behavior_policy_versions,Verified
PI-ING-000255,PASTOVOCREAM · Fabbri Cream · Chilled · 0004325,dairy,cream,,,liquid,STANDARD_ONLY,,MAIN_TECHNICAL_BLOCKED,NONE,,standard_product_not_flavour_main,mapper_basement v1.0 + published product_behavior_policy_versions,Verified
PI-ING-000256,PINEAPPLE · Fabbri Cream · Chilled · 0004310,dairy,cream,,,liquid,STANDARD_ONLY,,MAIN_TECHNICAL_BLOCKED,NONE,,standard_product_not_flavour_main,mapper_basement v1.0 + published product_behavior_policy_versions,Verified
PI-ING-000257,PIATNICA MASCARPONE CHEESE · Dairy · Chilled,dairy,mascarpone_cheese,dairy_flavour,,,UNKNOWN_REQUIRES_EVIDENCE,,MAIN_CAPABLE_UNCALIBRATED,NONE,,,mapper_basement v1.0 + published product_behavior_policy_versions,Verified
PI-ING-000258,POLISH CREAM 12% · Mlekovita Cream · Chilled,dairy,cream,,,liquid,STANDARD_ONLY,,MAIN_TECHNICAL_BLOCKED,NONE,,standard_product_not_flavour_main,mapper_basement v1.0 + published product_behavior_policy_versions,Verified
PI-ING-000259,POMEGRANATE · Leagel Rippling Sauce · Chilled · 334005,dairy,cream,,,liquid,STANDARD_ONLY,,MAIN_TECHNICAL_BLOCKED,NONE,,standard_product_not_flavour_main,mapper_basement v1.0 + published product_behavior_policy_versions,Verified
PI-ING-000260,CREAM · Mlekovita Cream,dairy,cream,,,liquid,STANDARD_ONLY,,MAIN_TECHNICAL_BLOCKED,NONE,,standard_product_not_flavour_main,mapper_basement v1.0 + published product_behavior_policy_versions,Verified
PI-ING-000262,PRALIN DELICRISP PISTACHE · Irca Cream · Chilled · 01011554,dairy,cream,,,liquid,STANDARD_ONLY,,MAIN_TECHNICAL_BLOCKED,NONE,,standard_product_not_flavour_main,mapper_basement v1.0 + published product_behavior_policy_versions,Verified
PI-ING-000263,PRALIN DELICRISP TROPICAL · Irca Cream · Chilled · 01011967,dairy,cream,,,liquid,STANDARD_ONLY,,MAIN_TECHNICAL_BLOCKED,NONE,,standard_product_not_flavour_main,mapper_basement v1.0 + published product_behavior_policy_versions,Verified
PI-ING-000264,PROTEIN GEL WPC · Sempre Dairy · SEMPRE230,dairy,whey_protein_concentrate_powder,,,concentrate,STANDARD_ONLY,,MAIN_TECHNICAL_BLOCKED,NONE,,standard_product_not_flavour_main,mapper_basement v1.0 + published product_behavior_policy_versions,Verified
PI-ING-000265,RASPBERRY · Leagel Rippling Sauce · Chilled · 331805,dairy,cream,,,liquid,STANDARD_ONLY,,MAIN_TECHNICAL_BLOCKED,NONE,,standard_product_not_flavour_main,mapper_basement v1.0 + published product_behavior_policy_versions,Verified
PI-ING-000266,RICOTTA CHEESE · Dairy · Chilled,dairy,ricotta_cheese,,,,STANDARD_ONLY,,MAIN_TECHNICAL_BLOCKED,NONE,,standard_product_not_flavour_main,mapper_basement v1.0 + published product_behavior_policy_versions,Verified
PI-ING-000267,SALTED CARMEL CREAM · Alfapro Cream · Chilled · 0023108,dairy,cream,,,liquid,STANDARD_ONLY,,MAIN_TECHNICAL_BLOCKED,NONE,,standard_product_not_flavour_main,mapper_basement v1.0 + published product_behavior_policy_versions,Verified
PI-ING-000268,SALTED TOFFEE · Master Martini Variegato · Chilled · AJ01AW,dairy,cream,,,liquid,STANDARD_ONLY,,MAIN_TECHNICAL_BLOCKED,NONE,,standard_product_not_flavour_main,mapper_basement v1.0 + published product_behavior_policy_versions,Verified
PI-ING-000269,COFFEE · Master Martini Cream · Chilled · AJ00AG,dairy,cream,,,liquid,STANDARD_ONLY,,MAIN_TECHNICAL_BLOCKED,NONE,,standard_product_not_flavour_main,mapper_basement v1.0 + published product_behavior_policy_versions,Verified
PI-ING-000270,SKIMMED MILK · Milk,dairy,skimmed_milk_powder,,,powder,STANDARD_ONLY,,MAIN_TECHNICAL_BLOCKED,NONE,,standard_product_not_flavour_main,mapper_basement v1.0 + published product_behavior_policy_versions,Verified
PI-ING-000271,SNACKOLOSO OVETTO · Fabbri Cream · Chilled · 0030251,dairy,cream,,,liquid,STANDARD_ONLY,,MAIN_TECHNICAL_BLOCKED,NONE,,standard_product_not_flavour_main,mapper_basement v1.0 + published product_behavior_policy_versions,Verified
PI-ING-000272,SNACKOLOSO SALTED CARAMEL TASTE · Fabbri Cream · Chilled · 0026419,dairy,cream,,,liquid,STANDARD_ONLY,,MAIN_TECHNICAL_BLOCKED,NONE,,standard_product_not_flavour_main,mapper_basement v1.0 + published product_behavior_policy_versions,Verified
PI-ING-000273,STRAWBERRY · PreGel Cream · Chilled · ST-10306,dairy,cream,,,liquid,STANDARD_ONLY,,MAIN_TECHNICAL_BLOCKED,NONE,,standard_product_not_flavour_main,mapper_basement v1.0 + published product_behavior_policy_versions,Verified
PI-ING-000274,SWEETENED CONDENSED MILK · Milk · Chilled,dairy,sweetened_condensed_milk,,,,STANDARD_ONLY,,MAIN_TECHNICAL_BLOCKED,NONE,,standard_product_not_flavour_main,mapper_basement v1.0 + published product_behavior_policy_versions,Verified
PI-ING-000275,GIUSO · Amarena Cream · Chilled · 00610014A,dairy,cream,,,liquid,STANDARD_ONLY,,MAIN_TECHNICAL_BLOCKED,NONE,,standard_product_not_flavour_main,mapper_basement v1.0 + published product_behavior_policy_versions,Verified
PI-ING-000276,CARAMEL · Giuso Cream · Chilled · 00612014,dairy,cream,,,liquid,STANDARD_ONLY,,MAIN_TECHNICAL_BLOCKED,NONE,,standard_product_not_flavour_main,mapper_basement v1.0 + published product_behavior_policy_versions,Verified
PI-ING-000277,CARAMEL · Giuso Cream · Chilled · 00612014A,dairy,cream,,,liquid,STANDARD_ONLY,,MAIN_TECHNICAL_BLOCKED,NONE,,standard_product_not_flavour_main,mapper_basement v1.0 + published product_behavior_policy_versions,Verified
PI-ING-000278,CARAMEL MOU · Expertarom Cream · Chilled · 870729,dairy,cream,,,liquid,STANDARD_ONLY,,MAIN_TECHNICAL_BLOCKED,NONE,,standard_product_not_flavour_main,mapper_basement v1.0 + published product_behavior_policy_versions,Verified
PI-ING-000279,DULCE LECHE RAFFOLE · Huso Cream · Chilled · FT008,dairy,cream,,,liquid,STANDARD_ONLY,,MAIN_TECHNICAL_BLOCKED,NONE,,standard_product_not_flavour_main,mapper_basement v1.0 + published product_behavior_policy_versions,Verified
PI-ING-000280,LAMPONE · Giuso Cream · Chilled · 00621014,dairy,cream,,,liquid,STANDARD_ONLY,,MAIN_TECHNICAL_BLOCKED,NONE,,standard_product_not_flavour_main,mapper_basement v1.0 + published product_behavior_policy_versions,Verified
PI-ING-000281,MANGO ALPHONSO · PreGel Cream · Chilled · ST-20906,dairy,cream,,,liquid,STANDARD_ONLY,,MAIN_TECHNICAL_BLOCKED,NONE,,standard_product_not_flavour_main,mapper_basement v1.0 + published product_behavior_policy_versions,Verified
PI-ING-000282,TOFFEE MOU · Comprital Cream · Chilled · PC317,dairy,cream,,,liquid,STANDARD_ONLY,,MAIN_TECHNICAL_BLOCKED,NONE,,standard_product_not_flavour_main,mapper_basement v1.0 + published product_behavior_policy_versions,Verified
PI-ING-000283,SWEET FAT MILK LACTOSE · Valio Eila Milk,dairy,lactose_free_skimmed_milk_powder,,,powder,STANDARD_ONLY,,MAIN_TECHNICAL_BLOCKED,NONE,,standard_product_not_flavour_main,mapper_basement v1.0 + published product_behavior_policy_versions,Verified
PI-ING-000284,SWEET LACTOSE WHOLE MILK · Valio Eila Milk,dairy,lactose_free_whole_milk_powder,,,powder,STANDARD_ONLY,,MAIN_TECHNICAL_BLOCKED,NONE,,standard_product_not_flavour_main,mapper_basement v1.0 + published product_behavior_policy_versions,Verified
PI-ING-000285,LACTOSE SKIMMED MILK · Valio Eila PRO Milk,dairy,lactose_free_skimmed_milk_powder,,,powder,STANDARD_ONLY,,MAIN_TECHNICAL_BLOCKED,NONE,,standard_product_not_flavour_main,mapper_basement v1.0 + published product_behavior_policy_versions,Verified
PI-ING-000286,LACTOSE WHOLE MILK · Valio Eila PRO Milk,dairy,lactose_free_whole_milk_powder,,,powder,STANDARD_ONLY,,MAIN_TECHNICAL_BLOCKED,NONE,,standard_product_not_flavour_main,mapper_basement v1.0 + published product_behavior_policy_versions,Verified
PI-ING-000287,VANILLA PODS · Leagel Cream · Chilled · 312705,dairy,cream,,,liquid,STANDARD_ONLY,,MAIN_TECHNICAL_BLOCKED,NONE,,standard_product_not_flavour_main,mapper_basement v1.0 + published product_behavior_policy_versions,Verified
PI-ING-000288,VANILLA · Fugar Cream · Chilled · 41279,dairy,cream,,,liquid,STANDARD_ONLY,,MAIN_TECHNICAL_BLOCKED,NONE,,standard_product_not_flavour_main,mapper_basement v1.0 + published product_behavior_policy_versions,Verified
PI-ING-000289,VANILLA GOLD · Leagel Cream · Chilled · 312505 / 312530,dairy,cream,,,liquid,STANDARD_ONLY,,MAIN_TECHNICAL_BLOCKED,NONE,,standard_product_not_flavour_main,mapper_basement v1.0 + published product_behavior_policy_versions,Verified
PI-ING-000290,VANILLA · Sempre Cream · Chilled · SEMPRE289 / 110005,dairy,cream,,,liquid,STANDARD_ONLY,,MAIN_TECHNICAL_BLOCKED,NONE,,standard_product_not_flavour_main,mapper_basement v1.0 + published product_behavior_policy_versions,Verified
PI-ING-000291,VANILLA TAHITI N WHITE · PreGel Cream · Chilled · ST-48902,dairy,cream,,,liquid,STANDARD_ONLY,,MAIN_TECHNICAL_BLOCKED,NONE,,standard_product_not_flavour_main,mapper_basement v1.0 + published product_behavior_policy_versions,Verified
PI-ING-000292,VANILLA VENUS · Backaldrin Cream · Chilled · 873344,dairy,cream,,,liquid,STANDARD_ONLY,,MAIN_TECHNICAL_BLOCKED,NONE,,standard_product_not_flavour_main,mapper_basement v1.0 + published product_behavior_policy_versions,Verified
PI-ING-000293,VANILLE KALTCREMEPULVER · Backaldrin Cream · 504700,dairy,cream,,,liquid,STANDARD_ONLY,,MAIN_TECHNICAL_BLOCKED,NONE,,standard_product_not_flavour_main,mapper_basement v1.0 + published product_behavior_policy_versions,Verified
PI-ING-000294,WPC 60% · Dairy,dairy,whey_protein_concentrate,,,concentrate,STANDARD_ONLY,,MAIN_TECHNICAL_BLOCKED,NONE,,standard_product_not_flavour_main,mapper_basement v1.0 + published product_behavior_policy_versions,Verified
PI-ING-000295,WPC 80% · Dairy,dairy,whey_protein_concentrate,,,concentrate,STANDARD_ONLY,,MAIN_TECHNICAL_BLOCKED,NONE,,standard_product_not_flavour_main,mapper_basement v1.0 + published product_behavior_policy_versions,Verified
PI-ING-000296,WHOLE MILK · Milk,dairy,whole_milk_powder,,,powder,STANDARD_ONLY,,MAIN_TECHNICAL_BLOCKED,NONE,,standard_product_not_flavour_main,mapper_basement v1.0 + published product_behavior_policy_versions,Verified
PI-ING-000297,YOGURT 5% · Yogurt · Chilled,dairy,natural_yogurt,dairy_flavour,,,UNKNOWN_REQUIRES_EVIDENCE,,MAIN_CAPABLE_UNCALIBRATED,NONE,,,mapper_basement v1.0 + published product_behavior_policy_versions,Verified
PI-ING-000298,FABBRISOFT · Emulsifier · 0004494,emulsifier,liquid_emulsifier,,,,STRUCTURAL_ONLY,,MAIN_TECHNICAL_BLOCKED,NONE,,structural_product_not_flavour_main,mapper_basement v1.0 + published product_behavior_policy_versions,Verified
PI-ING-000299,CANOLA OIL · Fat,fat,canola_oil,,,,STANDARD_ONLY,,MAIN_TECHNICAL_BLOCKED,NONE,,standard_product_not_flavour_main,mapper_basement v1.0 + published product_behavior_policy_versions,Verified
PI-ING-000300,LINSEED OIL · Fat,fat,linseed_oil,,,,STANDARD_ONLY,,MAIN_TECHNICAL_BLOCKED,NONE,,standard_product_not_flavour_main,mapper_basement v1.0 + published product_behavior_policy_versions,Verified
PI-ING-000301,OIL COCOA BUTTER · Fat,fat,cocoa_butter,,,,STANDARD_ONLY,,MAIN_TECHNICAL_BLOCKED,NONE,,standard_product_not_flavour_main,mapper_basement v1.0 + published product_behavior_policy_versions,Verified
PI-ING-000302,OIL SESAME · Fat,fat,sesame_oil,,,,STANDARD_ONLY,,MAIN_TECHNICAL_BLOCKED,NONE,,standard_product_not_flavour_main,mapper_basement v1.0 + published product_behavior_policy_versions,Verified
PI-ING-000303,OLIVE OIL · Fat,fat,olive_oil,,,,STANDARD_ONLY,,MAIN_TECHNICAL_BLOCKED,NONE,,standard_product_not_flavour_main,mapper_basement v1.0 + published product_behavior_policy_versions,Verified
PI-ING-000304,POP CORN OIL SALT · Fat,fat,fat_oil,,,,STANDARD_ONLY,,MAIN_TECHNICAL_BLOCKED,NONE,,standard_product_not_flavour_main,mapper_basement v1.0 + published product_behavior_policy_versions,Verified
PI-ING-000305,SUNFLOWER OIL · Fat,fat,sunflower_oil,,,,STANDARD_ONLY,,MAIN_TECHNICAL_BLOCKED,NONE,,standard_product_not_flavour_main,mapper_basement v1.0 + published product_behavior_policy_versions,Verified
PI-ING-000306,VITACEL CITRUS FIBER JRS · RS Fibers for life · CF312F,fiber,citrus_fiber,,,,STRUCTURAL_ONLY,,MAIN_TECHNICAL_BLOCKED,NONE,,structural_product_not_flavour_main,mapper_basement v1.0 + published product_behavior_policy_versions,Verified
PI-ING-000307,CARAMELLATE CARAMEL MILK · PreGel Paste · ST-17206,flavor_paste,flavored_ice_cream_filling_paste,,,flavour_paste,UNKNOWN_REQUIRES_EVIDENCE,,MAIN_CAPABLE_UNCALIBRATED,NONE,,,mapper_basement v1.0 + published product_behavior_policy_versions,Verified
PI-ING-000308,CARAMEL · Fabbri Paste · 07062014,flavor_paste,flavor_paste,,,flavour_paste,UNKNOWN_REQUIRES_EVIDENCE,,MAIN_CAPABLE_UNCALIBRATED,NONE,,,mapper_basement v1.0 + published product_behavior_policy_versions,Verified
PI-ING-000309,CREMA AMORETTA SALTED BUTTER · Aromitalia Rippling Sauce · 3353,flavor_paste,salted_butter_caramel_ripple_paste,caramel,,flavour_paste,MAIN_ALLOWED,,MAIN_CAPABLE_UNCALIBRATED,NONE,,,mapper_basement v1.0 + published product_behavior_policy_versions,Verified
PI-ING-000310,WHITE CHOCOLATE · Fabbri Paste · 0009835,flavor_paste,white_chocolate_paste,,,flavour_paste,UNKNOWN_REQUIRES_EVIDENCE,,MAIN_CAPABLE_UNCALIBRATED,NONE,,,mapper_basement v1.0 + published product_behavior_policy_versions,Verified
PI-ING-000311,CHOCOLATE · Fabbri Paste · 0004266,flavor_paste,chocolate_paste,,,flavour_paste,UNKNOWN_REQUIRES_EVIDENCE,,MAIN_CAPABLE_UNCALIBRATED,NONE,,,mapper_basement v1.0 + published product_behavior_policy_versions,Verified
PI-ING-000312,CREAM LIQUEUR · Dreidoppel Paste · 29506,flavor_paste,cream_liqueur,,,flavour_paste,UNKNOWN_REQUIRES_EVIDENCE,,MAIN_CAPABLE_UNCALIBRATED,NONE,,,mapper_basement v1.0 + published product_behavior_policy_versions,Verified
PI-ING-000313,MILK COCOA · Irca Paste · 01010020,flavor_paste,layering_paste,,,flavour_paste,UNKNOWN_REQUIRES_EVIDENCE,,MAIN_CAPABLE_UNCALIBRATED,NONE,,,mapper_basement v1.0 + published product_behavior_policy_versions,Verified
PI-ING-000314,RICOTTA · Irca Paste · 01100292,flavor_paste,ricotta_flavoring_ice_cream_paste,,,flavour_paste,UNKNOWN_REQUIRES_EVIDENCE,,MAIN_CAPABLE_UNCALIBRATED,NONE,,,mapper_basement v1.0 + published product_behavior_policy_versions,Verified
PI-ING-000315,WHITE CHOCOLATE · Irca Paste · 01011202,flavor_paste,white_chocolate_paste,,,flavour_paste,UNKNOWN_REQUIRES_EVIDENCE,,MAIN_CAPABLE_UNCALIBRATED,NONE,,,mapper_basement v1.0 + published product_behavior_policy_versions,Verified
PI-ING-000316,LIQUORICE · Paste,flavor_paste,liquorice,,,flavour_paste,UNKNOWN_REQUIRES_EVIDENCE,,MAIN_CAPABLE_UNCALIBRATED,NONE,,,mapper_basement v1.0 + published product_behavior_policy_versions,Verified
PI-ING-000317,MASCARPONE TORRONALBA · Paste · 0492,flavor_paste,mascarpone_flavored_ice_cream_paste,,,flavour_paste,UNKNOWN_REQUIRES_EVIDENCE,,MAIN_CAPABLE_UNCALIBRATED,NONE,,,mapper_basement v1.0 + published product_behavior_policy_versions,Verified
PI-ING-000318,CHOCOLATE · Stella Paste · 8516,flavor_paste,no_sugar_chocolate_paste,,,flavour_paste,UNKNOWN_REQUIRES_EVIDENCE,,MAIN_CAPABLE_UNCALIBRATED,NONE,,,mapper_basement v1.0 + published product_behavior_policy_versions,Verified
PI-ING-000319,PANNACREMA MASCARPONE · PreGel Paste · ST-29476,flavor_paste,mascarpone_flavored_ice_cream_paste,,,flavour_paste,UNKNOWN_REQUIRES_EVIDENCE,,MAIN_CAPABLE_UNCALIBRATED,NONE,,,mapper_basement v1.0 + published product_behavior_policy_versions,Verified
PI-ING-000320,CAFFE LACTOSE · Essenza Paste · ESS251A,flavor_paste,coffee_lactose_free_paste,coffee,,flavour_paste,MAIN_ALLOWED,,MAIN_CAPABLE_UNCALIBRATED,NONE,,,mapper_basement v1.0 + published product_behavior_policy_versions,Verified
PI-ING-000321,CREMA WHISKY · Aromitalia Paste · 2314,flavor_paste,whisky,,,flavour_paste,UNKNOWN_REQUIRES_EVIDENCE,,MAIN_CAPABLE_UNCALIBRATED,NONE,,,mapper_basement v1.0 + published product_behavior_policy_versions,Verified
PI-ING-000322,MILK STRAWBERRY KAMES · MEC3 Paste · 18047A,flavor_paste,flavored_ice_cream_paste,,,flavour_paste,UNKNOWN_REQUIRES_EVIDENCE,,MAIN_CAPABLE_UNCALIBRATED,NONE,,,mapper_basement v1.0 + published product_behavior_policy_versions,Verified
PI-ING-000323,VANIGLIA VEGANA · Essenza Paste · ESS270L,flavor_paste,flavor_paste,,,flavour_paste,UNKNOWN_REQUIRES_EVIDENCE,,MAIN_CAPABLE_UNCALIBRATED,NONE,,,mapper_basement v1.0 + published product_behavior_policy_versions,Verified
PI-ING-000324,WHISKY CREAM CONCENTRATA · MEC3 Paste · 14089,flavor_paste,whisky_cream,,,flavour_paste,UNKNOWN_REQUIRES_EVIDENCE,,MAIN_CAPABLE_UNCALIBRATED,NONE,,,mapper_basement v1.0 + published product_behavior_policy_versions,Verified
PI-ING-000325,WHISKY · Giuso Paste · 01213130B,flavor_paste,whisky,,,flavour_paste,UNKNOWN_REQUIRES_EVIDENCE,,MAIN_CAPABLE_UNCALIBRATED,NONE,,,mapper_basement v1.0 + published product_behavior_policy_versions,Verified
PI-ING-000326,YOGURT GRECO · Comprital Paste · P1187,flavor_paste,yogurt_flavored_ice_cream_paste,,,flavour_paste,UNKNOWN_REQUIRES_EVIDENCE,,MAIN_CAPABLE_UNCALIBRATED,NONE,,,mapper_basement v1.0 + published product_behavior_policy_versions,Verified
PI-ING-000327,YOGURT · Gotta Paste · 6262,flavor_paste,yogurt_flavored_ice_cream_paste,,,flavour_paste,UNKNOWN_REQUIRES_EVIDENCE,,MAIN_CAPABLE_UNCALIBRATED,NONE,,,mapper_basement v1.0 + published product_behavior_policy_versions,Verified
PI-ING-000328,PROSECCO WHITE WINE · Barbara Luijckx Paste,flavor_paste,prosecco,,,flavour_paste,UNKNOWN_REQUIRES_EVIDENCE,,MAIN_CAPABLE_UNCALIBRATED,NONE,,,mapper_basement v1.0 + published product_behavior_policy_versions,Verified
PI-ING-000329,RICOTTA CR · CFC Paste,flavor_paste,ricotta_flavored_paste,,,flavour_paste,UNKNOWN_REQUIRES_EVIDENCE,,MAIN_CAPABLE_UNCALIBRATED,NONE,,,mapper_basement v1.0 + published product_behavior_policy_versions,Verified
PI-ING-000330,SALTED BUTTER CARAMEL TRADITIONAL · PreGel Paste · ST-64702,flavor_paste,salted_butter_caramel_paste,caramel,,flavour_paste,MAIN_ALLOWED,,MAIN_CAPABLE_UNCALIBRATED,NONE,,,mapper_basement v1.0 + published product_behavior_policy_versions,Verified
PI-ING-000331,SALTED BUTTER · Backaldrin Paste · 873369,flavor_paste,salted_butter_paste,,,flavour_paste,UNKNOWN_REQUIRES_EVIDENCE,,MAIN_CAPABLE_UNCALIBRATED,NONE,,,mapper_basement v1.0 + published product_behavior_policy_versions,Verified
PI-ING-000332,CHOCOLATE · PreGel Paste · ST-10206,flavor_paste,chocolate_topping,,,flavour_paste,UNKNOWN_REQUIRES_EVIDENCE,,MAIN_CAPABLE_UNCALIBRATED,NONE,,,mapper_basement v1.0 + published product_behavior_policy_versions,Verified
PI-ING-000333,VANILLA · Stella Paste · 8642,flavor_paste,flavor_paste,,,flavour_paste,UNKNOWN_REQUIRES_EVIDENCE,,MAIN_CAPABLE_UNCALIBRATED,NONE,,,mapper_basement v1.0 + published product_behavior_policy_versions,Verified
PI-ING-000334,VANILLA · Pi-NUTS Paste,flavor_paste,vanilla_paste,vanilla,,flavour_paste,MAIN_ALLOWED,,MAIN_CAPABLE_UNCALIBRATED,NONE,,,mapper_basement v1.0 + published product_behavior_policy_versions,Verified
PI-ING-000335,CONCENTRATO CREMA WHISKY · Aromitalia Variegato · 2550,flavor_paste,whisky_variegato,,,flavour_paste,UNKNOWN_REQUIRES_EVIDENCE,,MAIN_CAPABLE_UNCALIBRATED,NONE,,,mapper_basement v1.0 + published product_behavior_policy_versions,Verified
PI-ING-000336,WHISKY · Comprital Variegato · PC524P,flavor_paste,whisky_variegato,,,flavour_paste,UNKNOWN_REQUIRES_EVIDENCE,,MAIN_CAPABLE_UNCALIBRATED,NONE,,,mapper_basement v1.0 + published product_behavior_policy_versions,Verified
PI-ING-000337,WHITE CHOCOLATE · PreGel Paste · ST-55502,flavor_paste,white_chocolate_paste,,,flavour_paste,UNKNOWN_REQUIRES_EVIDENCE,,MAIN_CAPABLE_UNCALIBRATED,NONE,,,mapper_basement v1.0 + published product_behavior_policy_versions,Verified
PI-ING-000338,WHITE CHOCOLATE PEANUT · PreGel Paste · ST-18202,flavor_paste,white_chocolate_paste,,,flavour_paste,UNKNOWN_REQUIRES_EVIDENCE,,MAIN_CAPABLE_UNCALIBRATED,NONE,,,mapper_basement v1.0 + published product_behavior_policy_versions,Verified
PI-ING-000339,MANGO CHATO · Kuchenna Adrenalina Puree · Frozen/Chilled · 100% Fruit,fruit,fruit_puree,fruit,mango_tropical,puree,MAIN_PROFILE_SPECIFIC,milk_gelato,MAIN_CAPABLE,FAMILY,main-fruit-puree-dairy,,mapper_basement v1.0 + published product_behavior_policy_versions,Verified
PI-ING-000340,MANGO CHATO · Puree · Frozen/Chilled · 100% Fruit,fruit,fruit_puree,fruit,mango_tropical,puree,MAIN_PROFILE_SPECIFIC,milk_gelato|sorbet,MAIN_CAPABLE,EXACT_PRODUCT,main-fruit-puree-dairy|main-sorbet-mango-puree-0340,,mapper_basement v1.0 + published product_behavior_policy_versions,Estimated
PI-ING-000341,ACAI BERRIES · Fresh Fruit,fruit,fresh_fruit_profile,fruit,,fresh,MAIN_PROFILE_SPECIFIC,milk_gelato,MAIN_CAPABLE,FAMILY,main-fruit-fresh-dairy,,mapper_basement v1.0 + published product_behavior_policy_versions,Estimated
PI-ING-000342,APPLE · Puree · Frozen/Chilled,fruit,fruit_puree,fruit,,puree,MAIN_PROFILE_SPECIFIC,milk_gelato,MAIN_CAPABLE,FAMILY,main-fruit-puree-dairy,,mapper_basement v1.0 + published product_behavior_policy_versions,Estimated
PI-ING-000343,APPLE · Fresh Fruit,fruit,fresh_fruit_profile,fruit,,fresh,MAIN_PROFILE_SPECIFIC,milk_gelato,MAIN_CAPABLE,FAMILY,main-fruit-fresh-dairy,,mapper_basement v1.0 + published product_behavior_policy_versions,Estimated
PI-ING-000344,APRICOTS · Fresh Fruit,fruit,fresh_fruit_profile,fruit,,fresh,MAIN_PROFILE_SPECIFIC,milk_gelato,MAIN_CAPABLE,FAMILY,main-fruit-fresh-dairy,,mapper_basement v1.0 + published product_behavior_policy_versions,Estimated
PI-ING-000345,BANANA · Fresh Fruit,fruit,fresh_fruit_profile,fruit,banana,fresh,MAIN_PROFILE_SPECIFIC,milk_gelato|protein_gelato,MAIN_CAPABLE,EXACT_PRODUCT,main-banana-fresh-dairy|main-fruit-fresh-dairy|main-protein-banana-0345,,mapper_basement v1.0 + published product_behavior_policy_versions,Estimated
PI-ING-000346,BLACK CURRANT · Fresh Fruit,fruit,fresh_fruit_profile,fruit,berry,fresh,MAIN_PROFILE_SPECIFIC,milk_gelato,MAIN_CAPABLE,FAMILY,main-berry-fresh-dairy|main-fruit-fresh-dairy,,mapper_basement v1.0 + published product_behavior_policy_versions,Estimated
PI-ING-000347,BLUEBERRY · Fresh Fruit,fruit,fresh_fruit_profile,fruit,berry,fresh,MAIN_PROFILE_SPECIFIC,milk_gelato,MAIN_CAPABLE,FAMILY,main-berry-fresh-dairy|main-fruit-fresh-dairy,,mapper_basement v1.0 + published product_behavior_policy_versions,Estimated
PI-ING-000348,CARAMBOLA · Fresh Fruit,fruit,fresh_fruit_profile,fruit,,fresh,MAIN_PROFILE_SPECIFIC,milk_gelato,MAIN_CAPABLE,FAMILY,main-fruit-fresh-dairy,,mapper_basement v1.0 + published product_behavior_policy_versions,Estimated
PI-ING-000349,CHERIMOYA · Fresh Fruit,fruit,fresh_fruit_profile,fruit,,fresh,MAIN_PROFILE_SPECIFIC,milk_gelato,MAIN_CAPABLE,FAMILY,main-fruit-fresh-dairy,,mapper_basement v1.0 + published product_behavior_policy_versions,Estimated
PI-ING-000350,CHERRY TOMATOES · Fresh Fruit,fruit,fresh_fruit_profile,fruit,,fresh,MAIN_PROFILE_SPECIFIC,milk_gelato,MAIN_CAPABLE,FAMILY,main-fruit-fresh-dairy,,mapper_basement v1.0 + published product_behavior_policy_versions,Estimated
PI-ING-000351,DATE DRIED · Fresh Fruit,fruit,dried_fruit,fruit,,dried,MAIN_ALLOWED,,MAIN_CAPABLE_UNCALIBRATED,NONE,,,mapper_basement v1.0 + published product_behavior_policy_versions,Estimated
PI-ING-000352,ELDERBERRY · Fresh Fruit,fruit,fresh_fruit_profile,fruit,berry,fresh,MAIN_PROFILE_SPECIFIC,milk_gelato,MAIN_CAPABLE,FAMILY,main-berry-fresh-dairy|main-fruit-fresh-dairy,,mapper_basement v1.0 + published product_behavior_policy_versions,Estimated
PI-ING-000353,FIG DRIED · Fresh Fruit,fruit,dried_fruit,fruit,,dried,MAIN_ALLOWED,,MAIN_CAPABLE_UNCALIBRATED,NONE,,,mapper_basement v1.0 + published product_behavior_policy_versions,Estimated
PI-ING-000354,FIGS · Fresh Fruit,fruit,fresh_fruit_profile,fruit,,fresh,MAIN_PROFILE_SPECIFIC,milk_gelato,MAIN_CAPABLE,FAMILY,main-fruit-fresh-dairy,,mapper_basement v1.0 + published product_behavior_policy_versions,Estimated
PI-ING-000355,BLACKBERRIES · Frozen Fruit,fruit,frozen_fruit,fruit,berry,frozen,MAIN_ALLOWED,,MAIN_CAPABLE_UNCALIBRATED,NONE,,,mapper_basement v1.0 + published product_behavior_policy_versions,Estimated
PI-ING-000356,BLACKCURRANT · Frozen Fruit,fruit,frozen_fruit,fruit,berry,frozen,MAIN_ALLOWED,,MAIN_CAPABLE_UNCALIBRATED,NONE,,,mapper_basement v1.0 + published product_behavior_policy_versions,Estimated
PI-ING-000357,BLONDE ORANGE · Campisi Citrus Juice · Frozen · BIO,fruit,fruit_juice,fruit,citrus,juice,MAIN_ALLOWED,,MAIN_CAPABLE_UNCALIBRATED,NONE,,,mapper_basement v1.0 + published product_behavior_policy_versions,Verified
PI-ING-000358,BLOOD ORANGE · Campisi Citrus Juice · Frozen · BIO,fruit,fruit_juice,fruit,citrus,juice,MAIN_ALLOWED,,MAIN_CAPABLE_UNCALIBRATED,NONE,,,mapper_basement v1.0 + published product_behavior_policy_versions,Verified
PI-ING-000359,RASPBERRY · Frozen Fruit,fruit,frozen_fruit,fruit,berry,frozen,MAIN_ALLOWED,,MAIN_CAPABLE_UNCALIBRATED,NONE,,,mapper_basement v1.0 + published product_behavior_policy_versions,Estimated
PI-ING-000360,WATERMELON · Campisi Citrus Juice · Frozen,fruit,fruit_juice,fruit,citrus,juice,MAIN_ALLOWED,,MAIN_CAPABLE_UNCALIBRATED,NONE,,,mapper_basement v1.0 + published product_behavior_policy_versions,Verified
PI-ING-000361,GOOSEBERRY · Fresh Fruit,fruit,fresh_fruit_profile,fruit,berry,fresh,MAIN_PROFILE_SPECIFIC,milk_gelato,MAIN_CAPABLE,FAMILY,main-berry-fresh-dairy|main-fruit-fresh-dairy,,mapper_basement v1.0 + published product_behavior_policy_versions,Estimated
PI-ING-000362,GRAPEFRUIT SQUEEZED · Juice · Frozen/Chilled,fruit,fruit_juice,fruit,citrus,juice,MAIN_ALLOWED,,MAIN_CAPABLE_UNCALIBRATED,NONE,,,mapper_basement v1.0 + published product_behavior_policy_versions,Estimated
PI-ING-000363,GRAPEFRUIT · Fresh Fruit,fruit,fresh_fruit_profile,fruit,citrus,fresh,MAIN_PROFILE_SPECIFIC,milk_gelato,MAIN_CAPABLE,FAMILY,main-fruit-fresh-dairy,,mapper_basement v1.0 + published product_behavior_policy_versions,Estimated
PI-ING-000364,GUAVA · Fresh Fruit,fruit,fresh_fruit_profile,fruit,mango_tropical,fresh,MAIN_PROFILE_SPECIFIC,milk_gelato,MAIN_CAPABLE,FAMILY,main-fruit-fresh-dairy,,mapper_basement v1.0 + published product_behavior_policy_versions,Estimated
PI-ING-000365,HASKAP BERRY · Fresh Fruit,fruit,fresh_fruit_profile,fruit,,fresh,MAIN_PROFILE_SPECIFIC,milk_gelato,MAIN_CAPABLE,FAMILY,main-fruit-fresh-dairy,,mapper_basement v1.0 + published product_behavior_policy_versions,Estimated
PI-ING-000366,KIWI · Fresh Fruit,fruit,fresh_fruit_profile,fruit,kiwi,fresh,MAIN_PROFILE_SPECIFIC,milk_gelato,MAIN_CAPABLE,FAMILY,main-fruit-fresh-dairy|main-kiwi-fresh-dairy,,mapper_basement v1.0 + published product_behavior_policy_versions,Estimated
PI-ING-000367,KUMQUATS · Fresh Fruit,fruit,fresh_fruit_profile,fruit,,fresh,MAIN_PROFILE_SPECIFIC,milk_gelato,MAIN_CAPABLE,FAMILY,main-fruit-fresh-dairy,,mapper_basement v1.0 + published product_behavior_policy_versions,Estimated
PI-ING-000368,LEMON SQUEEZED · Juice · Frozen/Chilled,fruit,fruit_juice,fruit,citrus,juice,MAIN_ALLOWED,,MAIN_CAPABLE_UNCALIBRATED,NONE,,,mapper_basement v1.0 + published product_behavior_policy_versions,Estimated
PI-ING-000369,LIME · Fresh Fruit,fruit,fresh_fruit_profile,fruit,citrus,fresh,MAIN_PROFILE_SPECIFIC,milk_gelato|sorbet,MAIN_CAPABLE,EXACT_PRODUCT,main-fruit-fresh-dairy|main-sorbet-lime-fresh-0369,,mapper_basement v1.0 + published product_behavior_policy_versions,Estimated
PI-ING-000370,LINGONBERRY · Fresh Fruit,fruit,fresh_fruit_profile,fruit,,fresh,MAIN_PROFILE_SPECIFIC,milk_gelato,MAIN_CAPABLE,FAMILY,main-fruit-fresh-dairy,,mapper_basement v1.0 + published product_behavior_policy_versions,Estimated
PI-ING-000371,LOQUAT · Fresh Fruit,fruit,fresh_fruit_profile,fruit,,fresh,MAIN_PROFILE_SPECIFIC,milk_gelato,MAIN_CAPABLE,FAMILY,main-fruit-fresh-dairy,,mapper_basement v1.0 + published product_behavior_policy_versions,Estimated
PI-ING-000372,LYCHEE · Fresh Fruit,fruit,fresh_fruit_profile,fruit,mango_tropical,fresh,MAIN_PROFILE_SPECIFIC,milk_gelato,MAIN_CAPABLE,FAMILY,main-fruit-fresh-dairy,,mapper_basement v1.0 + published product_behavior_policy_versions,Estimated
PI-ING-000373,MANGO ALPHONSO · Kier Puree · Frozen/Chilled,fruit,fruit_puree,fruit,mango_tropical,puree,MAIN_PROFILE_SPECIFIC,milk_gelato,MAIN_CAPABLE,FAMILY,main-fruit-puree-dairy,,mapper_basement v1.0 + published product_behavior_policy_versions,Verified
PI-ING-000374,MANGO ALPHONSO ORIENT TASTE · Puree · Frozen/Chilled,fruit,fruit_puree,fruit,mango_tropical,puree,MAIN_PROFILE_SPECIFIC,milk_gelato,MAIN_CAPABLE,FAMILY,main-fruit-puree-dairy,,mapper_basement v1.0 + published product_behavior_policy_versions,Estimated
PI-ING-000375,MELON CANTALOUP · Fresh Fruit,fruit,fresh_fruit_profile,fruit,,fresh,MAIN_PROFILE_SPECIFIC,milk_gelato,MAIN_CAPABLE,FAMILY,main-fruit-fresh-dairy,,mapper_basement v1.0 + published product_behavior_policy_versions,Estimated
PI-ING-000376,MELON HONEYDEW · Fresh Fruit,fruit,fresh_fruit_profile,fruit,,fresh,MAIN_PROFILE_SPECIFIC,milk_gelato,MAIN_CAPABLE,FAMILY,main-fruit-fresh-dairy,,mapper_basement v1.0 + published product_behavior_policy_versions,Estimated
PI-ING-000377,NECTARINE · Fresh Fruit,fruit,fresh_fruit_profile,fruit,,fresh,MAIN_PROFILE_SPECIFIC,milk_gelato,MAIN_CAPABLE,FAMILY,main-fruit-fresh-dairy,,mapper_basement v1.0 + published product_behavior_policy_versions,Estimated
PI-ING-000378,ORANGE CONCENTRATE · Purena Pulp · Frozen/Chilled,fruit,fruit_juice,fruit,citrus,juice,MAIN_ALLOWED,,MAIN_CAPABLE_UNCALIBRATED,NONE,,,mapper_basement v1.0 + published product_behavior_policy_versions,Verified
PI-ING-000379,ORANGES SQUEEZED · Juice · Frozen/Chilled,fruit,fruit_juice,fruit,,juice,MAIN_ALLOWED,,MAIN_CAPABLE_UNCALIBRATED,NONE,,,mapper_basement v1.0 + published product_behavior_policy_versions,Estimated
PI-ING-000380,ORANGES · Fresh Fruit,fruit,fresh_fruit_profile,fruit,,fresh,MAIN_PROFILE_SPECIFIC,milk_gelato,MAIN_CAPABLE,FAMILY,main-fruit-fresh-dairy,,mapper_basement v1.0 + published product_behavior_policy_versions,Estimated
PI-ING-000381,PAPAYA · Fresh Fruit,fruit,fresh_fruit_profile,fruit,mango_tropical,fresh,MAIN_PROFILE_SPECIFIC,milk_gelato,MAIN_CAPABLE,FAMILY,main-fruit-fresh-dairy,,mapper_basement v1.0 + published product_behavior_policy_versions,Estimated
PI-ING-000382,PASSION · Kier Puree · Frozen/Chilled,fruit,fruit_puree,fruit,mango_tropical,puree,MAIN_PROFILE_SPECIFIC,milk_gelato,MAIN_CAPABLE,FAMILY,main-fruit-puree-dairy,,mapper_basement v1.0 + published product_behavior_policy_versions,Verified
PI-ING-000383,PASSION · Puree · Frozen/Chilled · 100% Fruit,fruit,fruit_puree,fruit,mango_tropical,puree,MAIN_PROFILE_SPECIFIC,milk_gelato,MAIN_CAPABLE,FAMILY,main-fruit-puree-dairy,,mapper_basement v1.0 + published product_behavior_policy_versions,Estimated
PI-ING-000384,PEACH · Puree · Frozen/Chilled,fruit,fruit_puree,fruit,,puree,MAIN_PROFILE_SPECIFIC,milk_gelato,MAIN_CAPABLE,FAMILY,main-fruit-puree-dairy,,mapper_basement v1.0 + published product_behavior_policy_versions,Estimated
PI-ING-000385,PEACH · Fresh Fruit,fruit,fresh_fruit_profile,fruit,,fresh,MAIN_PROFILE_SPECIFIC,milk_gelato,MAIN_CAPABLE,FAMILY,main-fruit-fresh-dairy,,mapper_basement v1.0 + published product_behavior_policy_versions,Estimated
PI-ING-000386,PEAR WILLIAMS · Puree · Frozen/Chilled · 90%,fruit,fruit_puree,fruit,,puree,MAIN_PROFILE_SPECIFIC,milk_gelato,MAIN_CAPABLE,FAMILY,main-fruit-puree-dairy,,mapper_basement v1.0 + published product_behavior_policy_versions,Estimated
PI-ING-000387,PEAR · Fresh Fruit,fruit,fresh_fruit_profile,fruit,,fresh,MAIN_PROFILE_SPECIFIC,milk_gelato,MAIN_CAPABLE,FAMILY,main-fruit-fresh-dairy,,mapper_basement v1.0 + published product_behavior_policy_versions,Estimated
PI-ING-000388,PERSIMMON KAKI · Fresh Fruit,fruit,fresh_fruit_profile,fruit,,fresh,MAIN_PROFILE_SPECIFIC,milk_gelato,MAIN_CAPABLE,FAMILY,main-fruit-fresh-dairy,,mapper_basement v1.0 + published product_behavior_policy_versions,Estimated
PI-ING-000389,PINEAPPLE · Puree · Frozen/Chilled,fruit,fruit_puree,fruit,mango_tropical,puree,MAIN_PROFILE_SPECIFIC,milk_gelato,MAIN_CAPABLE,FAMILY,main-fruit-puree-dairy,,mapper_basement v1.0 + published product_behavior_policy_versions,Estimated
PI-ING-000390,PINEAPPLE · Fresh Fruit,fruit,fresh_fruit_profile,fruit,mango_tropical,fresh,MAIN_PROFILE_SPECIFIC,milk_gelato,MAIN_CAPABLE,FAMILY,main-fruit-fresh-dairy,,mapper_basement v1.0 + published product_behavior_policy_versions,Estimated
PI-ING-000391,PLUM JAM · Fresh Fruit,fruit,fresh_fruit_profile,fruit,,fresh,MAIN_PROFILE_SPECIFIC,milk_gelato,MAIN_CAPABLE,FAMILY,main-fruit-fresh-dairy,,mapper_basement v1.0 + published product_behavior_policy_versions,Estimated
PI-ING-000392,POMEGRANATE · Fresh Fruit,fruit,fresh_fruit_profile,fruit,,fresh,MAIN_PROFILE_SPECIFIC,milk_gelato,MAIN_CAPABLE,FAMILY,main-fruit-fresh-dairy,,mapper_basement v1.0 + published product_behavior_policy_versions,Estimated
PI-ING-000393,POMELO POMMELO SHADDOCK · Fresh Fruit,fruit,fresh_fruit_profile,fruit,citrus,fresh,MAIN_PROFILE_SPECIFIC,milk_gelato,MAIN_CAPABLE,FAMILY,main-fruit-fresh-dairy,,mapper_basement v1.0 + published product_behavior_policy_versions,Estimated
PI-ING-000394,RASPBERRIES · Fresh Fruit,fruit,fresh_fruit_profile,fruit,berry,fresh,MAIN_PROFILE_SPECIFIC,milk_gelato,MAIN_CAPABLE,FAMILY,main-berry-fresh-dairy|main-fruit-fresh-dairy,,mapper_basement v1.0 + published product_behavior_policy_versions,Estimated
PI-ING-000395,RASPBERRY TOMATO · Fresh Fruit,fruit,fresh_fruit_profile,fruit,berry,fresh,MAIN_PROFILE_SPECIFIC,milk_gelato,MAIN_CAPABLE,FAMILY,main-berry-fresh-dairy|main-fruit-fresh-dairy,,mapper_basement v1.0 + published product_behavior_policy_versions,Estimated
PI-ING-000396,RAW BLACKBERRIES · Fresh Fruit,fruit,fresh_fruit_profile,fruit,berry,fresh,MAIN_PROFILE_SPECIFIC,milk_gelato,MAIN_CAPABLE,FAMILY,main-berry-fresh-dairy|main-fruit-fresh-dairy,,mapper_basement v1.0 + published product_behavior_policy_versions,Estimated
PI-ING-000397,RED CURRANT · Fresh Fruit,fruit,fresh_fruit_profile,fruit,berry,fresh,MAIN_PROFILE_SPECIFIC,milk_gelato,MAIN_CAPABLE,FAMILY,main-berry-fresh-dairy|main-fruit-fresh-dairy,,mapper_basement v1.0 + published product_behavior_policy_versions,Estimated
PI-ING-000398,RED GRAPEFRUIT NECTAR CONCENTRATED · Purena Fresh Fruit · 50%,fruit,fresh_fruit_profile,fruit,citrus,fresh,MAIN_PROFILE_SPECIFIC,milk_gelato,MAIN_CAPABLE,FAMILY,main-fruit-fresh-dairy,,mapper_basement v1.0 + published product_behavior_policy_versions,Verified
PI-ING-000399,ROASTED APPLE · Alfapro Fresh Fruit · 0013808,fruit,fresh_fruit_profile,fruit,,fresh,MAIN_PROFILE_SPECIFIC,milk_gelato,MAIN_CAPABLE,FAMILY,main-fruit-fresh-dairy,,mapper_basement v1.0 + published product_behavior_policy_versions,Verified
PI-ING-000400,ROSE HIP · Fresh Fruit,fruit,fresh_fruit_profile,fruit,,fresh,MAIN_PROFILE_SPECIFIC,milk_gelato,MAIN_CAPABLE,FAMILY,main-fruit-fresh-dairy,,mapper_basement v1.0 + published product_behavior_policy_versions,Estimated
PI-ING-000401,ROSEHIP · Fresh Fruit,fruit,fresh_fruit_profile,fruit,,fresh,MAIN_PROFILE_SPECIFIC,milk_gelato,MAIN_CAPABLE,FAMILY,main-fruit-fresh-dairy,,mapper_basement v1.0 + published product_behavior_policy_versions,Estimated
PI-ING-000402,SWEET CHERRIES · Fresh Fruit,fruit,fresh_fruit_profile,fruit,,fresh,MAIN_PROFILE_SPECIFIC,milk_gelato,MAIN_CAPABLE,FAMILY,main-fruit-fresh-dairy,,mapper_basement v1.0 + published product_behavior_policy_versions,Estimated
PI-ING-000403,TANGERINES SQUEEZED · Juice · Frozen/Chilled,fruit,fruit_juice,fruit,,juice,MAIN_ALLOWED,,MAIN_CAPABLE_UNCALIBRATED,NONE,,,mapper_basement v1.0 + published product_behavior_policy_versions,Estimated
PI-ING-000404,TAYBERRY · Fresh Fruit,fruit,fresh_fruit_profile,fruit,,fresh,MAIN_PROFILE_SPECIFIC,milk_gelato,MAIN_CAPABLE,FAMILY,main-fruit-fresh-dairy,,mapper_basement v1.0 + published product_behavior_policy_versions,Estimated
PI-ING-000405,WATERMELON · Fresh Fruit,fruit,fresh_fruit_profile,fruit,,fresh,MAIN_PROFILE_SPECIFIC,milk_gelato,MAIN_CAPABLE,FAMILY,main-fruit-fresh-dairy,,mapper_basement v1.0 + published product_behavior_policy_versions,Estimated
PI-ING-000406,WILD STRAWBERRY · Fresh Fruit,fruit,fresh_fruit_profile,fruit,berry,fresh,MAIN_PROFILE_SPECIFIC,milk_gelato,MAIN_CAPABLE,FAMILY,main-berry-fresh-dairy|main-fruit-fresh-dairy,,mapper_basement v1.0 + published product_behavior_policy_versions,Estimated
PI-ING-000407,HAZELNUT CHUNKS · Gotta Paste · Dry · 100% Nut · 6079,nut,hazelnut_paste,nut,,paste,MAIN_ALLOWED,,MAIN_CAPABLE_UNCALIBRATED,NONE,,,mapper_basement v1.0 + published product_behavior_policy_versions,Verified
PI-ING-000408,BRAZIL NUTS DRIED · Nut · Dry,nut,brazil_nuts,nut,,whole_nut,MAIN_ALLOWED,,MAIN_CAPABLE_UNCALIBRATED,NONE,,,mapper_basement v1.0 + published product_behavior_policy_versions,Verified
PI-ING-000409,CASHEW NUTS DRY ROASTED · Nut,nut,cashew,nut,,whole_nut,MAIN_ALLOWED,,MAIN_CAPABLE_UNCALIBRATED,NONE,,,mapper_basement v1.0 + published product_behavior_policy_versions,Verified
PI-ING-000410,CASHEW · Pi-NUTS Paste · Dry · 100% Nut,nut,cashew_paste,nut,,paste,MAIN_ALLOWED,,MAIN_CAPABLE_UNCALIBRATED,NONE,,,mapper_basement v1.0 + published product_behavior_policy_versions,Verified
PI-ING-000411,CHESTNUTS · Nut · Dry,nut,chestnut,nut,,whole_nut,MAIN_ALLOWED,,MAIN_CAPABLE_UNCALIBRATED,NONE,,,mapper_basement v1.0 + published product_behavior_policy_versions,Verified
PI-ING-000412,PEANUTS · Fabbri Paste · Dry · 0004240,nut,peanut_paste,nut,,paste,MAIN_ALLOWED,,MAIN_CAPABLE_UNCALIBRATED,NONE,,,mapper_basement v1.0 + published product_behavior_policy_versions,Verified
PI-ING-000413,PISTACHIO · Fabbri Paste · Dry · 0004262,nut,pistachio,nut,,whole_nut,MAIN_ALLOWED,,MAIN_CAPABLE_UNCALIBRATED,NONE,,,mapper_basement v1.0 + published product_behavior_policy_versions,Verified
PI-ING-000414,WALNUT · Fabbri Paste · Dry · 0004267,nut,hazelnut_paste,nut,,paste,MAIN_ALLOWED,,MAIN_CAPABLE_UNCALIBRATED,NONE,,,mapper_basement v1.0 + published product_behavior_policy_versions,Verified
PI-ING-000415,HAZELNUT · PreGel Paste · Dry · ST-27002,nut,hazelnut_paste,nut,,paste,MAIN_ALLOWED,,MAIN_CAPABLE_UNCALIBRATED,NONE,,,mapper_basement v1.0 + published product_behavior_policy_versions,Verified
PI-ING-000416,GR HAZELNUT CREMOSA EXPORT · Fabbri Paste · Dry · 0004271,nut,hazelnut_paste,nut,,paste,MAIN_ALLOWED,,MAIN_CAPABLE_UNCALIBRATED,NONE,,,mapper_basement v1.0 + published product_behavior_policy_versions,Verified
PI-ING-000417,HAZELNUT · Gotta Paste · Dry · 100% Nut · 6078,nut,hazelnut_paste,nut,,paste,MAIN_ALLOWED,,MAIN_CAPABLE_UNCALIBRATED,NONE,,,mapper_basement v1.0 + published product_behavior_policy_versions,Verified
PI-ING-000418,HAZELNUT FINE · PreGel Paste · Dry · ST-51402,nut,hazelnut_paste,nut,,paste,MAIN_ALLOWED,,MAIN_CAPABLE_UNCALIBRATED,NONE,,,mapper_basement v1.0 + published product_behavior_policy_versions,Verified
PI-ING-000419,HAZELNUT · Pi-NUTS Paste · Dry · 100% Nut,nut,hazelnut_paste,nut,,paste,MAIN_ALLOWED,,MAIN_CAPABLE_UNCALIBRATED,NONE,,,mapper_basement v1.0 + published product_behavior_policy_versions,Verified
PI-ING-000420,HAZELNUT FROM PIEMONTE IGP · Noccioleria Paste · Dry,nut,hazelnut_paste,nut,,paste,MAIN_ALLOWED,,MAIN_CAPABLE_UNCALIBRATED,NONE,,,mapper_basement v1.0 + published product_behavior_policy_versions,Verified
PI-ING-000421,HAZELNUT ROYAL · Montebianco Paste · Dry · 296705,nut,hazelnut_paste,nut,,paste,MAIN_ALLOWED,,MAIN_CAPABLE_UNCALIBRATED,NONE,,,mapper_basement v1.0 + published product_behavior_policy_versions,Verified
PI-ING-000422,HAZELNUTS · Paste · Dry · 100% Nut,nut,hazelnut_paste,nut,,paste,MAIN_ALLOWED,,MAIN_CAPABLE_UNCALIBRATED,NONE,,,mapper_basement v1.0 + published product_behavior_policy_versions,Verified
PI-ING-000423,HAZELNUTS · Nut · Dry,nut,hazelnut,nut,,whole_nut,MAIN_ALLOWED,,MAIN_CAPABLE_UNCALIBRATED,NONE,,,mapper_basement v1.0 + published product_behavior_policy_versions,Verified
PI-ING-000424,GIANDUIOTTO · Irca Nut · Dry · 01011157,nut,nut_component,nut,,,UNKNOWN_REQUIRES_EVIDENCE,,MAIN_CAPABLE_UNCALIBRATED,NONE,,,mapper_basement v1.0 + published product_behavior_policy_versions,Verified
PI-ING-000425,NOCCIOLATA · Irca Nut · Dry · 01011151,nut,nut_component,nut,,,UNKNOWN_REQUIRES_EVIDENCE,,MAIN_CAPABLE_UNCALIBRATED,NONE,,,mapper_basement v1.0 + published product_behavior_policy_versions,Verified
PI-ING-000426,NOCCIOLATA BIANCA · Irca Nut · Dry · 01011150,nut,nut_component,nut,,,UNKNOWN_REQUIRES_EVIDENCE,,MAIN_CAPABLE_UNCALIBRATED,NONE,,,mapper_basement v1.0 + published product_behavior_policy_versions,Verified
PI-ING-000427,PISTACCHIO CROCK · Irca Nut · Dry · 01010014,nut,pistachio,nut,,whole_nut,MAIN_ALLOWED,,MAIN_CAPABLE_UNCALIBRATED,NONE,,,mapper_basement v1.0 + published product_behavior_policy_versions,Verified
PI-ING-000428,MACADAMIA NUT HEAVILY ROASTED · Ruda Kita Paste · Dry · 100% Nut,nut,macadamia_paste,nut,,paste,MAIN_ALLOWED,,MAIN_CAPABLE_UNCALIBRATED,NONE,,,mapper_basement v1.0 + published product_behavior_policy_versions,Verified
PI-ING-000429,NUT SUMMER ORANGE · Ruda Kita Paste · Dry,nut,peanut_paste,nut,,paste,MAIN_ALLOWED,,MAIN_CAPABLE_UNCALIBRATED,NONE,,,mapper_basement v1.0 + published product_behavior_policy_versions,Verified
PI-ING-000430,CREMA WALNUT · PreGel Paste · Dry · ST-53272,nut,hazelnut_paste,nut,,paste,MAIN_ALLOWED,,MAIN_CAPABLE_UNCALIBRATED,NONE,,,mapper_basement v1.0 + published product_behavior_policy_versions,Verified
PI-ING-000431,HAZELNUT PIEMONTE IGP · PreGel Paste · Dry · ST-23302,nut,hazelnut_paste,nut,,paste,MAIN_ALLOWED,,MAIN_CAPABLE_UNCALIBRATED,NONE,,,mapper_basement v1.0 + published product_behavior_policy_versions,Verified
PI-ING-000432,SALTY PEANUT N · PreGel Paste · Dry · ST-73202,nut,peanut_paste,nut,,paste,MAIN_ALLOWED,,MAIN_CAPABLE_UNCALIBRATED,NONE,,,mapper_basement v1.0 + published product_behavior_policy_versions,Verified
PI-ING-000433,PEANUT BUTTER · Paste · Dry,nut,peanut_paste,nut,,paste,MAIN_ALLOWED,,MAIN_CAPABLE_UNCALIBRATED,NONE,,,mapper_basement v1.0 + published product_behavior_policy_versions,Verified
PI-ING-000434,PEANUT OIL · Nut · Dry,nut,peanut,nut,,whole_nut,MAIN_ALLOWED,,MAIN_CAPABLE_UNCALIBRATED,NONE,,,mapper_basement v1.0 + published product_behavior_policy_versions,Verified
PI-ING-000435,PEANUT JOHNNY CASTE E · Iannino Paste · Dry,nut,peanut_paste,nut,,paste,MAIN_ALLOWED,,MAIN_CAPABLE_UNCALIBRATED,NONE,,,mapper_basement v1.0 + published product_behavior_policy_versions,Verified
PI-ING-000436,PEANUT · Master Martini Paste · Dry · AE37PR,nut,peanut_paste,nut,,paste,MAIN_ALLOWED,,MAIN_CAPABLE_UNCALIBRATED,NONE,,,mapper_basement v1.0 + published product_behavior_policy_versions,Verified
PI-ING-000437,PEANUT BUTTER · Pi-NUTS Paste · Dry · 100% Nut,nut,peanut_paste,nut,,paste,MAIN_ALLOWED,,MAIN_CAPABLE_UNCALIBRATED,NONE,,,mapper_basement v1.0 + published product_behavior_policy_versions,Verified
PI-ING-000438,PEANUTS · Nut · Dry,nut,peanut,nut,,whole_nut,MAIN_ALLOWED,,MAIN_CAPABLE_UNCALIBRATED,NONE,,,mapper_basement v1.0 + published product_behavior_policy_versions,Verified
PI-ING-000439,POPPY SEED MASS DRIED · Bakalland Nut · Dry,nut,poppy_seed_mass,nut,,,UNKNOWN_REQUIRES_EVIDENCE,,MAIN_CAPABLE_UNCALIBRATED,NONE,,,mapper_basement v1.0 + published product_behavior_policy_versions,Verified
PI-ING-000440,HAZELNUT DARK · Fugar Paste · Dry · 100% Nut · 40853,nut,hazelnut_paste,nut,,paste,MAIN_ALLOWED,,MAIN_CAPABLE_UNCALIBRATED,NONE,,,mapper_basement v1.0 + published product_behavior_policy_versions,Verified
PI-ING-000441,ROASTED CASHEW NUT · Paste · Dry · 100% Nut,nut,cashew_paste,nut,,paste,MAIN_ALLOWED,,MAIN_CAPABLE_UNCALIBRATED,NONE,,,mapper_basement v1.0 + published product_behavior_policy_versions,Verified
PI-ING-000442,ROASTED MACADAMIA NUT · Pi-NUTS Paste · Dry · 100% Nut,nut,macadamia_paste,nut,,paste,MAIN_ALLOWED,,MAIN_CAPABLE_UNCALIBRATED,NONE,,,mapper_basement v1.0 + published product_behavior_policy_versions,Verified
PI-ING-000443,ROASTED MACADAMIA NUT · Paste · Dry · 100% Nut,nut,macadamia_paste,nut,,paste,MAIN_ALLOWED,,MAIN_CAPABLE_UNCALIBRATED,NONE,,,mapper_basement v1.0 + published product_behavior_policy_versions,Verified
PI-ING-000444,ROASTED PISTACHIO · Pi-NUTS Paste · Dry · 100% Nut,nut,pistachio_paste,nut,,paste,MAIN_ALLOWED,,MAIN_CAPABLE_UNCALIBRATED,NONE,,,mapper_basement v1.0 + published product_behavior_policy_versions,Verified
PI-ING-000445,SALTY PEANUT BUTTER · Gotta Paste · Dry · 6181,nut,peanut_paste,nut,,paste,MAIN_ALLOWED,,MAIN_CAPABLE_UNCALIBRATED,NONE,,,mapper_basement v1.0 + published product_behavior_policy_versions,Verified
PI-ING-000446,WALNUT OIL · Nut · Dry,nut,walnut,nut,,whole_nut,MAIN_ALLOWED,,MAIN_CAPABLE_UNCALIBRATED,NONE,,,mapper_basement v1.0 + published product_behavior_policy_versions,Verified
PI-ING-000447,WALNUT · Leagel Paste · Dry · 211505,nut,hazelnut_paste,nut,,paste,MAIN_ALLOWED,,MAIN_CAPABLE_UNCALIBRATED,NONE,,,mapper_basement v1.0 + published product_behavior_policy_versions,Verified
PI-ING-000448,WALNUT PIECES · Gotta Paste · Dry · 6084,nut,walnut_paste,nut,,paste,MAIN_ALLOWED,,MAIN_CAPABLE_UNCALIBRATED,NONE,,,mapper_basement v1.0 + published product_behavior_policy_versions,Verified
PI-ING-000449,WALNUTS DRIED · Nut · Dry,nut,walnut,nut,,whole_nut,MAIN_ALLOWED,,MAIN_CAPABLE_UNCALIBRATED,NONE,,,mapper_basement v1.0 + published product_behavior_policy_versions,Verified
PI-ING-000450,RICE PROTEIN · Protein · Dry · 100%,protein,protein_powder,,,powder,PROTEIN_CONTRIBUTOR_ONLY,,MAIN_TECHNICAL_BLOCKED,NONE,,protein_contributor_not_flavour_main,mapper_basement v1.0 + published product_behavior_policy_versions,Verified
PI-ING-000451,PEA PROTEIN · Protein · Dry,protein,protein_powder,,,powder,PROTEIN_CONTRIBUTOR_ONLY,,MAIN_TECHNICAL_BLOCKED,NONE,,protein_contributor_not_flavour_main,mapper_basement v1.0 + published product_behavior_policy_versions,Verified
PI-ING-000452,RICE PROTEIN · Protein · Dry,protein,protein_powder,,,powder,PROTEIN_CONTRIBUTOR_ONLY,,MAIN_TECHNICAL_BLOCKED,NONE,,protein_contributor_not_flavour_main,mapper_basement v1.0 + published product_behavior_policy_versions,Verified
PI-ING-000453,AVOCADO · Specialty,specialty,specialty_component,,,,STANDARD_ONLY,,MAIN_TECHNICAL_BLOCKED,NONE,,standard_product_not_flavour_main,mapper_basement v1.0 + published product_behavior_policy_versions,Verified
PI-ING-000454,HORSE RADISH · Specialty,specialty,specialty_component,,,,STANDARD_ONLY,,MAIN_TECHNICAL_BLOCKED,NONE,,standard_product_not_flavour_main,mapper_basement v1.0 + published product_behavior_policy_versions,Verified
PI-ING-000455,INULIN · Specialty · BIO,specialty,specialty_component,,,,STANDARD_ONLY,,MAIN_TECHNICAL_BLOCKED,NONE,,standard_product_not_flavour_main,mapper_basement v1.0 + published product_behavior_policy_versions,Verified
PI-ING-000456,INULIN · Specialty,specialty,specialty_component,,,,STANDARD_ONLY,,MAIN_TECHNICAL_BLOCKED,NONE,,standard_product_not_flavour_main,mapper_basement v1.0 + published product_behavior_policy_versions,Verified
PI-ING-000457,MALTODEKSTRYNA DEXTROMALT · Specialty,specialty,specialty_component,,,,STANDARD_ONLY,,MAIN_TECHNICAL_BLOCKED,NONE,,standard_product_not_flavour_main,mapper_basement v1.0 + published product_behavior_policy_versions,Verified
PI-ING-000458,SALT · Specialty,specialty,specialty_component,,,,STANDARD_ONLY,,MAIN_TECHNICAL_BLOCKED,NONE,,standard_product_not_flavour_main,mapper_basement v1.0 + published product_behavior_policy_versions,Verified
PI-ING-000459,VANILLA POD · Specialty,specialty,specialty_component,,,,STANDARD_ONLY,,MAIN_TECHNICAL_BLOCKED,NONE,,standard_product_not_flavour_main,mapper_basement v1.0 + published product_behavior_policy_versions,Verified
PI-ING-000460,CREMODAN SE VEG DENISCO · Danisco Emulsifier Blend · Dry · 1222049,stabilizer,emulsifier_blend,,,,STRUCTURAL_ONLY,,MAIN_TECHNICAL_BLOCKED,NONE,,structural_product_not_flavour_main,mapper_basement v1.0 + published product_behavior_policy_versions,Verified
PI-ING-000461,CREMODAN SE VEG DENISCO · Danisco Emulsifier Blend · Dry · 116790,stabilizer,emulsifier_blend,,,,STRUCTURAL_ONLY,,MAIN_TECHNICAL_BLOCKED,NONE,,structural_product_not_flavour_main,mapper_basement v1.0 + published product_behavior_policy_versions,Verified
PI-ING-000462,BUBBLE GUM BLUE · Fabbri Stabilizer · 0012408,stabilizer,stabilizer_blend,,,,STRUCTURAL_ONLY,,MAIN_TECHNICAL_BLOCKED,NONE,,structural_product_not_flavour_main,mapper_basement v1.0 + published product_behavior_policy_versions,Verified
PI-ING-000463,BUBBLE GUM PINK · Fabbri Stabilizer · 0012409,stabilizer,stabilizer_blend,,,,STRUCTURAL_ONLY,,MAIN_TECHNICAL_BLOCKED,NONE,,structural_product_not_flavour_main,mapper_basement v1.0 + published product_behavior_policy_versions,Verified
PI-ING-000464,EXTRULCE · Palsgaard Emulsifier Blend · Dry · 11014102,stabilizer,emulsifier_blend,,,,STRUCTURAL_ONLY,,MAIN_TECHNICAL_BLOCKED,NONE,,structural_product_not_flavour_main,mapper_basement v1.0 + published product_behavior_policy_versions,Verified
PI-ING-000465,NEUTRO SP STABILIZER · Fabbri Emulsifier Blend · Dry · 9234818,stabilizer,emulsifier_blend,,,,STRUCTURAL_ONLY,,MAIN_TECHNICAL_BLOCKED,NONE,,structural_product_not_flavour_main,mapper_basement v1.0 + published product_behavior_policy_versions,Verified
PI-ING-000466,FIBER NEUTRO · Essenza Stabilizer · ESS069,stabilizer,stabilizer_blend,,,,STRUCTURAL_ONLY,,MAIN_TECHNICAL_BLOCKED,NONE,,structural_product_not_flavour_main,mapper_basement v1.0 + published product_behavior_policy_versions,Verified
PI-ING-000467,FRI STAB LN2 · Tate & Lyle Stabilizer,stabilizer,stabilizer_blend,,,,STRUCTURAL_ONLY,,MAIN_TECHNICAL_BLOCKED,NONE,,structural_product_not_flavour_main,mapper_basement v1.0 + published product_behavior_policy_versions,Verified
PI-ING-000468,FRIMULSION IF · Tate & Lyle Stabilizer · 300000022547,stabilizer,stabilizer_hydrolyzed_milk_protein_mix,,,,STRUCTURAL_ONLY,,MAIN_TECHNICAL_BLOCKED,NONE,,structural_product_not_flavour_main,mapper_basement v1.0 + published product_behavior_policy_versions,Verified
PI-ING-000469,FRIMULSION SCL · Tate & Lyle Stabilizer,stabilizer,stabilizer_blend,,,,STRUCTURAL_ONLY,,MAIN_TECHNICAL_BLOCKED,NONE,,structural_product_not_flavour_main,mapper_basement v1.0 + published product_behavior_policy_versions,Verified
PI-ING-000470,FRIMULSION · Tate & Lyle Stabilizer · IF34,stabilizer,stabilizer_blend,,,,STRUCTURAL_ONLY,,MAIN_TECHNICAL_BLOCKED,NONE,,structural_product_not_flavour_main,mapper_basement v1.0 + published product_behavior_policy_versions,Verified
PI-ING-000471,FRIMULSION ICAR · Tate & Lyle Stabilizer,stabilizer,stabilizer_blend,,,,STRUCTURAL_ONLY,,MAIN_TECHNICAL_BLOCKED,NONE,,structural_product_not_flavour_main,mapper_basement v1.0 + published product_behavior_policy_versions,Verified
PI-ING-000472,GUAR GUM · Stabilizer,stabilizer,guar_gum,,,,STRUCTURAL_ONLY,,MAIN_TECHNICAL_BLOCKED,NONE,,structural_product_not_flavour_main,mapper_basement v1.0 + published product_behavior_policy_versions,Verified
PI-ING-000473,HAPPY HOUR · Babbi Emulsifier Blend · Dry · 14835,stabilizer,fiber_stabilizer_emulsifier_mix,,,,STRUCTURAL_ONLY,,MAIN_TECHNICAL_BLOCKED,NONE,,structural_product_not_flavour_main,mapper_basement v1.0 + published product_behavior_policy_versions,Verified
PI-ING-000474,JOYBASE NEUTRAL FIX · Irca Stabilizer · 01070653,stabilizer,stabilizer_dextrose_maltodextrin_mix,,,,STRUCTURAL_ONLY,,MAIN_TECHNICAL_BLOCKED,NONE,,structural_product_not_flavour_main,mapper_basement v1.0 + published product_behavior_policy_versions,Verified
PI-ING-000475,LOCUST BEAN GUM CAROB · Stabilizer,stabilizer,locust_bean_gum,,,,STRUCTURAL_ONLY,,MAIN_TECHNICAL_BLOCKED,NONE,,structural_product_not_flavour_main,mapper_basement v1.0 + published product_behavior_policy_versions,Verified
PI-ING-000476,NEUTRALIN · MEC3 Stabilizer · 06005,stabilizer,stabilizer_thickener_mix,,,,STRUCTURAL_ONLY,,MAIN_TECHNICAL_BLOCKED,NONE,,structural_product_not_flavour_main,mapper_basement v1.0 + published product_behavior_policy_versions,Verified
PI-ING-000477,NEUTRO · MEC3 Stabilizer · 100% · 06008,stabilizer,pure_stabilizer_mix,,,,STRUCTURAL_ONLY,,MAIN_TECHNICAL_BLOCKED,NONE,,structural_product_not_flavour_main,mapper_basement v1.0 + published product_behavior_policy_versions,Verified
PI-ING-000478,NEUTRO EXTRA · Montebianco Emulsifier Blend · Dry · 124115,stabilizer,milk_protein_stabilizer_emulsifier_mix,,,,STRUCTURAL_ONLY,,MAIN_TECHNICAL_BLOCKED,NONE,,structural_product_not_flavour_main,mapper_basement v1.0 + published product_behavior_policy_versions,Verified
PI-ING-000479,NEUTRO LATTE · Comprital Emulsifier Blend · Dry · P094 / 21069098,stabilizer,milk_stabilizer_emulsifier_blend,,,,STRUCTURAL_ONLY,,MAIN_TECHNICAL_BLOCKED,NONE,,structural_product_not_flavour_main,mapper_basement v1.0 + published product_behavior_policy_versions,Verified
PI-ING-000480,NEUTRO S · Giuso Stabilizer · 00003204,stabilizer,stabilizer_dextrose_mix,,,,STRUCTURAL_ONLY,,MAIN_TECHNICAL_BLOCKED,NONE,,structural_product_not_flavour_main,mapper_basement v1.0 + published product_behavior_policy_versions,Verified
PI-ING-000481,NEUTRO · dlaLodziarza.pl Stabilizer,stabilizer,stabilizer_blend,,,,STRUCTURAL_ONLY,,MAIN_TECHNICAL_BLOCKED,NONE,,structural_product_not_flavour_main,mapper_basement v1.0 + published product_behavior_policy_versions,Verified
PI-ING-000482,NEUTRO LATTE FRUTTA NI · CFC Emulsifier Blend · Dry,stabilizer,emulsifier_stabilizer_mix,,,,STRUCTURAL_ONLY,,MAIN_TECHNICAL_BLOCKED,NONE,,structural_product_not_flavour_main,mapper_basement v1.0 + published product_behavior_policy_versions,Verified
PI-ING-000483,NEUTRO CREME SUPREMO · Babbi Emulsifier Blend · Dry · 14855,stabilizer,fiber_stabilizer_emulsifier_mix,,,,STRUCTURAL_ONLY,,MAIN_TECHNICAL_BLOCKED,NONE,,structural_product_not_flavour_main,mapper_basement v1.0 + published product_behavior_policy_versions,Verified
PI-ING-000484,NEUTRO PAN · Aromitalia Emulsifier Blend · Dry · 4208,stabilizer,emulsifier_stabilizer_mix,,,,STRUCTURAL_ONLY,,MAIN_TECHNICAL_BLOCKED,NONE,,structural_product_not_flavour_main,mapper_basement v1.0 + published product_behavior_policy_versions,Verified
PI-ING-000485,NEUTRO U ADDENSANTE · Stella Emulsifier Blend · Dry · 5046,stabilizer,stabilizer_emulsifier_mix,,,,STRUCTURAL_ONLY,,MAIN_TECHNICAL_BLOCKED,NONE,,structural_product_not_flavour_main,mapper_basement v1.0 + published product_behavior_policy_versions,Verified
PI-ING-000486,NEUTRO UNICO · Master Martini Emulsifier Blend · Dry · AI70BP,stabilizer,stabilizer_emulsifier_mix,,,,STRUCTURAL_ONLY,,MAIN_TECHNICAL_BLOCKED,NONE,,structural_product_not_flavour_main,mapper_basement v1.0 + published product_behavior_policy_versions,Verified
PI-ING-000487,NEUTRO UNIVERSALE · Babbi Stabilizer · 14683,stabilizer,stabilizer_mix,,,,STRUCTURAL_ONLY,,MAIN_TECHNICAL_BLOCKED,NONE,,structural_product_not_flavour_main,mapper_basement v1.0 + published product_behavior_policy_versions,Verified
PI-ING-000488,NEUTROCREM · Giuso Emulsifier Blend · Dry · 00041204,stabilizer,stabilizer_emulsifier_mix,,,,STRUCTURAL_ONLY,,MAIN_TECHNICAL_BLOCKED,NONE,,structural_product_not_flavour_main,mapper_basement v1.0 + published product_behavior_policy_versions,Verified
PI-ING-000489,EXTRULCE · Palsgaard Emulsifier Blend · Dry · 21176102,stabilizer,emulsifier_blend,,,,STRUCTURAL_ONLY,,MAIN_TECHNICAL_BLOCKED,NONE,,structural_product_not_flavour_main,mapper_basement v1.0 + published product_behavior_policy_versions,Verified
PI-ING-000490,IC · Solmix Stabilizer,stabilizer,stabilizer_blend,,,,STRUCTURAL_ONLY,,MAIN_TECHNICAL_BLOCKED,NONE,,structural_product_not_flavour_main,mapper_basement v1.0 + published product_behavior_policy_versions,Verified
PI-ING-000491,SVELTO · Irca Emulsifier Blend · Dry · 01100149,stabilizer,liquid_stabilizer_emulsifier_mix,,,,STRUCTURAL_ONLY,,MAIN_TECHNICAL_BLOCKED,NONE,,structural_product_not_flavour_main,mapper_basement v1.0 + published product_behavior_policy_versions,Verified
PI-ING-000492,TARA GUM · Stabilizer,stabilizer,tara_gum,,,,STRUCTURAL_ONLY,,MAIN_TECHNICAL_BLOCKED,NONE,,structural_product_not_flavour_main,mapper_basement v1.0 + published product_behavior_policy_versions,Verified
PI-ING-000493,WATERICE · Palsgaard Stabilizer,stabilizer,stabilizer_blend,,,,STRUCTURAL_ONLY,,MAIN_TECHNICAL_BLOCKED,NONE,,structural_product_not_flavour_main,mapper_basement v1.0 + published product_behavior_policy_versions,Verified
PI-ING-000494,DEXTROSE · Sweetener · Dry,sweetener,dextrose,,,,STRUCTURAL_ONLY,,MAIN_TECHNICAL_BLOCKED,NONE,,structural_product_not_flavour_main,mapper_basement v1.0 + published product_behavior_policy_versions,Verified
PI-ING-000495,DRY GLUCOSE SYRUP · Syrup,sweetener,glucose_syrup_dry,,,syrup,STRUCTURAL_ONLY,,MAIN_TECHNICAL_BLOCKED,NONE,,structural_product_not_flavour_main,mapper_basement v1.0 + published product_behavior_policy_versions,Verified
PI-ING-000496,FRUCTOSE · Sweetener · Dry,sweetener,fructose,,,,STRUCTURAL_ONLY,,MAIN_TECHNICAL_BLOCKED,NONE,,structural_product_not_flavour_main,mapper_basement v1.0 + published product_behavior_policy_versions,Verified
PI-ING-000497,GLUCOSE SYRUP DRY · Nutridex Syrup,sweetener,glucose_syrup_dry,,,syrup,STRUCTURAL_ONLY,,MAIN_TECHNICAL_BLOCKED,NONE,,structural_product_not_flavour_main,mapper_basement v1.0 + published product_behavior_policy_versions,Verified
PI-ING-000498,GLUCOSE SYRUP DRY · Nutridex Syrup,sweetener,glucose_syrup_dry,,,syrup,STRUCTURAL_ONLY,,MAIN_TECHNICAL_BLOCKED,NONE,,structural_product_not_flavour_main,mapper_basement v1.0 + published product_behavior_policy_versions,Verified
PI-ING-000499,GLUCOSE SYRUP DRY · Nutridex Syrup,sweetener,glucose_syrup_dry,,,syrup,STRUCTURAL_ONLY,,MAIN_TECHNICAL_BLOCKED,NONE,,structural_product_not_flavour_main,mapper_basement v1.0 + published product_behavior_policy_versions,Verified
PI-ING-000500,GLUCOSE SYRUP DRY · Syrup,sweetener,glucose_syrup_dry,,,syrup,STRUCTURAL_ONLY,,MAIN_TECHNICAL_BLOCKED,NONE,,structural_product_not_flavour_main,mapper_basement v1.0 + published product_behavior_policy_versions,Verified
PI-ING-000501,GLUCOSE SYRUP DRY · Syrup,sweetener,glucose_syrup_dry,,,syrup,STRUCTURAL_ONLY,,MAIN_TECHNICAL_BLOCKED,NONE,,structural_product_not_flavour_main,mapper_basement v1.0 + published product_behavior_policy_versions,Verified
PI-ING-000502,GLUCOSE FRUCTOSE SYRUP · Syrup · Dry · HFCS42,sweetener,glucose_fructose_syrup,,,syrup,STRUCTURAL_ONLY,,MAIN_TECHNICAL_BLOCKED,NONE,,structural_product_not_flavour_main,mapper_basement v1.0 + published product_behavior_policy_versions,Verified
PI-ING-000503,LACTOSE DRY · Powder,sweetener,lactose_powder,,,powder,STRUCTURAL_ONLY,,MAIN_TECHNICAL_BLOCKED,NONE,,structural_product_not_flavour_main,mapper_basement v1.0 + published product_behavior_policy_versions,Verified
PI-ING-000504,LIQUID GLUCOSE SYRUP · Holger Food Syrup · Dry,sweetener,glucose_syrup_liquid,,,syrup,STRUCTURAL_ONLY,,MAIN_TECHNICAL_BLOCKED,NONE,,structural_product_not_flavour_main,mapper_basement v1.0 + published product_behavior_policy_versions,Verified
PI-ING-000505,LYCHEE SYRUP · Kier Syrup · Dry,sweetener,glucose_syrup,,,syrup,STRUCTURAL_ONLY,,MAIN_TECHNICAL_BLOCKED,NONE,,structural_product_not_flavour_main,mapper_basement v1.0 + published product_behavior_policy_versions,Verified
PI-ING-000506,MALTODEXTRIN · Nutridex Sweetener · Dry,sweetener,maltodextrin,,,,STRUCTURAL_ONLY,,MAIN_TECHNICAL_BLOCKED,NONE,,structural_product_not_flavour_main,mapper_basement v1.0 + published product_behavior_policy_versions,Verified
PI-ING-000507,MALTODEXTRIN · Sweetener · Dry,sweetener,maltodextrin,,,,STRUCTURAL_ONLY,,MAIN_TECHNICAL_BLOCKED,NONE,,structural_product_not_flavour_main,mapper_basement v1.0 + published product_behavior_policy_versions,Verified
PI-ING-000508,MALTODEXTRIN · Nutridex Sweetener · Dry,sweetener,maltodextrin,,,,STRUCTURAL_ONLY,,MAIN_TECHNICAL_BLOCKED,NONE,,structural_product_not_flavour_main,mapper_basement v1.0 + published product_behavior_policy_versions,Verified
PI-ING-000509,MALTODEXTRIN · Nutridex Sweetener · Dry,sweetener,maltodextrin,,,,STRUCTURAL_ONLY,,MAIN_TECHNICAL_BLOCKED,NONE,,structural_product_not_flavour_main,mapper_basement v1.0 + published product_behavior_policy_versions,Verified
PI-ING-000511,MALTODEXTRIN · Sweetener · Dry,sweetener,maltodextrin,,,,STRUCTURAL_ONLY,,MAIN_TECHNICAL_BLOCKED,NONE,,structural_product_not_flavour_main,mapper_basement v1.0 + published product_behavior_policy_versions,Verified
PI-ING-000512,MALTODEXTRIN · Nutridex Sweetener · Dry,sweetener,maltodextrin,,,,STRUCTURAL_ONLY,,MAIN_TECHNICAL_BLOCKED,NONE,,structural_product_not_flavour_main,mapper_basement v1.0 + published product_behavior_policy_versions,Verified
PI-ING-000513,MANGO SELECTION FRUITIERE SUGAR · Sweetener · Dry,sweetener,sugar,,,,STRUCTURAL_ONLY,,MAIN_TECHNICAL_BLOCKED,NONE,,structural_product_not_flavour_main,mapper_basement v1.0 + published product_behavior_policy_versions,Verified
PI-ING-000514,SUCROSE SUGAR · Sweetener · Dry,sweetener,sucrose,,,,STRUCTURAL_ONLY,,MAIN_TECHNICAL_BLOCKED,NONE,,structural_product_not_flavour_main,mapper_basement v1.0 + published product_behavior_policy_versions,Verified
PI-ING-000515,SUGAR CANE · Sweetener · Dry,sweetener,cane_sugar,,,,STRUCTURAL_ONLY,,MAIN_TECHNICAL_BLOCKED,NONE,,structural_product_not_flavour_main,mapper_basement v1.0 + published product_behavior_policy_versions,Verified
PI-ING-000516,VANILLIN SUGAR · Sweetener · Dry,sweetener,sugar,,,,STRUCTURAL_ONLY,,MAIN_TECHNICAL_BLOCKED,NONE,,structural_product_not_flavour_main,mapper_basement v1.0 + published product_behavior_policy_versions,Verified
PI-ING-000517,ARTICHOKE · Vegetable · Chilled,vegetable,vegetable_profile,,,,STANDARD_ONLY,,MAIN_TECHNICAL_BLOCKED,NONE,,standard_product_not_flavour_main,mapper_basement v1.0 + published product_behavior_policy_versions,Estimated
PI-ING-000518,AUBERGINE · Vegetable · Chilled,vegetable,vegetable_profile,,,,STANDARD_ONLY,,MAIN_TECHNICAL_BLOCKED,NONE,,standard_product_not_flavour_main,mapper_basement v1.0 + published product_behavior_policy_versions,Estimated
PI-ING-000519,BAKED PUMPKIN · Vegetable · Chilled,vegetable,vegetable_profile,,,,STANDARD_ONLY,,MAIN_TECHNICAL_BLOCKED,NONE,,standard_product_not_flavour_main,mapper_basement v1.0 + published product_behavior_policy_versions,Estimated
PI-ING-000520,BEET RED · Vegetable · Chilled,vegetable,vegetable_profile,,,,STANDARD_ONLY,,MAIN_TECHNICAL_BLOCKED,NONE,,standard_product_not_flavour_main,mapper_basement v1.0 + published product_behavior_policy_versions,Estimated
PI-ING-000521,BEETROOT COOKED · Vegetable · Chilled,vegetable,vegetable_profile,,,,STANDARD_ONLY,,MAIN_TECHNICAL_BLOCKED,NONE,,standard_product_not_flavour_main,mapper_basement v1.0 + published product_behavior_policy_versions,Estimated
PI-ING-000522,BROCCOLI · Vegetable · Chilled,vegetable,vegetable_profile,,,,STANDARD_ONLY,,MAIN_TECHNICAL_BLOCKED,NONE,,standard_product_not_flavour_main,mapper_basement v1.0 + published product_behavior_policy_versions,Estimated
PI-ING-000523,CABBAGE POINTED · Vegetable · Chilled,vegetable,vegetable_profile,,,,STANDARD_ONLY,,MAIN_TECHNICAL_BLOCKED,NONE,,standard_product_not_flavour_main,mapper_basement v1.0 + published product_behavior_policy_versions,Estimated
PI-ING-000524,CABBAGE RED · Vegetable · Chilled,vegetable,vegetable_profile,,,,STANDARD_ONLY,,MAIN_TECHNICAL_BLOCKED,NONE,,standard_product_not_flavour_main,mapper_basement v1.0 + published product_behavior_policy_versions,Estimated
PI-ING-000525,CARROT · Vegetable · Chilled,vegetable,vegetable_profile,,,,STANDARD_ONLY,,MAIN_TECHNICAL_BLOCKED,NONE,,standard_product_not_flavour_main,mapper_basement v1.0 + published product_behavior_policy_versions,Estimated
PI-ING-000526,CASSAVA · Vegetable · Chilled,vegetable,vegetable_profile,,,,STANDARD_ONLY,,MAIN_TECHNICAL_BLOCKED,NONE,,standard_product_not_flavour_main,mapper_basement v1.0 + published product_behavior_policy_versions,Estimated
PI-ING-000527,CAULIFLOWER · Vegetable · Chilled,vegetable,vegetable_profile,,,,STANDARD_ONLY,,MAIN_TECHNICAL_BLOCKED,NONE,,standard_product_not_flavour_main,mapper_basement v1.0 + published product_behavior_policy_versions,Estimated
PI-ING-000528,CELERY ROOT · Vegetable · Chilled,vegetable,vegetable_profile,,,,STANDARD_ONLY,,MAIN_TECHNICAL_BLOCKED,NONE,,standard_product_not_flavour_main,mapper_basement v1.0 + published product_behavior_policy_versions,Estimated
PI-ING-000529,CHAYOTE · Vegetable · Chilled,vegetable,vegetable_profile,,,,STANDARD_ONLY,,MAIN_TECHNICAL_BLOCKED,NONE,,standard_product_not_flavour_main,mapper_basement v1.0 + published product_behavior_policy_versions,Estimated
PI-ING-000530,CHICORY · Vegetable · Chilled,vegetable,vegetable_profile,,,,STANDARD_ONLY,,MAIN_TECHNICAL_BLOCKED,NONE,,standard_product_not_flavour_main,mapper_basement v1.0 + published product_behavior_policy_versions,Estimated
PI-ING-000531,CUCUMBER · Vegetable · Chilled,vegetable,vegetable_profile,,,,STANDARD_ONLY,,MAIN_TECHNICAL_BLOCKED,NONE,,standard_product_not_flavour_main,mapper_basement v1.0 + published product_behavior_policy_versions,Estimated
PI-ING-000532,GARLIC · Vegetable · Chilled,vegetable,vegetable_profile,,,,STANDARD_ONLY,,MAIN_TECHNICAL_BLOCKED,NONE,,standard_product_not_flavour_main,mapper_basement v1.0 + published product_behavior_policy_versions,Estimated
PI-ING-000533,KALE · Vegetable · Chilled,vegetable,vegetable_profile,,,,STANDARD_ONLY,,MAIN_TECHNICAL_BLOCKED,NONE,,standard_product_not_flavour_main,mapper_basement v1.0 + published product_behavior_policy_versions,Estimated
PI-ING-000534,KOHLRABI · Vegetable · Chilled,vegetable,vegetable_profile,,,,STANDARD_ONLY,,MAIN_TECHNICAL_BLOCKED,NONE,,standard_product_not_flavour_main,mapper_basement v1.0 + published product_behavior_policy_versions,Estimated
PI-ING-000535,OKRA · Vegetable · Chilled,vegetable,vegetable_profile,,,,STANDARD_ONLY,,MAIN_TECHNICAL_BLOCKED,NONE,,standard_product_not_flavour_main,mapper_basement v1.0 + published product_behavior_policy_versions,Estimated
PI-ING-000536,ONION · Vegetable · Chilled,vegetable,vegetable_profile,,,,STANDARD_ONLY,,MAIN_TECHNICAL_BLOCKED,NONE,,standard_product_not_flavour_main,mapper_basement v1.0 + published product_behavior_policy_versions,Estimated
PI-ING-000537,PARSLEY · Vegetable · Chilled,vegetable,vegetable_profile,,,,STANDARD_ONLY,,MAIN_TECHNICAL_BLOCKED,NONE,,standard_product_not_flavour_main,mapper_basement v1.0 + published product_behavior_policy_versions,Estimated
PI-ING-000538,PEAS GREEN · Vegetable · Chilled,vegetable,vegetable_profile,,,,STANDARD_ONLY,,MAIN_TECHNICAL_BLOCKED,NONE,,standard_product_not_flavour_main,mapper_basement v1.0 + published product_behavior_policy_versions,Estimated
PI-ING-000539,PUMPKIN · Vegetable · Chilled,vegetable,vegetable_profile,,,,STANDARD_ONLY,,MAIN_TECHNICAL_BLOCKED,NONE,,standard_product_not_flavour_main,mapper_basement v1.0 + published product_behavior_policy_versions,Estimated
PI-ING-000540,SWEET PEPPER GREEN · Vegetable · Chilled,vegetable,vegetable_profile,,,,STANDARD_ONLY,,MAIN_TECHNICAL_BLOCKED,NONE,,standard_product_not_flavour_main,mapper_basement v1.0 + published product_behavior_policy_versions,Estimated
PI-ING-000541,SWEET PEPPER RED · Vegetable · Chilled,vegetable,vegetable_profile,,,,STANDARD_ONLY,,MAIN_TECHNICAL_BLOCKED,NONE,,standard_product_not_flavour_main,mapper_basement v1.0 + published product_behavior_policy_versions,Estimated
PI-ING-000542,SWEETCORN · Vegetable · Chilled,vegetable,vegetable_profile,,,,STANDARD_ONLY,,MAIN_TECHNICAL_BLOCKED,NONE,,standard_product_not_flavour_main,mapper_basement v1.0 + published product_behavior_policy_versions,Estimated
PI-ING-000543,TOMATO · Vegetable · Chilled,vegetable,vegetable_profile,,,,STANDARD_ONLY,,MAIN_TECHNICAL_BLOCKED,NONE,,standard_product_not_flavour_main,mapper_basement v1.0 + published product_behavior_policy_versions,Estimated
PI-ING-000544,WHITE CABBAGE · Vegetable · Chilled,vegetable,vegetable_profile,,,,STANDARD_ONLY,,MAIN_TECHNICAL_BLOCKED,NONE,,standard_product_not_flavour_main,mapper_basement v1.0 + published product_behavior_policy_versions,Estimated
PI-ING-000545,MASCARPONE · Hacendado Dairy · Chilled,dairy,mascarpone_cheese,dairy_flavour,,,UNKNOWN_REQUIRES_EVIDENCE,,MAIN_CAPABLE_UNCALIBRATED,NONE,,,mapper_basement v1.0 + published product_behavior_policy_versions,Verified
PI-ING-000546,LECHE ENTERA 1L · Hacendado Milk · 100%,dairy,milk,,,liquid,STANDARD_ONLY,,MAIN_TECHNICAL_BLOCKED,NONE,,standard_product_not_flavour_main,mapper_basement v1.0 + published product_behavior_policy_versions,Verified
PI-ING-000547,LECHE SEMIDESNATADA 1L · Hacendado Milk · 100%,dairy,milk,,,liquid,STANDARD_ONLY,,MAIN_TECHNICAL_BLOCKED,NONE,,standard_product_not_flavour_main,mapper_basement v1.0 + published product_behavior_policy_versions,Verified
PI-ING-000548,LECHE DESNATADA 1L · Hacendado Milk · 100%,dairy,milk,,,liquid,STANDARD_ONLY,,MAIN_TECHNICAL_BLOCKED,NONE,,standard_product_not_flavour_main,mapper_basement v1.0 + published product_behavior_policy_versions,Verified
PI-ING-000549,VIRTUOSA A FREDDO · CuorDiGelato Base Mix · 402061,base_mix,powdered_ice_cream_mix,,,powder,STANDARD_ONLY,,MAIN_TECHNICAL_BLOCKED,NONE,,standard_product_not_flavour_main,mapper_basement v1.0 + published product_behavior_policy_versions,Verified
PI-ING-000550,SUPERLODY 50 87 · Torronalba Base Mix · 0413,base_mix,powdered_ice_cream_mix,,,powder,STANDARD_ONLY,,MAIN_TECHNICAL_BLOCKED,NONE,,standard_product_not_flavour_main,mapper_basement v1.0 + published product_behavior_policy_versions,Verified
PI-ING-000551,STABILFRUIT 50 · Torronalba Base Mix · 0505,base_mix,powdered_ice_cream_mix,,,powder,STANDARD_ONLY,,MAIN_TECHNICAL_BLOCKED,NONE,,standard_product_not_flavour_main,mapper_basement v1.0 + published product_behavior_policy_versions,Verified
PI-ING-000552,FRUTTA NATURA · CuorDiGelato Base Mix · 401671,base_mix,powdered_ice_cream_mix,,,powder,STANDARD_ONLY,,MAIN_TECHNICAL_BLOCKED,NONE,,standard_product_not_flavour_main,mapper_basement v1.0 + published product_behavior_policy_versions,Verified
PI-ING-000553,ARABESQUE NOIR · Zeelandia Chocolate · TP00781,chocolate,chocolate_component,chocolate_cocoa,,,UNKNOWN_REQUIRES_EVIDENCE,,MAIN_CAPABLE_UNCALIBRATED,NONE,,,mapper_basement v1.0 + published product_behavior_policy_versions,Verified
PI-ING-000554,AVARGUM CR · Iceberg Paste,flavor_paste,flavored_ice_cream_paste,,,flavour_paste,UNKNOWN_REQUIRES_EVIDENCE,,MAIN_CAPABLE_UNCALIBRATED,NONE,,,mapper_basement v1.0 + published product_behavior_policy_versions,Verified
PI-ING-000555,BUBBLE · Linea Gel Variegato · FIC016,flavor_paste,variegato_layering_paste,,,flavour_paste,UNKNOWN_REQUIRES_EVIDENCE,,MAIN_CAPABLE_UNCALIBRATED,NONE,,,mapper_basement v1.0 + published product_behavior_policy_versions,Verified
PI-ING-000556,CAFFE BIANCO · La Preferita Chocolate,chocolate,chocolate_component,chocolate_cocoa,,,UNKNOWN_REQUIRES_EVIDENCE,,MAIN_CAPABLE_UNCALIBRATED,NONE,,,mapper_basement v1.0 + published product_behavior_policy_versions,Verified
PI-ING-000557,CIOCCO CR · Iceberg Chocolate,chocolate,chocolate_component,chocolate_cocoa,,,UNKNOWN_REQUIRES_EVIDENCE,,MAIN_CAPABLE_UNCALIBRATED,NONE,,,mapper_basement v1.0 + published product_behavior_policy_versions,Verified
PI-ING-000558,CIOCCOLATO GRAN CRU DOMINICANO · Torronalba Chocolate · Dry · 0451,chocolate,chocolate_component,chocolate_cocoa,,,UNKNOWN_REQUIRES_EVIDENCE,,MAIN_CAPABLE_UNCALIBRATED,NONE,,,mapper_basement v1.0 + published product_behavior_policy_versions,Verified
PI-ING-000559,COCCO · Torronalba Paste · 0094,coconut,coconut_paste,coconut,,paste,MAIN_ALLOWED,,MAIN_CAPABLE_UNCALIBRATED,NONE,,,mapper_basement v1.0 + published product_behavior_policy_versions,Verified
PI-ING-000560,ARABESQUE NOIR · Zeelandia Chocolate · TP00780,chocolate,chocolate_component,chocolate_cocoa,,,UNKNOWN_REQUIRES_EVIDENCE,,MAIN_CAPABLE_UNCALIBRATED,NONE,,,mapper_basement v1.0 + published product_behavior_policy_versions,Verified
PI-ING-000561,BUBBLE GUM AZZURRO · Torronalba Paste · 0497,flavor_paste,flavored_ice_cream_paste,,,flavour_paste,UNKNOWN_REQUIRES_EVIDENCE,,MAIN_CAPABLE_UNCALIBRATED,NONE,,,mapper_basement v1.0 + published product_behavior_policy_versions,Verified
PI-ING-000562,ARABESQUE LAIT · Zeelandia Chocolate · TP00779,chocolate,chocolate_component,chocolate_cocoa,,,UNKNOWN_REQUIRES_EVIDENCE,,MAIN_CAPABLE_UNCALIBRATED,NONE,,,mapper_basement v1.0 + published product_behavior_policy_versions,Verified
PI-ING-000563,BISCUIT · Fugar Bakery Inclusion · 41580,bakery,bakery_component,bakery_cookie,,,UNKNOWN_REQUIRES_EVIDENCE,,MAIN_CAPABLE_UNCALIBRATED,NONE,,,mapper_basement v1.0 + published product_behavior_policy_versions,Verified
PI-ING-000564,ARABESQUE BLANC · Zeelandia Chocolate · TP00777,chocolate,chocolate_component,chocolate_cocoa,,,UNKNOWN_REQUIRES_EVIDENCE,,MAIN_CAPABLE_UNCALIBRATED,NONE,,,mapper_basement v1.0 + published product_behavior_policy_versions,Verified
PI-ING-000565,CREAM MASCA 50 POLVERE · Iannino Base Mix,base_mix,powdered_ice_cream_mix,,,powder,STANDARD_ONLY,,MAIN_TECHNICAL_BLOCKED,NONE,,standard_product_not_flavour_main,mapper_basement v1.0 + published product_behavior_policy_versions,Verified
PI-ING-000566,ANDALUSO DEGNI NOTA SRL · Iannino Variegato,flavor_paste,variegato_layering_paste,,,flavour_paste,UNKNOWN_REQUIRES_EVIDENCE,,MAIN_CAPABLE_UNCALIBRATED,NONE,,,mapper_basement v1.0 + published product_behavior_policy_versions,Verified
PI-ING-000567,OPTY 20 · Komages Base Mix,base_mix,powdered_ice_cream_mix,,,powder,STANDARD_ONLY,,MAIN_TECHNICAL_BLOCKED,NONE,,standard_product_not_flavour_main,mapper_basement v1.0 + published product_behavior_policy_versions,Verified
PI-ING-000568,LELLO CR · Iceberg Paste,flavor_paste,flavored_ice_cream_paste,,,flavour_paste,UNKNOWN_REQUIRES_EVIDENCE,,MAIN_CAPABLE_UNCALIBRATED,NONE,,,mapper_basement v1.0 + published product_behavior_policy_versions,Verified
PI-ING-000569,LONGARONE 50 · Fugar Base Mix · 40866,base_mix,powdered_ice_cream_mix,,,powder,STANDARD_ONLY,,MAIN_TECHNICAL_BLOCKED,NONE,,standard_product_not_flavour_main,mapper_basement v1.0 + published product_behavior_policy_versions,Verified
PI-ING-000570,RASPBERRY GEL GRADOS · Martin Braun Gruppe Variegato · 3700371,flavor_paste,variegato_layering_paste,,,flavour_paste,UNKNOWN_REQUIRES_EVIDENCE,,MAIN_CAPABLE_UNCALIBRATED,NONE,,,mapper_basement v1.0 + published product_behavior_policy_versions,Verified
PI-ING-000571,RASPBERRY GEL · Alfapro Variegato · 60% · 0005929,flavor_paste,variegato_layering_paste,,,flavour_paste,UNKNOWN_REQUIRES_EVIDENCE,,MAIN_CAPABLE_UNCALIBRATED,NONE,,,mapper_basement v1.0 + published product_behavior_policy_versions,Verified
PI-ING-000572,MANGO PASSION DESSERTS GEL · Alfapro Variegato · 60% · 0022251,flavor_paste,variegato_layering_paste,,,flavour_paste,UNKNOWN_REQUIRES_EVIDENCE,,MAIN_CAPABLE_UNCALIBRATED,NONE,,,mapper_basement v1.0 + published product_behavior_policy_versions,Verified
PI-ING-000573,CONC AROM FRAGOLA · Torronalba Paste · 0185,fruit,fruit_flavor_paste,fruit,berry,paste,MAIN_ALLOWED,,MAIN_CAPABLE_UNCALIBRATED,NONE,,,mapper_basement v1.0 + published product_behavior_policy_versions,Verified
PI-ING-000574,CREMA CACAO · Torronalba Chocolate · 0356,chocolate,chocolate_component,chocolate_cocoa,,,UNKNOWN_REQUIRES_EVIDENCE,,MAIN_CAPABLE_UNCALIBRATED,NONE,,,mapper_basement v1.0 + published product_behavior_policy_versions,Verified
PI-ING-000575,DELIZIA COCCO · Torronalba Paste · 0294,coconut,coconut_paste,coconut,,paste,MAIN_ALLOWED,,MAIN_CAPABLE_UNCALIBRATED,NONE,,,mapper_basement v1.0 + published product_behavior_policy_versions,Verified
PI-ING-000576,DULCE LECHE KAYMAK · Paste,flavor_paste,flavored_ice_cream_paste,,,flavour_paste,UNKNOWN_REQUIRES_EVIDENCE,,MAIN_CAPABLE_UNCALIBRATED,NONE,,,mapper_basement v1.0 + published product_behavior_policy_versions,Verified
PI-ING-000577,FRUIT BASE 30 · Gourmego Base Mix · 40220 / 40230,base_mix,powdered_ice_cream_mix,,,powder,STANDARD_ONLY,,MAIN_TECHNICAL_BLOCKED,NONE,,standard_product_not_flavour_main,mapper_basement v1.0 + published product_behavior_policy_versions,Verified
PI-ING-000578,MATER 50 VERO F · Base Mix · PC0000,base_mix,powdered_ice_cream_mix,,,powder,STANDARD_ONLY,,MAIN_TECHNICAL_BLOCKED,NONE,,standard_product_not_flavour_main,mapper_basement v1.0 + published product_behavior_policy_versions,Verified
PI-ING-000579,F 50 · Fugar Base Mix · 41125,base_mix,powdered_ice_cream_mix,,,powder,STANDARD_ONLY,,MAIN_TECHNICAL_BLOCKED,NONE,,standard_product_not_flavour_main,mapper_basement v1.0 + published product_behavior_policy_versions,Verified
PI-ING-000580,GRANELLA CROCCANTE · Torronalba Paste · 0011,nut,hazelnut_paste,nut,,paste,MAIN_ALLOWED,,MAIN_CAPABLE_UNCALIBRATED,NONE,,,mapper_basement v1.0 + published product_behavior_policy_versions,Verified
PI-ING-000581,MENNULA · Iannino Paste,nut,almond_paste,nut,,paste,MAIN_ALLOWED,,MAIN_CAPABLE_UNCALIBRATED,NONE,,,mapper_basement v1.0 + published product_behavior_policy_versions,Verified
PI-ING-000582,GUMMY · Fugar Paste · 41568,flavor_paste,flavored_ice_cream_paste,,,flavour_paste,UNKNOWN_REQUIRES_EVIDENCE,,MAIN_CAPABLE_UNCALIBRATED,NONE,,,mapper_basement v1.0 + published product_behavior_policy_versions,Verified
PI-ING-000583,NATURALOVE PINK · Liogel Base Mix · 5163,base_mix,powdered_ice_cream_mix,,,powder,STANDARD_ONLY,,MAIN_TECHNICAL_BLOCKED,NONE,,standard_product_not_flavour_main,mapper_basement v1.0 + published product_behavior_policy_versions,Verified
PI-ING-000584,KAJMAK · Alfapro Paste · 0008096,flavor_paste,flavored_ice_cream_paste,,,flavour_paste,UNKNOWN_REQUIRES_EVIDENCE,,MAIN_CAPABLE_UNCALIBRATED,NONE,,,mapper_basement v1.0 + published product_behavior_policy_versions,Verified
PI-ING-000585,DOTTA SRL GIANDUIA · Iannino Chocolate,chocolate,chocolate_component,chocolate_cocoa,,,UNKNOWN_REQUIRES_EVIDENCE,,MAIN_CAPABLE_UNCALIBRATED,NONE,,,mapper_basement v1.0 + published product_behavior_policy_versions,Verified
PI-ING-000586,NINA COLORE PISTACHIO · Iannino Paste,nut,pistachio_paste,nut,,paste,MAIN_ALLOWED,,MAIN_CAPABLE_UNCALIBRATED,NONE,,,mapper_basement v1.0 + published product_behavior_policy_versions,Verified
PI-ING-000587,NINA PISTACHIO · Iannino Paste,nut,pistachio_paste,nut,,paste,MAIN_ALLOWED,,MAIN_CAPABLE_UNCALIBRATED,NONE,,,mapper_basement v1.0 + published product_behavior_policy_versions,Verified
PI-ING-000588,NONNA DELIZIA · Iannino Paste,flavor_paste,flavored_ice_cream_paste,,,flavour_paste,UNKNOWN_REQUIRES_EVIDENCE,,MAIN_CAPABLE_UNCALIBRATED,NONE,,,mapper_basement v1.0 + published product_behavior_policy_versions,Verified
PI-ING-000589,PASSION · Toschi Variegato · GTL45,flavor_paste,variegato_layering_paste,,,flavour_paste,UNKNOWN_REQUIRES_EVIDENCE,,MAIN_CAPABLE_UNCALIBRATED,NONE,,,mapper_basement v1.0 + published product_behavior_policy_versions,Verified
PI-ING-000590,PISTACCHIO VERDE BRONTE DOP · Anselmi Paste · 100% Nut · 292553AN,nut,pistachio_paste,nut,,paste,MAIN_ALLOWED,,MAIN_CAPABLE_UNCALIBRATED,NONE,,,mapper_basement v1.0 + published product_behavior_policy_versions,Verified
PI-ING-000591,ADVOCAT · Barbara Luijckx Paste,flavor_paste,flavored_ice_cream_paste,,,flavour_paste,UNKNOWN_REQUIRES_EVIDENCE,,MAIN_CAPABLE_UNCALIBRATED,NONE,,,mapper_basement v1.0 + published product_behavior_policy_versions,Verified
PI-ING-000592,ARACHIDE · Torronalba Paste · 0066,nut,peanut_paste,nut,,paste,MAIN_ALLOWED,,MAIN_CAPABLE_UNCALIBRATED,NONE,,,mapper_basement v1.0 + published product_behavior_policy_versions,Verified
PI-ING-000593,BAKLAVA · Expertarom Nut · 873307,nut,nut_component,nut,,,UNKNOWN_REQUIRES_EVIDENCE,,MAIN_CAPABLE_UNCALIBRATED,NONE,,,mapper_basement v1.0 + published product_behavior_policy_versions,Verified
PI-ING-000594,BUENO WHITE CREAM · Linea Gel Variegato · FIV103,flavor_paste,variegato_layering_paste,,,flavour_paste,UNKNOWN_REQUIRES_EVIDENCE,,MAIN_CAPABLE_UNCALIBRATED,NONE,,,mapper_basement v1.0 + published product_behavior_policy_versions,Verified
PI-ING-000595,CARAMEL MOU · Paste,flavor_paste,flavored_ice_cream_paste,,,flavour_paste,UNKNOWN_REQUIRES_EVIDENCE,,MAIN_CAPABLE_UNCALIBRATED,NONE,,,mapper_basement v1.0 + published product_behavior_policy_versions,Verified
PI-ING-000596,CARAMELLO MARTINI · Paste · AJ00AK,flavor_paste,flavored_ice_cream_paste,,,flavour_paste,UNKNOWN_REQUIRES_EVIDENCE,,MAIN_CAPABLE_UNCALIBRATED,NONE,,,mapper_basement v1.0 + published product_behavior_policy_versions,Verified
PI-ING-000597,CIOCCOLATO BIANCO · Torronalba Chocolate · 0482,chocolate,chocolate_component,chocolate_cocoa,,,UNKNOWN_REQUIRES_EVIDENCE,,MAIN_CAPABLE_UNCALIBRATED,NONE,,,mapper_basement v1.0 + published product_behavior_policy_versions,Verified
PI-ING-000598,COCCO · Expertarom Paste · 873135,coconut,coconut_paste,coconut,,paste,MAIN_ALLOWED,,MAIN_CAPABLE_UNCALIBRATED,NONE,,,mapper_basement v1.0 + published product_behavior_policy_versions,Verified
PI-ING-000599,CREM CARMEL · Torronalba Paste · 0121,flavor_paste,flavored_ice_cream_paste,,,flavour_paste,UNKNOWN_REQUIRES_EVIDENCE,,MAIN_CAPABLE_UNCALIBRATED,NONE,,,mapper_basement v1.0 + published product_behavior_policy_versions,Verified
PI-ING-000600,ELDERBERRY · Barbara Luijckx Paste,fruit,fruit_flavor_paste,fruit,berry,paste,MAIN_ALLOWED,,MAIN_CAPABLE_UNCALIBRATED,NONE,,,mapper_basement v1.0 + published product_behavior_policy_versions,Verified
PI-ING-000601,FARINA BONA · Toschi Paste · GTS092,flavor_paste,flavored_ice_cream_paste,,,flavour_paste,UNKNOWN_REQUIRES_EVIDENCE,,MAIN_CAPABLE_UNCALIBRATED,NONE,,,mapper_basement v1.0 + published product_behavior_policy_versions,Verified
PI-ING-000602,GIANDUJA · Torronalba Paste · 0022,flavor_paste,flavored_ice_cream_paste,,,flavour_paste,UNKNOWN_REQUIRES_EVIDENCE,,MAIN_CAPABLE_UNCALIBRATED,NONE,,,mapper_basement v1.0 + published product_behavior_policy_versions,Verified
PI-ING-000603,JAMAICA RUM · Barbara Luijckx Paste,flavor_paste,flavored_ice_cream_paste,,,flavour_paste,UNKNOWN_REQUIRES_EVIDENCE,,MAIN_CAPABLE_UNCALIBRATED,NONE,,,mapper_basement v1.0 + published product_behavior_policy_versions,Verified
PI-ING-000604,LAVENDER · Barbara Luijckx Paste · 23820,flavor_paste,flavored_ice_cream_paste,,,flavour_paste,UNKNOWN_REQUIRES_EVIDENCE,,MAIN_CAPABLE_UNCALIBRATED,NONE,,,mapper_basement v1.0 + published product_behavior_policy_versions,Verified
PI-ING-000605,MACARON PEZZI · La Preferita Bakery Inclusion,bakery,bakery_component,bakery_cookie,,,UNKNOWN_REQUIRES_EVIDENCE,,MAIN_CAPABLE_UNCALIBRATED,NONE,,,mapper_basement v1.0 + published product_behavior_policy_versions,Verified
PI-ING-000606,CREAM MARZIPAN · Gelatop Dreidoppel Paste · 25708,flavor_paste,flavored_ice_cream_paste,,,flavour_paste,UNKNOWN_REQUIRES_EVIDENCE,,MAIN_CAPABLE_UNCALIBRATED,NONE,,,mapper_basement v1.0 + published product_behavior_policy_versions,Verified
PI-ING-000607,NOCCIOLA JULIA DARK · Expertarom Paste · 873150,nut,hazelnut_paste,nut,,paste,MAIN_ALLOWED,,MAIN_CAPABLE_UNCALIBRATED,NONE,,,mapper_basement v1.0 + published product_behavior_policy_versions,Verified
PI-ING-000608,NOCCIOLA N · Torronalba Paste · 0005,nut,hazelnut_paste,nut,,paste,MAIN_ALLOWED,,MAIN_CAPABLE_UNCALIBRATED,NONE,,,mapper_basement v1.0 + published product_behavior_policy_versions,Verified
PI-ING-000609,PASTAROM VANILIA · Barbara Luijckx Paste · 67310,flavor_paste,flavored_ice_cream_paste,,,flavour_paste,UNKNOWN_REQUIRES_EVIDENCE,,MAIN_CAPABLE_UNCALIBRATED,NONE,,,mapper_basement v1.0 + published product_behavior_policy_versions,Verified
PI-ING-000610,PISTACCHIO CORINTO · Expertarom Paste · 873132,nut,pistachio_paste,nut,,paste,MAIN_ALLOWED,,MAIN_CAPABLE_UNCALIBRATED,NONE,,,mapper_basement v1.0 + published product_behavior_policy_versions,Verified
PI-ING-000611,PISTACCHIO ORO · Torronalba Paste · 0403,nut,pistachio_paste,nut,,paste,MAIN_ALLOWED,,MAIN_CAPABLE_UNCALIBRATED,NONE,,,mapper_basement v1.0 + published product_behavior_policy_versions,Verified
PI-ING-000612,PISTACCHIO SICILIA · Torronalba Paste · 0057,nut,pistachio_paste,nut,,paste,MAIN_ALLOWED,,MAIN_CAPABLE_UNCALIBRATED,NONE,,,mapper_basement v1.0 + published product_behavior_policy_versions,Verified
PI-ING-000613,PISTACHIO · Fresh Gelato Paste,nut,pistachio_paste,nut,,paste,MAIN_ALLOWED,,MAIN_CAPABLE_UNCALIBRATED,NONE,,,mapper_basement v1.0 + published product_behavior_policy_versions,Verified
PI-ING-000614,PISTACHIO · Aldori Paste · 100% Nut,nut,pistachio_paste,nut,,pure_nut_paste,MAIN_PROFILE_SPECIFIC,milk_gelato|protein_gelato|vegan_gelato,MAIN_CAPABLE,EXACT_PRODUCT,main-pistachio-pure-paste-dairy-0614|main-protein-pistachio-0614|main-pure-nut-paste-dairy|main-vegan-pistachio-paste-0614,,mapper_basement v1.0 + published product_behavior_policy_versions,Verified
PI-ING-000615,SUPER SMOOTH PISTACHIO · Pistacje.pl Paste · 100% Nut,nut,pistachio_paste,nut,,paste,MAIN_ALLOWED,,MAIN_CAPABLE_UNCALIBRATED,NONE,,,mapper_basement v1.0 + published product_behavior_policy_versions,Verified
PI-ING-000616,POPCORN · Aromitalia Paste · 3463,flavor_paste,flavored_ice_cream_paste,,,flavour_paste,UNKNOWN_REQUIRES_EVIDENCE,,MAIN_CAPABLE_UNCALIBRATED,NONE,,,mapper_basement v1.0 + published product_behavior_policy_versions,Verified
PI-ING-000617,PRALINE TRUFFLE · Barbara Luijckx Chocolate · 21204,chocolate,chocolate_component,chocolate_cocoa,,,UNKNOWN_REQUIRES_EVIDENCE,,MAIN_CAPABLE_UNCALIBRATED,NONE,,,mapper_basement v1.0 + published product_behavior_policy_versions,Verified
PI-ING-000618,ROSE · Barbara Luijckx Paste · 25320,flavor_paste,flavored_ice_cream_paste,,,flavour_paste,UNKNOWN_REQUIRES_EVIDENCE,,MAIN_CAPABLE_UNCALIBRATED,NONE,,,mapper_basement v1.0 + published product_behavior_policy_versions,Verified
PI-ING-000619,VANIGLIA BON GR · Torronalba Paste · 0337,flavor_paste,flavored_ice_cream_paste,,,flavour_paste,UNKNOWN_REQUIRES_EVIDENCE,,MAIN_CAPABLE_UNCALIBRATED,NONE,,,mapper_basement v1.0 + published product_behavior_policy_versions,Verified
PI-ING-000620,YUZU · Zentis Paste · 198244,fruit,fruit_flavor_paste,fruit,citrus,paste,MAIN_ALLOWED,,MAIN_CAPABLE_UNCALIBRATED,NONE,,,mapper_basement v1.0 + published product_behavior_policy_versions,Verified
PI-ING-000621,SEA BUCKTHORN · Gelatop Dreidoppel Paste · 44706,fruit,fruit_flavor_paste,fruit,,paste,MAIN_ALLOWED,,MAIN_CAPABLE_UNCALIBRATED,NONE,,,mapper_basement v1.0 + published product_behavior_policy_versions,Verified
PI-ING-000622,PISTACCHIO · Iceberg Paste · CR20,nut,pistachio_paste,nut,,paste,MAIN_ALLOWED,,MAIN_CAPABLE_UNCALIBRATED,NONE,,,mapper_basement v1.0 + published product_behavior_policy_versions,Verified
PI-ING-000623,PISTACHIO VERDE MEDITERRANEO · Martini Gelato Paste · AY50BJ,nut,pistachio_paste,nut,,paste,MAIN_ALLOWED,,MAIN_CAPABLE_UNCALIBRATED,NONE,,,mapper_basement v1.0 + published product_behavior_policy_versions,Verified
PI-ING-000624,PISTACHIOS · Paste · 100% Nut,nut,pistachio_paste,nut,,paste,MAIN_ALLOWED,,MAIN_CAPABLE_UNCALIBRATED,NONE,,,mapper_basement v1.0 + published product_behavior_policy_versions,Verified
PI-ING-000625,PISTACHIOS · Pistacje.pl Paste · 100% Nut,nut,pistachio_paste,nut,,paste,MAIN_ALLOWED,,MAIN_CAPABLE_UNCALIBRATED,NONE,,,mapper_basement v1.0 + published product_behavior_policy_versions,Verified
PI-ING-000626,DAIRY CREAM SEMOLINA · Gelatop Dreidoppel Base Mix · 35719,base_mix,powdered_ice_cream_mix,,,powder,STANDARD_ONLY,,MAIN_TECHNICAL_BLOCKED,NONE,,standard_product_not_flavour_main,mapper_basement v1.0 + published product_behavior_policy_versions,Verified
PI-ING-000627,COMMON SEA BUCKTHORN · Barbara Luijckx Paste,fruit,fruit_flavor_paste,fruit,,paste,MAIN_ALLOWED,,MAIN_CAPABLE_UNCALIBRATED,NONE,,,mapper_basement v1.0 + published product_behavior_policy_versions,Verified
PI-ING-000628,SCAGLIETTA SUR FONDENTE F · IRCA Chocolate · 01040204,chocolate,chocolate_component,chocolate_cocoa,,,UNKNOWN_REQUIRES_EVIDENCE,,MAIN_CAPABLE_UNCALIBRATED,NONE,,,mapper_basement v1.0 + published product_behavior_policy_versions,Verified
PI-ING-000629,SPEEDY PEAR PIECES · Comprital Base Mix · P294,base_mix,powdered_ice_cream_mix,,,powder,STANDARD_ONLY,,MAIN_TECHNICAL_BLOCKED,NONE,,standard_product_not_flavour_main,mapper_basement v1.0 + published product_behavior_policy_versions,Verified
PI-ING-000630,SPEKULALBA · Torronalba Paste · 0528,flavor_paste,flavored_ice_cream_paste,,,flavour_paste,UNKNOWN_REQUIRES_EVIDENCE,,MAIN_CAPABLE_UNCALIBRATED,NONE,,,mapper_basement v1.0 + published product_behavior_policy_versions,Verified
PI-ING-000631,TIRAMISU · Torronalba Paste · 0227,flavor_paste,flavored_ice_cream_paste,,,flavour_paste,UNKNOWN_REQUIRES_EVIDENCE,,MAIN_CAPABLE_UNCALIBRATED,NONE,,,mapper_basement v1.0 + published product_behavior_policy_versions,Verified
PI-ING-000632,TRUSKAWKA W ZELU · Alfapro Variegato · 60% · 0005931,flavor_paste,variegato_layering_paste,,,flavour_paste,UNKNOWN_REQUIRES_EVIDENCE,,MAIN_CAPABLE_UNCALIBRATED,NONE,,,mapper_basement v1.0 + published product_behavior_policy_versions,Verified
PI-ING-000633,BLUES DEGNI NOTA · Iannino Variegato,chocolate,chocolate_component,chocolate_cocoa,,,UNKNOWN_REQUIRES_EVIDENCE,,MAIN_CAPABLE_UNCALIBRATED,NONE,,,mapper_basement v1.0 + published product_behavior_policy_versions,Verified
PI-ING-000634,COPERTURA · Torronalba Variegato · 0048,chocolate,chocolate_component,chocolate_cocoa,,,UNKNOWN_REQUIRES_EVIDENCE,,MAIN_CAPABLE_UNCALIBRATED,NONE,,,mapper_basement v1.0 + published product_behavior_policy_versions,Verified
PI-ING-000635,COUNTRY Q1 CRUNCHY · Iannino Variegato,flavor_paste,variegato_layering_paste,,,flavour_paste,UNKNOWN_REQUIRES_EVIDENCE,,MAIN_CAPABLE_UNCALIBRATED,NONE,,,mapper_basement v1.0 + published product_behavior_policy_versions,Verified
PI-ING-000636,COUNTRY Q1 · Iannino Variegato,flavor_paste,variegato_layering_paste,,,flavour_paste,UNKNOWN_REQUIRES_EVIDENCE,,MAIN_CAPABLE_UNCALIBRATED,NONE,,,mapper_basement v1.0 + published product_behavior_policy_versions,Verified
PI-ING-000637,FRUTTA RIBES NERO CZARNA · Gelarti Variegato,flavor_paste,variegato_layering_paste,,,flavour_paste,UNKNOWN_REQUIRES_EVIDENCE,,MAIN_CAPABLE_UNCALIBRATED,NONE,,,mapper_basement v1.0 + published product_behavior_policy_versions,Verified
PI-ING-000638,FRUTTO PASSIONE PASSION SEEDS · Gelarti Variegato,flavor_paste,variegato_layering_paste,,,flavour_paste,UNKNOWN_REQUIRES_EVIDENCE,,MAIN_CAPABLE_UNCALIBRATED,NONE,,,mapper_basement v1.0 + published product_behavior_policy_versions,Verified
PI-ING-000639,FUNKY DEGNI NOTA SRL · Iannino Variegato,flavor_paste,variegato_layering_paste,,,flavour_paste,UNKNOWN_REQUIRES_EVIDENCE,,MAIN_CAPABLE_UNCALIBRATED,NONE,,,mapper_basement v1.0 + published product_behavior_policy_versions,Verified
PI-ING-000640,LADY PINAT · Torronalba Variegato · 0484,flavor_paste,variegato_layering_paste,,,flavour_paste,UNKNOWN_REQUIRES_EVIDENCE,,MAIN_CAPABLE_UNCALIBRATED,NONE,,,mapper_basement v1.0 + published product_behavior_policy_versions,Verified
PI-ING-000641,LAMPONE RASPBERRY · Gelarti Variegato,flavor_paste,variegato_layering_paste,,,flavour_paste,UNKNOWN_REQUIRES_EVIDENCE,,MAIN_CAPABLE_UNCALIBRATED,NONE,,,mapper_basement v1.0 + published product_behavior_policy_versions,Verified
PI-ING-000642,MADDY CREM BIANCA · Torronalba Variegato · 0488,flavor_paste,variegato_layering_paste,,,flavour_paste,UNKNOWN_REQUIRES_EVIDENCE,,MAIN_CAPABLE_UNCALIBRATED,NONE,,,mapper_basement v1.0 + published product_behavior_policy_versions,Verified
PI-ING-000643,MADDY CREM · Torronalba Variegato · 0493,flavor_paste,variegato_layering_paste,,,flavour_paste,UNKNOWN_REQUIRES_EVIDENCE,,MAIN_CAPABLE_UNCALIBRATED,NONE,,,mapper_basement v1.0 + published product_behavior_policy_versions,Verified
PI-ING-000644,RASPBERRY · Prospona Variegato,flavor_paste,variegato_layering_paste,,,flavour_paste,UNKNOWN_REQUIRES_EVIDENCE,,MAIN_CAPABLE_UNCALIBRATED,NONE,,,mapper_basement v1.0 + published product_behavior_policy_versions,Verified
PI-ING-000645,MELOGRANO GRANAT · Torronalba Variegato · 0558,flavor_paste,variegato_layering_paste,,,flavour_paste,UNKNOWN_REQUIRES_EVIDENCE,,MAIN_CAPABLE_UNCALIBRATED,NONE,,,mapper_basement v1.0 + published product_behavior_policy_versions,Verified
PI-ING-000646,PRALINE · Torronalba Variegato · 0434,chocolate,chocolate_component,chocolate_cocoa,,,UNKNOWN_REQUIRES_EVIDENCE,,MAIN_CAPABLE_UNCALIBRATED,NONE,,,mapper_basement v1.0 + published product_behavior_policy_versions,Verified
PI-ING-000647,RED ORANGE · Toschi Variegato · GTL52B,flavor_paste,variegato_layering_paste,,,flavour_paste,UNKNOWN_REQUIRES_EVIDENCE,,MAIN_CAPABLE_UNCALIBRATED,NONE,,,mapper_basement v1.0 + published product_behavior_policy_versions,Verified
PI-ING-000648,ROCK CRUNCHY · Iannino Variegato,flavor_paste,variegato_layering_paste,,,flavour_paste,UNKNOWN_REQUIRES_EVIDENCE,,MAIN_CAPABLE_UNCALIBRATED,NONE,,,mapper_basement v1.0 + published product_behavior_policy_versions,Verified
PI-ING-000649,ROCK DEGNI NOTA SRL · Iannino Variegato,flavor_paste,variegato_layering_paste,,,flavour_paste,UNKNOWN_REQUIRES_EVIDENCE,,MAIN_CAPABLE_UNCALIBRATED,NONE,,,mapper_basement v1.0 + published product_behavior_policy_versions,Verified
PI-ING-000650,TIRAMISU VA · CFC Variegato,flavor_paste,variegato_layering_paste,,,flavour_paste,UNKNOWN_REQUIRES_EVIDENCE,,MAIN_CAPABLE_UNCALIBRATED,NONE,,,mapper_basement v1.0 + published product_behavior_policy_versions,Verified
PI-ING-000651,VANIGLIA CROQUANT · La Preferita Variegato,flavor_paste,variegato_layering_paste,,,flavour_paste,UNKNOWN_REQUIRES_EVIDENCE,,MAIN_CAPABLE_UNCALIBRATED,NONE,,,mapper_basement v1.0 + published product_behavior_policy_versions,Verified
PI-ING-000652,VARIEGATURA ARANCIA · Torronalba Variegato · 0545,flavor_paste,variegato_layering_paste,,,flavour_paste,UNKNOWN_REQUIRES_EVIDENCE,,MAIN_CAPABLE_UNCALIBRATED,NONE,,,mapper_basement v1.0 + published product_behavior_policy_versions,Verified
PI-ING-000653,VARIEGATURA FRUTTI DI BOSCO · Torronalba Variegato · 0366,flavor_paste,variegato_layering_paste,,,flavour_paste,UNKNOWN_REQUIRES_EVIDENCE,,MAIN_CAPABLE_UNCALIBRATED,NONE,,,mapper_basement v1.0 + published product_behavior_policy_versions,Verified
PI-ING-000654,VARIEGATURA LAMPONE · Torronalba Variegato · 0098,flavor_paste,variegato_layering_paste,,,flavour_paste,UNKNOWN_REQUIRES_EVIDENCE,,MAIN_CAPABLE_UNCALIBRATED,NONE,,,mapper_basement v1.0 + published product_behavior_policy_versions,Verified
PI-ING-000655,WAFERS TIME · Torronalba Variegato · 0222,flavor_paste,variegato_layering_paste,,,flavour_paste,UNKNOWN_REQUIRES_EVIDENCE,,MAIN_CAPABLE_UNCALIBRATED,NONE,,,mapper_basement v1.0 + published product_behavior_policy_versions,Verified
PI-ING-000656,YOGLAT · Torronalba Base Mix · 0309,base_mix,powdered_ice_cream_mix,,,powder,STANDARD_ONLY,,MAIN_TECHNICAL_BLOCKED,NONE,,standard_product_not_flavour_main,mapper_basement v1.0 + published product_behavior_policy_versions,Verified
PI-ING-000657,ZOE · Fugar Base Mix · 41655,base_mix,powdered_ice_cream_mix,,,powder,STANDARD_ONLY,,MAIN_TECHNICAL_BLOCKED,NONE,,standard_product_not_flavour_main,mapper_basement v1.0 + published product_behavior_policy_versions,Verified
PI-ING-000658,APPLE CINNAMON · Fabbri Variegato · 0022863,flavor_paste,variegato_layering_paste,,,flavour_paste,UNKNOWN_REQUIRES_EVIDENCE,,MAIN_CAPABLE_UNCALIBRATED,NONE,,,mapper_basement v1.0 + published product_behavior_policy_versions,Verified
PI-ING-000659,AZZURRO · Fabbri Paste · 0004261,flavor_paste,flavored_ice_cream_paste,,,flavour_paste,UNKNOWN_REQUIRES_EVIDENCE,,MAIN_CAPABLE_UNCALIBRATED,NONE,,,mapper_basement v1.0 + published product_behavior_policy_versions,Verified
PI-ING-000660,SORBET ORANGE · Fabbri Base Mix · 0004514,base_mix,powdered_ice_cream_mix,,,powder,STANDARD_ONLY,,MAIN_TECHNICAL_BLOCKED,NONE,,standard_product_not_flavour_main,mapper_basement v1.0 + published product_behavior_policy_versions,Verified
PI-ING-000661,LEMON · Fabbri Base Mix · 0004230,base_mix,powdered_ice_cream_mix,,,powder,STANDARD_ONLY,,MAIN_TECHNICAL_BLOCKED,NONE,,standard_product_not_flavour_main,mapper_basement v1.0 + published product_behavior_policy_versions,Verified
PI-ING-000662,CROCKOLOSO CIOCCOBIANCO · Fabbri Chocolate · 0004437,chocolate,chocolate_component,chocolate_cocoa,,,UNKNOWN_REQUIRES_EVIDENCE,,MAIN_CAPABLE_UNCALIBRATED,NONE,,,mapper_basement v1.0 + published product_behavior_policy_versions,Verified
PI-ING-000663,TIRAMISU · Fabbri Paste · 0004312,flavor_paste,flavored_ice_cream_paste,,,flavour_paste,UNKNOWN_REQUIRES_EVIDENCE,,MAIN_CAPABLE_UNCALIBRATED,NONE,,,mapper_basement v1.0 + published product_behavior_policy_versions,Verified
PI-ING-000664,FRAGOLA · Fabbri Paste · 0008021,fruit,fruit_flavor_paste,fruit,berry,paste,MAIN_ALLOWED,,MAIN_CAPABLE_UNCALIBRATED,NONE,,,mapper_basement v1.0 + published product_behavior_policy_versions,Verified
PI-ING-000665,NEVEFRUTTA · Fabbri Base Mix · 6234814,base_mix,powdered_ice_cream_mix,,,powder,STANDARD_ONLY,,MAIN_TECHNICAL_BLOCKED,NONE,,standard_product_not_flavour_main,mapper_basement v1.0 + published product_behavior_policy_versions,Verified
PI-ING-000666,NEVEPANN · Fabbri Base Mix · 0004499,base_mix,powdered_ice_cream_mix,,,powder,STANDARD_ONLY,,MAIN_TECHNICAL_BLOCKED,NONE,,standard_product_not_flavour_main,mapper_basement v1.0 + published product_behavior_policy_versions,Verified
PI-ING-000667,NEVEPANN 50C · Base Mix · 0008617,base_mix,powdered_ice_cream_mix,,,powder,STANDARD_ONLY,,MAIN_TECHNICAL_BLOCKED,NONE,,standard_product_not_flavour_main,mapper_basement v1.0 + published product_behavior_policy_versions,Verified
PI-ING-000668,NEVEPANN · Fabbri Base Mix · 0004221,base_mix,powdered_ice_cream_mix,,,powder,STANDARD_ONLY,,MAIN_TECHNICAL_BLOCKED,NONE,,standard_product_not_flavour_main,mapper_basement v1.0 + published product_behavior_policy_versions,Verified
PI-ING-000669,NEVEPANN 50F · Fabbri Base Mix · 0004222,base_mix,powdered_ice_cream_mix,,,powder,STANDARD_ONLY,,MAIN_TECHNICAL_BLOCKED,NONE,,standard_product_not_flavour_main,mapper_basement v1.0 + published product_behavior_policy_versions,Verified
PI-ING-000670,NEVEPAN BAVIERA 50 · Fabbri Base Mix · 0004225,base_mix,powdered_ice_cream_mix,,,powder,STANDARD_ONLY,,MAIN_TECHNICAL_BLOCKED,NONE,,standard_product_not_flavour_main,mapper_basement v1.0 + published product_behavior_policy_versions,Verified
PI-ING-000671,NEVEPANN BELPANNA 100 CF · Fabbri Base Mix · 0010937,base_mix,powdered_ice_cream_mix,,,powder,STANDARD_ONLY,,MAIN_TECHNICAL_BLOCKED,NONE,,standard_product_not_flavour_main,mapper_basement v1.0 + published product_behavior_policy_versions,Verified
PI-ING-000672,NEVEPAN BELPANNA · Fabbri Base Mix · VEG · 0010598,base_mix,powdered_ice_cream_mix,,,powder,STANDARD_ONLY,,MAIN_TECHNICAL_BLOCKED,NONE,,standard_product_not_flavour_main,mapper_basement v1.0 + published product_behavior_policy_versions,Verified
PI-ING-000673,NEW YORK CHEESECAKE · Fabbri Base Mix · 0004491,base_mix,powdered_ice_cream_mix,,,powder,STANDARD_ONLY,,MAIN_TECHNICAL_BLOCKED,NONE,,standard_product_not_flavour_main,mapper_basement v1.0 + published product_behavior_policy_versions,Verified
PI-ING-000674,CARAMELIZED FIGS · Fabbri Variegato · 0004428,flavor_paste,variegato_layering_paste,,,flavour_paste,UNKNOWN_REQUIRES_EVIDENCE,,MAIN_CAPABLE_UNCALIBRATED,NONE,,,mapper_basement v1.0 + published product_behavior_policy_versions,Verified
PI-ING-000675,MANGO GLAZE PIECES · Fabbri Variegato · 0008750,flavor_paste,variegato_layering_paste,,,flavour_paste,UNKNOWN_REQUIRES_EVIDENCE,,MAIN_CAPABLE_UNCALIBRATED,NONE,,,mapper_basement v1.0 + published product_behavior_policy_versions,Verified
PI-ING-000676,SIMPLE WATERMELON · Fabbri Base Mix · 0008905,base_mix,powdered_ice_cream_mix,,,powder,STANDARD_ONLY,,MAIN_TECHNICAL_BLOCKED,NONE,,standard_product_not_flavour_main,mapper_basement v1.0 + published product_behavior_policy_versions,Verified
PI-ING-000677,SIMPLE PINK GRAPEFRUIT · Fabbri Base Mix · 0004278,base_mix,powdered_ice_cream_mix,,,powder,STANDARD_ONLY,,MAIN_TECHNICAL_BLOCKED,NONE,,standard_product_not_flavour_main,mapper_basement v1.0 + published product_behavior_policy_versions,Verified
PI-ING-000678,SNACKOLOSI MIRTILLO SEEDS CRUNCHY · Fabbri Variegato · 0031511,flavor_paste,variegato_layering_paste,,,flavour_paste,UNKNOWN_REQUIRES_EVIDENCE,,MAIN_CAPABLE_UNCALIBRATED,NONE,,,mapper_basement v1.0 + published product_behavior_policy_versions,Verified
PI-ING-000679,SNACKOLOSO BOM BON · Fabbri Variegato · 0024236,flavor_paste,variegato_layering_paste,,,flavour_paste,UNKNOWN_REQUIRES_EVIDENCE,,MAIN_CAPABLE_UNCALIBRATED,NONE,,,mapper_basement v1.0 + published product_behavior_policy_versions,Verified
PI-ING-000680,YOG 30 VIT E · Fabbri Base Mix · 0004490,base_mix,powdered_ice_cream_mix,,,powder,STANDARD_ONLY,,MAIN_TECHNICAL_BLOCKED,NONE,,standard_product_not_flavour_main,mapper_basement v1.0 + published product_behavior_policy_versions,Verified
PI-ING-000681,RED BERRY · PreGel Variegato · ST-28432,flavor_paste,variegato_layering_paste,,,flavour_paste,UNKNOWN_REQUIRES_EVIDENCE,,MAIN_CAPABLE_UNCALIBRATED,NONE,,,mapper_basement v1.0 + published product_behavior_policy_versions,Verified
PI-ING-000682,APRICOT · PreGel Variegato · ST-01662,flavor_paste,variegato_layering_paste,,,flavour_paste,UNKNOWN_REQUIRES_EVIDENCE,,MAIN_CAPABLE_UNCALIBRATED,NONE,,,mapper_basement v1.0 + published product_behavior_policy_versions,Verified
PI-ING-000683,OTTO CARAMEL BISCOTTO · PreGel Variegato · ST-42122,flavor_paste,variegato_layering_paste,,,flavour_paste,UNKNOWN_REQUIRES_EVIDENCE,,MAIN_CAPABLE_UNCALIBRATED,NONE,,,mapper_basement v1.0 + published product_behavior_policy_versions,Verified
PI-ING-000684,BISCOTTO · PreGel Variegato · ST-27122,flavor_paste,variegato_layering_paste,,,flavour_paste,UNKNOWN_REQUIRES_EVIDENCE,,MAIN_CAPABLE_UNCALIBRATED,NONE,,,mapper_basement v1.0 + published product_behavior_policy_versions,Verified
PI-ING-000685,CARAMEL FLEUR SEL · PreGel Variegato · ST-87472,flavor_paste,variegato_layering_paste,,,flavour_paste,UNKNOWN_REQUIRES_EVIDENCE,,MAIN_CAPABLE_UNCALIBRATED,NONE,,,mapper_basement v1.0 + published product_behavior_policy_versions,Verified
PI-ING-000686,CASSIS · PreGel Variegato · ST-13072,flavor_paste,variegato_layering_paste,,,flavour_paste,UNKNOWN_REQUIRES_EVIDENCE,,MAIN_CAPABLE_UNCALIBRATED,NONE,,,mapper_basement v1.0 + published product_behavior_policy_versions,Verified
PI-ING-000687,CHEESECAKE · PreGel Variegato · ST-16272,flavor_paste,variegato_layering_paste,,,flavour_paste,UNKNOWN_REQUIRES_EVIDENCE,,MAIN_CAPABLE_UNCALIBRATED,NONE,,,mapper_basement v1.0 + published product_behavior_policy_versions,Verified
PI-ING-000688,CHERRY BONITA · PreGel Variegato · ST-26122,flavor_paste,variegato_layering_paste,,,flavour_paste,UNKNOWN_REQUIRES_EVIDENCE,,MAIN_CAPABLE_UNCALIBRATED,NONE,,,mapper_basement v1.0 + published product_behavior_policy_versions,Verified
PI-ING-000689,COCCO SNACK · PreGel Paste · ST-54922,coconut,coconut_paste,coconut,,paste,MAIN_ALLOWED,,MAIN_CAPABLE_UNCALIBRATED,NONE,,,mapper_basement v1.0 + published product_behavior_policy_versions,Verified
PI-ING-000690,FIKISSIMO · PreGel Variegato · ST-93302,flavor_paste,variegato_layering_paste,,,flavour_paste,UNKNOWN_REQUIRES_EVIDENCE,,MAIN_CAPABLE_UNCALIBRATED,NONE,,,mapper_basement v1.0 + published product_behavior_policy_versions,Verified
PI-ING-000691,BERRY · PreGel Variegato · ST-87502,flavor_paste,variegato_layering_paste,,,flavour_paste,UNKNOWN_REQUIRES_EVIDENCE,,MAIN_CAPABLE_UNCALIBRATED,NONE,,,mapper_basement v1.0 + published product_behavior_policy_versions,Verified
PI-ING-000692,LEMON BISCUIT · PreGel Variegato · ST-84102,flavor_paste,variegato_layering_paste,,,flavour_paste,UNKNOWN_REQUIRES_EVIDENCE,,MAIN_CAPABLE_UNCALIBRATED,NONE,,,mapper_basement v1.0 + published product_behavior_policy_versions,Verified
PI-ING-000693,MANGO ZERO · PreGel Variegato · ST-31546,flavor_paste,variegato_layering_paste,,,flavour_paste,UNKNOWN_REQUIRES_EVIDENCE,,MAIN_CAPABLE_UNCALIBRATED,NONE,,,mapper_basement v1.0 + published product_behavior_policy_versions,Verified
PI-ING-000694,PASSION · PreGel Variegato · ST-84006,flavor_paste,variegato_layering_paste,,,flavour_paste,UNKNOWN_REQUIRES_EVIDENCE,,MAIN_CAPABLE_UNCALIBRATED,NONE,,,mapper_basement v1.0 + published product_behavior_policy_versions,Verified
PI-ING-000695,PASSION ZERO · PreGel Variegato · ST-31446,flavor_paste,variegato_layering_paste,,,flavour_paste,UNKNOWN_REQUIRES_EVIDENCE,,MAIN_CAPABLE_UNCALIBRATED,NONE,,,mapper_basement v1.0 + published product_behavior_policy_versions,Verified
PI-ING-000696,MONTE NERO · PreGel Variegato · ST-72812,flavor_paste,variegato_layering_paste,,,flavour_paste,UNKNOWN_REQUIRES_EVIDENCE,,MAIN_CAPABLE_UNCALIBRATED,NONE,,,mapper_basement v1.0 + published product_behavior_policy_versions,Verified
PI-ING-000697,NOCCIOLATTE · PreGel Variegato · ST-53802,flavor_paste,variegato_layering_paste,,,flavour_paste,UNKNOWN_REQUIRES_EVIDENCE,,MAIN_CAPABLE_UNCALIBRATED,NONE,,,mapper_basement v1.0 + published product_behavior_policy_versions,Verified
PI-ING-000698,PINOPINGUINO CLASSIC · PreGel Variegato · ST-82272,flavor_paste,variegato_layering_paste,,,flavour_paste,UNKNOWN_REQUIRES_EVIDENCE,,MAIN_CAPABLE_UNCALIBRATED,NONE,,,mapper_basement v1.0 + published product_behavior_policy_versions,Verified
PI-ING-000699,PISTACHIO ROCK · PreGel Paste · ST-84672,nut,pistachio_paste,nut,,paste,MAIN_ALLOWED,,MAIN_CAPABLE_UNCALIBRATED,NONE,,,mapper_basement v1.0 + published product_behavior_policy_versions,Verified
PI-ING-000700,PISTACJA CRYSTAL · PreGel Paste · ST-28672,nut,pistachio_paste,nut,,paste,MAIN_ALLOWED,,MAIN_CAPABLE_UNCALIBRATED,NONE,,,mapper_basement v1.0 + published product_behavior_policy_versions,Verified
PI-ING-000701,PISTACHIO · PreGel Paste · ST-61572,nut,pistachio_paste,nut,,paste,MAIN_ALLOWED,,MAIN_CAPABLE_UNCALIBRATED,NONE,,,mapper_basement v1.0 + published product_behavior_policy_versions,Verified
PI-ING-000702,ORANGE ZERO · PreGel Variegato · ST-22622,flavor_paste,variegato_layering_paste,,,flavour_paste,UNKNOWN_REQUIRES_EVIDENCE,,MAIN_CAPABLE_UNCALIBRATED,NONE,,,mapper_basement v1.0 + published product_behavior_policy_versions,Verified
PI-ING-000703,SEA BUCKTHORN · PreGel Variegato · ST-84706,flavor_paste,variegato_layering_paste,,,flavour_paste,UNKNOWN_REQUIRES_EVIDENCE,,MAIN_CAPABLE_UNCALIBRATED,NONE,,,mapper_basement v1.0 + published product_behavior_policy_versions,Verified
PI-ING-000704,SZARLOTKA · PreGel Variegato · ST-12802,flavor_paste,variegato_layering_paste,,,flavour_paste,UNKNOWN_REQUIRES_EVIDENCE,,MAIN_CAPABLE_UNCALIBRATED,NONE,,,mapper_basement v1.0 + published product_behavior_policy_versions,Verified
PI-ING-000705,ARANCIAGRA ACID SUPPLEMENT · PreGel Emulsifier Blend · Dry · ST-41346,stabilizer,stabilizer_emulsifier_mix,,,,STRUCTURAL_ONLY,,MAIN_TECHNICAL_BLOCKED,NONE,,structural_product_not_flavour_main,mapper_basement v1.0 + published product_behavior_policy_versions,Verified
PI-ING-000706,CHOPIN · PreGel Base Mix · ST-00949,base_mix,powdered_ice_cream_mix,,,powder,STANDARD_ONLY,,MAIN_TECHNICAL_BLOCKED,NONE,,standard_product_not_flavour_main,mapper_basement v1.0 + published product_behavior_policy_versions,Verified
PI-ING-000707,FIBRAGEL 100 · PreGel Base Mix · ST-85568,base_mix,powdered_ice_cream_mix,,,powder,STANDARD_ONLY,,MAIN_TECHNICAL_BLOCKED,NONE,,standard_product_not_flavour_main,mapper_basement v1.0 + published product_behavior_policy_versions,Verified
PI-ING-000708,ZERO E · PreGel Base Mix · ST-48628,base_mix,powdered_ice_cream_mix,,,powder,STANDARD_ONLY,,MAIN_TECHNICAL_BLOCKED,NONE,,standard_product_not_flavour_main,mapper_basement v1.0 + published product_behavior_policy_versions,Verified
PI-ING-000709,ALLEGRA · PreGel Base Mix · 82404,base_mix,powdered_ice_cream_mix,,,powder,STANDARD_ONLY,,MAIN_TECHNICAL_BLOCKED,NONE,,standard_product_not_flavour_main,mapper_basement v1.0 + published product_behavior_policy_versions,Verified
PI-ING-000710,BAZA CREMISSIMA BIANCA · PreGel Base Mix · ST-22308,base_mix,powdered_ice_cream_mix,,,powder,STANDARD_ONLY,,MAIN_TECHNICAL_BLOCKED,NONE,,standard_product_not_flavour_main,mapper_basement v1.0 + published product_behavior_policy_versions,Verified
PI-ING-000711,BAZA CREMOSA · PreGel Base Mix · ST-92108,base_mix,powdered_ice_cream_mix,,,powder,STANDARD_ONLY,,MAIN_TECHNICAL_BLOCKED,NONE,,standard_product_not_flavour_main,mapper_basement v1.0 + published product_behavior_policy_versions,Verified
PI-ING-000712,FIOCC · PreGel Base Mix · ST-15008,base_mix,powdered_ice_cream_mix,,,powder,STANDARD_ONLY,,MAIN_TECHNICAL_BLOCKED,NONE,,standard_product_not_flavour_main,mapper_basement v1.0 + published product_behavior_policy_versions,Verified
PI-ING-000713,MATILDE 100 · PreGel Base Mix · ST-85308,base_mix,powdered_ice_cream_mix,,,powder,STANDARD_ONLY,,MAIN_TECHNICAL_BLOCKED,NONE,,standard_product_not_flavour_main,mapper_basement v1.0 + published product_behavior_policy_versions,Verified
PI-ING-000714,PANNA 50 · PreGel Base Mix · ST-85208,base_mix,powdered_ice_cream_mix,,,powder,STANDARD_ONLY,,MAIN_TECHNICAL_BLOCKED,NONE,,standard_product_not_flavour_main,mapper_basement v1.0 + published product_behavior_policy_versions,Verified
PI-ING-000715,BAZA VELLUTO · PreGel Base Mix · ST-96428,base_mix,powdered_ice_cream_mix,,,powder,STANDARD_ONLY,,MAIN_TECHNICAL_BLOCKED,NONE,,standard_product_not_flavour_main,mapper_basement v1.0 + published product_behavior_policy_versions,Verified
PI-ING-000716,BISCOTTO · PreGel Bakery Inclusion · ST-25602,bakery,bakery_component,bakery_cookie,,,UNKNOWN_REQUIRES_EVIDENCE,,MAIN_CAPABLE_UNCALIBRATED,NONE,,,mapper_basement v1.0 + published product_behavior_policy_versions,Verified
PI-ING-000717,CACAOPAT · PreGel Paste · ST-56522,flavor_paste,flavored_ice_cream_paste,,,flavour_paste,UNKNOWN_REQUIRES_EVIDENCE,,MAIN_CAPABLE_UNCALIBRATED,NONE,,,mapper_basement v1.0 + published product_behavior_policy_versions,Verified
PI-ING-000718,CARAMAO MOU · PreGel Paste · ST-57202,flavor_paste,flavored_ice_cream_paste,,,flavour_paste,UNKNOWN_REQUIRES_EVIDENCE,,MAIN_CAPABLE_UNCALIBRATED,NONE,,,mapper_basement v1.0 + published product_behavior_policy_versions,Verified
PI-ING-000719,CARAMEL · PreGel Variegato · ST-50202,flavor_paste,variegato_layering_paste,,,flavour_paste,UNKNOWN_REQUIRES_EVIDENCE,,MAIN_CAPABLE_UNCALIBRATED,NONE,,,mapper_basement v1.0 + published product_behavior_policy_versions,Verified
PI-ING-000720,CHEESECAKE · PreGel Base Mix · ST-04904,base_mix,powdered_ice_cream_mix,,,powder,STANDARD_ONLY,,MAIN_TECHNICAL_BLOCKED,NONE,,standard_product_not_flavour_main,mapper_basement v1.0 + published product_behavior_policy_versions,Verified
PI-ING-000721,CIAMBELLA · PreGel Paste · ST-58072,flavor_paste,flavored_ice_cream_paste,,,flavour_paste,UNKNOWN_REQUIRES_EVIDENCE,,MAIN_CAPABLE_UNCALIBRATED,NONE,,,mapper_basement v1.0 + published product_behavior_policy_versions,Verified
PI-ING-000722,CINNAMON · PreGel Paste · ST-58472,flavor_paste,flavored_ice_cream_paste,,,flavour_paste,UNKNOWN_REQUIRES_EVIDENCE,,MAIN_CAPABLE_UNCALIBRATED,NONE,,,mapper_basement v1.0 + published product_behavior_policy_versions,Verified
PI-ING-000723,CORIANDOLINA STRAWBERRY · PreGel Paste · ST-90722,fruit,fruit_flavor_paste,fruit,berry,paste,MAIN_ALLOWED,,MAIN_CAPABLE_UNCALIBRATED,NONE,,,mapper_basement v1.0 + published product_behavior_policy_versions,Verified
PI-ING-000724,CROCCANTINO RUM · PreGel Paste · ST-50672,flavor_paste,flavored_ice_cream_paste,,,flavour_paste,UNKNOWN_REQUIRES_EVIDENCE,,MAIN_CAPABLE_UNCALIBRATED,NONE,,,mapper_basement v1.0 + published product_behavior_policy_versions,Verified
PI-ING-000725,FARCIMAX LEMON CURD · PreGel Paste · ST-24782,fruit,fruit_flavor_paste,fruit,citrus,paste,MAIN_ALLOWED,,MAIN_CAPABLE_UNCALIBRATED,NONE,,,mapper_basement v1.0 + published product_behavior_policy_versions,Verified
PI-ING-000726,FORTEFRUTTO PINEAPPLE N · PreGel Paste · ST-45272,fruit,fruit_flavor_paste,fruit,mango_tropical,paste,MAIN_ALLOWED,,MAIN_CAPABLE_UNCALIBRATED,NONE,,,mapper_basement v1.0 + published product_behavior_policy_versions,Verified
PI-ING-000727,FORTEFRUTTO BANANA N · PreGel Paste · ST-45472,fruit,fruit_flavor_paste,fruit,banana,paste,MAIN_ALLOWED,,MAIN_CAPABLE_UNCALIBRATED,NONE,,,mapper_basement v1.0 + published product_behavior_policy_versions,Verified
PI-ING-000728,FORTEFRUTTO BLACK CURRANT N · PreGel Paste · ST-47372,fruit,fruit_flavor_paste,fruit,berry,paste,MAIN_ALLOWED,,MAIN_CAPABLE_UNCALIBRATED,NONE,,,mapper_basement v1.0 + published product_behavior_policy_versions,Verified
PI-ING-000729,FORTEFRUTTO POMEGRANATE · PreGel Paste · ST-48072,fruit,fruit_flavor_paste,fruit,,paste,MAIN_ALLOWED,,MAIN_CAPABLE_UNCALIBRATED,NONE,,,mapper_basement v1.0 + published product_behavior_policy_versions,Verified
PI-ING-000730,FORTEFRUTTO BLUEBERRY N · PreGel Paste · ST-46772,fruit,fruit_flavor_paste,fruit,berry,paste,MAIN_ALLOWED,,MAIN_CAPABLE_UNCALIBRATED,NONE,,,mapper_basement v1.0 + published product_behavior_policy_versions,Verified
PI-ING-000731,FORTEFRUTTO KIWI N · PreGel Paste · ST-46172,fruit,fruit_flavor_paste,fruit,kiwi,paste,MAIN_ALLOWED,,MAIN_CAPABLE_UNCALIBRATED,NONE,,,mapper_basement v1.0 + published product_behavior_policy_versions,Verified
PI-ING-000732,FORTEFRUTTO RASPBERRY N · PreGel Paste · ST-46272,fruit,fruit_flavor_paste,fruit,berry,concentrate,MAIN_PROFILE_SPECIFIC,milk_gelato|sorbet|vegan_gelato,MAIN_CAPABLE,EXACT_PRODUCT,main-exact-raspberry-fortefrutto-0732-milk|main-exact-raspberry-fortefrutto-0732-sorbet|main-exact-raspberry-fortefrutto-0732-vegan,,mapper_basement v1.0 + published product_behavior_policy_versions,Verified
PI-ING-000733,FORTEFRUTTO FOREST BERRIES N · PreGel Paste · ST-45972,fruit,fruit_flavor_paste,fruit,,paste,MAIN_ALLOWED,,MAIN_CAPABLE_UNCALIBRATED,NONE,,,mapper_basement v1.0 + published product_behavior_policy_versions,Verified
PI-ING-000734,FORTEFRUTTO WILD STRAWBERRY · PreGel Paste · ST-42572,fruit,fruit_flavor_paste,fruit,berry,paste,MAIN_ALLOWED,,MAIN_CAPABLE_UNCALIBRATED,NONE,,,mapper_basement v1.0 + published product_behavior_policy_versions,Verified
PI-ING-000735,FORTEFRUTTO WILD STRAWBERRY N · PreGel Paste · ST-47572,fruit,fruit_flavor_paste,fruit,berry,paste,MAIN_ALLOWED,,MAIN_CAPABLE_UNCALIBRATED,NONE,,,mapper_basement v1.0 + published product_behavior_policy_versions,Verified
PI-ING-000736,FORTEFRUTTO RED ORANGE · PreGel Paste · ST-09276,fruit,fruit_flavor_paste,fruit,citrus,paste,MAIN_ALLOWED,,MAIN_CAPABLE_UNCALIBRATED,NONE,,,mapper_basement v1.0 + published product_behavior_policy_versions,Verified
PI-ING-000737,FORTEFRUTTO STRAWBERRY N · PreGel Paste · ST-45872,fruit,fruit_flavor_paste,fruit,berry,concentrate,MAIN_PROFILE_SPECIFIC,milk_gelato|sorbet|vegan_gelato,MAIN_CAPABLE,EXACT_PRODUCT,main-exact-strawberry-fortefrutto-0737-milk|main-exact-strawberry-fortefrutto-0737-sorbet|main-exact-strawberry-fortefrutto-0737-vegan,,mapper_basement v1.0 + published product_behavior_policy_versions,Verified
PI-ING-000738,FORTEFRUTTO GRAPES N · PreGel Paste · ST-43072,fruit,fruit_flavor_paste,fruit,,paste,MAIN_ALLOWED,,MAIN_CAPABLE_UNCALIBRATED,NONE,,,mapper_basement v1.0 + published product_behavior_policy_versions,Verified
PI-ING-000739,FORTEFRUTTO GREEN APPLE · PreGel Paste · ST-42472,fruit,fruit_flavor_paste,fruit,,paste,MAIN_ALLOWED,,MAIN_CAPABLE_UNCALIBRATED,NONE,,,mapper_basement v1.0 + published product_behavior_policy_versions,Verified
PI-ING-000740,GRAN STRACCIATELLA · PreGel Chocolate · ST-26506,chocolate,chocolate_component,chocolate_cocoa,,,UNKNOWN_REQUIRES_EVIDENCE,,MAIN_CAPABLE_UNCALIBRATED,NONE,,,mapper_basement v1.0 + published product_behavior_policy_versions,Verified
PI-ING-000741,GRAN STRACCIATELLA REALE · PreGel Chocolate · ST-26502,chocolate,chocolate_component,chocolate_cocoa,,,UNKNOWN_REQUIRES_EVIDENCE,,MAIN_CAPABLE_UNCALIBRATED,NONE,,,mapper_basement v1.0 + published product_behavior_policy_versions,Verified
PI-ING-000742,LEMON 50 · PreGel Base Mix · ST-04044,base_mix,powdered_ice_cream_mix,,,powder,STANDARD_ONLY,,MAIN_TECHNICAL_BLOCKED,NONE,,standard_product_not_flavour_main,mapper_basement v1.0 + published product_behavior_policy_versions,Verified
PI-ING-000743,OVISSIMO · PreGel Paste · ST-70516,flavor_paste,flavored_ice_cream_paste,,,flavour_paste,UNKNOWN_REQUIRES_EVIDENCE,,MAIN_CAPABLE_UNCALIBRATED,NONE,,,mapper_basement v1.0 + published product_behavior_policy_versions,Verified
PI-ING-000744,PANNACREMA WILLIAMS PEAR · PreGel Paste · ST-76576,fruit,fruit_flavor_paste,fruit,,paste,MAIN_ALLOWED,,MAIN_CAPABLE_UNCALIBRATED,NONE,,,mapper_basement v1.0 + published product_behavior_policy_versions,Verified
PI-ING-000745,PANNACREMA ROASTED ALMOND · PreGel Paste · ST-55276,nut,almond_paste,nut,,paste,MAIN_ALLOWED,,MAIN_CAPABLE_UNCALIBRATED,NONE,,,mapper_basement v1.0 + published product_behavior_policy_versions,Verified
PI-ING-000746,PANNACREMA ROSE · PreGel Paste · ST-57346,flavor_paste,flavored_ice_cream_paste,,,flavour_paste,UNKNOWN_REQUIRES_EVIDENCE,,MAIN_CAPABLE_UNCALIBRATED,NONE,,,mapper_basement v1.0 + published product_behavior_policy_versions,Verified
PI-ING-000747,PANNAGEL · PreGel Emulsifier Blend · Dry · ST-02348,stabilizer,stabilizer_emulsifier_mix,,,,STRUCTURAL_ONLY,,MAIN_TECHNICAL_BLOCKED,NONE,,structural_product_not_flavour_main,mapper_basement v1.0 + published product_behavior_policy_versions,Verified
PI-ING-000748,GOLDEN · PreGel Paste · ST-25822,flavor_paste,flavored_ice_cream_paste,,,flavour_paste,UNKNOWN_REQUIRES_EVIDENCE,,MAIN_CAPABLE_UNCALIBRATED,NONE,,,mapper_basement v1.0 + published product_behavior_policy_versions,Verified
PI-ING-000749,GUMA BALONOWA · PreGel Paste · ST-53072,flavor_paste,flavored_ice_cream_paste,,,flavour_paste,UNKNOWN_REQUIRES_EVIDENCE,,MAIN_CAPABLE_UNCALIBRATED,NONE,,,mapper_basement v1.0 + published product_behavior_policy_versions,Verified
PI-ING-000750,MALAGA N · PreGel Paste · ST-59902,flavor_paste,flavored_ice_cream_paste,,,flavour_paste,UNKNOWN_REQUIRES_EVIDENCE,,MAIN_CAPABLE_UNCALIBRATED,NONE,,,mapper_basement v1.0 + published product_behavior_policy_versions,Verified
PI-ING-000751,MARZIPAN · PreGel Paste · ST-51002,flavor_paste,flavored_ice_cream_paste,,,flavour_paste,UNKNOWN_REQUIRES_EVIDENCE,,MAIN_CAPABLE_UNCALIBRATED,NONE,,,mapper_basement v1.0 + published product_behavior_policy_versions,Verified
PI-ING-000752,MINT GREEN · PreGel Paste · ST-51172,flavor_paste,flavored_ice_cream_paste,,,flavour_paste,UNKNOWN_REQUIRES_EVIDENCE,,MAIN_CAPABLE_UNCALIBRATED,NONE,,,mapper_basement v1.0 + published product_behavior_policy_versions,Verified
PI-ING-000753,PANNAPANNA · PreGel Paste · ST-53302,flavor_paste,flavored_ice_cream_paste,,,flavour_paste,UNKNOWN_REQUIRES_EVIDENCE,,MAIN_CAPABLE_UNCALIBRATED,NONE,,,mapper_basement v1.0 + published product_behavior_policy_versions,Verified
PI-ING-000754,PISTACCHIO ANATOLIA · PreGel Paste · ST-06872,nut,pistachio_paste,nut,,paste,MAIN_ALLOWED,,MAIN_CAPABLE_UNCALIBRATED,NONE,,,mapper_basement v1.0 + published product_behavior_policy_versions,Verified
PI-ING-000755,PISTACJA N · PreGel Paste · ST-82702,nut,pistachio_paste,nut,,paste,MAIN_ALLOWED,,MAIN_CAPABLE_UNCALIBRATED,NONE,,,mapper_basement v1.0 + published product_behavior_policy_versions,Verified
PI-ING-000756,PISTACHIO VERDE PRIMAVERA · PreGel Paste · ST-18972,nut,pistachio_paste,nut,,paste,MAIN_ALLOWED,,MAIN_CAPABLE_UNCALIBRATED,NONE,,,mapper_basement v1.0 + published product_behavior_policy_versions,Verified
PI-ING-000757,PRONTOCIOCC · PreGel Paste · ST-28322,flavor_paste,flavored_ice_cream_paste,chocolate_cocoa,,flavour_paste,MAIN_PROFILE_SPECIFIC,chocolate_gelato,MAIN_CAPABLE,EXACT_PRODUCT,main-exact-prontociocc-0757-chocolate,,mapper_basement v1.0 + published product_behavior_policy_versions,Verified
PI-ING-000758,APPLE PIE · PreGel Paste · ST-57802,fruit,fruit_flavor_paste,fruit,,paste,MAIN_ALLOWED,,MAIN_CAPABLE_UNCALIBRATED,NONE,,,mapper_basement v1.0 + published product_behavior_policy_versions,Verified
PI-ING-000759,TIRAMISU · PreGel Paste · ST-52002,flavor_paste,flavored_ice_cream_paste,,,flavour_paste,UNKNOWN_REQUIRES_EVIDENCE,,MAIN_CAPABLE_UNCALIBRATED,NONE,,,mapper_basement v1.0 + published product_behavior_policy_versions,Verified
PI-ING-000760,CLASSICA BOURBON N · PreGel Paste · ST-52602,flavor_paste,flavored_ice_cream_paste,,,flavour_paste,UNKNOWN_REQUIRES_EVIDENCE,,MAIN_CAPABLE_UNCALIBRATED,NONE,,,mapper_basement v1.0 + published product_behavior_policy_versions,Verified
PI-ING-000761,N · PreGel Paste · ST-73472,flavor_paste,flavored_ice_cream_paste,,,flavour_paste,UNKNOWN_REQUIRES_EVIDENCE,,MAIN_CAPABLE_UNCALIBRATED,NONE,,,mapper_basement v1.0 + published product_behavior_policy_versions,Verified
PI-ING-000762,ZABAJONE · PreGel Paste · ST-52402,flavor_paste,flavored_ice_cream_paste,,,flavour_paste,UNKNOWN_REQUIRES_EVIDENCE,,MAIN_CAPABLE_UNCALIBRATED,NONE,,,mapper_basement v1.0 + published product_behavior_policy_versions,Verified
PI-ING-000763,PINKLAND · PreGel Base Mix · ST-31341,base_mix,powdered_ice_cream_mix,,,powder,STANDARD_ONLY,,MAIN_TECHNICAL_BLOCKED,NONE,,standard_product_not_flavour_main,mapper_basement v1.0 + published product_behavior_policy_versions,Verified
PI-ING-000764,PINOPINGUINO WAFFERINO · PreGel Paste · ST-84902,flavor_paste,flavored_ice_cream_paste,,,flavour_paste,UNKNOWN_REQUIRES_EVIDENCE,,MAIN_CAPABLE_UNCALIBRATED,NONE,,,mapper_basement v1.0 + published product_behavior_policy_versions,Verified
PI-ING-000765,ROASTED PISTACHIO GRAINS · PreGel Paste · ST-95804,nut,pistachio_paste,nut,,paste,MAIN_ALLOWED,,MAIN_CAPABLE_UNCALIBRATED,NONE,,,mapper_basement v1.0 + published product_behavior_policy_versions,Verified
PI-ING-000766,RIMINI 50 · PreGel Base Mix · ST-00948,base_mix,powdered_ice_cream_mix,,,powder,STANDARD_ONLY,,MAIN_TECHNICAL_BLOCKED,NONE,,standard_product_not_flavour_main,mapper_basement v1.0 + published product_behavior_policy_versions,Verified
PI-ING-000767,ROSE TURKISH DELIGHT · PreGel Paste · ST-57372,flavor_paste,flavored_ice_cream_paste,,,flavour_paste,UNKNOWN_REQUIRES_EVIDENCE,,MAIN_CAPABLE_UNCALIBRATED,NONE,,,mapper_basement v1.0 + published product_behavior_policy_versions,Verified
PI-ING-000768,SPRINT ARBUZ · PreGel Base Mix · ST-31701,base_mix,powdered_ice_cream_mix,,,powder,STANDARD_ONLY,,MAIN_TECHNICAL_BLOCKED,NONE,,standard_product_not_flavour_main,mapper_basement v1.0 + published product_behavior_policy_versions,Verified
PI-ING-000769,SPRINT LIMONCELLO · PreGel Base Mix · ST-09001,base_mix,powdered_ice_cream_mix,,,powder,STANDARD_ONLY,,MAIN_TECHNICAL_BLOCKED,NONE,,standard_product_not_flavour_main,mapper_basement v1.0 + published product_behavior_policy_versions,Verified
PI-ING-000770,SPRINT MANGO · PreGel Base Mix · ST-69301,base_mix,powdered_ice_cream_mix,,,powder,STANDARD_ONLY,,MAIN_TECHNICAL_BLOCKED,NONE,,standard_product_not_flavour_main,mapper_basement v1.0 + published product_behavior_policy_versions,Verified
PI-ING-000771,SPRINT POPCORN · PreGel Base Mix · ST-48571,base_mix,powdered_ice_cream_mix,,,powder,STANDARD_ONLY,,MAIN_TECHNICAL_BLOCKED,NONE,,standard_product_not_flavour_main,mapper_basement v1.0 + published product_behavior_policy_versions,Verified
PI-ING-000772,SPRINT STRAWBERRY N · PreGel Base Mix · ST-09901,base_mix,powdered_ice_cream_mix,,,powder,STANDARD_ONLY,,MAIN_TECHNICAL_BLOCKED,NONE,,standard_product_not_flavour_main,mapper_basement v1.0 + published product_behavior_policy_versions,Verified
PI-ING-000773,SPRINT ZIELONE JAB KO · PreGel Base Mix · ST-22001,base_mix,powdered_ice_cream_mix,,,powder,STANDARD_ONLY,,MAIN_TECHNICAL_BLOCKED,NONE,,standard_product_not_flavour_main,mapper_basement v1.0 + published product_behavior_policy_versions,Verified
PI-ING-000774,TIRAMISU · PreGel Paste · ST-57602,flavor_paste,flavored_ice_cream_paste,,,flavour_paste,UNKNOWN_REQUIRES_EVIDENCE,,MAIN_CAPABLE_UNCALIBRATED,NONE,,,mapper_basement v1.0 + published product_behavior_policy_versions,Verified
PI-ING-000775,TOTALBASE · PreGel Emulsifier Blend · Dry · ST-09308,stabilizer,stabilizer_emulsifier_mix,,,,STRUCTURAL_ONLY,,MAIN_TECHNICAL_BLOCKED,NONE,,structural_product_not_flavour_main,mapper_basement v1.0 + published product_behavior_policy_versions,Verified
PI-ING-000776,YOGGI · PreGel Base Mix · ST-04204,base_mix,powdered_ice_cream_mix,,,powder,STANDARD_ONLY,,MAIN_TECHNICAL_BLOCKED,NONE,,standard_product_not_flavour_main,mapper_basement v1.0 + published product_behavior_policy_versions,Verified
PI-ING-000777,DIVINA · MEC3 Base Mix · 06019,base_mix,powdered_ice_cream_mix,,,powder,STANDARD_ONLY,,MAIN_TECHNICAL_BLOCKED,NONE,,standard_product_not_flavour_main,mapper_basement v1.0 + published product_behavior_policy_versions,Verified
PI-ING-000778,CIOCCOLATO · MEC3 Chocolate · Dry · 08008,chocolate,chocolate_component,chocolate_cocoa,,,UNKNOWN_REQUIRES_EVIDENCE,,MAIN_CAPABLE_UNCALIBRATED,NONE,,,mapper_basement v1.0 + published product_behavior_policy_versions,Verified
PI-ING-000779,LEMON 100 · MEC3 Base Mix · 08042,base_mix,powdered_ice_cream_mix,,,powder,STANDARD_ONLY,,MAIN_TECHNICAL_BLOCKED,NONE,,standard_product_not_flavour_main,mapper_basement v1.0 + published product_behavior_policy_versions,Verified
PI-ING-000780,SUPERGELMIX · MEC3 Base Mix · 06004,base_mix,powdered_ice_cream_mix,,,powder,STANDARD_ONLY,,MAIN_TECHNICAL_BLOCKED,NONE,,standard_product_not_flavour_main,mapper_basement v1.0 + published product_behavior_policy_versions,Verified
PI-ING-000781,50 MB · MEC3 Base Mix · 02335,base_mix,powdered_ice_cream_mix,,,powder,STANDARD_ONLY,,MAIN_TECHNICAL_BLOCKED,NONE,,standard_product_not_flavour_main,mapper_basement v1.0 + published product_behavior_policy_versions,Verified
PI-ING-000782,BLACK GOURMET 500 · MEC3 Base Mix · 08420,base_mix,powdered_ice_cream_mix,,,powder,STANDARD_ONLY,,MAIN_TECHNICAL_BLOCKED,NONE,,standard_product_not_flavour_main,mapper_basement v1.0 + published product_behavior_policy_versions,Verified
PI-ING-000783,BUBBLY · MEC3 Paste · 14008,flavor_paste,flavored_ice_cream_paste,,,flavour_paste,UNKNOWN_REQUIRES_EVIDENCE,,MAIN_CAPABLE_UNCALIBRATED,NONE,,,mapper_basement v1.0 + published product_behavior_policy_versions,Verified
PI-ING-000784,BUBBLY · MEC3 Paste · 14008,flavor_paste,flavored_ice_cream_paste,,,flavour_paste,UNKNOWN_REQUIRES_EVIDENCE,,MAIN_CAPABLE_UNCALIBRATED,NONE,,,mapper_basement v1.0 + published product_behavior_policy_versions,Verified
PI-ING-000785,DOLCE LATTE CONCENTRATO · MEC3 Paste · 14046A,flavor_paste,flavored_ice_cream_paste,,,flavour_paste,UNKNOWN_REQUIRES_EVIDENCE,,MAIN_CAPABLE_UNCALIBRATED,NONE,,,mapper_basement v1.0 + published product_behavior_policy_versions,Verified
PI-ING-000786,GELMIX · MEC3 Emulsifier Blend · Dry · 06003,stabilizer,stabilizer_emulsifier_mix,,,,STRUCTURAL_ONLY,,MAIN_TECHNICAL_BLOCKED,NONE,,structural_product_not_flavour_main,mapper_basement v1.0 + published product_behavior_policy_versions,Verified
PI-ING-000787,GUSTOCREMA LIMETTA · MEC3 Paste · 22513,flavor_paste,flavored_ice_cream_paste,,,flavour_paste,UNKNOWN_REQUIRES_EVIDENCE,,MAIN_CAPABLE_UNCALIBRATED,NONE,,,mapper_basement v1.0 + published product_behavior_policy_versions,Verified
PI-ING-000788,FIORDIDATTERO · MEC3 Variegato · 18186,flavor_paste,variegato_layering_paste,,,flavour_paste,UNKNOWN_REQUIRES_EVIDENCE,,MAIN_CAPABLE_UNCALIBRATED,NONE,,,mapper_basement v1.0 + published product_behavior_policy_versions,Verified
PI-ING-000789,MORETTINA MIELE PROFUMO SARDEGNA · Pernigotti Chocolate · 12092060,chocolate,chocolate_component,chocolate_cocoa,,,UNKNOWN_REQUIRES_EVIDENCE,,MAIN_CAPABLE_UNCALIBRATED,NONE,,,mapper_basement v1.0 + published product_behavior_policy_versions,Verified
PI-ING-000790,MORETTINA CARAMELLO · Pernigotti Chocolate · 12093046,chocolate,chocolate_component,chocolate_cocoa,,,UNKNOWN_REQUIRES_EVIDENCE,,MAIN_CAPABLE_UNCALIBRATED,NONE,,,mapper_basement v1.0 + published product_behavior_policy_versions,Verified
PI-ING-000791,TIRAMISU · Pernigotti Paste · 12093311A,flavor_paste,flavored_ice_cream_paste,,,flavour_paste,UNKNOWN_REQUIRES_EVIDENCE,,MAIN_CAPABLE_UNCALIBRATED,NONE,,,mapper_basement v1.0 + published product_behavior_policy_versions,Verified
PI-ING-000792,JOYBASE SUPERFRRUTTA 50 6 · IRCA Base Mix · 01070882,base_mix,powdered_ice_cream_mix,,,powder,STANDARD_ONLY,,MAIN_TECHNICAL_BLOCKED,NONE,,standard_product_not_flavour_main,mapper_basement v1.0 + published product_behavior_policy_versions,Verified
PI-ING-000793,BESAMEMUCHO 5 · IRCA Base Mix · 01011098,base_mix,powdered_ice_cream_mix,,,powder,STANDARD_ONLY,,MAIN_TECHNICAL_BLOCKED,NONE,,standard_product_not_flavour_main,mapper_basement v1.0 + published product_behavior_policy_versions,Verified
PI-ING-000794,CARAMEL FLEUR SEL 5 · IRCA Base Mix · 01011559,base_mix,powdered_ice_cream_mix,,,powder,STANDARD_ONLY,,MAIN_TECHNICAL_BLOCKED,NONE,,standard_product_not_flavour_main,mapper_basement v1.0 + published product_behavior_policy_versions,Verified
PI-ING-000795,CHOCOBISCOTTO 5 · IRCA Base Mix · 01011081,base_mix,powdered_ice_cream_mix,,,powder,STANDARD_ONLY,,MAIN_TECHNICAL_BLOCKED,NONE,,standard_product_not_flavour_main,mapper_basement v1.0 + published product_behavior_policy_versions,Verified
PI-ING-000796,COCONTY 5 · IRCA Base Mix · 01011075,base_mix,powdered_ice_cream_mix,,,powder,STANDARD_ONLY,,MAIN_TECHNICAL_BLOCKED,NONE,,standard_product_not_flavour_main,mapper_basement v1.0 + published product_behavior_policy_versions,Verified
PI-ING-000797,CORN FLAKES 5 · IRCA Base Mix · 01011156,base_mix,powdered_ice_cream_mix,,,powder,STANDARD_ONLY,,MAIN_TECHNICAL_BLOCKED,NONE,,standard_product_not_flavour_main,mapper_basement v1.0 + published product_behavior_policy_versions,Verified
PI-ING-000798,CROCCANTISSIMO 5 · IRCA Base Mix · 01011160,base_mix,powdered_ice_cream_mix,,,powder,STANDARD_ONLY,,MAIN_TECHNICAL_BLOCKED,NONE,,standard_product_not_flavour_main,mapper_basement v1.0 + published product_behavior_policy_versions,Verified
PI-ING-000799,JOYFRUIT APPLE PIE · IRCA Paste · 01100299,fruit,fruit_flavor_paste,fruit,,paste,MAIN_ALLOWED,,MAIN_CAPABLE_UNCALIBRATED,NONE,,,mapper_basement v1.0 + published product_behavior_policy_versions,Verified
PI-ING-000800,JOYFRUIT ARANCIA · IRCA Variegato · 01030427,flavor_paste,variegato_layering_paste,,,flavour_paste,UNKNOWN_REQUIRES_EVIDENCE,,MAIN_CAPABLE_UNCALIBRATED,NONE,,,mapper_basement v1.0 + published product_behavior_policy_versions,Verified
PI-ING-000801,JOYFRUIT FRAGOLA · IRCA Variegato · 01030409,flavor_paste,variegato_layering_paste,,,flavour_paste,UNKNOWN_REQUIRES_EVIDENCE,,MAIN_CAPABLE_UNCALIBRATED,NONE,,,mapper_basement v1.0 + published product_behavior_policy_versions,Verified
PI-ING-000802,LIMONE 100 · MEC3 Base Mix · 08042,base_mix,powdered_ice_cream_mix,,,powder,STANDARD_ONLY,,MAIN_TECHNICAL_BLOCKED,NONE,,standard_product_not_flavour_main,mapper_basement v1.0 + published product_behavior_policy_versions,Verified
PI-ING-000803,MEC PLUS · MEC3 Emulsifier Blend · Dry · 06007,stabilizer,stabilizer_emulsifier_mix,,,,STRUCTURAL_ONLY,,MAIN_TECHNICAL_BLOCKED,NONE,,structural_product_not_flavour_main,mapper_basement v1.0 + published product_behavior_policy_versions,Verified
PI-ING-000804,MONTEPANNA · MEC3 Base Mix · 02030,base_mix,powdered_ice_cream_mix,,,powder,STANDARD_ONLY,,MAIN_TECHNICAL_BLOCKED,NONE,,standard_product_not_flavour_main,mapper_basement v1.0 + published product_behavior_policy_versions,Verified
PI-ING-000805,PANNABASE · MEC3 Base Mix · 02096 / 02120,base_mix,powdered_ice_cream_mix,,,powder,STANDARD_ONLY,,MAIN_TECHNICAL_BLOCKED,NONE,,standard_product_not_flavour_main,mapper_basement v1.0 + published product_behavior_policy_versions,Verified
PI-ING-000806,PINEAPPLE · MEC3 Paste · 18057A,fruit,fruit_flavor_paste,fruit,mango_tropical,paste,MAIN_ALLOWED,,MAIN_CAPABLE_UNCALIBRATED,NONE,,,mapper_basement v1.0 + published product_behavior_policy_versions,Verified
PI-ING-000807,ANGURIA · MEC3 Paste · 18098A,flavor_paste,flavored_ice_cream_paste,,,flavour_paste,UNKNOWN_REQUIRES_EVIDENCE,,MAIN_CAPABLE_UNCALIBRATED,NONE,,,mapper_basement v1.0 + published product_behavior_policy_versions,Verified
PI-ING-000808,ARANCIA A · MEC3 Paste · 18082,fruit,fruit_flavor_paste,fruit,citrus,paste,MAIN_ALLOWED,,MAIN_CAPABLE_UNCALIBRATED,NONE,,,mapper_basement v1.0 + published product_behavior_policy_versions,Verified
PI-ING-000809,ARANCIA SANGUINELLA A · MEC3 Paste · 18038,fruit,fruit_flavor_paste,fruit,citrus,paste,MAIN_ALLOWED,,MAIN_CAPABLE_UNCALIBRATED,NONE,,,mapper_basement v1.0 + published product_behavior_policy_versions,Verified
PI-ING-000810,AZZURRO CIELO · MEC3 Paste · 14037,flavor_paste,flavored_ice_cream_paste,,,flavour_paste,UNKNOWN_REQUIRES_EVIDENCE,,MAIN_CAPABLE_UNCALIBRATED,NONE,,,mapper_basement v1.0 + published product_behavior_policy_versions,Verified
PI-ING-000811,BANANA · MEC3 Paste · 18056A,fruit,fruit_flavor_paste,fruit,banana,paste,MAIN_ALLOWED,,MAIN_CAPABLE_UNCALIBRATED,NONE,,,mapper_basement v1.0 + published product_behavior_policy_versions,Verified
PI-ING-000812,BISCOTTINO A · MEC3 Paste · 14104,flavor_paste,flavored_ice_cream_paste,,,flavour_paste,UNKNOWN_REQUIRES_EVIDENCE,,MAIN_CAPABLE_UNCALIBRATED,NONE,,,mapper_basement v1.0 + published product_behavior_policy_versions,Verified
PI-ING-000813,BISCOTTINO · MEC3 Paste · 14094,flavor_paste,flavored_ice_cream_paste,,,flavour_paste,UNKNOWN_REQUIRES_EVIDENCE,,MAIN_CAPABLE_UNCALIBRATED,NONE,,,mapper_basement v1.0 + published product_behavior_policy_versions,Verified
PI-ING-000814,CAFFE CONCENTRARA · MEC3 Paste · 14090A,flavor_paste,flavored_ice_cream_paste,,,flavour_paste,UNKNOWN_REQUIRES_EVIDENCE,,MAIN_CAPABLE_UNCALIBRATED,NONE,,,mapper_basement v1.0 + published product_behavior_policy_versions,Verified
PI-ING-000815,CARAMEL · MEC3 Paste · 14019,flavor_paste,flavored_ice_cream_paste,,,flavour_paste,UNKNOWN_REQUIRES_EVIDENCE,,MAIN_CAPABLE_UNCALIBRATED,NONE,,,mapper_basement v1.0 + published product_behavior_policy_versions,Verified
PI-ING-000816,FRAGOLA · MEC3 Paste · 18221,fruit,fruit_flavor_paste,fruit,berry,paste,MAIN_ALLOWED,,MAIN_CAPABLE_UNCALIBRATED,NONE,,,mapper_basement v1.0 + published product_behavior_policy_versions,Verified
PI-ING-000817,POP CORN · MEC3 Paste · 14973,flavor_paste,flavored_ice_cream_paste,,,flavour_paste,UNKNOWN_REQUIRES_EVIDENCE,,MAIN_CAPABLE_UNCALIBRATED,NONE,,,mapper_basement v1.0 + published product_behavior_policy_versions,Verified
PI-ING-000818,MALAGA · MEC3 Paste · 14015B,flavor_paste,flavored_ice_cream_paste,,,flavour_paste,UNKNOWN_REQUIRES_EVIDENCE,,MAIN_CAPABLE_UNCALIBRATED,NONE,,,mapper_basement v1.0 + published product_behavior_policy_versions,Verified
PI-ING-000819,MARACUJA · MEC3 Paste · 18061A,fruit,fruit_flavor_paste,fruit,,paste,MAIN_ALLOWED,,MAIN_CAPABLE_UNCALIBRATED,NONE,,,mapper_basement v1.0 + published product_behavior_policy_versions,Verified
PI-ING-000820,MENTA N · MEC3 Paste · 14074A,flavor_paste,flavored_ice_cream_paste,,,flavour_paste,UNKNOWN_REQUIRES_EVIDENCE,,MAIN_CAPABLE_UNCALIBRATED,NONE,,,mapper_basement v1.0 + published product_behavior_policy_versions,Verified
PI-ING-000821,MENTA · MEC3 Paste · 14035A,flavor_paste,flavored_ice_cream_paste,,,flavour_paste,UNKNOWN_REQUIRES_EVIDENCE,,MAIN_CAPABLE_UNCALIBRATED,NONE,,,mapper_basement v1.0 + published product_behavior_policy_versions,Verified
PI-ING-000822,MERINGA · MEC3 Paste · 14040,flavor_paste,flavored_ice_cream_paste,,,flavour_paste,UNKNOWN_REQUIRES_EVIDENCE,,MAIN_CAPABLE_UNCALIBRATED,NONE,,,mapper_basement v1.0 + published product_behavior_policy_versions,Verified
PI-ING-000823,MIRTILLO · MEC3 Paste · 18081A,fruit,fruit_flavor_paste,fruit,berry,paste,MAIN_ALLOWED,,MAIN_CAPABLE_UNCALIBRATED,NONE,,,mapper_basement v1.0 + published product_behavior_policy_versions,Verified
PI-ING-000824,NOCCIOLA MAXIMA · MEC3 Paste · 14062A,nut,hazelnut_paste,nut,,paste,MAIN_ALLOWED,,MAIN_CAPABLE_UNCALIBRATED,NONE,,,mapper_basement v1.0 + published product_behavior_policy_versions,Verified
PI-ING-000825,PISTACCHIO CALIFORNIA · MEC3 Paste · 100% Nut · 14552,nut,pistachio_paste,nut,,paste,MAIN_ALLOWED,,MAIN_CAPABLE_UNCALIBRATED,NONE,,,mapper_basement v1.0 + published product_behavior_policy_versions,Verified
PI-ING-000826,PISTACCHIO SICILIA · MEC3 Paste · 100% Nut · 14052,nut,pistachio_paste,nut,,paste,MAIN_ALLOWED,,MAIN_CAPABLE_UNCALIBRATED,NONE,,,mapper_basement v1.0 + published product_behavior_policy_versions,Verified
PI-ING-000827,RASPBERRY · MEC3 Paste · 18080A,fruit,fruit_flavor_paste,fruit,berry,paste,MAIN_ALLOWED,,MAIN_CAPABLE_UNCALIBRATED,NONE,,,mapper_basement v1.0 + published product_behavior_policy_versions,Verified
PI-ING-000828,TIRAMISU M O · MEC3 Paste · 14338,flavor_paste,flavored_ice_cream_paste,,,flavour_paste,UNKNOWN_REQUIRES_EVIDENCE,,MAIN_CAPABLE_UNCALIBRATED,NONE,,,mapper_basement v1.0 + published product_behavior_policy_versions,Verified
PI-ING-000829,WAFER · MEC3 Bakery Inclusion · 14118A,bakery,bakery_component,bakery_cookie,,,UNKNOWN_REQUIRES_EVIDENCE,,MAIN_CAPABLE_UNCALIBRATED,NONE,,,mapper_basement v1.0 + published product_behavior_policy_versions,Verified
PI-ING-000830,QUELLA DARK · MEC3 Chocolate · 14856,chocolate,chocolate_component,chocolate_cocoa,,,UNKNOWN_REQUIRES_EVIDENCE,,MAIN_CAPABLE_UNCALIBRATED,NONE,,,mapper_basement v1.0 + published product_behavior_policy_versions,Verified
PI-ING-000831,QUELLA · MEC3 Chocolate · 14179,chocolate,chocolate_component,chocolate_cocoa,,,UNKNOWN_REQUIRES_EVIDENCE,,MAIN_CAPABLE_UNCALIBRATED,NONE,,,mapper_basement v1.0 + published product_behavior_policy_versions,Verified
PI-ING-000832,SOFTIN · MEC3 Emulsifier Blend · Dry · 06069,stabilizer,stabilizer_emulsifier_mix,,,,STRUCTURAL_ONLY,,MAIN_TECHNICAL_BLOCKED,NONE,,structural_product_not_flavour_main,mapper_basement v1.0 + published product_behavior_policy_versions,Verified
PI-ING-000833,SOMIX · MEC3 Emulsifier Blend · Dry · 06077,stabilizer,stabilizer_emulsifier_mix,,,,STRUCTURAL_ONLY,,MAIN_TECHNICAL_BLOCKED,NONE,,structural_product_not_flavour_main,mapper_basement v1.0 + published product_behavior_policy_versions,Verified
PI-ING-000834,ULTRAGELMIX · MEC3 Emulsifier Blend · Dry · 06032,stabilizer,stabilizer_emulsifier_mix,,,,STRUCTURAL_ONLY,,MAIN_TECHNICAL_BLOCKED,NONE,,structural_product_not_flavour_main,mapper_basement v1.0 + published product_behavior_policy_versions,Verified
PI-ING-000835,CEREALI BIANCO · MEC3 Variegato · 14175,chocolate,chocolate_component,chocolate_cocoa,,,UNKNOWN_REQUIRES_EVIDENCE,,MAIN_CAPABLE_UNCALIBRATED,NONE,,,mapper_basement v1.0 + published product_behavior_policy_versions,Verified
PI-ING-000836,CHOCOPRETZEL · MEC3 Variegato · 18691A,flavor_paste,variegato_layering_paste,,,flavour_paste,UNKNOWN_REQUIRES_EVIDENCE,,MAIN_CAPABLE_UNCALIBRATED,NONE,,,mapper_basement v1.0 + published product_behavior_policy_versions,Verified
PI-ING-000837,COCCOMIO · MEC3 Variegato · 14087,flavor_paste,variegato_layering_paste,,,flavour_paste,UNKNOWN_REQUIRES_EVIDENCE,,MAIN_CAPABLE_UNCALIBRATED,NONE,,,mapper_basement v1.0 + published product_behavior_policy_versions,Verified
PI-ING-000838,COOKIES LEMON MERINGUE · MEC3 Variegato · 14750,flavor_paste,variegato_layering_paste,,,flavour_paste,UNKNOWN_REQUIRES_EVIDENCE,,MAIN_CAPABLE_UNCALIBRATED,NONE,,,mapper_basement v1.0 + published product_behavior_policy_versions,Verified
PI-ING-000839,COOKIES · MEC3 Variegato · 14322,flavor_paste,variegato_layering_paste,,,flavour_paste,UNKNOWN_REQUIRES_EVIDENCE,,MAIN_CAPABLE_UNCALIBRATED,NONE,,,mapper_basement v1.0 + published product_behavior_policy_versions,Verified
PI-ING-000840,FIORDIMARACUJA · MEC3 Variegato · 18195A,flavor_paste,variegato_layering_paste,,,flavour_paste,UNKNOWN_REQUIRES_EVIDENCE,,MAIN_CAPABLE_UNCALIBRATED,NONE,,,mapper_basement v1.0 + published product_behavior_policy_versions,Verified
PI-ING-000841,LIMETTA · MEC3 Variegato · 14343,flavor_paste,variegato_layering_paste,,,flavour_paste,UNKNOWN_REQUIRES_EVIDENCE,,MAIN_CAPABLE_UNCALIBRATED,NONE,,,mapper_basement v1.0 + published product_behavior_policy_versions,Verified
PI-ING-000842,YOGHIN · MEC3 Base Mix · 08011,base_mix,powdered_ice_cream_mix,,,powder,STANDARD_ONLY,,MAIN_TECHNICAL_BLOCKED,NONE,,standard_product_not_flavour_main,mapper_basement v1.0 + published product_behavior_policy_versions,Verified
PI-ING-000843,50 F · Pernigotti Base Mix · 12091301A,base_mix,powdered_ice_cream_mix,,,powder,STANDARD_ONLY,,MAIN_TECHNICAL_BLOCKED,NONE,,standard_product_not_flavour_main,mapper_basement v1.0 + published product_behavior_policy_versions,Verified
PI-ING-000844,50F · Pernigotti Base Mix · 12091201A,base_mix,powdered_ice_cream_mix,,,powder,STANDARD_ONLY,,MAIN_TECHNICAL_BLOCKED,NONE,,standard_product_not_flavour_main,mapper_basement v1.0 + published product_behavior_policy_versions,Verified
PI-ING-000845,RICCA CREMA 100 · Pernigotti Base Mix · 12091078A,base_mix,powdered_ice_cream_mix,,,powder,STANDARD_ONLY,,MAIN_TECHNICAL_BLOCKED,NONE,,standard_product_not_flavour_main,mapper_basement v1.0 + published product_behavior_policy_versions,Verified
PI-ING-000846,RICCA FRUTTA 100 · Pernigotti Base Mix · 12091067A,base_mix,powdered_ice_cream_mix,,,powder,STANDARD_ONLY,,MAIN_TECHNICAL_BLOCKED,NONE,,standard_product_not_flavour_main,mapper_basement v1.0 + published product_behavior_policy_versions,Verified
PI-ING-000847,BASETOP 50 F · Pernigotti Base Mix · 12091943A,base_mix,powdered_ice_cream_mix,,,powder,STANDARD_ONLY,,MAIN_TECHNICAL_BLOCKED,NONE,,standard_product_not_flavour_main,mapper_basement v1.0 + published product_behavior_policy_versions,Verified
PI-ING-000848,RICCA CREMA 100 · Pernigotti Base Mix,base_mix,powdered_ice_cream_mix,,,powder,STANDARD_ONLY,,MAIN_TECHNICAL_BLOCKED,NONE,,standard_product_not_flavour_main,mapper_basement v1.0 + published product_behavior_policy_versions,Verified
PI-ING-000849,BAZA YOGO PLUS · Pernigotti Base Mix · 12093373A,base_mix,powdered_ice_cream_mix,,,powder,STANDARD_ONLY,,MAIN_TECHNICAL_BLOCKED,NONE,,standard_product_not_flavour_main,mapper_basement v1.0 + published product_behavior_policy_versions,Verified
PI-ING-000850,CACAO MAGRO 12% · Pernigotti Cocoa Powder · 12090041A,chocolate,cocoa_powder,chocolate_cocoa,,cocoa_powder,MAIN_ALLOWED,,MAIN_CAPABLE_UNCALIBRATED,NONE,,,mapper_basement v1.0 + published product_behavior_policy_versions,Verified
PI-ING-000851,CELESTINO · Pernigotti Paste · Dry · 12092043,flavor_paste,flavored_ice_cream_paste,,,flavour_paste,UNKNOWN_REQUIRES_EVIDENCE,,MAIN_CAPABLE_UNCALIBRATED,NONE,,,mapper_basement v1.0 + published product_behavior_policy_versions,Verified
PI-ING-000852,CIOCCOCROK · Pernigotti Chocolate · 12093641,chocolate,chocolate_component,chocolate_cocoa,,,UNKNOWN_REQUIRES_EVIDENCE,,MAIN_CAPABLE_UNCALIBRATED,NONE,,,mapper_basement v1.0 + published product_behavior_policy_versions,Verified
PI-ING-000853,CIOCCOLATO BIANCO · Pernigotti Chocolate · 12092051A,chocolate,chocolate_component,chocolate_cocoa,,,UNKNOWN_REQUIRES_EVIDENCE,,MAIN_CAPABLE_UNCALIBRATED,NONE,,,mapper_basement v1.0 + published product_behavior_policy_versions,Verified
PI-ING-000854,CONCENTRATO PESCA NEW · Pernigotti Paste,fruit,fruit_flavor_paste,fruit,,paste,MAIN_ALLOWED,,MAIN_CAPABLE_UNCALIBRATED,NONE,,,mapper_basement v1.0 + published product_behavior_policy_versions,Verified
PI-ING-000855,GRANELLA PROFUMO SARDEGNA · Pernigotti Nut · 12098691,nut,nut_component,nut,,,UNKNOWN_REQUIRES_EVIDENCE,,MAIN_CAPABLE_UNCALIBRATED,NONE,,,mapper_basement v1.0 + published product_behavior_policy_versions,Verified
PI-ING-000856,INTEGRATORE FORZAPIU · Pernigotti Emulsifier Blend · Dry,stabilizer,stabilizer_emulsifier_mix,,,,STRUCTURAL_ONLY,,MAIN_TECHNICAL_BLOCKED,NONE,,structural_product_not_flavour_main,mapper_basement v1.0 + published product_behavior_policy_versions,Verified
PI-ING-000857,CREMA TRADIZIONE · Pernigotti Paste · 12093038A,flavor_paste,flavored_ice_cream_paste,,,flavour_paste,UNKNOWN_REQUIRES_EVIDENCE,,MAIN_CAPABLE_UNCALIBRATED,NONE,,,mapper_basement v1.0 + published product_behavior_policy_versions,Verified
PI-ING-000858,MORETTINA CLASSIC · Pernigotti Chocolate · 12093027A,chocolate,chocolate_component,chocolate_cocoa,,,UNKNOWN_REQUIRES_EVIDENCE,,MAIN_CAPABLE_UNCALIBRATED,NONE,,,mapper_basement v1.0 + published product_behavior_policy_versions,Verified
PI-ING-000859,MORETTINA SANTO DOMINGO · Pernigotti Chocolate · 12093047,chocolate,chocolate_component,chocolate_cocoa,,,UNKNOWN_REQUIRES_EVIDENCE,,MAIN_CAPABLE_UNCALIBRATED,NONE,,,mapper_basement v1.0 + published product_behavior_policy_versions,Verified
PI-ING-000860,PANNA COTTA · Pernigotti Paste · 12092411,flavor_paste,flavored_ice_cream_paste,,,flavour_paste,UNKNOWN_REQUIRES_EVIDENCE,,MAIN_CAPABLE_UNCALIBRATED,NONE,,,mapper_basement v1.0 + published product_behavior_policy_versions,Verified
PI-ING-000861,ARACHIDE · Pernigotti Paste · 12092064A,nut,peanut_paste,nut,,paste,MAIN_ALLOWED,,MAIN_CAPABLE_UNCALIBRATED,NONE,,,mapper_basement v1.0 + published product_behavior_policy_versions,Verified
PI-ING-000862,CROCCANTINO FLUIDO RHUM · Pernigotti Paste · 12092181B,flavor_paste,flavored_ice_cream_paste,,,flavour_paste,UNKNOWN_REQUIRES_EVIDENCE,,MAIN_CAPABLE_UNCALIBRATED,NONE,,,mapper_basement v1.0 + published product_behavior_policy_versions,Verified
PI-ING-000863,FRAGOLA ERDBEERE · Pernigotti Paste · 12094501A,fruit,fruit_flavor_paste,fruit,berry,paste,MAIN_ALLOWED,,MAIN_CAPABLE_UNCALIBRATED,NONE,,,mapper_basement v1.0 + published product_behavior_policy_versions,Verified
PI-ING-000864,FRUTTI DI BOSCO · Pernigotti Paste · 12094581A,fruit,fruit_flavor_paste,fruit,,paste,MAIN_ALLOWED,,MAIN_CAPABLE_UNCALIBRATED,NONE,,,mapper_basement v1.0 + published product_behavior_policy_versions,Verified
PI-ING-000865,GIANDUIA · Pernigotti Chocolate · 12092161A,chocolate,chocolate_component,chocolate_cocoa,,,UNKNOWN_REQUIRES_EVIDENCE,,MAIN_CAPABLE_UNCALIBRATED,NONE,,,mapper_basement v1.0 + published product_behavior_policy_versions,Verified
PI-ING-000866,GRAN CAFFE · Pernigotti Paste · 12092301B,flavor_paste,flavored_ice_cream_paste,,,flavour_paste,UNKNOWN_REQUIRES_EVIDENCE,,MAIN_CAPABLE_UNCALIBRATED,NONE,,,mapper_basement v1.0 + published product_behavior_policy_versions,Verified
PI-ING-000867,GRAN ZABAIONE · Pernigotti Paste · 12093391B,flavor_paste,flavored_ice_cream_paste,,,flavour_paste,UNKNOWN_REQUIRES_EVIDENCE,,MAIN_CAPABLE_UNCALIBRATED,NONE,,,mapper_basement v1.0 + published product_behavior_policy_versions,Verified
PI-ING-000868,CARAMELLO · Pernigotti Paste · 12092111A,flavor_paste,flavored_ice_cream_paste,,,flavour_paste,UNKNOWN_REQUIRES_EVIDENCE,,MAIN_CAPABLE_UNCALIBRATED,NONE,,,mapper_basement v1.0 + published product_behavior_policy_versions,Verified
PI-ING-000869,FIORDILATTE SABOR NATA · Pernigotti Paste · 12092973A,flavor_paste,flavored_ice_cream_paste,,,flavour_paste,UNKNOWN_REQUIRES_EVIDENCE,,MAIN_CAPABLE_UNCALIBRATED,NONE,,,mapper_basement v1.0 + published product_behavior_policy_versions,Verified
PI-ING-000870,FROLLINO COOKIE · Pernigotti Bakery Inclusion · 12093153A,bakery,bakery_component,bakery_cookie,,,UNKNOWN_REQUIRES_EVIDENCE,,MAIN_CAPABLE_UNCALIBRATED,NONE,,,mapper_basement v1.0 + published product_behavior_policy_versions,Verified
PI-ING-000871,VANIGLIA TOP · Pernigotti Paste · 12093183A,flavor_paste,flavored_ice_cream_paste,,,flavour_paste,UNKNOWN_REQUIRES_EVIDENCE,,MAIN_CAPABLE_UNCALIBRATED,NONE,,,mapper_basement v1.0 + published product_behavior_policy_versions,Verified
PI-ING-000872,MALAGA · Pernigotti Paste · 12092361A,flavor_paste,flavored_ice_cream_paste,,,flavour_paste,UNKNOWN_REQUIRES_EVIDENCE,,MAIN_CAPABLE_UNCALIBRATED,NONE,,,mapper_basement v1.0 + published product_behavior_policy_versions,Verified
PI-ING-000873,MENTA BIANCA · Pernigotti Paste · 12093043A,flavor_paste,flavored_ice_cream_paste,,,flavour_paste,UNKNOWN_REQUIRES_EVIDENCE,,MAIN_CAPABLE_UNCALIBRATED,NONE,,,mapper_basement v1.0 + published product_behavior_policy_versions,Verified
PI-ING-000874,MENTA VERDE · Pernigotti Paste · 12093501A,flavor_paste,flavored_ice_cream_paste,,,flavour_paste,UNKNOWN_REQUIRES_EVIDENCE,,MAIN_CAPABLE_UNCALIBRATED,NONE,,,mapper_basement v1.0 + published product_behavior_policy_versions,Verified
PI-ING-000875,NOCE · Pernigotti Nut · 12092681B,nut,nut_component,nut,,,UNKNOWN_REQUIRES_EVIDENCE,,MAIN_CAPABLE_UNCALIBRATED,NONE,,,mapper_basement v1.0 + published product_behavior_policy_versions,Verified
PI-ING-000876,POMPELMO ROSA · Pernigotti Paste · 12094596,flavor_paste,flavored_ice_cream_paste,,,flavour_paste,UNKNOWN_REQUIRES_EVIDENCE,,MAIN_CAPABLE_UNCALIBRATED,NONE,,,mapper_basement v1.0 + published product_behavior_policy_versions,Verified
PI-ING-000877,VANIGLIA TOP · Pernigotti Paste · 12093534A,flavor_paste,flavored_ice_cream_paste,,,flavour_paste,UNKNOWN_REQUIRES_EVIDENCE,,MAIN_CAPABLE_UNCALIBRATED,NONE,,,mapper_basement v1.0 + published product_behavior_policy_versions,Verified
PI-ING-000878,PISTACCHIO · Pernigotti Paste · 100% Nut · 12092005,nut,pistachio_paste,nut,,paste,MAIN_ALLOWED,,MAIN_CAPABLE_UNCALIBRATED,NONE,,,mapper_basement v1.0 + published product_behavior_policy_versions,Verified
PI-ING-000879,RICOPERTURA PINGUINI CLASSICA · Pernigotti Chocolate · 12093141B,chocolate,chocolate_component,chocolate_cocoa,,,UNKNOWN_REQUIRES_EVIDENCE,,MAIN_CAPABLE_UNCALIBRATED,NONE,,,mapper_basement v1.0 + published product_behavior_policy_versions,Verified
PI-ING-000880,STRACCIATELLA FONDENTE CRISTALLI MENTA · Pernigotti Chocolate · 12093230,chocolate,chocolate_component,chocolate_cocoa,,,UNKNOWN_REQUIRES_EVIDENCE,,MAIN_CAPABLE_UNCALIBRATED,NONE,,,mapper_basement v1.0 + published product_behavior_policy_versions,Verified
PI-ING-000881,AMORE NOCCIOLA · Pernigotti Variegato · 12092010C,nut,hazelnut_paste,nut,,paste,MAIN_ALLOWED,,MAIN_CAPABLE_UNCALIBRATED,NONE,,,mapper_basement v1.0 + published product_behavior_policy_versions,Verified
PI-ING-000882,AMORE PECAN · Pernigotti Variegato · 12092016C,nut,nut_component,nut,,,UNKNOWN_REQUIRES_EVIDENCE,,MAIN_CAPABLE_UNCALIBRATED,NONE,,,mapper_basement v1.0 + published product_behavior_policy_versions,Verified
PI-ING-000883,ARANCIA POMARANCZA · Pernigotti Variegato · 12094027A,flavor_paste,variegato_layering_paste,,,flavour_paste,UNKNOWN_REQUIRES_EVIDENCE,,MAIN_CAPABLE_UNCALIBRATED,NONE,,,mapper_basement v1.0 + published product_behavior_policy_versions,Verified
PI-ING-000884,COCCOBELLO · Pernigotti Variegato · 12098750,flavor_paste,variegato_layering_paste,,,flavour_paste,UNKNOWN_REQUIRES_EVIDENCE,,MAIN_CAPABLE_UNCALIBRATED,NONE,,,mapper_basement v1.0 + published product_behavior_policy_versions,Verified
PI-ING-000885,CROCK · Pernigotti Variegato · 12093643,chocolate,chocolate_component,chocolate_cocoa,,,UNKNOWN_REQUIRES_EVIDENCE,,MAIN_CAPABLE_UNCALIBRATED,NONE,,,mapper_basement v1.0 + published product_behavior_policy_versions,Verified
PI-ING-000886,FROLLINO CACAO · Pernigotti Variegato · 12093504A,chocolate,chocolate_component,chocolate_cocoa,,,UNKNOWN_REQUIRES_EVIDENCE,,MAIN_CAPABLE_UNCALIBRATED,NONE,,,mapper_basement v1.0 + published product_behavior_policy_versions,Verified
PI-ING-000887,FRUTTI DI BOSCO · Pernigotti Variegato · 12095271A,flavor_paste,variegato_layering_paste,,,flavour_paste,UNKNOWN_REQUIRES_EVIDENCE,,MAIN_CAPABLE_UNCALIBRATED,NONE,,,mapper_basement v1.0 + published product_behavior_policy_versions,Verified
PI-ING-000888,MANDORLONE · Pernigotti Variegato · 12092391B,nut,almond_paste,nut,,paste,MAIN_ALLOWED,,MAIN_CAPABLE_UNCALIBRATED,NONE,,,mapper_basement v1.0 + published product_behavior_policy_versions,Verified
PI-ING-000889,PASSION · Pernigotti Variegato · 12095874,flavor_paste,variegato_layering_paste,,,flavour_paste,UNKNOWN_REQUIRES_EVIDENCE,,MAIN_CAPABLE_UNCALIBRATED,NONE,,,mapper_basement v1.0 + published product_behavior_policy_versions,Verified
PI-ING-000890,TORRONE RUSTEGO · Pernigotti Variegato,flavor_paste,variegato_layering_paste,,,flavour_paste,UNKNOWN_REQUIRES_EVIDENCE,,MAIN_CAPABLE_UNCALIBRATED,NONE,,,mapper_basement v1.0 + published product_behavior_policy_versions,Verified
PI-ING-000891,ZABAIONE IMPERATORE · Pernigotti Variegato · 12093400,flavor_paste,variegato_layering_paste,,,flavour_paste,UNKNOWN_REQUIRES_EVIDENCE,,MAIN_CAPABLE_UNCALIBRATED,NONE,,,mapper_basement v1.0 + published product_behavior_policy_versions,Verified
PI-ING-000892,CREMA INYECTAR · IRCA Paste · 01010973,flavor_paste,flavored_ice_cream_paste,,,flavour_paste,UNKNOWN_REQUIRES_EVIDENCE,,MAIN_CAPABLE_UNCALIBRATED,NONE,,,mapper_basement v1.0 + published product_behavior_policy_versions,Verified
PI-ING-000893,JOYBASE DELYMIX 50 6 · IRCA Base Mix · 01070649,base_mix,powdered_ice_cream_mix,,,powder,STANDARD_ONLY,,MAIN_TECHNICAL_BLOCKED,NONE,,standard_product_not_flavour_main,mapper_basement v1.0 + published product_behavior_policy_versions,Verified
PI-ING-000894,JOYBASE LEGGERA 100 8 · IRCA Base Mix · 01070818,base_mix,powdered_ice_cream_mix,,,powder,STANDARD_ONLY,,MAIN_TECHNICAL_BLOCKED,NONE,,standard_product_not_flavour_main,mapper_basement v1.0 + published product_behavior_policy_versions,Verified
PI-ING-000895,JOYBASE PASSION SA 100 · IRCA Base Mix · 01980831,base_mix,powdered_ice_cream_mix,,,powder,STANDARD_ONLY,,MAIN_TECHNICAL_BLOCKED,NONE,,standard_product_not_flavour_main,mapper_basement v1.0 + published product_behavior_policy_versions,Verified
PI-ING-000896,JOYBASE LIMONE 100 6 · IRCA Base Mix · 01070674,base_mix,powdered_ice_cream_mix,,,powder,STANDARD_ONLY,,MAIN_TECHNICAL_BLOCKED,NONE,,standard_product_not_flavour_main,mapper_basement v1.0 + published product_behavior_policy_versions,Verified
PI-ING-000897,FRUTTA GOLOSA MIRTILLO · Aromitalia Variegato · 3518,flavor_paste,variegato_layering_paste,,,flavour_paste,UNKNOWN_REQUIRES_EVIDENCE,,MAIN_CAPABLE_UNCALIBRATED,NONE,,,mapper_basement v1.0 + published product_behavior_policy_versions,Verified
PI-ING-000898,FRUTTA GOLOSA PESCA · Aromitalia Variegato · 3166,flavor_paste,variegato_layering_paste,,,flavour_paste,UNKNOWN_REQUIRES_EVIDENCE,,MAIN_CAPABLE_UNCALIBRATED,NONE,,,mapper_basement v1.0 + published product_behavior_policy_versions,Verified
PI-ING-000899,FRUTTI DI BOSCO · Aromitalia Variegato · 1131C,flavor_paste,variegato_layering_paste,,,flavour_paste,UNKNOWN_REQUIRES_EVIDENCE,,MAIN_CAPABLE_UNCALIBRATED,NONE,,,mapper_basement v1.0 + published product_behavior_policy_versions,Verified
PI-ING-000900,JAMAICA · Aromitalia Variegato · 2395,chocolate,chocolate_paste,chocolate_cocoa,,paste,MAIN_ALLOWED,,MAIN_CAPABLE_UNCALIBRATED,NONE,,,mapper_basement v1.0 + published product_behavior_policy_versions,Verified
PI-ING-000901,LAMPONE · Aromitalia Variegato · 1041C,flavor_paste,variegato_layering_paste,,,flavour_paste,UNKNOWN_REQUIRES_EVIDENCE,,MAIN_CAPABLE_UNCALIBRATED,NONE,,,mapper_basement v1.0 + published product_behavior_policy_versions,Verified
PI-ING-000902,MARACUJA · Aromitalia Variegato · 2652C,flavor_paste,variegato_layering_paste,,,flavour_paste,UNKNOWN_REQUIRES_EVIDENCE,,MAIN_CAPABLE_UNCALIBRATED,NONE,,,mapper_basement v1.0 + published product_behavior_policy_versions,Verified
PI-ING-000903,NOCCIOLA GRANELLA · Aromitalia Variegato · 2831,nut,hazelnut_paste,nut,,paste,MAIN_ALLOWED,,MAIN_CAPABLE_UNCALIBRATED,NONE,,,mapper_basement v1.0 + published product_behavior_policy_versions,Verified
PI-ING-000904,ORONERO · Aromitalia Variegato · 2868,chocolate,chocolate_paste,chocolate_cocoa,,paste,MAIN_ALLOWED,,MAIN_CAPABLE_UNCALIBRATED,NONE,,,mapper_basement v1.0 + published product_behavior_policy_versions,Verified
PI-ING-000905,PANE E GIANDUIELLA · Aromitalia Variegato · 2717,chocolate,chocolate_paste,chocolate_cocoa,,paste,MAIN_ALLOWED,,MAIN_CAPABLE_UNCALIBRATED,NONE,,,mapper_basement v1.0 + published product_behavior_policy_versions,Verified
PI-ING-000906,PESCA ARANCIA · Aromitalia Variegato · 1790C,flavor_paste,variegato_layering_paste,,,flavour_paste,UNKNOWN_REQUIRES_EVIDENCE,,MAIN_CAPABLE_UNCALIBRATED,NONE,,,mapper_basement v1.0 + published product_behavior_policy_versions,Verified
PI-ING-000907,POPCORN · Aromitalia Variegato · Chilled · 3464,specialty,sweetened_egg_yolk,,,,STANDARD_ONLY,,MAIN_TECHNICAL_BLOCKED,NONE,,standard_product_not_flavour_main,mapper_basement v1.0 + published product_behavior_policy_versions,Verified
PI-ING-000908,SPRITZ · Aromitalia Variegato · 2654,flavor_paste,variegato_layering_paste,,,flavour_paste,UNKNOWN_REQUIRES_EVIDENCE,,MAIN_CAPABLE_UNCALIBRATED,NONE,,,mapper_basement v1.0 + published product_behavior_policy_versions,Verified
PI-ING-000909,SPYCE COOKIE · Aromitalia Variegato · 3275,chocolate,chocolate_paste,chocolate_cocoa,,paste,MAIN_ALLOWED,,MAIN_CAPABLE_UNCALIBRATED,NONE,,,mapper_basement v1.0 + published product_behavior_policy_versions,Verified
PI-ING-000910,TIRAMISU CONC SENZA PEZZI · Aromitalia Variegato · 2262C,flavor_paste,coffee_dessert_paste,coffee,,flavour_paste,MAIN_ALLOWED,,MAIN_CAPABLE_UNCALIBRATED,NONE,,,mapper_basement v1.0 + published product_behavior_policy_versions,Verified
PI-ING-000911,TOFFEE · Aromitalia Variegato · 2966,flavor_paste,variegato_layering_paste,,,flavour_paste,UNKNOWN_REQUIRES_EVIDENCE,,MAIN_CAPABLE_UNCALIBRATED,NONE,,,mapper_basement v1.0 + published product_behavior_policy_versions,Verified
PI-ING-000912,TORTA MELE · Aromitalia Variegato · 2993,flavor_paste,variegato_layering_paste,,,flavour_paste,UNKNOWN_REQUIRES_EVIDENCE,,MAIN_CAPABLE_UNCALIBRATED,NONE,,,mapper_basement v1.0 + published product_behavior_policy_versions,Verified
PI-ING-000913,YOGUMIX 40 · Aromitalia Base Mix · 1105,base_mix,yogurt_powdered_ice_cream_mix,,,powder,STANDARD_ONLY,,MAIN_TECHNICAL_BLOCKED,NONE,,standard_product_not_flavour_main,mapper_basement v1.0 + published product_behavior_policy_versions,Verified
PI-ING-000914,YOGUMIX GRECO 40 · Aromitalia Base Mix · 2980,base_mix,yogurt_powdered_ice_cream_mix,,,powder,STANDARD_ONLY,,MAIN_TECHNICAL_BLOCKED,NONE,,standard_product_not_flavour_main,mapper_basement v1.0 + published product_behavior_policy_versions,Verified
PI-ING-000915,BESAMEMUCHO · Irca Variegato · 01100259,flavor_paste,variegato_layering_paste,,,flavour_paste,UNKNOWN_REQUIRES_EVIDENCE,,MAIN_CAPABLE_UNCALIBRATED,NONE,,,mapper_basement v1.0 + published product_behavior_policy_versions,Verified
PI-ING-000916,BISCOTTO · Irca Specialty · Chilled · 01100229,specialty,sweetened_egg_yolk,,,,STANDARD_ONLY,,MAIN_TECHNICAL_BLOCKED,NONE,,standard_product_not_flavour_main,mapper_basement v1.0 + published product_behavior_policy_versions,Verified
PI-ING-000917,BISCOTTO · Irca Specialty · Chilled · 01100244,specialty,sweetened_egg_yolk,,,,STANDARD_ONLY,,MAIN_TECHNICAL_BLOCKED,NONE,,standard_product_not_flavour_main,mapper_basement v1.0 + published product_behavior_policy_versions,Verified
PI-ING-000918,BUBBLE BLUE · Irca Paste · 01100288,flavor_paste,flavored_ice_cream_paste,,,flavour_paste,UNKNOWN_REQUIRES_EVIDENCE,,MAIN_CAPABLE_UNCALIBRATED,NONE,,,mapper_basement v1.0 + published product_behavior_policy_versions,Verified
PI-ING-000919,BUBBLEFAN · Irca Paste · 01100239,flavor_paste,flavored_ice_cream_paste,,,flavour_paste,UNKNOWN_REQUIRES_EVIDENCE,,MAIN_CAPABLE_UNCALIBRATED,NONE,,,mapper_basement v1.0 + published product_behavior_policy_versions,Verified
PI-ING-000920,COCOA INTENSE · Irca Paste · 01011170,chocolate,chocolate_paste,chocolate_cocoa,,paste,MAIN_ALLOWED,,MAIN_CAPABLE_UNCALIBRATED,NONE,,,mapper_basement v1.0 + published product_behavior_policy_versions,Verified
PI-ING-000921,CREME BRULEE · Irca Specialty · Chilled · 01100296,specialty,sweetened_egg_yolk,,,,STANDARD_ONLY,,MAIN_TECHNICAL_BLOCKED,NONE,,standard_product_not_flavour_main,mapper_basement v1.0 + published product_behavior_policy_versions,Verified
PI-ING-000922,JOYFRUIT FRAGOLINA BOSCO · Irca Variegato · 01030425,flavor_paste,variegato_layering_paste,,,flavour_paste,UNKNOWN_REQUIRES_EVIDENCE,,MAIN_CAPABLE_UNCALIBRATED,NONE,,,mapper_basement v1.0 + published product_behavior_policy_versions,Verified
PI-ING-000923,JOYFRUIT LAMPONE · Irca Variegato · 01030426,flavor_paste,variegato_layering_paste,,,flavour_paste,UNKNOWN_REQUIRES_EVIDENCE,,MAIN_CAPABLE_UNCALIBRATED,NONE,,,mapper_basement v1.0 + published product_behavior_policy_versions,Verified
PI-ING-000924,JOYFRUIT MANGO · Irca Variegato · 01030460,flavor_paste,variegato_layering_paste,,,flavour_paste,UNKNOWN_REQUIRES_EVIDENCE,,MAIN_CAPABLE_UNCALIBRATED,NONE,,,mapper_basement v1.0 + published product_behavior_policy_versions,Verified
PI-ING-000925,JOYFRUIT MIRTILLO · Irca Variegato · 01030405,flavor_paste,variegato_layering_paste,,,flavour_paste,UNKNOWN_REQUIRES_EVIDENCE,,MAIN_CAPABLE_UNCALIBRATED,NONE,,,mapper_basement v1.0 + published product_behavior_policy_versions,Verified
PI-ING-000926,JOYFRUIT PERA · Irca Variegato · 01100310,flavor_paste,variegato_layering_paste,,,flavour_paste,UNKNOWN_REQUIRES_EVIDENCE,,MAIN_CAPABLE_UNCALIBRATED,NONE,,,mapper_basement v1.0 + published product_behavior_policy_versions,Verified
PI-ING-000927,JOYGELATO COCCO 6 · Irca Base Mix · 01070659,base_mix,powdered_ice_cream_mix,,,powder,STANDARD_ONLY,,MAIN_TECHNICAL_BLOCKED,NONE,,standard_product_not_flavour_main,mapper_basement v1.0 + published product_behavior_policy_versions,Verified
PI-ING-000928,ARANCIA POMARANCZA · Irca Paste · 01100228,flavor_paste,flavored_ice_cream_paste,,,flavour_paste,UNKNOWN_REQUIRES_EVIDENCE,,MAIN_CAPABLE_UNCALIBRATED,NONE,,,mapper_basement v1.0 + published product_behavior_policy_versions,Verified
PI-ING-000929,DONATELLO · Irca Paste · 01011185,chocolate,white_chocolate_paste,chocolate_cocoa,,paste,MAIN_ALLOWED,,MAIN_CAPABLE_UNCALIBRATED,NONE,,,mapper_basement v1.0 + published product_behavior_policy_versions,Verified
PI-ING-000930,BANANA · Irca Paste · 01100224,flavor_paste,flavored_ice_cream_paste,,,flavour_paste,UNKNOWN_REQUIRES_EVIDENCE,,MAIN_CAPABLE_UNCALIBRATED,NONE,,,mapper_basement v1.0 + published product_behavior_policy_versions,Verified
PI-ING-000931,BANOFFEE · Irca Paste · 01100262,flavor_paste,flavored_ice_cream_paste,,,flavour_paste,UNKNOWN_REQUIRES_EVIDENCE,,MAIN_CAPABLE_UNCALIBRATED,NONE,,,mapper_basement v1.0 + published product_behavior_policy_versions,Verified
PI-ING-000932,FRAGOLA · Irca Paste · 01100217,flavor_paste,flavored_ice_cream_paste,,,flavour_paste,UNKNOWN_REQUIRES_EVIDENCE,,MAIN_CAPABLE_UNCALIBRATED,NONE,,,mapper_basement v1.0 + published product_behavior_policy_versions,Verified
PI-ING-000933,KIWI · Irca Paste · 01100261,flavor_paste,flavored_ice_cream_paste,,,flavour_paste,UNKNOWN_REQUIRES_EVIDENCE,,MAIN_CAPABLE_UNCALIBRATED,NONE,,,mapper_basement v1.0 + published product_behavior_policy_versions,Verified
PI-ING-000934,LAMPONE · Irca Variegato · 01100220,flavor_paste,variegato_layering_paste,,,flavour_paste,UNKNOWN_REQUIRES_EVIDENCE,,MAIN_CAPABLE_UNCALIBRATED,NONE,,,mapper_basement v1.0 + published product_behavior_policy_versions,Verified
PI-ING-000935,BLUE · Irca Paste · 01100242,flavor_paste,flavored_ice_cream_paste,,,flavour_paste,UNKNOWN_REQUIRES_EVIDENCE,,MAIN_CAPABLE_UNCALIBRATED,NONE,,,mapper_basement v1.0 + published product_behavior_policy_versions,Verified
PI-ING-000936,MANGO · Irca Paste · 01100231,flavor_paste,flavored_ice_cream_paste,,,flavour_paste,UNKNOWN_REQUIRES_EVIDENCE,,MAIN_CAPABLE_UNCALIBRATED,NONE,,,mapper_basement v1.0 + published product_behavior_policy_versions,Verified
PI-ING-000937,MELA VERDE · Irca Paste · 01100246,flavor_paste,flavored_ice_cream_paste,,,flavour_paste,UNKNOWN_REQUIRES_EVIDENCE,,MAIN_CAPABLE_UNCALIBRATED,NONE,,,mapper_basement v1.0 + published product_behavior_policy_versions,Verified
PI-ING-000938,MENTA · Irca Paste · 01100223,flavor_paste,flavored_ice_cream_paste,,,flavour_paste,UNKNOWN_REQUIRES_EVIDENCE,,MAIN_CAPABLE_UNCALIBRATED,NONE,,,mapper_basement v1.0 + published product_behavior_policy_versions,Verified
PI-ING-000939,MIRTILLO · Irca Paste · 01100243,flavor_paste,flavored_ice_cream_paste,,,flavour_paste,UNKNOWN_REQUIRES_EVIDENCE,,MAIN_CAPABLE_UNCALIBRATED,NONE,,,mapper_basement v1.0 + published product_behavior_policy_versions,Verified
PI-ING-000940,NOCCIOLA INTENSE · Irca Paste · 01020212,nut,hazelnut_paste,nut,,paste,MAIN_ALLOWED,,MAIN_CAPABLE_UNCALIBRATED,NONE,,,mapper_basement v1.0 + published product_behavior_policy_versions,Verified
PI-ING-000941,NOCCIOLINA 6X1 · Irca Paste · 01020209,nut,peanut_paste,nut,,paste,MAIN_ALLOWED,,MAIN_CAPABLE_UNCALIBRATED,NONE,,,mapper_basement v1.0 + published product_behavior_policy_versions,Verified
PI-ING-000942,PESTO PISTACCHIO · Irca Paste · 01960005,nut,pistachio_paste,nut,,paste,MAIN_ALLOWED,,MAIN_CAPABLE_UNCALIBRATED,NONE,,,mapper_basement v1.0 + published product_behavior_policy_versions,Verified
PI-ING-000943,PISTACCHIO VERDE · Irca Paste · 01980140,nut,pistachio_paste,nut,,paste,MAIN_ALLOWED,,MAIN_CAPABLE_UNCALIBRATED,NONE,,,mapper_basement v1.0 + published product_behavior_policy_versions,Verified
PI-ING-000944,TIRAMISU · Irca Specialty · Chilled · 01100233,specialty,sweetened_egg_yolk,,,,STANDARD_ONLY,,MAIN_TECHNICAL_BLOCKED,NONE,,standard_product_not_flavour_main,mapper_basement v1.0 + published product_behavior_policy_versions,Verified
PI-ING-000945,ZABAIONE TRADITION · Irca Specialty · Chilled · 01100291,specialty,sweetened_egg_yolk,,,,STANDARD_ONLY,,MAIN_TECHNICAL_BLOCKED,NONE,,standard_product_not_flavour_main,mapper_basement v1.0 + published product_behavior_policy_versions,Verified
PI-ING-000946,ANGURIA 7 5 · Irca Base Mix · 01070752,base_mix,powdered_ice_cream_mix,,,powder,STANDARD_ONLY,,MAIN_TECHNICAL_BLOCKED,NONE,,standard_product_not_flavour_main,mapper_basement v1.0 + published product_behavior_policy_versions,Verified
PI-ING-000947,ARANCIA 7 5 · Irca Base Mix · 01070750,base_mix,powdered_ice_cream_mix,,,powder,STANDARD_ONLY,,MAIN_TECHNICAL_BLOCKED,NONE,,standard_product_not_flavour_main,mapper_basement v1.0 + published product_behavior_policy_versions,Verified
PI-ING-000948,LIMONE 7 5 · Irca Base Mix · 01070655,base_mix,powdered_ice_cream_mix,,,powder,STANDARD_ONLY,,MAIN_TECHNICAL_BLOCKED,NONE,,standard_product_not_flavour_main,mapper_basement v1.0 + published product_behavior_policy_versions,Verified
PI-ING-000949,NOIR ECUADOR 5X1 · Irca Base Mix · 01070013,chocolate,chocolate_powdered_ice_cream_mix,chocolate_cocoa,,powder,MAIN_ALLOWED,,MAIN_CAPABLE_UNCALIBRATED,NONE,,,mapper_basement v1.0 + published product_behavior_policy_versions,Verified
PI-ING-000950,POMPELMO ROSA 7 5 · Irca Base Mix · 01070751,base_mix,powdered_ice_cream_mix,,,powder,STANDARD_ONLY,,MAIN_TECHNICAL_BLOCKED,NONE,,standard_product_not_flavour_main,mapper_basement v1.0 + published product_behavior_policy_versions,Verified
PI-ING-000951,ANGURIA ARBUZ · Aromitalia Paste · 1859C,flavor_paste,flavored_ice_cream_paste,,,flavour_paste,UNKNOWN_REQUIRES_EVIDENCE,,MAIN_CAPABLE_UNCALIBRATED,NONE,,,mapper_basement v1.0 + published product_behavior_policy_versions,Verified
PI-ING-000952,BIG BALL CHEWINGUM · Aromitalia Paste,flavor_paste,flavored_ice_cream_paste,,,flavour_paste,UNKNOWN_REQUIRES_EVIDENCE,,MAIN_CAPABLE_UNCALIBRATED,NONE,,,mapper_basement v1.0 + published product_behavior_policy_versions,Verified
PI-ING-000953,BISCOTTO · Aromitalia Paste,flavor_paste,flavored_ice_cream_paste,,,flavour_paste,UNKNOWN_REQUIRES_EVIDENCE,,MAIN_CAPABLE_UNCALIBRATED,NONE,,,mapper_basement v1.0 + published product_behavior_policy_versions,Verified
PI-ING-000954,BROWNIE SET · Aromitalia Paste · 3088,chocolate,chocolate_paste,chocolate_cocoa,,paste,MAIN_ALLOWED,,MAIN_CAPABLE_UNCALIBRATED,NONE,,,mapper_basement v1.0 + published product_behavior_policy_versions,Verified
PI-ING-000955,CARAMEL KARMEL · Aromitalia Paste,flavor_paste,flavored_ice_cream_paste,,,flavour_paste,UNKNOWN_REQUIRES_EVIDENCE,,MAIN_CAPABLE_UNCALIBRATED,NONE,,,mapper_basement v1.0 + published product_behavior_policy_versions,Verified
PI-ING-000956,CHEESE CAKE · Aromitalia Paste · 2429,flavor_paste,flavored_ice_cream_paste,,,flavour_paste,UNKNOWN_REQUIRES_EVIDENCE,,MAIN_CAPABLE_UNCALIBRATED,NONE,,,mapper_basement v1.0 + published product_behavior_policy_versions,Verified
PI-ING-000957,CIELO AZZURRO · Aromitalia Paste,flavor_paste,flavored_ice_cream_paste,,,flavour_paste,UNKNOWN_REQUIRES_EVIDENCE,,MAIN_CAPABLE_UNCALIBRATED,NONE,,,mapper_basement v1.0 + published product_behavior_policy_versions,Verified
PI-ING-000958,CIOCCOVETTO · Aromitalia Paste · 2890,chocolate,chocolate_paste,chocolate_cocoa,,paste,MAIN_ALLOWED,,MAIN_CAPABLE_UNCALIBRATED,NONE,,,mapper_basement v1.0 + published product_behavior_policy_versions,Verified
PI-ING-000959,DIGESTIVE NOIR E ORANGE · Aromitalia Paste · 3095,flavor_paste,flavored_ice_cream_paste,,,flavour_paste,UNKNOWN_REQUIRES_EVIDENCE,,MAIN_CAPABLE_UNCALIBRATED,NONE,,,mapper_basement v1.0 + published product_behavior_policy_versions,Verified
PI-ING-000960,FRAGOLA TRUSKAWKA SORBETTO TOP · Aromitalia Paste · 2867C,flavor_paste,flavored_ice_cream_paste,,,flavour_paste,UNKNOWN_REQUIRES_EVIDENCE,,MAIN_CAPABLE_UNCALIBRATED,NONE,,,mapper_basement v1.0 + published product_behavior_policy_versions,Verified
PI-ING-000961,FRENCH VANIGLIA PUNTI · Aromitalia Paste · 1776,flavor_paste,flavored_ice_cream_paste,,,flavour_paste,UNKNOWN_REQUIRES_EVIDENCE,,MAIN_CAPABLE_UNCALIBRATED,NONE,,,mapper_basement v1.0 + published product_behavior_policy_versions,Verified
PI-ING-000962,FRUTTI DI BOSCO · Aromitalia Paste · 1135AC,flavor_paste,flavored_ice_cream_paste,,,flavour_paste,UNKNOWN_REQUIRES_EVIDENCE,,MAIN_CAPABLE_UNCALIBRATED,NONE,,,mapper_basement v1.0 + published product_behavior_policy_versions,Verified
PI-ING-000963,GIANDUIELLA · Aromitalia Paste · 2716,chocolate,chocolate_paste,chocolate_cocoa,,paste,MAIN_ALLOWED,,MAIN_CAPABLE_UNCALIBRATED,NONE,,,mapper_basement v1.0 + published product_behavior_policy_versions,Verified
PI-ING-000964,JAMAICA · Aromitalia Paste · 2394,chocolate,chocolate_paste,chocolate_cocoa,,paste,MAIN_ALLOWED,,MAIN_CAPABLE_UNCALIBRATED,NONE,,,mapper_basement v1.0 + published product_behavior_policy_versions,Verified
PI-ING-000965,KIWI · Aromitalia Paste,flavor_paste,flavored_ice_cream_paste,,,flavour_paste,UNKNOWN_REQUIRES_EVIDENCE,,MAIN_CAPABLE_UNCALIBRATED,NONE,,,mapper_basement v1.0 + published product_behavior_policy_versions,Verified
PI-ING-000966,KROWKA · Aromitalia Paste · 2843,flavor_paste,flavored_ice_cream_paste,,,flavour_paste,UNKNOWN_REQUIRES_EVIDENCE,,MAIN_CAPABLE_UNCALIBRATED,NONE,,,mapper_basement v1.0 + published product_behavior_policy_versions,Verified
PI-ING-000967,LAMPONE MALINY · Aromitalia Paste · 1674,flavor_paste,flavored_ice_cream_paste,,,flavour_paste,UNKNOWN_REQUIRES_EVIDENCE,,MAIN_CAPABLE_UNCALIBRATED,NONE,,,mapper_basement v1.0 + published product_behavior_policy_versions,Verified
PI-ING-000968,MALAGA · Aromitalia Paste · 1024,flavor_paste,flavored_ice_cream_paste,,,flavour_paste,UNKNOWN_REQUIRES_EVIDENCE,,MAIN_CAPABLE_UNCALIBRATED,NONE,,,mapper_basement v1.0 + published product_behavior_policy_versions,Verified
PI-ING-000969,MANGO · Aromitalia Paste,flavor_paste,flavored_ice_cream_paste,,,flavour_paste,UNKNOWN_REQUIRES_EVIDENCE,,MAIN_CAPABLE_UNCALIBRATED,NONE,,,mapper_basement v1.0 + published product_behavior_policy_versions,Verified
PI-ING-000970,MARACUJA · Aromitalia Paste,flavor_paste,flavored_ice_cream_paste,,,flavour_paste,UNKNOWN_REQUIRES_EVIDENCE,,MAIN_CAPABLE_UNCALIBRATED,NONE,,,mapper_basement v1.0 + published product_behavior_policy_versions,Verified
PI-ING-000971,MELA VERDE ZIELONE JABKO · Aromitalia Paste,flavor_paste,flavored_ice_cream_paste,,,flavour_paste,UNKNOWN_REQUIRES_EVIDENCE,,MAIN_CAPABLE_UNCALIBRATED,NONE,,,mapper_basement v1.0 + published product_behavior_policy_versions,Verified
PI-ING-000972,MELONE · Aromitalia Paste,flavor_paste,flavored_ice_cream_paste,,,flavour_paste,UNKNOWN_REQUIRES_EVIDENCE,,MAIN_CAPABLE_UNCALIBRATED,NONE,,,mapper_basement v1.0 + published product_behavior_policy_versions,Verified
PI-ING-000973,MENTA VERDE · Aromitalia Paste,flavor_paste,flavored_ice_cream_paste,,,flavour_paste,UNKNOWN_REQUIRES_EVIDENCE,,MAIN_CAPABLE_UNCALIBRATED,NONE,,,mapper_basement v1.0 + published product_behavior_policy_versions,Verified
PI-ING-000974,MIRTILLO JAGODY · Aromitalia Paste,flavor_paste,flavored_ice_cream_paste,,,flavour_paste,UNKNOWN_REQUIRES_EVIDENCE,,MAIN_CAPABLE_UNCALIBRATED,NONE,,,mapper_basement v1.0 + published product_behavior_policy_versions,Verified
PI-ING-000975,ORONERO · Aromitalia Paste · 2913,flavor_paste,flavored_ice_cream_paste,,,flavour_paste,UNKNOWN_REQUIRES_EVIDENCE,,MAIN_CAPABLE_UNCALIBRATED,NONE,,,mapper_basement v1.0 + published product_behavior_policy_versions,Verified
PI-ING-000976,PESCA GOLOSA · Aromitalia Paste · 2124C,flavor_paste,flavored_ice_cream_paste,,,flavour_paste,UNKNOWN_REQUIRES_EVIDENCE,,MAIN_CAPABLE_UNCALIBRATED,NONE,,,mapper_basement v1.0 + published product_behavior_policy_versions,Verified
PI-ING-000977,SPIRILU · Aromitalia Paste · 2733,flavor_paste,flavored_ice_cream_paste,,,flavour_paste,UNKNOWN_REQUIRES_EVIDENCE,,MAIN_CAPABLE_UNCALIBRATED,NONE,,,mapper_basement v1.0 + published product_behavior_policy_versions,Verified
PI-ING-000978,TIRAMISU · Aromitalia Paste,flavor_paste,coffee_dessert_paste,coffee,,flavour_paste,MAIN_ALLOWED,,MAIN_CAPABLE_UNCALIBRATED,NONE,,,mapper_basement v1.0 + published product_behavior_policy_versions,Verified
PI-ING-000979,TORTA MIELE · Aromitalia Paste · 2975,flavor_paste,flavored_ice_cream_paste,,,flavour_paste,UNKNOWN_REQUIRES_EVIDENCE,,MAIN_CAPABLE_UNCALIBRATED,NONE,,,mapper_basement v1.0 + published product_behavior_policy_versions,Verified
PI-ING-000980,TROPICAL · Aromitalia Paste · 2127C,flavor_paste,flavored_ice_cream_paste,,,flavour_paste,UNKNOWN_REQUIRES_EVIDENCE,,MAIN_CAPABLE_UNCALIBRATED,NONE,,,mapper_basement v1.0 + published product_behavior_policy_versions,Verified
PI-ING-000981,ANGURIA SGI · Aromitalia Base Mix · 2220,base_mix,powdered_ice_cream_mix,,,powder,STANDARD_ONLY,,MAIN_TECHNICAL_BLOCKED,NONE,,standard_product_not_flavour_main,mapper_basement v1.0 + published product_behavior_policy_versions,Verified
PI-ING-000982,FRUTTI DI BOSCO SGI BERRIES · Aromitalia Base Mix · 2223,base_mix,powdered_ice_cream_mix,,,powder,STANDARD_ONLY,,MAIN_TECHNICAL_BLOCKED,NONE,,standard_product_not_flavour_main,mapper_basement v1.0 + published product_behavior_policy_versions,Verified
PI-ING-000983,MANDARINO MANDARYNKA · Aromitalia Base Mix · 1951,base_mix,powdered_ice_cream_mix,,,powder,STANDARD_ONLY,,MAIN_TECHNICAL_BLOCKED,NONE,,standard_product_not_flavour_main,mapper_basement v1.0 + published product_behavior_policy_versions,Verified
PI-ING-000984,MELA VERDE SGI ZIELONE · Aromitalia Specialty · 1991,specialty,semi_finished_ingredient,,,,STANDARD_ONLY,,MAIN_TECHNICAL_BLOCKED,NONE,,standard_product_not_flavour_main,mapper_basement v1.0 + published product_behavior_policy_versions,Verified
PI-ING-000985,POMPEL ROSA SGI · Aromitalia Specialty · 1994,specialty,semi_finished_ingredient,,,,STANDARD_ONLY,,MAIN_TECHNICAL_BLOCKED,NONE,,standard_product_not_flavour_main,mapper_basement v1.0 + published product_behavior_policy_versions,Verified
PI-ING-000986,UVA FRAGOLA TRUSKAWKA · Aromitalia Base Mix · 3380,base_mix,powdered_ice_cream_mix,,,powder,STANDARD_ONLY,,MAIN_TECHNICAL_BLOCKED,NONE,,standard_product_not_flavour_main,mapper_basement v1.0 + published product_behavior_policy_versions,Verified
PI-ING-000987,BUONO · Aromitalia Variegato · 2918,chocolate,chocolate_paste,chocolate_cocoa,,paste,MAIN_ALLOWED,,MAIN_CAPABLE_UNCALIBRATED,NONE,,,mapper_basement v1.0 + published product_behavior_policy_versions,Verified
PI-ING-000988,CIOCCOLATO LATTE · Aromitalia Variegato · 2727,chocolate,chocolate_paste,chocolate_cocoa,,paste,MAIN_ALLOWED,,MAIN_CAPABLE_UNCALIBRATED,NONE,,,mapper_basement v1.0 + published product_behavior_policy_versions,Verified
PI-ING-000989,AMARETTO · Aromitalia Variegato · 2125,chocolate,chocolate_paste,chocolate_cocoa,,paste,MAIN_ALLOWED,,MAIN_CAPABLE_UNCALIBRATED,NONE,,,mapper_basement v1.0 + published product_behavior_policy_versions,Verified
PI-ING-000990,ALFAJORES · Aromitalia Variegato · 3610,chocolate,chocolate_paste,chocolate_cocoa,,paste,MAIN_ALLOWED,,MAIN_CAPABLE_UNCALIBRATED,NONE,,,mapper_basement v1.0 + published product_behavior_policy_versions,Verified
PI-ING-000991,BISCOTTO · Aromitalia Variegato,chocolate,chocolate_paste,chocolate_cocoa,,paste,MAIN_ALLOWED,,MAIN_CAPABLE_UNCALIBRATED,NONE,,,mapper_basement v1.0 + published product_behavior_policy_versions,Verified
PI-ING-000992,BON COCCO · Aromitalia Variegato · 1656,flavor_paste,variegato_layering_paste,,,flavour_paste,UNKNOWN_REQUIRES_EVIDENCE,,MAIN_CAPABLE_UNCALIBRATED,NONE,,,mapper_basement v1.0 + published product_behavior_policy_versions,Verified
PI-ING-000993,BON R · Aromitalia Variegato · 1446,chocolate,chocolate_paste,chocolate_cocoa,,paste,MAIN_ALLOWED,,MAIN_CAPABLE_UNCALIBRATED,NONE,,,mapper_basement v1.0 + published product_behavior_policy_versions,Verified
PI-ING-000994,BROWNIE · Aromitalia Variegato · 3090,chocolate,chocolate_paste,chocolate_cocoa,,paste,MAIN_ALLOWED,,MAIN_CAPABLE_UNCALIBRATED,NONE,,,mapper_basement v1.0 + published product_behavior_policy_versions,Verified
PI-ING-000995,CASSIS CZARNA PORZECZKA · Aromitalia Variegato · 1258,flavor_paste,variegato_layering_paste,,,flavour_paste,UNKNOWN_REQUIRES_EVIDENCE,,MAIN_CAPABLE_UNCALIBRATED,NONE,,,mapper_basement v1.0 + published product_behavior_policy_versions,Verified
PI-ING-000996,CIOCCO · Aromitalia Variegato · 3283,chocolate,chocolate_paste,chocolate_cocoa,,paste,MAIN_ALLOWED,,MAIN_CAPABLE_UNCALIBRATED,NONE,,,mapper_basement v1.0 + published product_behavior_policy_versions,Verified
PI-ING-000997,CIOCCOVETTO · Aromitalia Variegato · 2891,chocolate,chocolate_paste,chocolate_cocoa,,paste,MAIN_ALLOWED,,MAIN_CAPABLE_UNCALIBRATED,NONE,,,mapper_basement v1.0 + published product_behavior_policy_versions,Verified
PI-ING-000998,CREME BRULE · Aromitalia Variegato · 2912,flavor_paste,variegato_layering_paste,,,flavour_paste,UNKNOWN_REQUIRES_EVIDENCE,,MAIN_CAPABLE_UNCALIBRATED,NONE,,,mapper_basement v1.0 + published product_behavior_policy_versions,Verified
PI-ING-000999,DIGESTIVE NOIR E ORANGE · Aromitalia Variegato · 3096,chocolate,chocolate_paste,chocolate_cocoa,,paste,MAIN_ALLOWED,,MAIN_CAPABLE_UNCALIBRATED,NONE,,,mapper_basement v1.0 + published product_behavior_policy_versions,Verified
PI-ING-001000,FICO BIANCO FIGI · Aromitalia Variegato · 2777,flavor_paste,variegato_layering_paste,,,flavour_paste,UNKNOWN_REQUIRES_EVIDENCE,,MAIN_CAPABLE_UNCALIBRATED,NONE,,,mapper_basement v1.0 + published product_behavior_policy_versions,Verified
PI-ING-001001,FRAGOLA · Aromitalia Variegato · 1664C,flavor_paste,variegato_layering_paste,,,flavour_paste,UNKNOWN_REQUIRES_EVIDENCE,,MAIN_CAPABLE_UNCALIBRATED,NONE,,,mapper_basement v1.0 + published product_behavior_policy_versions,Verified
PI-ING-001002,FRUTTA GOLOSA ALBICOCCA · Aromitalia Variegato · 3165,flavor_paste,variegato_layering_paste,,,flavour_paste,UNKNOWN_REQUIRES_EVIDENCE,,MAIN_CAPABLE_UNCALIBRATED,NONE,,,mapper_basement v1.0 + published product_behavior_policy_versions,Verified
PI-ING-001003,FRUTTA GOLOSA FRAGOLA · Aromitalia Variegato · 3168,flavor_paste,variegato_layering_paste,,,flavour_paste,UNKNOWN_REQUIRES_EVIDENCE,,MAIN_CAPABLE_UNCALIBRATED,NONE,,,mapper_basement v1.0 + published product_behavior_policy_versions,Verified
PI-ING-001004,50 FIORDILATTE F · Giuso Base Mix,base_mix,powdered_ice_cream_mix,,,powder,STANDARD_ONLY,,MAIN_TECHNICAL_BLOCKED,NONE,,standard_product_not_flavour_main,mapper_basement v1.0 + published product_behavior_policy_versions,Verified
PI-ING-001005,CHEESECAKE · Giuso Base Mix,base_mix,powdered_ice_cream_mix,,,powder,STANDARD_ONLY,,MAIN_TECHNICAL_BLOCKED,NONE,,standard_product_not_flavour_main,mapper_basement v1.0 + published product_behavior_policy_versions,Verified
PI-ING-001006,FRUICREM 50 · Giuso Base Mix · 00076200,base_mix,powdered_ice_cream_mix,,,powder,STANDARD_ONLY,,MAIN_TECHNICAL_BLOCKED,NONE,,standard_product_not_flavour_main,mapper_basement v1.0 + published product_behavior_policy_versions,Verified
PI-ING-001007,PERYO 50 · Giuso Base Mix,base_mix,yogurt_powdered_ice_cream_mix,,,powder,STANDARD_ONLY,,MAIN_TECHNICAL_BLOCKED,NONE,,standard_product_not_flavour_main,mapper_basement v1.0 + published product_behavior_policy_versions,Verified
PI-ING-001008,SUPREMA · Giuso Base Mix · 00058200,base_mix,powdered_ice_cream_mix,,,powder,STANDARD_ONLY,,MAIN_TECHNICAL_BLOCKED,NONE,,standard_product_not_flavour_main,mapper_basement v1.0 + published product_behavior_policy_versions,Verified
PI-ING-001009,DOC · Giuso Base Mix · 00038204,base_mix,powdered_ice_cream_mix,,,powder,STANDARD_ONLY,,MAIN_TECHNICAL_BLOCKED,NONE,,standard_product_not_flavour_main,mapper_basement v1.0 + published product_behavior_policy_versions,Verified
PI-ING-001010,BIANCA · Giuso Variegato,chocolate,chocolate_paste,chocolate_cocoa,,paste,MAIN_ALLOWED,,MAIN_CAPABLE_UNCALIBRATED,NONE,,,mapper_basement v1.0 + published product_behavior_policy_versions,Verified
PI-ING-001011,AMARETTO · Giuso Paste · 01128225A,chocolate,chocolate_paste,chocolate_cocoa,,paste,MAIN_ALLOWED,,MAIN_CAPABLE_UNCALIBRATED,NONE,,,mapper_basement v1.0 + published product_behavior_policy_versions,Verified
PI-ING-001012,CROCCANTINO RHUM · Giuso Paste · 01124225,flavor_paste,flavored_ice_cream_paste,,,flavour_paste,UNKNOWN_REQUIRES_EVIDENCE,,MAIN_CAPABLE_UNCALIBRATED,NONE,,,mapper_basement v1.0 + published product_behavior_policy_versions,Verified
PI-ING-001013,FRAGOLA · Giuso Paste · 01252130,flavor_paste,flavored_ice_cream_paste,,,flavour_paste,UNKNOWN_REQUIRES_EVIDENCE,,MAIN_CAPABLE_UNCALIBRATED,NONE,,,mapper_basement v1.0 + published product_behavior_policy_versions,Verified
PI-ING-001014,GIANDUJA · Giuso Paste · 01121225,nut,hazelnut_paste,nut,,paste,MAIN_ALLOWED,,MAIN_CAPABLE_UNCALIBRATED,NONE,,,mapper_basement v1.0 + published product_behavior_policy_versions,Verified
PI-ING-001015,GRANDI LIEVITATI · Giuso Specialty · Chilled,specialty,sweetened_egg_yolk,,,,STANDARD_ONLY,,MAIN_TECHNICAL_BLOCKED,NONE,,standard_product_not_flavour_main,mapper_basement v1.0 + published product_behavior_policy_versions,Verified
PI-ING-001016,BISCOTTO · Giuso Specialty · Chilled,specialty,sweetened_egg_yolk,,,,STANDARD_ONLY,,MAIN_TECHNICAL_BLOCKED,NONE,,standard_product_not_flavour_main,mapper_basement v1.0 + published product_behavior_policy_versions,Verified
PI-ING-001017,BISCOTTO · Giuso Specialty · Chilled,specialty,sweetened_egg_yolk,,,,STANDARD_ONLY,,MAIN_TECHNICAL_BLOCKED,NONE,,standard_product_not_flavour_main,mapper_basement v1.0 + published product_behavior_policy_versions,Verified
PI-ING-001018,BUBBLE · Giuso Paste,flavor_paste,flavored_ice_cream_paste,,,flavour_paste,UNKNOWN_REQUIRES_EVIDENCE,,MAIN_CAPABLE_UNCALIBRATED,NONE,,,mapper_basement v1.0 + published product_behavior_policy_versions,Verified
PI-ING-001019,BUBBLE · Giuso Paste,flavor_paste,flavored_ice_cream_paste,,,flavour_paste,UNKNOWN_REQUIRES_EVIDENCE,,MAIN_CAPABLE_UNCALIBRATED,NONE,,,mapper_basement v1.0 + published product_behavior_policy_versions,Verified
PI-ING-001020,MANGO · Giuso Paste · 01265130A,flavor_paste,flavored_ice_cream_paste,,,flavour_paste,UNKNOWN_REQUIRES_EVIDENCE,,MAIN_CAPABLE_UNCALIBRATED,NONE,,,mapper_basement v1.0 + published product_behavior_policy_versions,Verified
PI-ING-001021,MENTA · Giuso Paste · 01260130A,flavor_paste,flavored_ice_cream_paste,,,flavour_paste,UNKNOWN_REQUIRES_EVIDENCE,,MAIN_CAPABLE_UNCALIBRATED,NONE,,,mapper_basement v1.0 + published product_behavior_policy_versions,Verified
PI-ING-001022,MOU CONCENTRATA · Giuso Paste · 01197008,flavor_paste,flavored_ice_cream_paste,,,flavour_paste,UNKNOWN_REQUIRES_EVIDENCE,,MAIN_CAPABLE_UNCALIBRATED,NONE,,,mapper_basement v1.0 + published product_behavior_policy_versions,Verified
PI-ING-001023,NOCE · Giuso Paste · 01129225A,nut,almond_paste,nut,,paste,MAIN_ALLOWED,,MAIN_CAPABLE_UNCALIBRATED,NONE,,,mapper_basement v1.0 + published product_behavior_policy_versions,Verified
PI-ING-001024,OLIVELLO SPINOSO SEA BUCKTHORNE · Giuso Paste,flavor_paste,flavored_ice_cream_paste,,,flavour_paste,UNKNOWN_REQUIRES_EVIDENCE,,MAIN_CAPABLE_UNCALIBRATED,NONE,,,mapper_basement v1.0 + published product_behavior_policy_versions,Verified
PI-ING-001025,PISTACCHIO MEDITERRANEO GOLD · Giuso Paste · 01195155,nut,pistachio_paste,nut,,paste,MAIN_ALLOWED,,MAIN_CAPABLE_UNCALIBRATED,NONE,,,mapper_basement v1.0 + published product_behavior_policy_versions,Verified
PI-ING-001026,PISTACCHIO MEDITERRANEO SENZA COLORANTI · Giuso Paste,nut,pistachio_paste,nut,,paste,MAIN_ALLOWED,,MAIN_CAPABLE_UNCALIBRATED,NONE,,,mapper_basement v1.0 + published product_behavior_policy_versions,Verified
PI-ING-001027,PISTACJOWA PISTACCHIO VERDE BRONTE · Giuso Paste · 100% Nut · 01194225,nut,pistachio_paste,nut,,paste,MAIN_ALLOWED,,MAIN_CAPABLE_UNCALIBRATED,NONE,,,mapper_basement v1.0 + published product_behavior_policy_versions,Verified
PI-ING-001028,TIRAMISU · Giuso Specialty · Chilled · 01550225B,specialty,sweetened_egg_yolk,,,,STANDARD_ONLY,,MAIN_TECHNICAL_BLOCKED,NONE,,standard_product_not_flavour_main,mapper_basement v1.0 + published product_behavior_policy_versions,Verified
PI-ING-001029,VANIGLIA GIALLA · Giuso Paste,flavor_paste,flavored_ice_cream_paste,,,flavour_paste,UNKNOWN_REQUIRES_EVIDENCE,,MAIN_CAPABLE_UNCALIBRATED,NONE,,,mapper_basement v1.0 + published product_behavior_policy_versions,Verified
PI-ING-001030,NOCC PIEMONTE IGP GOLD · Giuso Paste · 01118155,nut,hazelnut_paste,nut,,paste,MAIN_ALLOWED,,MAIN_CAPABLE_UNCALIBRATED,NONE,,,mapper_basement v1.0 + published product_behavior_policy_versions,Verified
PI-ING-001031,CEDRO DIAMANTE CALABRIA · Giuso Variegato,flavor_paste,variegato_layering_paste,,,flavour_paste,UNKNOWN_REQUIRES_EVIDENCE,,MAIN_CAPABLE_UNCALIBRATED,NONE,,,mapper_basement v1.0 + published product_behavior_policy_versions,Verified
PI-ING-001032,FRUTTI DI BOSCO · Giuso Variegato,flavor_paste,variegato_layering_paste,,,flavour_paste,UNKNOWN_REQUIRES_EVIDENCE,,MAIN_CAPABLE_UNCALIBRATED,NONE,,,mapper_basement v1.0 + published product_behavior_policy_versions,Verified
PI-ING-001033,LAMPONE · Giuso Variegato,flavor_paste,variegato_layering_paste,,,flavour_paste,UNKNOWN_REQUIRES_EVIDENCE,,MAIN_CAPABLE_UNCALIBRATED,NONE,,,mapper_basement v1.0 + published product_behavior_policy_versions,Verified
PI-ING-001034,MANGO · Giuso Variegato,flavor_paste,variegato_layering_paste,,,flavour_paste,UNKNOWN_REQUIRES_EVIDENCE,,MAIN_CAPABLE_UNCALIBRATED,NONE,,,mapper_basement v1.0 + published product_behavior_policy_versions,Verified
PI-ING-001035,STRUDEL · Giuso Variegato · 01378130A,flavor_paste,variegato_layering_paste,,,flavour_paste,UNKNOWN_REQUIRES_EVIDENCE,,MAIN_CAPABLE_UNCALIBRATED,NONE,,,mapper_basement v1.0 + published product_behavior_policy_versions,Verified
PI-ING-001036,FRAGOLA E RABARBARO TRUSKAWKA · Giuso Variegato,flavor_paste,variegato_layering_paste,,,flavour_paste,UNKNOWN_REQUIRES_EVIDENCE,,MAIN_CAPABLE_UNCALIBRATED,NONE,,,mapper_basement v1.0 + published product_behavior_policy_versions,Verified
PI-ING-001037,FRAGOLA · Giuso Variegato · 01332130A,flavor_paste,variegato_layering_paste,,,flavour_paste,UNKNOWN_REQUIRES_EVIDENCE,,MAIN_CAPABLE_UNCALIBRATED,NONE,,,mapper_basement v1.0 + published product_behavior_policy_versions,Verified
PI-ING-001038,PRUGNA · Giuso Variegato,flavor_paste,variegato_layering_paste,,,flavour_paste,UNKNOWN_REQUIRES_EVIDENCE,,MAIN_CAPABLE_UNCALIBRATED,NONE,,,mapper_basement v1.0 + published product_behavior_policy_versions,Verified
PI-ING-001039,RASPBERRY · Sempre Paste · 210006,flavor_paste,flavored_ice_cream_paste,,,flavour_paste,UNKNOWN_REQUIRES_EVIDENCE,,MAIN_CAPABLE_UNCALIBRATED,NONE,,,mapper_basement v1.0 + published product_behavior_policy_versions,Verified
PI-ING-001040,ALMOND · Sempre Paste · 100% Nut · SEMPRE142,nut,almond_paste,nut,,paste,MAIN_ALLOWED,,MAIN_CAPABLE_UNCALIBRATED,NONE,,,mapper_basement v1.0 + published product_behavior_policy_versions,Verified
PI-ING-001041,PISTACHIO · Sempre Paste · 100% Nut · SEMPRE467,nut,pistachio_paste,nut,,paste,MAIN_ALLOWED,,MAIN_CAPABLE_UNCALIBRATED,NONE,,,mapper_basement v1.0 + published product_behavior_policy_versions,Verified
PI-ING-001042,PISTACHIO · Sempre Paste · SEMPRE145,nut,pistachio_paste,nut,,paste,MAIN_ALLOWED,,MAIN_CAPABLE_UNCALIBRATED,NONE,,,mapper_basement v1.0 + published product_behavior_policy_versions,Verified
PI-ING-001043,SUNFLOWER SEED · Sempre Paste · 100% Nut · SEMPRE146,nut,seed_paste,nut,,paste,MAIN_ALLOWED,,MAIN_CAPABLE_UNCALIBRATED,NONE,,,mapper_basement v1.0 + published product_behavior_policy_versions,Verified
PI-ING-001044,AMARETTO · Comprital Paste · PC650PB,flavor_paste,flavored_ice_cream_paste,,,flavour_paste,UNKNOWN_REQUIRES_EVIDENCE,,MAIN_CAPABLE_UNCALIBRATED,NONE,,,mapper_basement v1.0 + published product_behavior_policy_versions,Verified
PI-ING-001045,ARACHIDE TOSTATA · Comprital Paste · 100% Nut · PC720P,nut,peanut_paste,nut,,paste,MAIN_ALLOWED,,MAIN_CAPABLE_UNCALIBRATED,NONE,,,mapper_basement v1.0 + published product_behavior_policy_versions,Verified
PI-ING-001046,LATTISSIMA · Comprital Base Mix · BP8960066,base_mix,milk_powdered_ice_cream_mix,,,powder,STANDARD_ONLY,,MAIN_TECHNICAL_BLOCKED,NONE,,standard_product_not_flavour_main,mapper_basement v1.0 + published product_behavior_policy_versions,Verified
PI-ING-001047,SAN MARCO 100 · Comprital Base Mix · B147,base_mix,powdered_ice_cream_mix,,,powder,STANDARD_ONLY,,MAIN_TECHNICAL_BLOCKED,NONE,,standard_product_not_flavour_main,mapper_basement v1.0 + published product_behavior_policy_versions,Verified
PI-ING-001048,CARAMELLO · Comprital Paste · PC542P,flavor_paste,flavored_ice_cream_paste,,,flavour_paste,UNKNOWN_REQUIRES_EVIDENCE,,MAIN_CAPABLE_UNCALIBRATED,NONE,,,mapper_basement v1.0 + published product_behavior_policy_versions,Verified
PI-ING-001049,CARAMELLO SALATO · Comprital Specialty · Chilled · PC646P / PC646PAN,specialty,sweetened_egg_yolk,,,,STANDARD_ONLY,,MAIN_TECHNICAL_BLOCKED,NONE,,standard_product_not_flavour_main,mapper_basement v1.0 + published product_behavior_policy_versions,Verified
PI-ING-001050,CIOCCOLATO · Comprital Base Mix · B156C,chocolate,chocolate_powdered_ice_cream_mix,chocolate_cocoa,,powder,MAIN_ALLOWED,,MAIN_CAPABLE_UNCALIBRATED,NONE,,,mapper_basement v1.0 + published product_behavior_policy_versions,Verified
PI-ING-001051,CLEAN LABEL LATTE · Comprital Base Mix · B348,base_mix,milk_powdered_ice_cream_mix,,,powder,STANDARD_ONLY,,MAIN_TECHNICAL_BLOCKED,NONE,,standard_product_not_flavour_main,mapper_basement v1.0 + published product_behavior_policy_versions,Verified
PI-ING-001052,COPERTURA FONDENTE POP CORN · Comprital Paste · PC831,chocolate,chocolate_paste,chocolate_cocoa,,paste,MAIN_ALLOWED,,MAIN_CAPABLE_UNCALIBRATED,NONE,,,mapper_basement v1.0 + published product_behavior_policy_versions,Verified
PI-ING-001053,CREMA CHOCO REO · Comprital Paste · PC743,chocolate,chocolate_paste,chocolate_cocoa,,paste,MAIN_ALLOWED,,MAIN_CAPABLE_UNCALIBRATED,NONE,,,mapper_basement v1.0 + published product_behavior_policy_versions,Verified
PI-ING-001054,CREMA CHOCO REO · Comprital Paste · PC743 / 18069060,chocolate,chocolate_paste,chocolate_cocoa,,paste,MAIN_ALLOWED,,MAIN_CAPABLE_UNCALIBRATED,NONE,,,mapper_basement v1.0 + published product_behavior_policy_versions,Verified
PI-ING-001055,DELIZIA COCCO · Comprital Paste · PF127P,nut,peanut_paste,nut,,paste,MAIN_ALLOWED,,MAIN_CAPABLE_UNCALIBRATED,NONE,,,mapper_basement v1.0 + published product_behavior_policy_versions,Verified
PI-ING-001056,DELIZIA COCCO · Comprital Paste · PF297P,nut,peanut_paste,nut,,paste,MAIN_ALLOWED,,MAIN_CAPABLE_UNCALIBRATED,NONE,,,mapper_basement v1.0 + published product_behavior_policy_versions,Verified
PI-ING-001057,FIORDILATTE EX BIANCOMIL · Comprital Paste · PC003P,flavor_paste,flavored_ice_cream_paste,,,flavour_paste,UNKNOWN_REQUIRES_EVIDENCE,,MAIN_CAPABLE_UNCALIBRATED,NONE,,,mapper_basement v1.0 + published product_behavior_policy_versions,Verified
PI-ING-001058,GIANDUIOTTA · Comprital Paste · PF927,chocolate,chocolate_paste,chocolate_cocoa,,paste,MAIN_ALLOWED,,MAIN_CAPABLE_UNCALIBRATED,NONE,,,mapper_basement v1.0 + published product_behavior_policy_versions,Verified
PI-ING-001059,CIOCCOLATO · Comprital Base Mix · B214A,chocolate,chocolate_powdered_ice_cream_mix,chocolate_cocoa,,powder,MAIN_ALLOWED,,MAIN_CAPABLE_UNCALIBRATED,NONE,,,mapper_basement v1.0 + published product_behavior_policy_versions,Verified
PI-ING-001060,FRUTTAPIU · Comprital Base Mix · B217B,base_mix,powdered_ice_cream_mix,,,powder,STANDARD_ONLY,,MAIN_TECHNICAL_BLOCKED,NONE,,standard_product_not_flavour_main,mapper_basement v1.0 + published product_behavior_policy_versions,Verified
PI-ING-001061,LATTE · Comprital Base Mix · B211A,base_mix,milk_powdered_ice_cream_mix,,,powder,STANDARD_ONLY,,MAIN_TECHNICAL_BLOCKED,NONE,,standard_product_not_flavour_main,mapper_basement v1.0 + published product_behavior_policy_versions,Verified
PI-ING-001062,MALAGA · Comprital Specialty · Chilled · PC649PB,specialty,sweetened_egg_yolk,,,,STANDARD_ONLY,,MAIN_TECHNICAL_BLOCKED,NONE,,standard_product_not_flavour_main,mapper_basement v1.0 + published product_behavior_policy_versions,Verified
PI-ING-001063,MENTA · Comprital Paste · PC034P / 21069098,flavor_paste,flavored_ice_cream_paste,,,flavour_paste,UNKNOWN_REQUIRES_EVIDENCE,,MAIN_CAPABLE_UNCALIBRATED,NONE,,,mapper_basement v1.0 + published product_behavior_policy_versions,Verified
PI-ING-001064,MENTA PIPERITA · Comprital Paste · PC628PB,flavor_paste,flavored_ice_cream_paste,,,flavour_paste,UNKNOWN_REQUIRES_EVIDENCE,,MAIN_CAPABLE_UNCALIBRATED,NONE,,,mapper_basement v1.0 + published product_behavior_policy_versions,Verified
PI-ING-001065,MONELLA CIOCCOLATO LATTE · Comprital Base Mix · PC749,chocolate,chocolate_powdered_ice_cream_mix,chocolate_cocoa,,powder,MAIN_ALLOWED,,MAIN_CAPABLE_UNCALIBRATED,NONE,,,mapper_basement v1.0 + published product_behavior_policy_versions,Verified
PI-ING-001066,MONELLA · Comprital Paste · PF924A,chocolate,chocolate_paste,chocolate_cocoa,,paste,MAIN_ALLOWED,,MAIN_CAPABLE_UNCALIBRATED,NONE,,,mapper_basement v1.0 + published product_behavior_policy_versions,Verified
PI-ING-001067,MONELLA · Comprital Paste · PF924A,chocolate,chocolate_paste,chocolate_cocoa,,paste,MAIN_ALLOWED,,MAIN_CAPABLE_UNCALIBRATED,NONE,,,mapper_basement v1.0 + published product_behavior_policy_versions,Verified
PI-ING-001068,MONELLA · Comprital Variegato · PF924A,chocolate,chocolate_paste,chocolate_cocoa,,paste,MAIN_ALLOWED,,MAIN_CAPABLE_UNCALIBRATED,NONE,,,mapper_basement v1.0 + published product_behavior_policy_versions,Verified
PI-ING-001069,MONELLA PISTACCHIO · Comprital Paste · PC752,nut,pistachio_paste,nut,,paste,MAIN_ALLOWED,,MAIN_CAPABLE_UNCALIBRATED,NONE,,,mapper_basement v1.0 + published product_behavior_policy_versions,Verified
PI-ING-001070,MONELLO · Comprital Paste · PF293P / 21069098,chocolate,chocolate_paste,chocolate_cocoa,,paste,MAIN_ALLOWED,,MAIN_CAPABLE_UNCALIBRATED,NONE,,,mapper_basement v1.0 + published product_behavior_policy_versions,Verified
PI-ING-001071,MONELLO · Comprital Paste · PF293P,chocolate,chocolate_paste,chocolate_cocoa,,paste,MAIN_ALLOWED,,MAIN_CAPABLE_UNCALIBRATED,NONE,,,mapper_basement v1.0 + published product_behavior_policy_versions,Verified
PI-ING-001072,NIRVANA R · Comprital Base Mix · B202,base_mix,powdered_ice_cream_mix,,,powder,STANDARD_ONLY,,MAIN_TECHNICAL_BLOCKED,NONE,,standard_product_not_flavour_main,mapper_basement v1.0 + published product_behavior_policy_versions,Verified
PI-ING-001073,NOCCIOLA SCURA GRAN SAPORE · Comprital Paste · 100% Nut · PC521P / PC521BAN,nut,hazelnut_paste,nut,,paste,MAIN_ALLOWED,,MAIN_CAPABLE_UNCALIBRATED,NONE,,,mapper_basement v1.0 + published product_behavior_policy_versions,Verified
PI-ING-001074,NOCE · Comprital Paste · PC050P / PC050BAN,nut,walnut_paste,nut,,paste,MAIN_ALLOWED,,MAIN_CAPABLE_UNCALIBRATED,NONE,,,mapper_basement v1.0 + published product_behavior_policy_versions,Verified
PI-ING-001075,BUBBLE GUM · Comprital Paste · PC005P,flavor_paste,flavored_ice_cream_paste,,,flavour_paste,UNKNOWN_REQUIRES_EVIDENCE,,MAIN_CAPABLE_UNCALIBRATED,NONE,,,mapper_basement v1.0 + published product_behavior_policy_versions,Verified
PI-ING-001076,AMBROGIO · Comprital Paste · PC002P,chocolate,chocolate_paste,chocolate_cocoa,,paste,MAIN_ALLOWED,,MAIN_CAPABLE_UNCALIBRATED,NONE,,,mapper_basement v1.0 + published product_behavior_policy_versions,Verified
PI-ING-001077,BABYBLUE · Comprital Paste · PC014PAN,flavor_paste,flavored_ice_cream_paste,,,flavour_paste,UNKNOWN_REQUIRES_EVIDENCE,,MAIN_CAPABLE_UNCALIBRATED,NONE,,,mapper_basement v1.0 + published product_behavior_policy_versions,Verified
PI-ING-001078,CAFFE · Comprital Paste · PC508P,flavor_paste,coffee_dessert_paste,coffee,,flavour_paste,MAIN_ALLOWED,,MAIN_CAPABLE_UNCALIBRATED,NONE,,,mapper_basement v1.0 + published product_behavior_policy_versions,Verified
PI-ING-001079,CAFFE NONNO · Comprital Paste · PC626PB,flavor_paste,coffee_dessert_paste,coffee,,flavour_paste,MAIN_ALLOWED,,MAIN_CAPABLE_UNCALIBRATED,NONE,,,mapper_basement v1.0 + published product_behavior_policy_versions,Verified
PI-ING-001080,CANNELLA · Comprital Paste · PC627PA,flavor_paste,flavored_ice_cream_paste,,,flavour_paste,UNKNOWN_REQUIRES_EVIDENCE,,MAIN_CAPABLE_UNCALIBRATED,NONE,,,mapper_basement v1.0 + published product_behavior_policy_versions,Verified
PI-ING-001081,CIOCCOLATO BIANCO · Comprital Paste · PC511P / PC511BAN,chocolate,white_chocolate_paste,chocolate_cocoa,,paste,MAIN_ALLOWED,,MAIN_CAPABLE_UNCALIBRATED,NONE,,,mapper_basement v1.0 + published product_behavior_policy_versions,Verified
PI-ING-001082,COCCO · Comprital Paste · PC025D,coconut,coconut_paste,coconut,,paste,MAIN_ALLOWED,,MAIN_CAPABLE_UNCALIBRATED,NONE,,,mapper_basement v1.0 + published product_behavior_policy_versions,Verified
PI-ING-001083,COCCO · Comprital Paste · PC634PB,coconut,coconut_paste,coconut,,paste,MAIN_ALLOWED,,MAIN_CAPABLE_UNCALIBRATED,NONE,,,mapper_basement v1.0 + published product_behavior_policy_versions,Verified
PI-ING-001084,FROLLINO · Comprital Specialty · Chilled · PC507P,specialty,sweetened_egg_yolk,,,,STANDARD_ONLY,,MAIN_TECHNICAL_BLOCKED,NONE,,standard_product_not_flavour_main,mapper_basement v1.0 + published product_behavior_policy_versions,Verified
PI-ING-001085,MERINGA · Comprital Paste · PC072PAN,flavor_paste,flavored_ice_cream_paste,,,flavour_paste,UNKNOWN_REQUIRES_EVIDENCE,,MAIN_CAPABLE_UNCALIBRATED,NONE,,,mapper_basement v1.0 + published product_behavior_policy_versions,Verified
PI-ING-001086,PRIMAFRUTTA BANANA · Comprital Paste · PC110P,flavor_paste,flavored_ice_cream_paste,,,flavour_paste,UNKNOWN_REQUIRES_EVIDENCE,,MAIN_CAPABLE_UNCALIBRATED,NONE,,,mapper_basement v1.0 + published product_behavior_policy_versions,Verified
PI-ING-001087,PRIMAFRUTTA FRAGOLA · Comprital Paste · PC130P,flavor_paste,flavored_ice_cream_paste,,,flavour_paste,UNKNOWN_REQUIRES_EVIDENCE,,MAIN_CAPABLE_UNCALIBRATED,NONE,,,mapper_basement v1.0 + published product_behavior_policy_versions,Verified
PI-ING-001088,PRIMAFRUTTA LAMPONE · Comprital Paste · PC145P,flavor_paste,flavored_ice_cream_paste,,,flavour_paste,UNKNOWN_REQUIRES_EVIDENCE,,MAIN_CAPABLE_UNCALIBRATED,NONE,,,mapper_basement v1.0 + published product_behavior_policy_versions,Verified
PI-ING-001089,PRIMAFRUTTA MIRTILLO · Comprital Paste · PC165P,flavor_paste,flavored_ice_cream_paste,,,flavour_paste,UNKNOWN_REQUIRES_EVIDENCE,,MAIN_CAPABLE_UNCALIBRATED,NONE,,,mapper_basement v1.0 + published product_behavior_policy_versions,Verified
PI-ING-001090,ROSA · Comprital Paste · PC434P,flavor_paste,flavored_ice_cream_paste,,,flavour_paste,UNKNOWN_REQUIRES_EVIDENCE,,MAIN_CAPABLE_UNCALIBRATED,NONE,,,mapper_basement v1.0 + published product_behavior_policy_versions,Verified
PI-ING-001091,SPECULOOS · Comprital Paste · PC692P,flavor_paste,flavored_ice_cream_paste,,,flavour_paste,UNKNOWN_REQUIRES_EVIDENCE,,MAIN_CAPABLE_UNCALIBRATED,NONE,,,mapper_basement v1.0 + published product_behavior_policy_versions,Verified
PI-ING-001092,WHISKY · Comprital Paste · PC523P / PC523BAN,flavor_paste,flavored_ice_cream_paste,,,flavour_paste,UNKNOWN_REQUIRES_EVIDENCE,,MAIN_CAPABLE_UNCALIBRATED,NONE,,,mapper_basement v1.0 + published product_behavior_policy_versions,Verified
PI-ING-001093,PERFECTA · Comprital Base Mix · B022,base_mix,powdered_ice_cream_mix,,,powder,STANDARD_ONLY,,MAIN_TECHNICAL_BLOCKED,NONE,,standard_product_not_flavour_main,mapper_basement v1.0 + published product_behavior_policy_versions,Verified
PI-ING-001094,PERFECTA PLUS · Comprital Base Mix · B848,base_mix,powdered_ice_cream_mix,,,powder,STANDARD_ONLY,,MAIN_TECHNICAL_BLOCKED,NONE,,standard_product_not_flavour_main,mapper_basement v1.0 + published product_behavior_policy_versions,Verified
PI-ING-001095,PISTACCHIO REALE · Comprital Paste · PC046D,nut,pistachio_paste,nut,,paste,MAIN_ALLOWED,,MAIN_CAPABLE_UNCALIBRATED,NONE,,,mapper_basement v1.0 + published product_behavior_policy_versions,Verified
PI-ING-001096,SOLOFRUTTA · Comprital Base Mix · B150,base_mix,powdered_ice_cream_mix,,,powder,STANDARD_ONLY,,MAIN_TECHNICAL_BLOCKED,NONE,,standard_product_not_flavour_main,mapper_basement v1.0 + published product_behavior_policy_versions,Verified
PI-ING-001097,SOLUZIONE FRUTTA · Comprital Syrup · PC670,sweetener,fruit_sugar_syrup,,,syrup,STRUCTURAL_ONLY,,MAIN_TECHNICAL_BLOCKED,NONE,,structural_product_not_flavour_main,mapper_basement v1.0 + published product_behavior_policy_versions,Verified
PI-ING-001098,SOLUZIONE FRUTTA · Comprital Syrup · PC670H / 21069059,sweetener,fruit_sugar_syrup,,,syrup,STRUCTURAL_ONLY,,MAIN_TECHNICAL_BLOCKED,NONE,,structural_product_not_flavour_main,mapper_basement v1.0 + published product_behavior_policy_versions,Verified
PI-ING-001099,SPEEDY DOLCEANGURIA · Comprital Base Mix · P020A / P020AN,base_mix,powdered_ice_cream_mix,,,powder,STANDARD_ONLY,,MAIN_TECHNICAL_BLOCKED,NONE,,standard_product_not_flavour_main,mapper_basement v1.0 + published product_behavior_policy_versions,Verified
PI-ING-001100,SPEEDY FRUTTA STEVIA EDULCORANTI · Comprital Base Mix · P778,base_mix,powdered_ice_cream_mix,,,powder,STANDARD_ONLY,,MAIN_TECHNICAL_BLOCKED,NONE,,standard_product_not_flavour_main,mapper_basement v1.0 + published product_behavior_policy_versions,Verified
PI-ING-001101,SPEEDY GREEN APPLE · Comprital Base Mix · P037A / P037AAN,base_mix,powdered_ice_cream_mix,,,powder,STANDARD_ONLY,,MAIN_TECHNICAL_BLOCKED,NONE,,standard_product_not_flavour_main,mapper_basement v1.0 + published product_behavior_policy_versions,Verified
PI-ING-001102,STRACCIATELLA EXTRA · Comprital Paste · PF106D,chocolate,chocolate_paste,chocolate_cocoa,,paste,MAIN_ALLOWED,,MAIN_CAPABLE_UNCALIBRATED,NONE,,,mapper_basement v1.0 + published product_behavior_policy_versions,Verified
PI-ING-001103,TECHNICA PANNA · Comprital Base Mix · BP8220066,base_mix,powdered_ice_cream_mix,,,powder,STANDARD_ONLY,,MAIN_TECHNICAL_BLOCKED,NONE,,standard_product_not_flavour_main,mapper_basement v1.0 + published product_behavior_policy_versions,Verified
PI-ING-001104,TIRAMISU · Comprital Paste · P1189,flavor_paste,coffee_dessert_paste,coffee,,flavour_paste,MAIN_ALLOWED,,MAIN_CAPABLE_UNCALIBRATED,NONE,,,mapper_basement v1.0 + published product_behavior_policy_versions,Verified
PI-ING-001105,TIRAMISU · Comprital Specialty · Chilled · PC629PB,specialty,sweetened_egg_yolk,,,,STANDARD_ONLY,,MAIN_TECHNICAL_BLOCKED,NONE,,standard_product_not_flavour_main,mapper_basement v1.0 + published product_behavior_policy_versions,Verified
PI-ING-001106,TORTA MELE · Comprital Variegato · PC093P,flavor_paste,variegato_layering_paste,,,flavour_paste,UNKNOWN_REQUIRES_EVIDENCE,,MAIN_CAPABLE_UNCALIBRATED,NONE,,,mapper_basement v1.0 + published product_behavior_policy_versions,Verified
PI-ING-001107,TORTA MELE · Comprital Variegato · PC093P,flavor_paste,variegato_layering_paste,,,flavour_paste,UNKNOWN_REQUIRES_EVIDENCE,,MAIN_CAPABLE_UNCALIBRATED,NONE,,,mapper_basement v1.0 + published product_behavior_policy_versions,Verified
PI-ING-001108,TORTA MELE · Comprital Paste · PC092P / PC092PAN,flavor_paste,flavored_ice_cream_paste,,,flavour_paste,UNKNOWN_REQUIRES_EVIDENCE,,MAIN_CAPABLE_UNCALIBRATED,NONE,,,mapper_basement v1.0 + published product_behavior_policy_versions,Verified
PI-ING-001109,TUORLO VIVO · Comprital Specialty · Chilled · PF124B / PF124BAN,specialty,sweetened_egg_yolk,,,,STANDARD_ONLY,,MAIN_TECHNICAL_BLOCKED,NONE,,standard_product_not_flavour_main,mapper_basement v1.0 + published product_behavior_policy_versions,Verified
PI-ING-001110,VANIGLIA MADAGASCAR · Comprital Specialty · Chilled · PC636PB / 2023,specialty,sweetened_egg_yolk,,,,STANDARD_ONLY,,MAIN_TECHNICAL_BLOCKED,NONE,,standard_product_not_flavour_main,mapper_basement v1.0 + published product_behavior_policy_versions,Verified
PI-ING-001111,VANIGLIA · Comprital Specialty · Chilled · PC636PB / 2022,specialty,sweetened_egg_yolk,,,,STANDARD_ONLY,,MAIN_TECHNICAL_BLOCKED,NONE,,standard_product_not_flavour_main,mapper_basement v1.0 + published product_behavior_policy_versions,Verified
PI-ING-001112,AMARENA · Comprital Variegato · PF199C,flavor_paste,variegato_layering_paste,,,flavour_paste,UNKNOWN_REQUIRES_EVIDENCE,,MAIN_CAPABLE_UNCALIBRATED,NONE,,,mapper_basement v1.0 + published product_behavior_policy_versions,Verified
PI-ING-001113,COCO CRUNCH · Comprital Variegato · PC792,flavor_paste,variegato_layering_paste,,,flavour_paste,UNKNOWN_REQUIRES_EVIDENCE,,MAIN_CAPABLE_UNCALIBRATED,NONE,,,mapper_basement v1.0 + published product_behavior_policy_versions,Verified
PI-ING-001114,FICO CARAMELLO · Comprital Variegato · PC786,flavor_paste,variegato_layering_paste,,,flavour_paste,UNKNOWN_REQUIRES_EVIDENCE,,MAIN_CAPABLE_UNCALIBRATED,NONE,,,mapper_basement v1.0 + published product_behavior_policy_versions,Verified
PI-ING-001115,FRAGOLINE · Comprital Variegato · PF198D,flavor_paste,variegato_layering_paste,,,flavour_paste,UNKNOWN_REQUIRES_EVIDENCE,,MAIN_CAPABLE_UNCALIBRATED,NONE,,,mapper_basement v1.0 + published product_behavior_policy_versions,Verified
PI-ING-001116,FROLLINO · Comprital Variegato · PC510P,chocolate,chocolate_paste,chocolate_cocoa,,paste,MAIN_ALLOWED,,MAIN_CAPABLE_UNCALIBRATED,NONE,,,mapper_basement v1.0 + published product_behavior_policy_versions,Verified
PI-ING-001117,FRUTTI DI BOSCO · Comprital Variegato · PF291P,flavor_paste,variegato_layering_paste,,,flavour_paste,UNKNOWN_REQUIRES_EVIDENCE,,MAIN_CAPABLE_UNCALIBRATED,NONE,,,mapper_basement v1.0 + published product_behavior_policy_versions,Verified
PI-ING-001118,LAMPONE · Comprital Variegato · PC789,flavor_paste,variegato_layering_paste,,,flavour_paste,UNKNOWN_REQUIRES_EVIDENCE,,MAIN_CAPABLE_UNCALIBRATED,NONE,,,mapper_basement v1.0 + published product_behavior_policy_versions,Verified
PI-ING-001119,LIMONE BISCOTTO · Comprital Variegato · PC815,flavor_paste,variegato_layering_paste,,,flavour_paste,UNKNOWN_REQUIRES_EVIDENCE,,MAIN_CAPABLE_UNCALIBRATED,NONE,,,mapper_basement v1.0 + published product_behavior_policy_versions,Verified
PI-ING-001120,MANGO PASSION YUZU · Comprital Variegato · PC788 / 20079939,flavor_paste,variegato_layering_paste,,,flavour_paste,UNKNOWN_REQUIRES_EVIDENCE,,MAIN_CAPABLE_UNCALIBRATED,NONE,,,mapper_basement v1.0 + published product_behavior_policy_versions,Verified
PI-ING-001121,MORA E MIRTILLO SELVATICI · Comprital Variegato,flavor_paste,variegato_layering_paste,,,flavour_paste,UNKNOWN_REQUIRES_EVIDENCE,,MAIN_CAPABLE_UNCALIBRATED,NONE,,,mapper_basement v1.0 + published product_behavior_policy_versions,Verified
PI-ING-001122,PASSION · Comprital Variegato · PF292P,flavor_paste,variegato_layering_paste,,,flavour_paste,UNKNOWN_REQUIRES_EVIDENCE,,MAIN_CAPABLE_UNCALIBRATED,NONE,,,mapper_basement v1.0 + published product_behavior_policy_versions,Verified
PI-ING-001123,SPALMARELLA · Comprital Variegato · PF906D,chocolate,chocolate_paste,chocolate_cocoa,,paste,MAIN_ALLOWED,,MAIN_CAPABLE_UNCALIBRATED,NONE,,,mapper_basement v1.0 + published product_behavior_policy_versions,Verified
PI-ING-001124,SPECULOOS · Comprital Variegato · PC816,flavor_paste,variegato_layering_paste,,,flavour_paste,UNKNOWN_REQUIRES_EVIDENCE,,MAIN_CAPABLE_UNCALIBRATED,NONE,,,mapper_basement v1.0 + published product_behavior_policy_versions,Verified
PI-ING-001125,TOFFEE MOU · Comprital Variegato · PC528P,flavor_paste,variegato_layering_paste,,,flavour_paste,UNKNOWN_REQUIRES_EVIDENCE,,MAIN_CAPABLE_UNCALIBRATED,NONE,,,mapper_basement v1.0 + published product_behavior_policy_versions,Verified
PI-ING-001127,YOPIU · Comprital Base Mix · P400,base_mix,yogurt_powdered_ice_cream_mix,,,powder,STANDARD_ONLY,,MAIN_TECHNICAL_BLOCKED,NONE,,standard_product_not_flavour_main,mapper_basement v1.0 + published product_behavior_policy_versions,Verified
PI-ING-001128,ZABAIONE ZIBIBBO · Comprital Specialty · PC638PB,specialty,sweetened_egg_yolk,,,,STANDARD_ONLY,,MAIN_TECHNICAL_BLOCKED,NONE,,standard_product_not_flavour_main,mapper_basement v1.0 + published product_behavior_policy_versions,Verified
PI-ING-001129,AMARENA · Fabbri Paste · 0005836,flavor_paste,flavored_ice_cream_paste,,,flavour_paste,UNKNOWN_REQUIRES_EVIDENCE,,MAIN_CAPABLE_UNCALIBRATED,NONE,,,mapper_basement v1.0 + published product_behavior_policy_versions,Verified
PI-ING-001130,AMARENA · Fabbri Paste · 0004280,flavor_paste,flavored_ice_cream_paste,,,flavour_paste,UNKNOWN_REQUIRES_EVIDENCE,,MAIN_CAPABLE_UNCALIBRATED,NONE,,,mapper_basement v1.0 + published product_behavior_policy_versions,Verified
PI-ING-001131,VARIEGATISSIMO MEGAMARENA · Aromitalia Variegato · 1986C,flavor_paste,variegato_layering_paste,,,flavour_paste,UNKNOWN_REQUIRES_EVIDENCE,,MAIN_CAPABLE_UNCALIBRATED,NONE,,,mapper_basement v1.0 + published product_behavior_policy_versions,Verified
PI-ING-001132,AMARENA · Aromitalia Variegato · 1011C,flavor_paste,variegato_layering_paste,,,flavour_paste,UNKNOWN_REQUIRES_EVIDENCE,,MAIN_CAPABLE_UNCALIBRATED,NONE,,,mapper_basement v1.0 + published product_behavior_policy_versions,Verified
PI-ING-001133,AMARENA EXPORT · Fabbri Variegato · 0004426,flavor_paste,variegato_layering_paste,,,flavour_paste,UNKNOWN_REQUIRES_EVIDENCE,,MAIN_CAPABLE_UNCALIBRATED,NONE,,,mapper_basement v1.0 + published product_behavior_policy_versions,Verified
PI-ING-001134,AMARENA · Giuso Variegato · 01344130A,flavor_paste,variegato_layering_paste,,,flavour_paste,UNKNOWN_REQUIRES_EVIDENCE,,MAIN_CAPABLE_UNCALIBRATED,NONE,,,mapper_basement v1.0 + published product_behavior_policy_versions,Verified
PI-ING-001135,AMARENA TOP · Pernigotti Variegato · 12095034A,flavor_paste,variegato_layering_paste,,,flavour_paste,UNKNOWN_REQUIRES_EVIDENCE,,MAIN_CAPABLE_UNCALIBRATED,NONE,,,mapper_basement v1.0 + published product_behavior_policy_versions,Verified
PI-ING-001136,VARIEGATURA AMARENA · Torronalba Variegato · 0248,flavor_paste,variegato_layering_paste,,,flavour_paste,UNKNOWN_REQUIRES_EVIDENCE,,MAIN_CAPABLE_UNCALIBRATED,NONE,,,mapper_basement v1.0 + published product_behavior_policy_versions,Verified
PI-ING-001137,LATTE B · Babbi Base Mix · 14853,base_mix,milk_powdered_ice_cream_mix,,,powder,STANDARD_ONLY,,MAIN_TECHNICAL_BLOCKED,NONE,,standard_product_not_flavour_main,mapper_basement v1.0 + published product_behavior_policy_versions,Verified
PI-ING-001138,COPERTURA FINE BOTTIGLIA STRACCIATELLA · Babbi Paste · 13222,chocolate,chocolate_paste,chocolate_cocoa,,paste,MAIN_ALLOWED,,MAIN_CAPABLE_UNCALIBRATED,NONE,,,mapper_basement v1.0 + published product_behavior_policy_versions,Verified
PI-ING-001139,FIBRA PLUS · Babbi Fiber · 1470171,fiber,fiber_additive,,,,STRUCTURAL_ONLY,,MAIN_TECHNICAL_BLOCKED,NONE,,structural_product_not_flavour_main,mapper_basement v1.0 + published product_behavior_policy_versions,Verified
PI-ING-001140,GOLOSA FONDENTE · Babbi Paste,chocolate,chocolate_paste,chocolate_cocoa,,paste,MAIN_ALLOWED,,MAIN_CAPABLE_UNCALIBRATED,NONE,,,mapper_basement v1.0 + published product_behavior_policy_versions,Verified
PI-ING-001141,GOLOSA GIANDUIA · Babbi Paste · 12830,chocolate,chocolate_paste,chocolate_cocoa,,paste,MAIN_ALLOWED,,MAIN_CAPABLE_UNCALIBRATED,NONE,,,mapper_basement v1.0 + published product_behavior_policy_versions,Verified
PI-ING-001142,GOLOSA PISTACCHIO B · Babbi Paste · 1230123,nut,pistachio_paste,nut,,paste,MAIN_ALLOWED,,MAIN_CAPABLE_UNCALIBRATED,NONE,,,mapper_basement v1.0 + published product_behavior_policy_versions,Verified
PI-ING-001143,AMARENA · Babbi Variegato · 12603,flavor_paste,variegato_layering_paste,,,flavour_paste,UNKNOWN_REQUIRES_EVIDENCE,,MAIN_CAPABLE_UNCALIBRATED,NONE,,,mapper_basement v1.0 + published product_behavior_policy_versions,Verified
PI-ING-001144,CRANBERRY B · Babbi Variegato · 12671,flavor_paste,variegato_layering_paste,,,flavour_paste,UNKNOWN_REQUIRES_EVIDENCE,,MAIN_CAPABLE_UNCALIBRATED,NONE,,,mapper_basement v1.0 + published product_behavior_policy_versions,Verified
PI-ING-001145,FICHI CARAMELLATI · Babbi Variegato · 12628,flavor_paste,variegato_layering_paste,,,flavour_paste,UNKNOWN_REQUIRES_EVIDENCE,,MAIN_CAPABLE_UNCALIBRATED,NONE,,,mapper_basement v1.0 + published product_behavior_policy_versions,Verified
PI-ING-001146,FICHI CARAMELLATI · Babbi Variegato · 12626,flavor_paste,variegato_layering_paste,,,flavour_paste,UNKNOWN_REQUIRES_EVIDENCE,,MAIN_CAPABLE_UNCALIBRATED,NONE,,,mapper_basement v1.0 + published product_behavior_policy_versions,Verified
PI-ING-001147,FRAGOLINE · Babbi Variegato · 12627,flavor_paste,variegato_layering_paste,,,flavour_paste,UNKNOWN_REQUIRES_EVIDENCE,,MAIN_CAPABLE_UNCALIBRATED,NONE,,,mapper_basement v1.0 + published product_behavior_policy_versions,Verified
PI-ING-001148,LAMPONE ONE · Babbi Variegato · 12399,flavor_paste,variegato_layering_paste,,,flavour_paste,UNKNOWN_REQUIRES_EVIDENCE,,MAIN_CAPABLE_UNCALIBRATED,NONE,,,mapper_basement v1.0 + published product_behavior_policy_versions,Verified
PI-ING-001149,NEROKROK · Babbi Variegato · 12345,flavor_paste,variegato_layering_paste,,,flavour_paste,UNKNOWN_REQUIRES_EVIDENCE,,MAIN_CAPABLE_UNCALIBRATED,NONE,,,mapper_basement v1.0 + published product_behavior_policy_versions,Verified
PI-ING-001150,PESCA B · Babbi Variegato · 12670,flavor_paste,variegato_layering_paste,,,flavour_paste,UNKNOWN_REQUIRES_EVIDENCE,,MAIN_CAPABLE_UNCALIBRATED,NONE,,,mapper_basement v1.0 + published product_behavior_policy_versions,Verified
PI-ING-001151,PRALINE · Babbi Variegato · 12437,flavor_paste,variegato_layering_paste,,,flavour_paste,UNKNOWN_REQUIRES_EVIDENCE,,MAIN_CAPABLE_UNCALIBRATED,NONE,,,mapper_basement v1.0 + published product_behavior_policy_versions,Verified
PI-ING-001152,WAFERINI COCCO · Babbi Variegato · 12334,flavor_paste,variegato_layering_paste,,,flavour_paste,UNKNOWN_REQUIRES_EVIDENCE,,MAIN_CAPABLE_UNCALIBRATED,NONE,,,mapper_basement v1.0 + published product_behavior_policy_versions,Verified
PI-ING-001153,WAFERINI GIANDUIA · Babbi Variegato · 13918,flavor_paste,variegato_layering_paste,,,flavour_paste,UNKNOWN_REQUIRES_EVIDENCE,,MAIN_CAPABLE_UNCALIBRATED,NONE,,,mapper_basement v1.0 + published product_behavior_policy_versions,Verified
PI-ING-001154,WAFERINI LIMONE · Babbi Variegato · 12370,flavor_paste,variegato_layering_paste,,,flavour_paste,UNKNOWN_REQUIRES_EVIDENCE,,MAIN_CAPABLE_UNCALIBRATED,NONE,,,mapper_basement v1.0 + published product_behavior_policy_versions,Verified
PI-ING-001155,WAFERINI PISTACCHIO · Babbi Variegato · 12315,nut,pistachio_paste,nut,,paste,MAIN_ALLOWED,,MAIN_CAPABLE_UNCALIBRATED,NONE,,,mapper_basement v1.0 + published product_behavior_policy_versions,Verified
PI-ING-001156,ESSENZIALE · Albert Base Mix,base_mix,milk_powdered_ice_cream_mix,,,powder,STANDARD_ONLY,,MAIN_TECHNICAL_BLOCKED,NONE,,standard_product_not_flavour_main,mapper_basement v1.0 + published product_behavior_policy_versions,Verified
PI-ING-001157,CARAMELLO · Albert Paste,flavor_paste,flavored_ice_cream_paste,,,flavour_paste,UNKNOWN_REQUIRES_EVIDENCE,,MAIN_CAPABLE_UNCALIBRATED,NONE,,,mapper_basement v1.0 + published product_behavior_policy_versions,Verified
PI-ING-001158,GOLDEN CARAMEL SALATO · Albert Paste,flavor_paste,flavored_ice_cream_paste,,,flavour_paste,UNKNOWN_REQUIRES_EVIDENCE,,MAIN_CAPABLE_UNCALIBRATED,NONE,,,mapper_basement v1.0 + published product_behavior_policy_versions,Verified
PI-ING-001159,MALAGA G · Albert Paste,flavor_paste,flavored_ice_cream_paste,,,flavour_paste,UNKNOWN_REQUIRES_EVIDENCE,,MAIN_CAPABLE_UNCALIBRATED,NONE,,,mapper_basement v1.0 + published product_behavior_policy_versions,Verified
PI-ING-001160,MENTA · Albert Paste,flavor_paste,flavored_ice_cream_paste,,,flavour_paste,UNKNOWN_REQUIRES_EVIDENCE,,MAIN_CAPABLE_UNCALIBRATED,NONE,,,mapper_basement v1.0 + published product_behavior_policy_versions,Verified
PI-ING-001161,TIRAMISU · Albert Paste,flavor_paste,flavored_ice_cream_paste,,,flavour_paste,UNKNOWN_REQUIRES_EVIDENCE,,MAIN_CAPABLE_UNCALIBRATED,NONE,,,mapper_basement v1.0 + published product_behavior_policy_versions,Verified
PI-ING-001162,VANIGLIA S V · Albert Paste,flavor_paste,flavored_ice_cream_paste,,,flavour_paste,UNKNOWN_REQUIRES_EVIDENCE,,MAIN_CAPABLE_UNCALIBRATED,NONE,,,mapper_basement v1.0 + published product_behavior_policy_versions,Verified
PI-ING-001163,AMARENATA · Albert Variegato,flavor_paste,variegato_layering_paste,,,flavour_paste,UNKNOWN_REQUIRES_EVIDENCE,,MAIN_CAPABLE_UNCALIBRATED,NONE,,,mapper_basement v1.0 + published product_behavior_policy_versions,Verified
PI-ING-001164,CIOCCOLINA · Albert Variegato,flavor_paste,variegato_layering_paste,,,flavour_paste,UNKNOWN_REQUIRES_EVIDENCE,,MAIN_CAPABLE_UNCALIBRATED,NONE,,,mapper_basement v1.0 + published product_behavior_policy_versions,Verified
PI-ING-001165,DAMA BIANCA · Albert Variegato,flavor_paste,variegato_layering_paste,,,flavour_paste,UNKNOWN_REQUIRES_EVIDENCE,,MAIN_CAPABLE_UNCALIBRATED,NONE,,,mapper_basement v1.0 + published product_behavior_policy_versions,Verified
PI-ING-001166,FRUTTI DI BOSCO · Albert Variegato,flavor_paste,variegato_layering_paste,,,flavour_paste,UNKNOWN_REQUIRES_EVIDENCE,,MAIN_CAPABLE_UNCALIBRATED,NONE,,,mapper_basement v1.0 + published product_behavior_policy_versions,Verified
PI-ING-001167,SALSA LAMPONE · Albert Variegato,flavor_paste,variegato_layering_paste,,,flavour_paste,UNKNOWN_REQUIRES_EVIDENCE,,MAIN_CAPABLE_UNCALIBRATED,NONE,,,mapper_basement v1.0 + published product_behavior_policy_versions,Verified
PI-ING-001168,WHITE LEMON · Gotta Paste · 6219,flavor_paste,flavored_ice_cream_paste,,,flavour_paste,UNKNOWN_REQUIRES_EVIDENCE,,MAIN_CAPABLE_UNCALIBRATED,NONE,,,mapper_basement v1.0 + published product_behavior_policy_versions,Verified
PI-ING-001169,ADWOKAT · Gotta Paste · 6011,flavor_paste,flavored_ice_cream_paste,,,flavour_paste,UNKNOWN_REQUIRES_EVIDENCE,,MAIN_CAPABLE_UNCALIBRATED,NONE,,,mapper_basement v1.0 + published product_behavior_policy_versions,Verified
PI-ING-001170,AMARETTO · Gotta Paste · 6012,flavor_paste,flavored_ice_cream_paste,,,flavour_paste,UNKNOWN_REQUIRES_EVIDENCE,,MAIN_CAPABLE_UNCALIBRATED,NONE,,,mapper_basement v1.0 + published product_behavior_policy_versions,Verified
PI-ING-001171,APEROL · Gotta Paste · 6264,flavor_paste,flavored_ice_cream_paste,,,flavour_paste,UNKNOWN_REQUIRES_EVIDENCE,,MAIN_CAPABLE_UNCALIBRATED,NONE,,,mapper_basement v1.0 + published product_behavior_policy_versions,Verified
PI-ING-001172,AZZURRA · Gotta Paste · 6016,flavor_paste,flavored_ice_cream_paste,,,flavour_paste,UNKNOWN_REQUIRES_EVIDENCE,,MAIN_CAPABLE_UNCALIBRATED,NONE,,,mapper_basement v1.0 + published product_behavior_policy_versions,Verified
PI-ING-001173,MERINGUE FUDGE · Gotta Paste · 6223,flavor_paste,flavored_ice_cream_paste,,,flavour_paste,UNKNOWN_REQUIRES_EVIDENCE,,MAIN_CAPABLE_UNCALIBRATED,NONE,,,mapper_basement v1.0 + published product_behavior_policy_versions,Verified
PI-ING-001174,COOKIE · Gotta Paste · 6031,flavor_paste,flavored_ice_cream_paste,,,flavour_paste,UNKNOWN_REQUIRES_EVIDENCE,,MAIN_CAPABLE_UNCALIBRATED,NONE,,,mapper_basement v1.0 + published product_behavior_policy_versions,Verified
PI-ING-001175,YELLOW LEMON · Gotta Paste · 6034,flavor_paste,flavored_ice_cream_paste,,,flavour_paste,UNKNOWN_REQUIRES_EVIDENCE,,MAIN_CAPABLE_UNCALIBRATED,NONE,,,mapper_basement v1.0 + published product_behavior_policy_versions,Verified
PI-ING-001176,PEAR PIECES · Gotta Paste · 6041,flavor_paste,flavored_ice_cream_paste,,,flavour_paste,UNKNOWN_REQUIRES_EVIDENCE,,MAIN_CAPABLE_UNCALIBRATED,NONE,,,mapper_basement v1.0 + published product_behavior_policy_versions,Verified
PI-ING-001177,BUBBLE GUM · Gotta Paste · 6042,flavor_paste,flavored_ice_cream_paste,,,flavour_paste,UNKNOWN_REQUIRES_EVIDENCE,,MAIN_CAPABLE_UNCALIBRATED,NONE,,,mapper_basement v1.0 + published product_behavior_policy_versions,Verified
PI-ING-001178,PAST APPLE · Gotta Paste · 6043,flavor_paste,flavored_ice_cream_paste,,,flavour_paste,UNKNOWN_REQUIRES_EVIDENCE,,MAIN_CAPABLE_UNCALIBRATED,NONE,,,mapper_basement v1.0 + published product_behavior_policy_versions,Verified
PI-ING-001179,COCONUT · Gotta Paste · 6054,flavor_paste,flavored_ice_cream_paste,,,flavour_paste,UNKNOWN_REQUIRES_EVIDENCE,,MAIN_CAPABLE_UNCALIBRATED,NONE,,,mapper_basement v1.0 + published product_behavior_policy_versions,Verified
PI-ING-001180,TOFFEE CANDIES · Gotta Paste · 6055,flavor_paste,flavored_ice_cream_paste,,,flavour_paste,UNKNOWN_REQUIRES_EVIDENCE,,MAIN_CAPABLE_UNCALIBRATED,NONE,,,mapper_basement v1.0 + published product_behavior_policy_versions,Verified
PI-ING-001181,MALAGA RAISINS · Gotta Paste · 6185,flavor_paste,flavored_ice_cream_paste,,,flavour_paste,UNKNOWN_REQUIRES_EVIDENCE,,MAIN_CAPABLE_UNCALIBRATED,NONE,,,mapper_basement v1.0 + published product_behavior_policy_versions,Verified
PI-ING-001182,RASPBERRY · Gotta Paste · 6060,flavor_paste,flavored_ice_cream_paste,,,flavour_paste,UNKNOWN_REQUIRES_EVIDENCE,,MAIN_CAPABLE_UNCALIBRATED,NONE,,,mapper_basement v1.0 + published product_behavior_policy_versions,Verified
PI-ING-001183,MANGO · Gotta Paste · 6063,flavor_paste,flavored_ice_cream_paste,,,flavour_paste,UNKNOWN_REQUIRES_EVIDENCE,,MAIN_CAPABLE_UNCALIBRATED,NONE,,,mapper_basement v1.0 + published product_behavior_policy_versions,Verified
PI-ING-001184,PASSION · Gotta Paste · 6066,flavor_paste,flavored_ice_cream_paste,,,flavour_paste,UNKNOWN_REQUIRES_EVIDENCE,,MAIN_CAPABLE_UNCALIBRATED,NONE,,,mapper_basement v1.0 + published product_behavior_policy_versions,Verified
PI-ING-001185,MELON · Gotta Paste · 6068,flavor_paste,flavored_ice_cream_paste,,,flavour_paste,UNKNOWN_REQUIRES_EVIDENCE,,MAIN_CAPABLE_UNCALIBRATED,NONE,,,mapper_basement v1.0 + published product_behavior_policy_versions,Verified
PI-ING-001186,FOREST · Gotta Paste · 6086,flavor_paste,flavored_ice_cream_paste,,,flavour_paste,UNKNOWN_REQUIRES_EVIDENCE,,MAIN_CAPABLE_UNCALIBRATED,NONE,,,mapper_basement v1.0 + published product_behavior_policy_versions,Verified
PI-ING-001187,PISTACHIO ITALY · Gotta Paste · 100% Nut · 6172,nut,pistachio_paste,nut,,paste,MAIN_ALLOWED,,MAIN_CAPABLE_UNCALIBRATED,NONE,,,mapper_basement v1.0 + published product_behavior_policy_versions,Verified
PI-ING-001188,POP CORN · Gotta Paste · 6263,flavor_paste,flavored_ice_cream_paste,,,flavour_paste,UNKNOWN_REQUIRES_EVIDENCE,,MAIN_CAPABLE_UNCALIBRATED,NONE,,,mapper_basement v1.0 + published product_behavior_policy_versions,Verified
PI-ING-001189,APPLE PIE · Gotta Paste · 6186,flavor_paste,flavored_ice_cream_paste,,,flavour_paste,UNKNOWN_REQUIRES_EVIDENCE,,MAIN_CAPABLE_UNCALIBRATED,NONE,,,mapper_basement v1.0 + published product_behavior_policy_versions,Verified
PI-ING-001190,TIRAMISU · Gotta Paste · 6105,flavor_paste,flavored_ice_cream_paste,,,flavour_paste,UNKNOWN_REQUIRES_EVIDENCE,,MAIN_CAPABLE_UNCALIBRATED,NONE,,,mapper_basement v1.0 + published product_behavior_policy_versions,Verified
PI-ING-001191,TIRAMISU MARSALA · Gotta Paste · 6179,flavor_paste,flavored_ice_cream_paste,,,flavour_paste,UNKNOWN_REQUIRES_EVIDENCE,,MAIN_CAPABLE_UNCALIBRATED,NONE,,,mapper_basement v1.0 + published product_behavior_policy_versions,Verified
PI-ING-001192,TOFFI · Gotta Paste · 6108,flavor_paste,flavored_ice_cream_paste,,,flavour_paste,UNKNOWN_REQUIRES_EVIDENCE,,MAIN_CAPABLE_UNCALIBRATED,NONE,,,mapper_basement v1.0 + published product_behavior_policy_versions,Verified
PI-ING-001193,COTTAGE CHEESE · Gotta Paste · 6270,flavor_paste,flavored_ice_cream_paste,,,flavour_paste,UNKNOWN_REQUIRES_EVIDENCE,,MAIN_CAPABLE_UNCALIBRATED,NONE,,,mapper_basement v1.0 + published product_behavior_policy_versions,Verified
PI-ING-001194,BOURBON · Gotta Paste · 6176,flavor_paste,flavored_ice_cream_paste,,,flavour_paste,UNKNOWN_REQUIRES_EVIDENCE,,MAIN_CAPABLE_UNCALIBRATED,NONE,,,mapper_basement v1.0 + published product_behavior_policy_versions,Verified
PI-ING-001195,ZABAYONE PL · Gotta Paste · 6132,flavor_paste,flavored_ice_cream_paste,,,flavour_paste,UNKNOWN_REQUIRES_EVIDENCE,,MAIN_CAPABLE_UNCALIBRATED,NONE,,,mapper_basement v1.0 + published product_behavior_policy_versions,Verified
PI-ING-001196,AMARENA · Stella Variegato · 9030,flavor_paste,variegato_layering_paste,,,flavour_paste,UNKNOWN_REQUIRES_EVIDENCE,,MAIN_CAPABLE_UNCALIBRATED,NONE,,,mapper_basement v1.0 + published product_behavior_policy_versions,Verified
PI-ING-001197,ANGURIA SDL LIOGEL · Stella Base Mix · 5115,base_mix,powdered_ice_cream_mix,,,powder,STANDARD_ONLY,,MAIN_TECHNICAL_BLOCKED,NONE,,standard_product_not_flavour_main,mapper_basement v1.0 + published product_behavior_policy_versions,Verified
PI-ING-001198,ARANCIA ROSSA SDL LIOGEL · Stella Base Mix · 5116,base_mix,powdered_ice_cream_mix,,,powder,STANDARD_ONLY,,MAIN_TECHNICAL_BLOCKED,NONE,,standard_product_not_flavour_main,mapper_basement v1.0 + published product_behavior_policy_versions,Verified
PI-ING-001199,ARANICIA · Stella Variegato · 9863,flavor_paste,variegato_layering_paste,,,flavour_paste,UNKNOWN_REQUIRES_EVIDENCE,,MAIN_CAPABLE_UNCALIBRATED,NONE,,,mapper_basement v1.0 + published product_behavior_policy_versions,Verified
PI-ING-001200,BANANA · Stella Paste · 9039,flavor_paste,flavored_ice_cream_paste,,,flavour_paste,UNKNOWN_REQUIRES_EVIDENCE,,MAIN_CAPABLE_UNCALIBRATED,NONE,,,mapper_basement v1.0 + published product_behavior_policy_versions,Verified
PI-ING-001201,100 SDL FRUTTA · Stella Base Mix · 4077,base_mix,powdered_ice_cream_mix,,,powder,STANDARD_ONLY,,MAIN_TECHNICAL_BLOCKED,NONE,,standard_product_not_flavour_main,mapper_basement v1.0 + published product_behavior_policy_versions,Verified
PI-ING-001202,50 NATURALLY EUROSTELLA · Base Mix · 7504,base_mix,milk_powdered_ice_cream_mix,,,powder,STANDARD_ONLY,,MAIN_TECHNICAL_BLOCKED,NONE,,standard_product_not_flavour_main,mapper_basement v1.0 + published product_behavior_policy_versions,Verified
PI-ING-001203,50 NATURALLY PANNA EUROSTELLA · Base Mix · 7502,base_mix,milk_powdered_ice_cream_mix,,,powder,STANDARD_ONLY,,MAIN_TECHNICAL_BLOCKED,NONE,,standard_product_not_flavour_main,mapper_basement v1.0 + published product_behavior_policy_versions,Verified
PI-ING-001204,AMERICA 50 EXPOGEL · Stella Base Mix · 6603,base_mix,milk_powdered_ice_cream_mix,,,powder,STANDARD_ONLY,,MAIN_TECHNICAL_BLOCKED,NONE,,standard_product_not_flavour_main,mapper_basement v1.0 + published product_behavior_policy_versions,Verified
PI-ING-001205,LATTE 100 EUROSTELLA · Base Mix · 7525,base_mix,milk_powdered_ice_cream_mix,,,powder,STANDARD_ONLY,,MAIN_TECHNICAL_BLOCKED,NONE,,standard_product_not_flavour_main,mapper_basement v1.0 + published product_behavior_policy_versions,Verified
PI-ING-001206,CACAO MAGRO · Stella Cocoa Powder · 8764,chocolate,cocoa_powder,chocolate_cocoa,,cocoa_powder,MAIN_ALLOWED,,MAIN_CAPABLE_UNCALIBRATED,NONE,,,mapper_basement v1.0 + published product_behavior_policy_versions,Verified
PI-ING-001207,CAFFE BRASIL ARABICA · Stella Coffee · 100% · 8755,coffee_tea,coffee,coffee,,,UNKNOWN_REQUIRES_EVIDENCE,,MAIN_CAPABLE_UNCALIBRATED,NONE,,,mapper_basement v1.0 + published product_behavior_policy_versions,Verified
PI-ING-001208,CHEESECAKE · Stella Base Mix · 8762,base_mix,milk_powdered_ice_cream_mix,,,powder,STANDARD_ONLY,,MAIN_TECHNICAL_BLOCKED,NONE,,standard_product_not_flavour_main,mapper_basement v1.0 + published product_behavior_policy_versions,Verified
PI-ING-001209,COCCO · Stella Paste · 9550,flavor_paste,flavored_ice_cream_paste,,,flavour_paste,UNKNOWN_REQUIRES_EVIDENCE,,MAIN_CAPABLE_UNCALIBRATED,NONE,,,mapper_basement v1.0 + published product_behavior_policy_versions,Verified
PI-ING-001210,COCOA · Stella Paste · 8740,chocolate,chocolate_paste,chocolate_cocoa,,paste,MAIN_ALLOWED,,MAIN_CAPABLE_UNCALIBRATED,NONE,,,mapper_basement v1.0 + published product_behavior_policy_versions,Verified
PI-ING-001211,COPERTURA FONDENTE EXCELLENCE · Stella Paste · 8554,chocolate,chocolate_paste,chocolate_cocoa,,paste,MAIN_ALLOWED,,MAIN_CAPABLE_UNCALIBRATED,NONE,,,mapper_basement v1.0 + published product_behavior_policy_versions,Verified
PI-ING-001212,CREMA GIALLA · Stella Paste · 8635,flavor_paste,flavored_ice_cream_paste,,,flavour_paste,UNKNOWN_REQUIRES_EVIDENCE,,MAIN_CAPABLE_UNCALIBRATED,NONE,,,mapper_basement v1.0 + published product_behavior_policy_versions,Verified
PI-ING-001213,DARK SDL LIOGEL · Stella Base Mix · 5160,base_mix,powdered_ice_cream_mix,,,powder,STANDARD_ONLY,,MAIN_TECHNICAL_BLOCKED,NONE,,standard_product_not_flavour_main,mapper_basement v1.0 + published product_behavior_policy_versions,Verified
PI-ING-001214,DISARONNO AMARETTO · Stella Paste · 8742,flavor_paste,flavored_ice_cream_paste,,,flavour_paste,UNKNOWN_REQUIRES_EVIDENCE,,MAIN_CAPABLE_UNCALIBRATED,NONE,,,mapper_basement v1.0 + published product_behavior_policy_versions,Verified
PI-ING-001215,ECCELLENZA ITALIANA · Stella Paste · 8579,flavor_paste,flavored_ice_cream_paste,,,flavour_paste,UNKNOWN_REQUIRES_EVIDENCE,,MAIN_CAPABLE_UNCALIBRATED,NONE,,,mapper_basement v1.0 + published product_behavior_policy_versions,Verified
PI-ING-001216,FIBRAMIX INTEGRATORI · Stella Functional Additive · 5074,functional_additive,fiber_additive,,,,STRUCTURAL_ONLY,,MAIN_TECHNICAL_BLOCKED,NONE,,structural_product_not_flavour_main,mapper_basement v1.0 + published product_behavior_policy_versions,Verified
PI-ING-001217,FIG · Stella Variegato · 9872,flavor_paste,variegato_layering_paste,,,flavour_paste,UNKNOWN_REQUIRES_EVIDENCE,,MAIN_CAPABLE_UNCALIBRATED,NONE,,,mapper_basement v1.0 + published product_behavior_policy_versions,Verified
PI-ING-001218,FLEUR TOFFEE · Stella Paste · 8521,flavor_paste,flavored_ice_cream_paste,,,flavour_paste,UNKNOWN_REQUIRES_EVIDENCE,,MAIN_CAPABLE_UNCALIBRATED,NONE,,,mapper_basement v1.0 + published product_behavior_policy_versions,Verified
PI-ING-001219,FRAGOLINE · Stella Variegato · 9870,flavor_paste,variegato_layering_paste,,,flavour_paste,UNKNOWN_REQUIRES_EVIDENCE,,MAIN_CAPABLE_UNCALIBRATED,NONE,,,mapper_basement v1.0 + published product_behavior_policy_versions,Verified
PI-ING-001220,GARNISHED ORANGE · Stella Variegato · 9524,flavor_paste,variegato_layering_paste,,,flavour_paste,UNKNOWN_REQUIRES_EVIDENCE,,MAIN_CAPABLE_UNCALIBRATED,NONE,,,mapper_basement v1.0 + published product_behavior_policy_versions,Verified
PI-ING-001221,GRANELLA · Stella Decorative Inclusion · 8819,decorative_inclusion,garnishing_preparation,,,,TOPPING_ONLY,,MAIN_TECHNICAL_BLOCKED,NONE,,post_process_product_not_base_main,mapper_basement v1.0 + published product_behavior_policy_versions,Verified
PI-ING-001222,GRANELLA MERINGA PINOCCHIO · Stella Decorative Inclusion · 8935,decorative_inclusion,garnishing_preparation,,,,TOPPING_ONLY,,MAIN_TECHNICAL_BLOCKED,NONE,,post_process_product_not_base_main,mapper_basement v1.0 + published product_behavior_policy_versions,Verified
PI-ING-001223,CARAMEL · Stella Paste · 8524,flavor_paste,flavored_ice_cream_paste,,,flavour_paste,UNKNOWN_REQUIRES_EVIDENCE,,MAIN_CAPABLE_UNCALIBRATED,NONE,,,mapper_basement v1.0 + published product_behavior_policy_versions,Verified
PI-ING-001224,CARAMEL · Stella Variegato · 8525,flavor_paste,variegato_layering_paste,,,flavour_paste,UNKNOWN_REQUIRES_EVIDENCE,,MAIN_CAPABLE_UNCALIBRATED,NONE,,,mapper_basement v1.0 + published product_behavior_policy_versions,Verified
PI-ING-001225,LATTEMOU · Stella Paste · 8727,flavor_paste,flavored_ice_cream_paste,,,flavour_paste,UNKNOWN_REQUIRES_EVIDENCE,,MAIN_CAPABLE_UNCALIBRATED,NONE,,,mapper_basement v1.0 + published product_behavior_policy_versions,Verified
PI-ING-001226,LEMON 50 VEG LIOGEL · Stella Base Mix · 5094,base_mix,powdered_ice_cream_mix,,,powder,STANDARD_ONLY,,MAIN_TECHNICAL_BLOCKED,NONE,,standard_product_not_flavour_main,mapper_basement v1.0 + published product_behavior_policy_versions,Verified
PI-ING-001227,LIMONE 50 SDL LIOGEL · Stella Base Mix · 5094,base_mix,powdered_ice_cream_mix,,,powder,STANDARD_ONLY,,MAIN_TECHNICAL_BLOCKED,NONE,,standard_product_not_flavour_main,mapper_basement v1.0 + published product_behavior_policy_versions,Verified
PI-ING-001228,LIMONE COMBINATA COMBINATI · Stella Paste · 4613,flavor_paste,flavored_ice_cream_paste,,,flavour_paste,UNKNOWN_REQUIRES_EVIDENCE,,MAIN_CAPABLE_UNCALIBRATED,NONE,,,mapper_basement v1.0 + published product_behavior_policy_versions,Verified
PI-ING-001229,LIMONITO SDL LIOGEL · Stella Base Mix · 5103,base_mix,powdered_ice_cream_mix,,,powder,STANDARD_ONLY,,MAIN_TECHNICAL_BLOCKED,NONE,,standard_product_not_flavour_main,mapper_basement v1.0 + published product_behavior_policy_versions,Verified
PI-ING-001230,PASSION · Master Martini Paste · AJ00BA,flavor_paste,flavored_ice_cream_paste,,,flavour_paste,UNKNOWN_REQUIRES_EVIDENCE,,MAIN_CAPABLE_UNCALIBRATED,NONE,,,mapper_basement v1.0 + published product_behavior_policy_versions,Verified
PI-ING-001231,PASSION · Master Martini Variegato · AJ01AS,flavor_paste,variegato_layering_paste,,,flavour_paste,UNKNOWN_REQUIRES_EVIDENCE,,MAIN_CAPABLE_UNCALIBRATED,NONE,,,mapper_basement v1.0 + published product_behavior_policy_versions,Verified
PI-ING-001232,PINEAPPLE · Master Martini Paste · AJ00AM,flavor_paste,flavored_ice_cream_paste,,,flavour_paste,UNKNOWN_REQUIRES_EVIDENCE,,MAIN_CAPABLE_UNCALIBRATED,NONE,,,mapper_basement v1.0 + published product_behavior_policy_versions,Verified
PI-ING-001233,RASPBERRY · Master Martini Paste · AJ00AU,flavor_paste,flavored_ice_cream_paste,,,flavour_paste,UNKNOWN_REQUIRES_EVIDENCE,,MAIN_CAPABLE_UNCALIBRATED,NONE,,,mapper_basement v1.0 + published product_behavior_policy_versions,Verified
PI-ING-001234,STRAWBERRY · Master Martini Variegato · AJ01AB,flavor_paste,variegato_layering_paste,,,flavour_paste,UNKNOWN_REQUIRES_EVIDENCE,,MAIN_CAPABLE_UNCALIBRATED,NONE,,,mapper_basement v1.0 + published product_behavior_policy_versions,Verified
PI-ING-001235,STRAWBERRY W · Master Martini Paste · AJ00AB,flavor_paste,flavored_ice_cream_paste,,,flavour_paste,UNKNOWN_REQUIRES_EVIDENCE,,MAIN_CAPABLE_UNCALIBRATED,NONE,,,mapper_basement v1.0 + published product_behavior_policy_versions,Verified
PI-ING-001236,SUMMER PARTY · Master Martini Variegato · AJ01AU,flavor_paste,variegato_layering_paste,,,flavour_paste,UNKNOWN_REQUIRES_EVIDENCE,,MAIN_CAPABLE_UNCALIBRATED,NONE,,,mapper_basement v1.0 + published product_behavior_policy_versions,Verified
PI-ING-001237,WILD BERRIES · Master Martini Variegato · AJ01AI,flavor_paste,variegato_layering_paste,,,flavour_paste,UNKNOWN_REQUIRES_EVIDENCE,,MAIN_CAPABLE_UNCALIBRATED,NONE,,,mapper_basement v1.0 + published product_behavior_policy_versions,Verified
PI-ING-001238,TORRONCINO · Master Martini Paste · AE37PK,flavor_paste,flavored_ice_cream_paste,,,flavour_paste,UNKNOWN_REQUIRES_EVIDENCE,,MAIN_CAPABLE_UNCALIBRATED,NONE,,,mapper_basement v1.0 + published product_behavior_policy_versions,Verified
PI-ING-001239,LAMIAFRUTTA · Montebianco Base Mix · 161501,base_mix,powdered_semifinished_product,,,powder,STANDARD_ONLY,,MAIN_TECHNICAL_BLOCKED,NONE,,standard_product_not_flavour_main,mapper_basement v1.0 + published product_behavior_policy_versions,Verified
PI-ING-001240,MONTCREM · Montebianco Base Mix · 160121,base_mix,powdered_ice_cream_mix,,,powder,STANDARD_ONLY,,MAIN_TECHNICAL_BLOCKED,NONE,,standard_product_not_flavour_main,mapper_basement v1.0 + published product_behavior_policy_versions,Verified
PI-ING-001241,GOURMET ARANCIO SICILIA · Montebianco Variegato · 230118,flavor_paste,variegato_layering_paste,,,flavour_paste,UNKNOWN_REQUIRES_EVIDENCE,,MAIN_CAPABLE_UNCALIBRATED,NONE,,,mapper_basement v1.0 + published product_behavior_policy_versions,Verified
PI-ING-001242,AMBROGIO CREMOSE · Elenka Variegato · 1190,flavor_paste,variegato_layering_paste,,,flavour_paste,UNKNOWN_REQUIRES_EVIDENCE,,MAIN_CAPABLE_UNCALIBRATED,NONE,,,mapper_basement v1.0 + published product_behavior_policy_versions,Verified
PI-ING-001243,FRUTTELLA 50 691 · Elenka Base Mix,base_mix,powdered_ice_cream_mix,,,powder,STANDARD_ONLY,,MAIN_TECHNICAL_BLOCKED,NONE,,standard_product_not_flavour_main,mapper_basement v1.0 + published product_behavior_policy_versions,Verified
PI-ING-001244,CACAO AMARO ELENA · Elenka Cocoa,cocoa,cocoa_powder,chocolate_cocoa,,cocoa_powder,MAIN_ALLOWED,,MAIN_CAPABLE_UNCALIBRATED,NONE,,,mapper_basement v1.0 + published product_behavior_policy_versions,Verified
PI-ING-001245,COPERTURA PANORMUS · Elenka Coating · 13064,coating,dark_chocolate_icing,,,dark_chocolate,TOPPING_ONLY,,MAIN_TECHNICAL_BLOCKED,NONE,,post_process_product_not_base_main,mapper_basement v1.0 + published product_behavior_policy_versions,Verified
PI-ING-001246,CREMOTTOCENTO CN · Elenka Paste · 1039,flavor_paste,flavored_ice_cream_paste,,,flavour_paste,UNKNOWN_REQUIRES_EVIDENCE,,MAIN_CAPABLE_UNCALIBRATED,NONE,,,mapper_basement v1.0 + published product_behavior_policy_versions,Verified
PI-ING-001247,FRUTTA AMARENA · Elenka Variegato,flavor_paste,variegato_layering_paste,,,flavour_paste,UNKNOWN_REQUIRES_EVIDENCE,,MAIN_CAPABLE_UNCALIBRATED,NONE,,,mapper_basement v1.0 + published product_behavior_policy_versions,Verified
PI-ING-001248,FRUTTA AMARENA · Elenka Variegato,flavor_paste,variegato_layering_paste,,,flavour_paste,UNKNOWN_REQUIRES_EVIDENCE,,MAIN_CAPABLE_UNCALIBRATED,NONE,,,mapper_basement v1.0 + published product_behavior_policy_versions,Verified
PI-ING-001249,CACAO · Elenka Cocoa,cocoa,cocoa_powder,chocolate_cocoa,,cocoa_powder,MAIN_ALLOWED,,MAIN_CAPABLE_UNCALIBRATED,NONE,,,mapper_basement v1.0 + published product_behavior_policy_versions,Verified
PI-ING-001250,FANTAFRUTTE LAMPONE · Elenka Variegato · 1050,flavor_paste,variegato_layering_paste,,,flavour_paste,UNKNOWN_REQUIRES_EVIDENCE,,MAIN_CAPABLE_UNCALIBRATED,NONE,,,mapper_basement v1.0 + published product_behavior_policy_versions,Verified
PI-ING-001251,NOCCIOLA LAURUS · Elenka Paste,nut,hazelnut_paste,nut,,paste,MAIN_ALLOWED,,MAIN_CAPABLE_UNCALIBRATED,NONE,,,mapper_basement v1.0 + published product_behavior_policy_versions,Verified
PI-ING-001252,NOLAT FRUTTA 146 · Elenka Base Mix,base_mix,powdered_ice_cream_mix,,,powder,STANDARD_ONLY,,MAIN_TECHNICAL_BLOCKED,NONE,,standard_product_not_flavour_main,mapper_basement v1.0 + published product_behavior_policy_versions,Verified
PI-ING-001253,OPTIMA 30 786 · Elenka Base Mix,base_mix,powdered_ice_cream_mix,,,powder,STANDARD_ONLY,,MAIN_TECHNICAL_BLOCKED,NONE,,standard_product_not_flavour_main,mapper_basement v1.0 + published product_behavior_policy_versions,Verified
PI-ING-001254,OTELLA · Elenka Variegato,flavor_paste,variegato_layering_paste,,,flavour_paste,UNKNOWN_REQUIRES_EVIDENCE,,MAIN_CAPABLE_UNCALIBRATED,NONE,,,mapper_basement v1.0 + published product_behavior_policy_versions,Verified
PI-ING-001255,OTELLA FONDENTE · Elenka Variegato · 1056,flavor_paste,variegato_layering_paste,,,flavour_paste,UNKNOWN_REQUIRES_EVIDENCE,,MAIN_CAPABLE_UNCALIBRATED,NONE,,,mapper_basement v1.0 + published product_behavior_policy_versions,Verified
PI-ING-001256,OVOVAN · Elenka Paste,flavor_paste,flavored_ice_cream_paste,,,flavour_paste,UNKNOWN_REQUIRES_EVIDENCE,,MAIN_CAPABLE_UNCALIBRATED,NONE,,,mapper_basement v1.0 + published product_behavior_policy_versions,Verified
PI-ING-001257,TIRAMISU · Elenka Paste,flavor_paste,flavored_ice_cream_paste,,,flavour_paste,UNKNOWN_REQUIRES_EVIDENCE,,MAIN_CAPABLE_UNCALIBRATED,NONE,,,mapper_basement v1.0 + published product_behavior_policy_versions,Verified
PI-ING-001258,ZABAIONE · Elenka Paste,flavor_paste,flavored_ice_cream_paste,,,flavour_paste,UNKNOWN_REQUIRES_EVIDENCE,,MAIN_CAPABLE_UNCALIBRATED,NONE,,,mapper_basement v1.0 + published product_behavior_policy_versions,Verified
PI-ING-001259,PISTACCHIO · Elenka Paste · 100% Nut,nut,pistachio_paste,nut,,paste,MAIN_ALLOWED,,MAIN_CAPABLE_UNCALIBRATED,NONE,,,mapper_basement v1.0 + published product_behavior_policy_versions,Verified
PI-ING-001260,SPECULOOS CODE · Elenka Paste · 1125,flavor_paste,biscuit_paste,,,flavour_paste,UNKNOWN_REQUIRES_EVIDENCE,,MAIN_CAPABLE_UNCALIBRATED,NONE,,,mapper_basement v1.0 + published product_behavior_policy_versions,Verified
PI-ING-001261,TARTUFONE · Elenka Paste,flavor_paste,flavored_ice_cream_paste,,,flavour_paste,UNKNOWN_REQUIRES_EVIDENCE,,MAIN_CAPABLE_UNCALIBRATED,NONE,,,mapper_basement v1.0 + published product_behavior_policy_versions,Verified
PI-ING-001262,TECHNOICE 685 · Elenka Base Mix,base_mix,powdered_ice_cream_mix,,,powder,STANDARD_ONLY,,MAIN_TECHNICAL_BLOCKED,NONE,,standard_product_not_flavour_main,mapper_basement v1.0 + published product_behavior_policy_versions,Verified
PI-ING-001263,AMARENA · Elenka Variegato,flavor_paste,variegato_layering_paste,,,flavour_paste,UNKNOWN_REQUIRES_EVIDENCE,,MAIN_CAPABLE_UNCALIBRATED,NONE,,,mapper_basement v1.0 + published product_behavior_policy_versions,Verified
PI-ING-001264,YOGA 439 · Elenka Base Mix,base_mix,milk_powdered_ice_cream_mix,,,powder,STANDARD_ONLY,,MAIN_TECHNICAL_BLOCKED,NONE,,standard_product_not_flavour_main,mapper_basement v1.0 + published product_behavior_policy_versions,Verified
PI-ING-001265,ARACHIDE CR · CFC Paste,nut,peanut_paste,nut,,paste,MAIN_ALLOWED,,MAIN_CAPABLE_UNCALIBRATED,NONE,,,mapper_basement v1.0 + published product_behavior_policy_versions,Verified
PI-ING-001266,BISCOTTO CR · CFC Paste,flavor_paste,flavored_ice_cream_paste,,,flavour_paste,UNKNOWN_REQUIRES_EVIDENCE,,MAIN_CAPABLE_UNCALIBRATED,NONE,,,mapper_basement v1.0 + published product_behavior_policy_versions,Verified
PI-ING-001267,CAFFE CR · CFC Paste,flavor_paste,coffee_paste,coffee,,flavour_paste,MAIN_ALLOWED,,MAIN_CAPABLE_UNCALIBRATED,NONE,,,mapper_basement v1.0 + published product_behavior_policy_versions,Verified
PI-ING-001268,CARAMELLO CR · CFC Paste,flavor_paste,caramel_paste,caramel,,flavour_paste,MAIN_ALLOWED,,MAIN_CAPABLE_UNCALIBRATED,NONE,,,mapper_basement v1.0 + published product_behavior_policy_versions,Verified
PI-ING-001269,CHEROC CR · CFC Paste,flavor_paste,nut_chocolate_paste,,,flavour_paste,UNKNOWN_REQUIRES_EVIDENCE,,MAIN_CAPABLE_UNCALIBRATED,NONE,,,mapper_basement v1.0 + published product_behavior_policy_versions,Verified
PI-ING-001270,FINISSIMA ZUPPA INGLESE CR · CFC Paste,flavor_paste,flavoring_paste,,,flavour_paste,UNKNOWN_REQUIRES_EVIDENCE,,MAIN_CAPABLE_UNCALIBRATED,NONE,,,mapper_basement v1.0 + published product_behavior_policy_versions,Verified
PI-ING-001271,MENTA FRESCA CR · CFC Paste,flavor_paste,mint_paste,,,flavour_paste,UNKNOWN_REQUIRES_EVIDENCE,,MAIN_CAPABLE_UNCALIBRATED,NONE,,,mapper_basement v1.0 + published product_behavior_policy_versions,Verified
PI-ING-001272,MURALES WHITE FC · CFC Paste,flavor_paste,white_chocolate_paste,,,flavour_paste,UNKNOWN_REQUIRES_EVIDENCE,,MAIN_CAPABLE_UNCALIBRATED,NONE,,,mapper_basement v1.0 + published product_behavior_policy_versions,Verified
PI-ING-001273,NOCCIOLA CR · CFC Paste,nut,hazelnut_paste,nut,,paste,MAIN_ALLOWED,,MAIN_CAPABLE_UNCALIBRATED,NONE,,,mapper_basement v1.0 + published product_behavior_policy_versions,Verified
PI-ING-001274,NOCCIOLATA FLUIDA VA · CFC Variegato,flavor_paste,variegato_layering_paste,,,flavour_paste,UNKNOWN_REQUIRES_EVIDENCE,,MAIN_CAPABLE_UNCALIBRATED,NONE,,,mapper_basement v1.0 + published product_behavior_policy_versions,Verified
PI-ING-001275,CANNELLA CR · CFC Paste,flavor_paste,cinnamon_paste,,,flavour_paste,UNKNOWN_REQUIRES_EVIDENCE,,MAIN_CAPABLE_UNCALIBRATED,NONE,,,mapper_basement v1.0 + published product_behavior_policy_versions,Verified
PI-ING-001276,GIANDUIA ICEBERG CR · CFC Paste,nut,hazelnut_cocoa_paste,nut,,paste,MAIN_ALLOWED,,MAIN_CAPABLE_UNCALIBRATED,NONE,,,mapper_basement v1.0 + published product_behavior_policy_versions,Verified
PI-ING-001277,NOCE CR · CFC Paste,nut,walnut_hazelnut_paste,nut,,paste,MAIN_ALLOWED,,MAIN_CAPABLE_UNCALIBRATED,NONE,,,mapper_basement v1.0 + published product_behavior_policy_versions,Verified
PI-ING-001278,ORFEO CR · CFC Paste,flavor_paste,flavoring_paste,,,flavour_paste,UNKNOWN_REQUIRES_EVIDENCE,,MAIN_CAPABLE_UNCALIBRATED,NONE,,,mapper_basement v1.0 + published product_behavior_policy_versions,Verified
PI-ING-001279,PISTACHIO SICILIA CR · CFC Paste,nut,pistachio_paste,nut,,paste,MAIN_ALLOWED,,MAIN_CAPABLE_UNCALIBRATED,NONE,,,mapper_basement v1.0 + published product_behavior_policy_versions,Verified
PI-ING-001280,BROWNIE VA · CFC Variegato,flavor_paste,variegato_layering_paste,,,flavour_paste,UNKNOWN_REQUIRES_EVIDENCE,,MAIN_CAPABLE_UNCALIBRATED,NONE,,,mapper_basement v1.0 + published product_behavior_policy_versions,Verified
PI-ING-001281,FRAGOLINE VA · CFC Variegato,flavor_paste,variegato_layering_paste,,,flavour_paste,UNKNOWN_REQUIRES_EVIDENCE,,MAIN_CAPABLE_UNCALIBRATED,NONE,,,mapper_basement v1.0 + published product_behavior_policy_versions,Verified
PI-ING-001282,BUONO CR · CFC Variegato,flavor_paste,variegato_layering_paste,,,flavour_paste,UNKNOWN_REQUIRES_EVIDENCE,,MAIN_CAPABLE_UNCALIBRATED,NONE,,,mapper_basement v1.0 + published product_behavior_policy_versions,Verified
PI-ING-001283,PERBASE 10 · Albert Base Mix,base_mix,powdered_ice_cream_mix,,,powder,STANDARD_ONLY,,MAIN_TECHNICAL_BLOCKED,NONE,,standard_product_not_flavour_main,mapper_basement v1.0 + published product_behavior_policy_versions,Verified
PI-ING-001284,PERFRUTTA 10 · Albert Base Mix,base_mix,powdered_ice_cream_mix,,,powder,STANDARD_ONLY,,MAIN_TECHNICAL_BLOCKED,NONE,,standard_product_not_flavour_main,mapper_basement v1.0 + published product_behavior_policy_versions,Verified
PI-ING-001285,FRAGOLA C4F · Albert Variegato,flavor_paste,variegato_layering_paste,,,flavour_paste,UNKNOWN_REQUIRES_EVIDENCE,,MAIN_CAPABLE_UNCALIBRATED,NONE,,,mapper_basement v1.0 + published product_behavior_policy_versions,Verified
PI-ING-001286,YO · Albert Base Mix · 2000,base_mix,yogurt_powdered_ice_cream_mix,,,powder,STANDARD_ONLY,,MAIN_TECHNICAL_BLOCKED,NONE,,standard_product_not_flavour_main,mapper_basement v1.0 + published product_behavior_policy_versions,Verified
PI-ING-001287,GRAVIOLA PRZECIER · Kuchenna Adrenalina Puree,fruit,fruit_puree,fruit,,puree,MAIN_PROFILE_SPECIFIC,milk_gelato,MAIN_CAPABLE,FAMILY,main-fruit-puree-dairy,,mapper_basement v1.0 + published product_behavior_policy_versions,Verified
PI-ING-001288,CREMINOT · Essenza Paste · ESS430,flavor_paste,flavored_ice_cream_paste,,,flavour_paste,UNKNOWN_REQUIRES_EVIDENCE,,MAIN_CAPABLE_UNCALIBRATED,NONE,,,mapper_basement v1.0 + published product_behavior_policy_versions,Verified
PI-ING-001289,ESSENZELLA PISTACCHIO CROCCANTE · Essenza Variegato · ESS304,flavor_paste,variegato_layering_paste,,,flavour_paste,UNKNOWN_REQUIRES_EVIDENCE,,MAIN_CAPABLE_UNCALIBRATED,NONE,,,mapper_basement v1.0 + published product_behavior_policy_versions,Verified
PI-ING-001290,FIORDIL E · Essenza Base Mix · ESS162,base_mix,powdered_ice_cream_mix,,,powder,STANDARD_ONLY,,MAIN_TECHNICAL_BLOCKED,NONE,,standard_product_not_flavour_main,mapper_basement v1.0 + published product_behavior_policy_versions,Verified
PI-ING-001291,LESSENZA · Fiber · ESS700,fiber,vegetable_fiber,,,,STRUCTURAL_ONLY,,MAIN_TECHNICAL_BLOCKED,NONE,,structural_product_not_flavour_main,mapper_basement v1.0 + published product_behavior_policy_versions,Verified
PI-ING-001292,LINDA · Essenza Fiber · ESS504,fiber,vegetable_fiber,,,,STRUCTURAL_ONLY,,MAIN_TECHNICAL_BLOCKED,NONE,,structural_product_not_flavour_main,mapper_basement v1.0 + published product_behavior_policy_versions,Verified
PI-ING-001293,NUCLEO UPGRADE · Essenza Base Mix · ESS121,base_mix,powdered_ice_cream_mix,,,powder,STANDARD_ONLY,,MAIN_TECHNICAL_BLOCKED,NONE,,standard_product_not_flavour_main,mapper_basement v1.0 + published product_behavior_policy_versions,Verified
PI-ING-001294,SKY CARAMEL FAST · Essenza Base Mix · ESS151,base_mix,powdered_ice_cream_mix,,,powder,STANDARD_ONLY,,MAIN_TECHNICAL_BLOCKED,NONE,,standard_product_not_flavour_main,mapper_basement v1.0 + published product_behavior_policy_versions,Verified
PI-ING-001295,ZABAIONE PLANT BASED · Essenza Base Mix · ESS163,base_mix,plant_based_powdered_ice_cream_mix,,,powder,STANDARD_ONLY,,MAIN_TECHNICAL_BLOCKED,NONE,,standard_product_not_flavour_main,mapper_basement v1.0 + published product_behavior_policy_versions,Verified
PI-ING-001296,DESIDERIO CIOCCOLATO DARK · Montebianco Base Mix · 502545MP,base_mix,chocolate_powdered_ice_cream_mix,,,powder,STANDARD_ONLY,,MAIN_TECHNICAL_BLOCKED,NONE,,standard_product_not_flavour_main,mapper_basement v1.0 + published product_behavior_policy_versions,Verified
PI-ING-001297,MONTEROSA · Montebianco Paste · 196456,flavor_paste,flavored_ice_cream_paste,,,flavour_paste,UNKNOWN_REQUIRES_EVIDENCE,,MAIN_CAPABLE_UNCALIBRATED,NONE,,,mapper_basement v1.0 + published product_behavior_policy_versions,Verified
PI-ING-001298,NOCCIOLOTTA CLASSICA · Montebianco Variegato · 292750,flavor_paste,variegato_layering_paste,,,flavour_paste,UNKNOWN_REQUIRES_EVIDENCE,,MAIN_CAPABLE_UNCALIBRATED,NONE,,,mapper_basement v1.0 + published product_behavior_policy_versions,Verified
PI-ING-001299,NOCCIOLOTTA CROCCANTE · Montebianco Variegato · 292850,flavor_paste,variegato_layering_paste,,,flavour_paste,UNKNOWN_REQUIRES_EVIDENCE,,MAIN_CAPABLE_UNCALIBRATED,NONE,,,mapper_basement v1.0 + published product_behavior_policy_versions,Verified
PI-ING-001300,NERELLA PISTACCHIO · Giuso Variegato,flavor_paste,variegato_layering_paste,,,flavour_paste,UNKNOWN_REQUIRES_EVIDENCE,,MAIN_CAPABLE_UNCALIBRATED,NONE,,,mapper_basement v1.0 + published product_behavior_policy_versions,Verified
PI-ING-001301,PERYO · Giuso Base Mix · 00020204,base_mix,yogurt_powdered_ice_cream_mix,,,powder,STANDARD_ONLY,,MAIN_TECHNICAL_BLOCKED,NONE,,standard_product_not_flavour_main,mapper_basement v1.0 + published product_behavior_policy_versions,Verified
PI-ING-001302,SAMBUCO · Giuso Base Mix,base_mix,flavored_powdered_ice_cream_mix,,,powder,STANDARD_ONLY,,MAIN_TECHNICAL_BLOCKED,NONE,,standard_product_not_flavour_main,mapper_basement v1.0 + published product_behavior_policy_versions,Verified
PI-ING-001303,SETAFRU 50 · Giuso Base Mix · 00024200,base_mix,powdered_ice_cream_mix,,,powder,STANDARD_ONLY,,MAIN_TECHNICAL_BLOCKED,NONE,,standard_product_not_flavour_main,mapper_basement v1.0 + published product_behavior_policy_versions,Verified
PI-ING-001304,SOFTELLA · Giuso Paste · 00079047,semi_finished_product,softener_emulsifier_paste,,,paste,STANDARD_ONLY,,MAIN_TECHNICAL_BLOCKED,NONE,,base_recipe_not_approved,mapper_basement v1.0 + published product_behavior_policy_versions,Blocked
PI-ING-001305,SOSOFT CIOCCOLATO · Giuso Base Mix,base_mix,chocolate_powdered_ice_cream_mix,,,powder,STANDARD_ONLY,,MAIN_TECHNICAL_BLOCKED,NONE,,standard_product_not_flavour_main,mapper_basement v1.0 + published product_behavior_policy_versions,Verified
PI-ING-001306,SOSOFT FIORDILATTE · Giuso Base Mix,base_mix,powdered_ice_cream_mix,,,powder,STANDARD_ONLY,,MAIN_TECHNICAL_BLOCKED,NONE,,standard_product_not_flavour_main,mapper_basement v1.0 + published product_behavior_policy_versions,Verified
PI-ING-001307,BUBBLE GUM BLUE · Sempre Concentrate · SEMPRE292 / 110001,flavor_concentrate,ice_cream_concentrate,,,concentrate,UNKNOWN_REQUIRES_EVIDENCE,,MAIN_CAPABLE_UNCALIBRATED,NONE,,,mapper_basement v1.0 + published product_behavior_policy_versions,Verified
PI-ING-001308,BUBBLE GUM PINK · Sempre Concentrate · SEMPRE290 / 110002,flavor_concentrate,ice_cream_concentrate,,,concentrate,UNKNOWN_REQUIRES_EVIDENCE,,MAIN_CAPABLE_UNCALIBRATED,NONE,,,mapper_basement v1.0 + published product_behavior_policy_versions,Verified
PI-ING-001309,POPCORN · Sempre Concentrate · SEMPRE327 / 110003,flavor_concentrate,ice_cream_concentrate,,,concentrate,UNKNOWN_REQUIRES_EVIDENCE,,MAIN_CAPABLE_UNCALIBRATED,NONE,,,mapper_basement v1.0 + published product_behavior_policy_versions,Verified
PI-ING-001310,SONY KARMEL · Sempre Concentrate · SEMPRE291 / 110004,flavor_concentrate,ice_cream_concentrate,,,concentrate,UNKNOWN_REQUIRES_EVIDENCE,,MAIN_CAPABLE_UNCALIBRATED,NONE,,,mapper_basement v1.0 + published product_behavior_policy_versions,Verified
PI-ING-001311,WAFER · Sempre Concentrate · SEMPRE293 / 110006,flavor_concentrate,ice_cream_concentrate,,,concentrate,UNKNOWN_REQUIRES_EVIDENCE,,MAIN_CAPABLE_UNCALIBRATED,NONE,,,mapper_basement v1.0 + published product_behavior_policy_versions,Verified
PI-ING-001312,VIANDS B · Amarena Variegato · TL24N,flavor_paste,variegato_layering_paste,,,flavour_paste,UNKNOWN_REQUIRES_EVIDENCE,,MAIN_CAPABLE_UNCALIBRATED,NONE,,,mapper_basement v1.0 + published product_behavior_policy_versions,Verified
PI-ING-001313,CACAO AMARO · Albert Cocoa,cocoa,cocoa_powder,chocolate_cocoa,,cocoa_powder,MAIN_ALLOWED,,MAIN_CAPABLE_UNCALIBRATED,NONE,,,mapper_basement v1.0 + published product_behavior_policy_versions,Verified
PI-ING-001314,NOCCIOLA EXTRA PIEMONTE · Albert Paste,nut_paste,hazelnut_paste,nut,,paste,MAIN_ALLOWED,,MAIN_CAPABLE_UNCALIBRATED,NONE,,,mapper_basement v1.0 + published product_behavior_policy_versions,Verified
PI-ING-001315,PERA · Albert Puree,fruit,fruit_puree,fruit,,puree,MAIN_PROFILE_SPECIFIC,milk_gelato,MAIN_CAPABLE,FAMILY,main-fruit-puree-dairy,,mapper_basement v1.0 + published product_behavior_policy_versions,Verified
PI-ING-001316,DUESUTRE LAMPONE · Giuso Base Mix,base_mix,flavored_powdered_ice_cream_mix,,,powder,STANDARD_ONLY,,MAIN_TECHNICAL_BLOCKED,NONE,,standard_product_not_flavour_main,mapper_basement v1.0 + published product_behavior_policy_versions,Verified
PI-ING-001317,NERELLA · Giuso Paste · 01192155,flavor_paste,flavored_ice_cream_paste,,,flavour_paste,UNKNOWN_REQUIRES_EVIDENCE,,MAIN_CAPABLE_UNCALIBRATED,NONE,,,mapper_basement v1.0 + published product_behavior_policy_versions,Verified
PI-ING-001318,MELAGRANA · Giuso Base Mix,base_mix,flavored_powdered_ice_cream_mix,,,powder,STANDARD_ONLY,,MAIN_TECHNICAL_BLOCKED,NONE,,standard_product_not_flavour_main,mapper_basement v1.0 + published product_behavior_policy_versions,Verified
PI-ING-001319,MELA VERDE · Giuso Base Mix · 00095120,base_mix,powdered_ice_cream_mix,,,powder,STANDARD_ONLY,,MAIN_TECHNICAL_BLOCKED,NONE,,standard_product_not_flavour_main,mapper_basement v1.0 + published product_behavior_policy_versions,Verified
PI-ING-001320,F · Giuso Base Mix · 00028250,base_mix,powdered_ice_cream_mix,,,powder,STANDARD_ONLY,,MAIN_TECHNICAL_BLOCKED,NONE,,standard_product_not_flavour_main,mapper_basement v1.0 + published product_behavior_policy_versions,Verified
PI-ING-001321,LIMONE 50 · Giuso Base Mix · 00005254,base_mix,flavored_powdered_ice_cream_mix,,,powder,STANDARD_ONLY,,MAIN_TECHNICAL_BLOCKED,NONE,,standard_product_not_flavour_main,mapper_basement v1.0 + published product_behavior_policy_versions,Verified
PI-ING-001322,CIOCCOLATO SUPER 120 · Giuso Base Mix,base_mix,chocolate_powdered_ice_cream_mix,,,powder,STANDARD_ONLY,,MAIN_TECHNICAL_BLOCKED,NONE,,standard_product_not_flavour_main,mapper_basement v1.0 + published product_behavior_policy_versions,Verified
PI-ING-001323,FRUTTOSIOMIX · Giuso Base Mix,base_mix,powdered_ice_cream_mix,,,powder,STANDARD_ONLY,,MAIN_TECHNICAL_BLOCKED,NONE,,standard_product_not_flavour_main,mapper_basement v1.0 + published product_behavior_policy_versions,Verified
PI-ING-001324,CIOCCOLATO SUPER 120 · Giuso Base Mix,base_mix,chocolate_powdered_ice_cream_mix,,,powder,STANDARD_ONLY,,MAIN_TECHNICAL_BLOCKED,NONE,,standard_product_not_flavour_main,mapper_basement v1.0 + published product_behavior_policy_versions,Verified
PI-ING-001325,GG OVO · Giuso Egg Product · 00210012,egg_product,sweetened_egg_yolk,,,,STANDARD_ONLY,,MAIN_TECHNICAL_BLOCKED,NONE,,standard_product_not_flavour_main,mapper_basement v1.0 + published product_behavior_policy_versions,Verified
PI-ING-001326,FRAGOLA · Giuso Base Mix,base_mix,flavored_powdered_ice_cream_mix,,,powder,STANDARD_ONLY,,MAIN_TECHNICAL_BLOCKED,NONE,,base_recipe_not_approved,mapper_basement v1.0 + published product_behavior_policy_versions,Blocked
PI-ING-001327,FIBRAMIX · Giuso Fiber,fiber,fiber_additive,,,,STRUCTURAL_ONLY,,MAIN_TECHNICAL_BLOCKED,NONE,,structural_product_not_flavour_main,mapper_basement v1.0 + published product_behavior_policy_versions,Verified
PI-ING-001328,LIMONE 50 117 · Giuso Base Mix · ART. 117,base_mix,flavored_powdered_ice_cream_mix,,,powder,STANDARD_ONLY,,MAIN_TECHNICAL_BLOCKED,NONE,,standard_product_not_flavour_main,mapper_basement v1.0 + published product_behavior_policy_versions,Verified
PI-ING-001329,EVOLUZIONE 50 · Giuso Base Mix,base_mix,milk_powdered_ice_cream_mix,,,powder,STANDARD_ONLY,,MAIN_TECHNICAL_BLOCKED,NONE,,standard_product_not_flavour_main,mapper_basement v1.0 + published product_behavior_policy_versions,Verified
PI-ING-001330,EVOLUZIONE 100 · Giuso Base Mix,base_mix,milk_powdered_ice_cream_mix,,,powder,STANDARD_ONLY,,MAIN_TECHNICAL_BLOCKED,NONE,,standard_product_not_flavour_main,mapper_basement v1.0 + published product_behavior_policy_versions,Verified
PI-ING-001331,MULTIBASE 50 · Giuso Base Mix · 00044250,base_mix,powdered_ice_cream_base,,,powder,STANDARD_ONLY,,MAIN_TECHNICAL_BLOCKED,NONE,,standard_product_not_flavour_main,mapper_basement v1.0 + published product_behavior_policy_versions,Verified
PI-ING-001332,FRUTTUOSA ARANCIA ROSSA · Giuso Base Mix,base_mix,flavored_powdered_ice_cream_mix,,,powder,STANDARD_ONLY,,MAIN_TECHNICAL_BLOCKED,NONE,,standard_product_not_flavour_main,mapper_basement v1.0 + published product_behavior_policy_versions,Verified
PI-ING-001333,DUESUTRE TROPICALE · Giuso Base Mix,base_mix,flavored_powdered_ice_cream_mix,,,powder,STANDARD_ONLY,,MAIN_TECHNICAL_BLOCKED,NONE,,standard_product_not_flavour_main,mapper_basement v1.0 + published product_behavior_policy_versions,Verified
PI-ING-001334,PISTACCHIO SICILIA CR · CFC Paste · E141,nut,pistachio_paste,nut,,paste,MAIN_ALLOWED,,MAIN_CAPABLE_UNCALIBRATED,NONE,,,mapper_basement v1.0 + published product_behavior_policy_versions,Verified
PI-ING-001335,AMARENA DECOR TA · CFC Variegato,flavor_paste,variegato_layering_paste,,,flavour_paste,UNKNOWN_REQUIRES_EVIDENCE,,MAIN_CAPABLE_UNCALIBRATED,NONE,,,mapper_basement v1.0 + published product_behavior_policy_versions,Verified
PI-ING-001336,CHOCOLATE BISCUIT VA · CFC Variegato,flavor_paste,variegato_layering_paste,,,flavour_paste,UNKNOWN_REQUIRES_EVIDENCE,,MAIN_CAPABLE_UNCALIBRATED,NONE,,,mapper_basement v1.0 + published product_behavior_policy_versions,Verified
PI-ING-001337,BISCOTTO PISTACCHIO VA · CFC Variegato,flavor_paste,variegato_layering_paste,,,flavour_paste,UNKNOWN_REQUIRES_EVIDENCE,,MAIN_CAPABLE_UNCALIBRATED,NONE,,,mapper_basement v1.0 + published product_behavior_policy_versions,Verified
PI-ING-001338,BUONO VA · CFC Variegato,flavor_paste,variegato_layering_paste,,,flavour_paste,UNKNOWN_REQUIRES_EVIDENCE,,MAIN_CAPABLE_UNCALIBRATED,NONE,,,mapper_basement v1.0 + published product_behavior_policy_versions,Verified
PI-ING-001339,DUBAI VA · CFC Variegato,flavor_paste,variegato_layering_paste,,,flavour_paste,UNKNOWN_REQUIRES_EVIDENCE,,MAIN_CAPABLE_UNCALIBRATED,NONE,,,mapper_basement v1.0 + published product_behavior_policy_versions,Verified
PI-ING-001340,ROCHERE VA · CFC Variegato,flavor_paste,variegato_layering_paste,,,flavour_paste,UNKNOWN_REQUIRES_EVIDENCE,,MAIN_CAPABLE_UNCALIBRATED,NONE,,,mapper_basement v1.0 + published product_behavior_policy_versions,Verified
PI-ING-001341,SNICKY VA · CFC Variegato,flavor_paste,variegato_layering_paste,,,flavour_paste,UNKNOWN_REQUIRES_EVIDENCE,,MAIN_CAPABLE_UNCALIBRATED,NONE,,,mapper_basement v1.0 + published product_behavior_policy_versions,Verified
PI-ING-001342,COTTON CANDY COD · Torronalba Paste · 0573,flavor_paste,flavoring_paste,,,flavour_paste,UNKNOWN_REQUIRES_EVIDENCE,,MAIN_CAPABLE_UNCALIBRATED,NONE,,,mapper_basement v1.0 + published product_behavior_policy_versions,Verified
PI-ING-001343,MAPLE SYRUP CONCENTRATE EXTRA · Citadelle Syrup · 100%,sweetener,maple_syrup,,,syrup,STRUCTURAL_ONLY,,MAIN_TECHNICAL_BLOCKED,NONE,,structural_product_not_flavour_main,mapper_basement v1.0 + published product_behavior_policy_versions,Verified
PI-ING-001344,AGAR · Stabilizer,stabilizer,agar,,,,STRUCTURAL_ONLY,,MAIN_TECHNICAL_BLOCKED,NONE,,structural_product_not_flavour_main,mapper_basement v1.0 + published product_behavior_policy_versions,Verified
PI-ING-001345,CHICKEN EGG WHITE · Egg Product,egg_product,egg_white,,,,STANDARD_ONLY,,MAIN_TECHNICAL_BLOCKED,NONE,,standard_product_not_flavour_main,mapper_basement v1.0 + published product_behavior_policy_versions,Verified
PI-ING-001346,CHICKEN EGG WHITE · Paste,egg_product,pasteurized_egg_white,,,paste,STANDARD_ONLY,,MAIN_TECHNICAL_BLOCKED,NONE,,standard_product_not_flavour_main,mapper_basement v1.0 + published product_behavior_policy_versions,Verified
PI-ING-001347,CHICKEN EGG WHITE DRIED · Egg Product,egg_product,dried_egg_white,,,dried,STANDARD_ONLY,,MAIN_TECHNICAL_BLOCKED,NONE,,standard_product_not_flavour_main,mapper_basement v1.0 + published product_behavior_policy_versions,Verified
PI-ING-001348,BAMBOO FIBERS · Fiber,fiber,vegetable_fiber,,,,STRUCTURAL_ONLY,,MAIN_TECHNICAL_BLOCKED,NONE,,structural_product_not_flavour_main,mapper_basement v1.0 + published product_behavior_policy_versions,Verified
PI-ING-001349,APPLE FIBER PL · Lutkala Fiber,fiber,vegetable_fiber,,,,STRUCTURAL_ONLY,,MAIN_TECHNICAL_BLOCKED,NONE,,structural_product_not_flavour_main,mapper_basement v1.0 + published product_behavior_policy_versions,Verified
PI-ING-001350,SIGNOR STRUDEL · Selezione Prestige Paste · AJ01AK,flavor_paste,fruit_nut_flavor_paste,,,flavour_paste,UNKNOWN_REQUIRES_EVIDENCE,,MAIN_CAPABLE_UNCALIBRATED,NONE,,,mapper_basement v1.0 + published product_behavior_policy_versions,Verified
PI-ING-001351,ANANAS · Giuso Powder Mix · 00099120,flavor_powder,light_fruit_powder_mix,,,powder,UNKNOWN_REQUIRES_EVIDENCE,,MAIN_TECHNICAL_BLOCKED,NONE,,base_recipe_not_approved,mapper_basement v1.0 + published product_behavior_policy_versions,Blocked
PI-ING-001352,ANGURIA · Giuso Powder Mix,flavor_powder,fruit_powder_mix,,,powder,UNKNOWN_REQUIRES_EVIDENCE,,MAIN_CAPABLE_UNCALIBRATED,NONE,,,mapper_basement v1.0 + published product_behavior_policy_versions,Verified
PI-ING-001353,ASSOLUTA FRUTTA · Giuso Base,base,fruit_base_powder,,,powder,STANDARD_ONLY,,MAIN_TECHNICAL_BLOCKED,NONE,,standard_product_not_flavour_main,mapper_basement v1.0 + published product_behavior_policy_versions,Verified
PI-ING-001354,ASSOLUTA LATTE · Giuso Base,base,milk_base_powder,,,powder,STANDARD_ONLY,,MAIN_TECHNICAL_BLOCKED,NONE,,standard_product_not_flavour_main,mapper_basement v1.0 + published product_behavior_policy_versions,Verified
PI-ING-001355,BE STICK ARANCIA · Giuso Icing Powder,icing_powder,fruit_icing_powder,,,powder,STANDARD_ONLY,,MAIN_TECHNICAL_BLOCKED,NONE,,standard_product_not_flavour_main,mapper_basement v1.0 + published product_behavior_policy_versions,Verified
PI-ING-001356,BE STICK FRAGOLA · Giuso Icing Powder,icing_powder,fruit_icing_powder,,,powder,STANDARD_ONLY,,MAIN_TECHNICAL_BLOCKED,NONE,,standard_product_not_flavour_main,mapper_basement v1.0 + published product_behavior_policy_versions,Verified
PI-ING-001357,BE STICK LAMPONE · Giuso Icing Powder,icing_powder,fruit_icing_powder,,,powder,STANDARD_ONLY,,MAIN_TECHNICAL_BLOCKED,NONE,,standard_product_not_flavour_main,mapper_basement v1.0 + published product_behavior_policy_versions,Verified
PI-ING-001358,BE STICK TROPICALE · Giuso Icing Powder,icing_powder,fruit_icing_powder,,,powder,STANDARD_ONLY,,MAIN_TECHNICAL_BLOCKED,NONE,,standard_product_not_flavour_main,mapper_basement v1.0 + published product_behavior_policy_versions,Verified
PI-ING-001359,BELLOLIMONE · Giuso Powder Mix · 00024120,flavor_powder,lemon_powder_mix,,,powder,UNKNOWN_REQUIRES_EVIDENCE,,MAIN_CAPABLE_UNCALIBRATED,NONE,,,mapper_basement v1.0 + published product_behavior_policy_versions,Verified
PI-ING-001360,CACAO AMARO SOLUBILE · Giuso Cocoa · 00410012,cocoa,cocoa_powder,chocolate_cocoa,,cocoa_powder,MAIN_ALLOWED,,MAIN_CAPABLE_UNCALIBRATED,NONE,,,mapper_basement v1.0 + published product_behavior_policy_versions,Verified
PI-ING-001361,COCCO · Giuso Powder Mix · 01232100,flavor_powder,coconut_powder_mix,,,powder,UNKNOWN_REQUIRES_EVIDENCE,,MAIN_CAPABLE_UNCALIBRATED,NONE,,,mapper_basement v1.0 + published product_behavior_policy_versions,Verified
PI-ING-001362,COCCO · Giuso Powder Mix · GIU1232100,flavor_powder,coconut_powder_mix,,,powder,UNKNOWN_REQUIRES_EVIDENCE,,MAIN_CAPABLE_UNCALIBRATED,NONE,,,mapper_basement v1.0 + published product_behavior_policy_versions,Verified
PI-ING-001363,COMPLET CIOCCOLATO · Giuso Cocoa · 00040200,cocoa,chocolate_cocoa_powder_mix,chocolate_cocoa,,cocoa_powder,MAIN_ALLOWED,,MAIN_CAPABLE_UNCALIBRATED,NONE,,,mapper_basement v1.0 + published product_behavior_policy_versions,Verified
PI-ING-001364,CREMA BISCHOCO · Giuso Paste · 01370225B,flavor_paste,biscuit_chocolate_filling_paste,,,flavour_paste,UNKNOWN_REQUIRES_EVIDENCE,,MAIN_CAPABLE_UNCALIBRATED,NONE,,,mapper_basement v1.0 + published product_behavior_policy_versions,Verified
PI-ING-001365,CREMA CHOCOBELLO · Giuso Variegato,flavor_paste,chocolate_variegato_paste,,,flavour_paste,UNKNOWN_REQUIRES_EVIDENCE,,MAIN_CAPABLE_UNCALIBRATED,NONE,,,mapper_basement v1.0 + published product_behavior_policy_versions,Verified
PI-ING-001366,CREMA CHOCORE · Giuso Variegato,flavor_paste,chocolate_variegato_paste,,,flavour_paste,UNKNOWN_REQUIRES_EVIDENCE,,MAIN_CAPABLE_UNCALIBRATED,NONE,,,mapper_basement v1.0 + published product_behavior_policy_versions,Verified
PI-ING-001367,CUZCO FONDENTE CRUDO · Giuso Chocolate · BIO,chocolate,chocolate_powder_mix,chocolate_cocoa,,powder,MAIN_ALLOWED,,MAIN_CAPABLE_UNCALIBRATED,NONE,,,mapper_basement v1.0 + published product_behavior_policy_versions,Verified
PI-ING-001368,WHEAT FIBER · Fiber,fiber,wheat_fiber,,,,STRUCTURAL_ONLY,,MAIN_TECHNICAL_BLOCKED,NONE,,structural_product_not_flavour_main,mapper_basement v1.0 + published product_behavior_policy_versions,Verified
PI-ING-001369,INVERT SUGAR · Sweetener,sweetener,invert_sugar,,,,STRUCTURAL_ONLY,,MAIN_TECHNICAL_BLOCKED,NONE,,structural_product_not_flavour_main,mapper_basement v1.0 + published product_behavior_policy_versions,Verified
PI-ING-001370,INVERT SUGAR SYRUP · Syrup,sweetener,invert_sugar_syrup,,,syrup,STRUCTURAL_ONLY,,MAIN_TECHNICAL_BLOCKED,NONE,,structural_product_not_flavour_main,mapper_basement v1.0 + published product_behavior_policy_versions,Verified
PI-ING-001371,MUSCOVADO SUGAR · Sweetener,sweetener,muscovado_sugar,,,,STRUCTURAL_ONLY,,MAIN_TECHNICAL_BLOCKED,NONE,,structural_product_not_flavour_main,mapper_basement v1.0 + published product_behavior_policy_versions,Verified
PI-ING-001372,ERYTHRITOL · Sweetener,sweetener,polyol_sweetener,,,,STRUCTURAL_ONLY,,MAIN_TECHNICAL_BLOCKED,NONE,,base_recipe_not_approved,mapper_basement v1.0 + published product_behavior_policy_versions,Blocked
PI-ING-001373,FRIMULSION FIP · Tate & Lyle Fiber,fiber,inulin_citrus_fiber_fructose_blend,,,,STRUCTURAL_ONLY,,MAIN_TECHNICAL_BLOCKED,NONE,,structural_product_not_flavour_main,mapper_basement v1.0 + published product_behavior_policy_versions,Verified
PI-ING-001374,FRIMULSION FIB · Tate & Lyle Fiber,fiber,inulin_oligofructose_blend,,,,STRUCTURAL_ONLY,,MAIN_TECHNICAL_BLOCKED,NONE,,structural_product_not_flavour_main,mapper_basement v1.0 + published product_behavior_policy_versions,Verified
PI-ING-001375,FRISTAB LN · Tate & Lyle Stabilizer · 80001119,stabilizer,stabilizer_blend,,,,STRUCTURAL_ONLY,,MAIN_TECHNICAL_BLOCKED,NONE,,structural_product_not_flavour_main,mapper_basement v1.0 + published product_behavior_policy_versions,Verified
PI-ING-001376,GLYCERIN · Sweetener,sweetener,glycerin_polyol,,,,STRUCTURAL_ONLY,,MAIN_TECHNICAL_BLOCKED,NONE,,base_recipe_not_approved,mapper_basement v1.0 + published product_behavior_policy_versions,Blocked
PI-ING-001377,CASSIA GUM · Stabilizer · E427,stabilizer,cassia_gum,,,,STRUCTURAL_ONLY,,MAIN_TECHNICAL_BLOCKED,NONE,,structural_product_not_flavour_main,mapper_basement v1.0 + published product_behavior_policy_versions,Verified
PI-ING-001378,XANTHAN GUM · Stabilizer,stabilizer,xanthan_gum,,,,STRUCTURAL_ONLY,,MAIN_TECHNICAL_BLOCKED,NONE,,structural_product_not_flavour_main,mapper_basement v1.0 + published product_behavior_policy_versions,Verified
PI-ING-001379,HAMULSION SAH · Tate & Lyle Milk,dairy,milk_whey_protein_blend,,,,STANDARD_ONLY,,MAIN_TECHNICAL_BLOCKED,NONE,,standard_product_not_flavour_main,mapper_basement v1.0 + published product_behavior_policy_versions,Verified
PI-ING-001380,EGGS CHICKEN · Paste,egg_product,pasteurized_whole_egg,,,paste,STANDARD_ONLY,,MAIN_TECHNICAL_BLOCKED,NONE,,standard_product_not_flavour_main,mapper_basement v1.0 + published product_behavior_policy_versions,Verified
PI-ING-001381,SUGAR CARAMEL · Sweetener,sweetener,caramelized_sugar,caramel,,,STRUCTURAL_ONLY,,MAIN_TECHNICAL_BLOCKED,NONE,,structural_product_not_flavour_main,mapper_basement v1.0 + published product_behavior_policy_versions,Verified
PI-ING-001382,XYLITOL · Sweetener,sweetener,polyol_sweetener,,,,STRUCTURAL_ONLY,,MAIN_TECHNICAL_BLOCKED,NONE,,base_recipe_not_approved,mapper_basement v1.0 + published product_behavior_policy_versions,Blocked
PI-ING-001384,LOCUST BEAN GUM · Stabilizer,stabilizer,locust_bean_gum,,,,STRUCTURAL_ONLY,,MAIN_TECHNICAL_BLOCKED,NONE,,structural_product_not_flavour_main,mapper_basement v1.0 + published product_behavior_policy_versions,Verified
PI-ING-001385,MALTITOL · Sweetener,sweetener,polyol_sweetener,,,,STRUCTURAL_ONLY,,MAIN_TECHNICAL_BLOCKED,NONE,,base_recipe_not_approved,mapper_basement v1.0 + published product_behavior_policy_versions,Blocked
PI-ING-001386,CREAM 18% · OSM Bochnia Cream · Chilled,dairy,cream_18_percent,,,,STANDARD_ONLY,,MAIN_TECHNICAL_BLOCKED,NONE,,standard_product_not_flavour_main,mapper_basement v1.0 + published product_behavior_policy_versions,Verified
PI-ING-001387,CREAM 33% · Cream · Chilled,dairy,cream_33_percent,,,,STANDARD_ONLY,,MAIN_TECHNICAL_BLOCKED,NONE,,standard_product_not_flavour_main,mapper_basement v1.0 + published product_behavior_policy_versions,Verified
PI-ING-001388,CREAM PL 33% · Suprima Cream,dairy,cream_33_percent_uht,,,,STANDARD_ONLY,,MAIN_TECHNICAL_BLOCKED,NONE,,standard_product_not_flavour_main,mapper_basement v1.0 + published product_behavior_policy_versions,Verified
PI-ING-001390,CREAM 36% · Cream,dairy,cream_36_percent_uht,,,,STANDARD_ONLY,,MAIN_TECHNICAL_BLOCKED,NONE,,standard_product_not_flavour_main,mapper_basement v1.0 + published product_behavior_policy_versions,Verified
PI-ING-001392,WHIPPING CREAM · Tesco Cream · Chilled,dairy,fresh_whipping_cream,,,fresh,STANDARD_ONLY,,MAIN_TECHNICAL_BLOCKED,NONE,,standard_product_not_flavour_main,mapper_basement v1.0 + published product_behavior_policy_versions,Verified
PI-ING-001393,KANGAROO CREAM 11 · dlalodziarza.pl Base Mix,base_mix,powdered_ice_cream_mix,,,powder,STANDARD_ONLY,,MAIN_TECHNICAL_BLOCKED,NONE,,standard_product_not_flavour_main,mapper_basement v1.0 + published product_behavior_policy_versions,Verified
PI-ING-001394,COTTAGE CHEESE · Dairy · Chilled · BIO,dairy,cottage_cheese,,,,STANDARD_ONLY,,MAIN_TECHNICAL_BLOCKED,NONE,,standard_product_not_flavour_main,mapper_basement v1.0 + published product_behavior_policy_versions,Verified
PI-ING-001395,SKYR ICELANDIC YOGHURT · Piątnica Yogurt · Chilled,dairy,skyr_yoghurt,dairy_flavour,,,UNKNOWN_REQUIRES_EVIDENCE,,MAIN_CAPABLE_UNCALIBRATED,NONE,,,mapper_basement v1.0 + published product_behavior_policy_versions,Verified
PI-ING-001396,FATTY COTTAGE CHEESE FAT 8% · Piątnica Dairy · Chilled,dairy,fatty_cottage_cheese_8_percent,dairy_flavour,,,UNKNOWN_REQUIRES_EVIDENCE,,MAIN_CAPABLE_UNCALIBRATED,NONE,,,mapper_basement v1.0 + published product_behavior_policy_versions,Verified
PI-ING-001397,FATTY COTTAGE CHEESE · Mlekovita Dairy · Chilled,dairy,fatty_cottage_cheese,dairy_flavour,,,UNKNOWN_REQUIRES_EVIDENCE,,MAIN_CAPABLE_UNCALIBRATED,NONE,,,mapper_basement v1.0 + published product_behavior_policy_versions,Verified
PI-ING-001398,BRANDY COGNAC,alcohol,brandy_cognac,alcohol,,alcoholic_beverage,MAIN_ALLOWED,,MAIN_CAPABLE_UNCALIBRATED,NONE,,,mapper_basement v1.0 + published product_behavior_policy_versions,Verified
PI-ING-001399,CAMPARI · Bitter Aperitivo · Superseded,alcohol,campari,alcohol,,alcoholic_beverage,MAIN_ALLOWED,,MAIN_TECHNICAL_BLOCKED,NONE,,base_recipe_not_approved,mapper_basement v1.0 + published product_behavior_policy_versions,Superseded Duplicate
PI-ING-001400,CAMPARI · Bitter Aperitivo · 25% Vol,alcohol,campari_25_percent,alcohol,,alcoholic_beverage,MAIN_ALLOWED,,MAIN_CAPABLE_UNCALIBRATED,NONE,,,mapper_basement v1.0 + published product_behavior_policy_versions,Verified / PI Calculated
PI-ING-001401,SWEET POTATO · Vegetable · Fresh,vegetable,root_vegetable,,,,STANDARD_ONLY,,MAIN_TECHNICAL_BLOCKED,NONE,,standard_product_not_flavour_main,mapper_basement v1.0 + published product_behavior_policy_versions,Verified
PI-ING-001402,TAHINI · Paste,nut,sesame_paste,nut,,paste,MAIN_ALLOWED,,MAIN_CAPABLE_UNCALIBRATED,NONE,,,mapper_basement v1.0 + published product_behavior_policy_versions,Verified
PI-ING-001403,SESAME TAHINI · Pi-NUTS Paste · 100% Nut,nut,sesame_paste,nut,,paste,MAIN_ALLOWED,,MAIN_CAPABLE_UNCALIBRATED,NONE,,,mapper_basement v1.0 + published product_behavior_policy_versions,Verified
PI-ING-001404,TIRAMISU TREVISO · Idea Gelato Paste · 011037,flavor_paste,flavored_ice_cream_paste,,,flavour_paste,UNKNOWN_REQUIRES_EVIDENCE,,MAIN_CAPABLE_UNCALIBRATED,NONE,,,mapper_basement v1.0 + published product_behavior_policy_versions,Verified
PI-ING-001405,GRAPE GREEN · Fresh Fruit,fruit,fresh_fruit_profile,fruit,,fresh,MAIN_PROFILE_SPECIFIC,milk_gelato,MAIN_CAPABLE,FAMILY,main-fruit-fresh-dairy,,mapper_basement v1.0 + published product_behavior_policy_versions,Verified
PI-ING-001406,GRAPE · Fresh Fruit,fruit,fresh_fruit_profile,fruit,,fresh,MAIN_PROFILE_SPECIFIC,milk_gelato,MAIN_CAPABLE,FAMILY,main-fruit-fresh-dairy,,mapper_basement v1.0 + published product_behavior_policy_versions,Verified
PI-ING-001407,CHERRIES · Frozen Fruit,fruit,frozen_fruit_profile,fruit,,frozen,MAIN_ALLOWED,,MAIN_CAPABLE_UNCALIBRATED,NONE,,,mapper_basement v1.0 + published product_behavior_policy_versions,Verified
PI-ING-001408,SOUR CHERRIES · Fresh Fruit,fruit,fresh_fruit_profile,fruit,,fresh,MAIN_PROFILE_SPECIFIC,milk_gelato,MAIN_CAPABLE,FAMILY,main-fruit-fresh-dairy,,mapper_basement v1.0 + published product_behavior_policy_versions,Verified
PI-ING-001409,WATER · Liquid,liquid,water,,,liquid,STRUCTURAL_ONLY,,MAIN_TECHNICAL_BLOCKED,NONE,,structural_product_not_flavour_main,mapper_basement v1.0 + published product_behavior_policy_versions,Verified
PI-ING-001410,WHOLEMEAL DRY RYE SOURDOUGH · Cereal,cereal,rye_sourdough,,,,STANDARD_ONLY,,MAIN_TECHNICAL_BLOCKED,NONE,,standard_product_not_flavour_main,mapper_basement v1.0 + published product_behavior_policy_versions,Verified
PI-ING-001411,SESAME SEEDS · Nut,nut,sesame_seeds,nut,,,UNKNOWN_REQUIRES_EVIDENCE,,MAIN_CAPABLE_UNCALIBRATED,NONE,,,mapper_basement v1.0 + published product_behavior_policy_versions,Verified
PI-ING-001412,SUNFLOWER SEEDS DRIED · Nut,nut,sunflower_seeds,nut,,,UNKNOWN_REQUIRES_EVIDENCE,,MAIN_CAPABLE_UNCALIBRATED,NONE,,,mapper_basement v1.0 + published product_behavior_policy_versions,Verified
PI-ING-001413,GELATO 100 · Elements Gelato Base Mix,base_mix,milk_base_powder,,,powder,STANDARD_ONLY,,MAIN_TECHNICAL_BLOCKED,NONE,,standard_product_not_flavour_main,mapper_basement v1.0 + published product_behavior_policy_versions,Verified
PI-ING-001414,SALMON ATLANTIC · Protein · Chilled,protein,fish,,,,PROTEIN_CONTRIBUTOR_ONLY,,MAIN_TECHNICAL_BLOCKED,NONE,,protein_contributor_not_flavour_main,mapper_basement v1.0 + published product_behavior_policy_versions,Verified
PI-ING-001415,SORBETTO · Elements Gelato Base Mix,base_mix,sorbet_base_powder,,,powder,STANDARD_ONLY,,MAIN_TECHNICAL_BLOCKED,NONE,,standard_product_not_flavour_main,mapper_basement v1.0 + published product_behavior_policy_versions,Verified
PI-ING-001416,POTATO STARCH · Starch,starch,potato_starch,,,,STRUCTURAL_ONLY,,MAIN_TECHNICAL_BLOCKED,NONE,,structural_product_not_flavour_main,mapper_basement v1.0 + published product_behavior_policy_versions,Verified
PI-ING-001418,CELERY · Vegetable · Fresh,vegetable,stalk_vegetable,,,,STANDARD_ONLY,,MAIN_TECHNICAL_BLOCKED,NONE,,standard_product_not_flavour_main,mapper_basement v1.0 + published product_behavior_policy_versions,Verified
PI-ING-001419,MOZZARELLA 45% · Dairy · Chilled,dairy,mozzarella_cheese,,,,STANDARD_ONLY,,MAIN_TECHNICAL_BLOCKED,NONE,,standard_product_not_flavour_main,mapper_basement v1.0 + published product_behavior_policy_versions,Verified
PI-ING-001420,SICILIAN CANNOLI DARK · Tedesco Bakery Inclusion,bakery_inclusion,wafer_shell,bakery_cookie,,,TOPPING_ONLY,,MAIN_TECHNICAL_BLOCKED,NONE,,post_process_product_not_base_main,mapper_basement v1.0 + published product_behavior_policy_versions,Verified
PI-ING-001421,PLUMS · Fresh Fruit,fruit,fresh_fruit_profile,fruit,,fresh,MAIN_PROFILE_SPECIFIC,milk_gelato,MAIN_CAPABLE,FAMILY,main-fruit-fresh-dairy,,mapper_basement v1.0 + published product_behavior_policy_versions,Verified
PI-ING-001422,SOYA · Sauce,sauce,soy_sauce,,,,STANDARD_ONLY,,MAIN_TECHNICAL_BLOCKED,NONE,,standard_product_not_flavour_main,mapper_basement v1.0 + published product_behavior_policy_versions,Verified
PI-ING-001423,SPIRULINA BLUE SPI · KoRo Colorant,colorant,spirulina_blue_powder,,,powder,STRUCTURAL_ONLY,,MAIN_TECHNICAL_BLOCKED,NONE,,structural_product_not_flavour_main,mapper_basement v1.0 + published product_behavior_policy_versions,Verified
PI-ING-001424,STEVIA · Sweetener,sweetener,high_intensity_sweetener,,,,STRUCTURAL_ONLY,,MAIN_TECHNICAL_BLOCKED,NONE,,base_recipe_not_approved,mapper_basement v1.0 + published product_behavior_policy_versions,Blocked
PI-ING-001427,SUCRALOSE · Sweetener,sweetener,high_intensity_sweetener,,,,STRUCTURAL_ONLY,,MAIN_TECHNICAL_BLOCKED,NONE,,base_recipe_not_approved,mapper_basement v1.0 + published product_behavior_policy_versions,Blocked
PI-ING-001428,DRIED PLUM · Fresh Fruit,fruit,dried_fruit_profile,fruit,,dried,MAIN_ALLOWED,,MAIN_CAPABLE_UNCALIBRATED,NONE,,,mapper_basement v1.0 + published product_behavior_policy_versions,Verified
PI-ING-001429,DRIED LAVENDER FLOWERS · Botanical,botanical,dried_flower,spice_herb,,dried,MAIN_ALLOWED,,MAIN_CAPABLE_UNCALIBRATED,NONE,,,mapper_basement v1.0 + published product_behavior_policy_versions,Verified
PI-ING-001430,ROSE PETALS · Botanical · Fresh,botanical,fresh_flower,spice_herb,,fresh,MAIN_ALLOWED,,MAIN_CAPABLE_UNCALIBRATED,NONE,,,mapper_basement v1.0 + published product_behavior_policy_versions,Verified
PI-ING-001431,ASPARAGUS GREEN · Vegetable · Fresh,vegetable,green_vegetable,,,,STANDARD_ONLY,,MAIN_TECHNICAL_BLOCKED,NONE,,standard_product_not_flavour_main,mapper_basement v1.0 + published product_behavior_policy_versions,Verified
PI-ING-001432,ASPARAGUS TYPES · Vegetable · Fresh,vegetable,vegetable_general,,,,STANDARD_ONLY,,MAIN_TECHNICAL_BLOCKED,NONE,,standard_product_not_flavour_main,mapper_basement v1.0 + published product_behavior_policy_versions,Verified
PI-ING-001433,SPINACH · Vegetable · Fresh,vegetable,leafy_green,,,,STANDARD_ONLY,,MAIN_TECHNICAL_BLOCKED,NONE,,standard_product_not_flavour_main,mapper_basement v1.0 + published product_behavior_policy_versions,Verified
PI-ING-001434,BARLEY MALT · Cereal,cereal,malt,,,,STANDARD_ONLY,,MAIN_TECHNICAL_BLOCKED,NONE,,standard_product_not_flavour_main,mapper_basement v1.0 + published product_behavior_policy_versions,Verified
PI-ING-001435,STRAWBERRY PUR KERRY · Ravifruit Puree · Frozen · 20374231,fruit,sweetened_fruit_puree,fruit,berry,puree,MAIN_PROFILE_SPECIFIC,milk_gelato,MAIN_CAPABLE,FAMILY,main-berry-puree-dairy|main-fruit-puree-dairy,,mapper_basement v1.0 + published product_behavior_policy_versions,Verified
PI-ING-001436,WHITE PEACH PUR KERRY · Ravifruit Puree · Frozen · 20374265,fruit,sweetened_fruit_puree,fruit,,puree,MAIN_PROFILE_SPECIFIC,milk_gelato,MAIN_CAPABLE,FAMILY,main-fruit-puree-dairy,,mapper_basement v1.0 + published product_behavior_policy_versions,Verified
PI-ING-001437,RED COCKTAIL P KERRY · Ravifruit Puree · Frozen · 20374988,fruit,sweetened_fruit_puree_blend,fruit,,puree,MAIN_PROFILE_SPECIFIC,milk_gelato,MAIN_CAPABLE,FAMILY,main-fruit-puree-dairy,,mapper_basement v1.0 + published product_behavior_policy_versions,Verified
PI-ING-001438,WHITE CHOCOLATE W2 · Callebaut Chocolate,chocolate,white_chocolate,chocolate_cocoa,,,UNKNOWN_REQUIRES_EVIDENCE,,MAIN_CAPABLE_UNCALIBRATED,NONE,,,mapper_basement v1.0 + published product_behavior_policy_versions,Verified
PI-ING-001439,GREASE CREAM · Antar Fat,fat,hydrogenated_coconut_fat,,,,STANDARD_ONLY,,MAIN_TECHNICAL_BLOCKED,NONE,,standard_product_not_flavour_main,mapper_basement v1.0 + published product_behavior_policy_versions,Verified
PI-ING-001440,AYRAN · Maluta Milk · Chilled,dairy,fermented_milk_drink,dairy_flavour,,liquid,MAIN_ALLOWED,,MAIN_CAPABLE_UNCALIBRATED,NONE,,,mapper_basement v1.0 + published product_behavior_policy_versions,Verified
PI-ING-001441,FLORA SOFT CREAM · Upfield Base Mix · Chilled,base_mix,plant_soft_ice_cream_mix,,,,STANDARD_ONLY,,MAIN_TECHNICAL_BLOCKED,NONE,,standard_product_not_flavour_main,mapper_basement v1.0 + published product_behavior_policy_versions,Verified
PI-ING-001442,CLOTTED CREAM CORNISH · Roddas Cream · Chilled,dairy,clotted_cream,,,,STANDARD_ONLY,,MAIN_TECHNICAL_BLOCKED,NONE,,standard_product_not_flavour_main,mapper_basement v1.0 + published product_behavior_policy_versions,Verified
PI-ING-001443,YOGHURT 9% · Yogurt · Chilled,dairy,yoghurt_9_percent,dairy_flavour,,,UNKNOWN_REQUIRES_EVIDENCE,,MAIN_CAPABLE_UNCALIBRATED,NONE,,,mapper_basement v1.0 + published product_behavior_policy_versions,Verified
PI-ING-001444,BLUE CHEESE ROQUEFORT · Dairy · Chilled,dairy,blue_cheese_roquefort,dairy_flavour,,,UNKNOWN_REQUIRES_EVIDENCE,,MAIN_CAPABLE_UNCALIBRATED,NONE,,,mapper_basement v1.0 + published product_behavior_policy_versions,Verified
PI-ING-001445,CHEESE BRIE 60% · Dairy · Chilled,dairy,brie_cheese,dairy_flavour,,,UNKNOWN_REQUIRES_EVIDENCE,,MAIN_CAPABLE_UNCALIBRATED,NONE,,,mapper_basement v1.0 + published product_behavior_policy_versions,Verified
PI-ING-001446,GORGONZOLA DOLCE CHEESE · IGOR Dairy · Chilled,dairy,gorgonzola_cheese,,,,STANDARD_ONLY,,MAIN_TECHNICAL_BLOCKED,NONE,,standard_product_not_flavour_main,mapper_basement v1.0 + published product_behavior_policy_versions,Verified
PI-ING-001447,PARMESAN FIDM 32% · Dairy · Chilled,dairy,parmesan_cheese,dairy_flavour,,,UNKNOWN_REQUIRES_EVIDENCE,,MAIN_CAPABLE_UNCALIBRATED,NONE,,,mapper_basement v1.0 + published product_behavior_policy_versions,Verified
PI-ING-001448,BLUE CHEESE · Dairy · Chilled,dairy,blue_cheese,dairy_flavour,,,UNKNOWN_REQUIRES_EVIDENCE,,MAIN_CAPABLE_UNCALIBRATED,NONE,,,mapper_basement v1.0 + published product_behavior_policy_versions,Verified
PI-ING-001449,FULL FAT SOFT CHEESE · ASDA Dairy · Chilled,dairy,soft_cheese,dairy_flavour,,,UNKNOWN_REQUIRES_EVIDENCE,,MAIN_CAPABLE_UNCALIBRATED,NONE,,,mapper_basement v1.0 + published product_behavior_policy_versions,Verified
PI-ING-001450,SOFT CHEESE · Philadelphia Cream · Chilled,dairy,cream_cheese,dairy_flavour,,,UNKNOWN_REQUIRES_EVIDENCE,,MAIN_CAPABLE_UNCALIBRATED,NONE,,,mapper_basement v1.0 + published product_behavior_policy_versions,Verified
PI-ING-001451,SKYR FAT 0.2% · Dairy · Chilled,dairy,skyr_yoghurt,dairy_flavour,,,UNKNOWN_REQUIRES_EVIDENCE,,MAIN_CAPABLE_UNCALIBRATED,NONE,,,mapper_basement v1.0 + published product_behavior_policy_versions,Verified
PI-ING-001452,SUGAR BEET MOLASSES · Sweetener,sweetener,sugar_beet_molasses,,,,STRUCTURAL_ONLY,,MAIN_TECHNICAL_BLOCKED,NONE,,structural_product_not_flavour_main,mapper_basement v1.0 + published product_behavior_policy_versions,Verified
PI-ING-001454,HONEY · Sweetener,sweetener,honey,honey,,,STRUCTURAL_ONLY,,MAIN_TECHNICAL_BLOCKED,NONE,,structural_product_not_flavour_main,mapper_basement v1.0 + published product_behavior_policy_versions,Verified
PI-ING-001455,BUCKWHEAT HONEY · Sweetener,sweetener,honey,honey,,,STRUCTURAL_ONLY,,MAIN_TECHNICAL_BLOCKED,NONE,,structural_product_not_flavour_main,mapper_basement v1.0 + published product_behavior_policy_versions,Verified
PI-ING-001456,MULTIFLORAL NECTAR HONEY · Sweetener,sweetener,honey,honey,,,STRUCTURAL_ONLY,,MAIN_TECHNICAL_BLOCKED,NONE,,structural_product_not_flavour_main,mapper_basement v1.0 + published product_behavior_policy_versions,Verified
PI-ING-001457,HONEY ALMOND · Pregel Variegato · ST-97502,flavor_paste,honey_almond_variegato_paste,,,flavour_paste,UNKNOWN_REQUIRES_EVIDENCE,,MAIN_CAPABLE_UNCALIBRATED,NONE,,,mapper_basement v1.0 + published product_behavior_policy_versions,Verified
PI-ING-001458,HONEYCOMB · MEC3 Variegato · 14732,flavor_paste,honeycomb_variegato_paste,,,flavour_paste,UNKNOWN_REQUIRES_EVIDENCE,,MAIN_CAPABLE_UNCALIBRATED,NONE,,,mapper_basement v1.0 + published product_behavior_policy_versions,Verified
PI-ING-001461,PECTIN · Stabilizer,stabilizer,pectin,,,,STRUCTURAL_ONLY,,MAIN_TECHNICAL_BLOCKED,NONE,,structural_product_not_flavour_main,mapper_basement v1.0 + published product_behavior_policy_versions,Verified
PI-ING-001462,ROSE PETALS R A · Polska Róża Botanical,botanical,rose_petals_in_sugar,spice_herb,,,UNKNOWN_REQUIRES_EVIDENCE,,MAIN_CAPABLE_UNCALIBRATED,NONE,,,mapper_basement v1.0 + published product_behavior_policy_versions,Verified
PI-ING-001463,CORN STARCH · Starch,starch,corn_starch,,,,STRUCTURAL_ONLY,,MAIN_TECHNICAL_BLOCKED,NONE,,structural_product_not_flavour_main,mapper_basement v1.0 + published product_behavior_policy_versions,Verified
PI-ING-001464,CORN STARCH MAIZE · Starch,starch,corn_starch,,,,STRUCTURAL_ONLY,,MAIN_TECHNICAL_BLOCKED,NONE,,structural_product_not_flavour_main,mapper_basement v1.0 + published product_behavior_policy_versions,Verified
PI-ING-001465,RICE STARCH · Starch,starch,rice_starch,,,,STRUCTURAL_ONLY,,MAIN_TECHNICAL_BLOCKED,NONE,,structural_product_not_flavour_main,mapper_basement v1.0 + published product_behavior_policy_versions,Verified
PI-ING-001466,SORBITOL · Sweetener,sweetener,polyol_sweetener,,,,STRUCTURAL_ONLY,,MAIN_TECHNICAL_BLOCKED,NONE,,base_recipe_not_approved,mapper_basement v1.0 + published product_behavior_policy_versions,Blocked
PI-ING-001467,SUGAR SYRUP · Syrup · 60%,sweetener,sugar_syrup_60_percent,,,syrup,STRUCTURAL_ONLY,,MAIN_TECHNICAL_BLOCKED,NONE,,structural_product_not_flavour_main,mapper_basement v1.0 + published product_behavior_policy_versions,Verified
PI-ING-001468,PERFRUTTA CREMOSA · Albert Base Mix,base_mix,powdered_ice_cream_mix,,,powder,STANDARD_ONLY,,MAIN_TECHNICAL_BLOCKED,NONE,,standard_product_not_flavour_main,mapper_basement v1.0 + published product_behavior_policy_versions,Verified
PI-ING-001469,PISTACCHIO GRAN RISERVA · Albert Paste,nut,pistachio_paste,nut,,paste,MAIN_ALLOWED,,MAIN_CAPABLE_UNCALIBRATED,NONE,,,mapper_basement v1.0 + published product_behavior_policy_versions,Verified
PI-ING-001470,PUFFY · Albert Paste,flavor_paste,flavored_ice_cream_paste,,,flavour_paste,UNKNOWN_REQUIRES_EVIDENCE,,MAIN_CAPABLE_UNCALIBRATED,NONE,,,mapper_basement v1.0 + published product_behavior_policy_versions,Verified
PI-ING-001471,SUPER LIME E MENTA · Albert Base Mix,base_mix,flavored_powdered_ice_cream_mix,,,powder,STANDARD_ONLY,,MAIN_TECHNICAL_BLOCKED,NONE,,standard_product_not_flavour_main,mapper_basement v1.0 + published product_behavior_policy_versions,Verified
PI-ING-001472,PISTACCHIO MEDITERRANEO · Montebianco Paste · 297010,nut,pistachio_paste,nut,,paste,MAIN_ALLOWED,,MAIN_CAPABLE_UNCALIBRATED,NONE,,,mapper_basement v1.0 + published product_behavior_policy_versions,Verified
PI-ING-001473,TORTA PARADISO · Montebianco Paste · 201139M,flavor_paste,flavored_ice_cream_paste,,,flavour_paste,UNKNOWN_REQUIRES_EVIDENCE,,MAIN_CAPABLE_UNCALIBRATED,NONE,,,mapper_basement v1.0 + published product_behavior_policy_versions,Verified
PI-ING-001474,RASPBERRY · Backaldrin Variegato · 875057,flavor_paste,fruit_variegato_paste,,,flavour_paste,UNKNOWN_REQUIRES_EVIDENCE,,MAIN_CAPABLE_UNCALIBRATED,NONE,,,mapper_basement v1.0 + published product_behavior_policy_versions,Verified
PI-ING-001475,RICE PUDDING FLAVOURING · Backaldrin Paste · 873138,flavor_paste,flavoring_paste,,,flavour_paste,UNKNOWN_REQUIRES_EVIDENCE,,MAIN_CAPABLE_UNCALIBRATED,NONE,,,mapper_basement v1.0 + published product_behavior_policy_versions,Verified
PI-ING-001476,STRAWBERRY · Backaldrin Paste · 873114,flavor_paste,flavoring_paste,,,flavour_paste,UNKNOWN_REQUIRES_EVIDENCE,,MAIN_CAPABLE_UNCALIBRATED,NONE,,,mapper_basement v1.0 + published product_behavior_policy_versions,Verified
PI-ING-001477,STRAWBERRY · Backaldrin Variegato · 875044,flavor_paste,fruit_variegato_paste,,,flavour_paste,UNKNOWN_REQUIRES_EVIDENCE,,MAIN_CAPABLE_UNCALIBRATED,NONE,,,mapper_basement v1.0 + published product_behavior_policy_versions,Verified
PI-ING-001478,TECHNOFRUIT · Backaldrin Base Mix · 840122,base_mix,powdered_ice_cream_mix,,,powder,STANDARD_ONLY,,MAIN_TECHNICAL_BLOCKED,NONE,,standard_product_not_flavour_main,mapper_basement v1.0 + published product_behavior_policy_versions,Verified
PI-ING-001479,BROWNIES · Backaldrin Variegato · 875206,flavor_paste,variegato_layering_paste,,,flavour_paste,UNKNOWN_REQUIRES_EVIDENCE,,MAIN_CAPABLE_UNCALIBRATED,NONE,,,mapper_basement v1.0 + published product_behavior_policy_versions,Verified
PI-ING-001480,MARACUJA · Backaldrin Variegato · 875047,flavor_paste,fruit_variegato_paste,,,flavour_paste,UNKNOWN_REQUIRES_EVIDENCE,,MAIN_CAPABLE_UNCALIBRATED,NONE,,,mapper_basement v1.0 + published product_behavior_policy_versions,Verified
PI-ING-001481,ARIBA DARK DISCS · Master Martini Paste · AQ49FF,chocolate,dark_chocolate_paste,chocolate_cocoa,,dark_chocolate,MAIN_ALLOWED,,MAIN_CAPABLE_UNCALIBRATED,NONE,,,mapper_basement v1.0 + published product_behavior_policy_versions,Verified
PI-ING-001482,GOLD 50 F · Master Martini Base Mix · AI70YS,base_mix,milk_base_powder,,,powder,STANDARD_ONLY,,MAIN_TECHNICAL_BLOCKED,NONE,,standard_product_not_flavour_main,mapper_basement v1.0 + published product_behavior_policy_versions,Verified
PI-ING-001483,CROK COCOWAFELLO · Master Martini Paste · AE37PL,flavor_paste,nut_chocolate_paste,,,flavour_paste,UNKNOWN_REQUIRES_EVIDENCE,,MAIN_CAPABLE_UNCALIBRATED,NONE,,,mapper_basement v1.0 + published product_behavior_policy_versions,Verified
PI-ING-001484,CROK CRISPIES BIANCA · Master Martini Variegato · AX43NA,flavor_paste,variegato_layering_paste,,,flavour_paste,UNKNOWN_REQUIRES_EVIDENCE,,MAIN_CAPABLE_UNCALIBRATED,NONE,,,mapper_basement v1.0 + published product_behavior_policy_versions,Verified
PI-ING-001485,CROK DARK BISCUIT · Master Martini Paste · AX43MM,flavor_paste,biscuit_chocolate_filling_paste,,,flavour_paste,UNKNOWN_REQUIRES_EVIDENCE,,MAIN_CAPABLE_UNCALIBRATED,NONE,,,mapper_basement v1.0 + published product_behavior_policy_versions,Verified
PI-ING-001486,FLUFOUR GIANDUJI · Master Martini Paste · AX52FG,flavor_paste,hazelnut_cocoa_paste,,,flavour_paste,UNKNOWN_REQUIRES_EVIDENCE,,MAIN_CAPABLE_UNCALIBRATED,NONE,,,mapper_basement v1.0 + published product_behavior_policy_versions,Verified
PI-ING-001487,GRAN LATTE E NOCCIOLA · Master Martini Paste · AX52DC,flavor_paste,hazelnut_milk_filling,,,flavour_paste,UNKNOWN_REQUIRES_EVIDENCE,,MAIN_CAPABLE_UNCALIBRATED,NONE,,,mapper_basement v1.0 + published product_behavior_policy_versions,Verified
PI-ING-001488,CENTRIFUGATI EXOTIC · Master Martini Base Mix · AI70BB,base_mix,flavored_powdered_ice_cream_mix,,,powder,STANDARD_ONLY,,MAIN_TECHNICAL_BLOCKED,NONE,,standard_product_not_flavour_main,mapper_basement v1.0 + published product_behavior_policy_versions,Verified
PI-ING-001489,DIAMANTE ALMOND AVORIO · Master Martini Paste · AE37PQ,nut,almond_paste,nut,,paste,MAIN_ALLOWED,,MAIN_CAPABLE_UNCALIBRATED,NONE,,,mapper_basement v1.0 + published product_behavior_policy_versions,Verified
PI-ING-001490,FRUTTA 50 · Master Martini Base Mix · AI70XJ,base_mix,fruit_powder_mix,,,powder,STANDARD_ONLY,,MAIN_TECHNICAL_BLOCKED,NONE,,standard_product_not_flavour_main,mapper_basement v1.0 + published product_behavior_policy_versions,Verified
PI-ING-001491,ANGURIA · Master Martini Base Mix · AI70FC,base_mix,flavored_powdered_ice_cream_mix,,,powder,STANDARD_ONLY,,MAIN_TECHNICAL_BLOCKED,NONE,,standard_product_not_flavour_main,mapper_basement v1.0 + published product_behavior_policy_versions,Verified
PI-ING-001492,PEPPER BLACK · Spice,spice,black_pepper,spice_herb,,,UNKNOWN_REQUIRES_EVIDENCE,,MAIN_CAPABLE_UNCALIBRATED,NONE,,,mapper_basement v1.0 + published product_behavior_policy_versions,Verified
PI-ING-001493,PEPPER WHITE · Spice,spice,white_pepper,spice_herb,,,UNKNOWN_REQUIRES_EVIDENCE,,MAIN_CAPABLE_UNCALIBRATED,NONE,,,mapper_basement v1.0 + published product_behavior_policy_versions,Verified
PI-ING-001494,QUINCES · Fresh Fruit,fruit,fresh_fruit_profile,fruit,,fresh,MAIN_PROFILE_SPECIFIC,milk_gelato,MAIN_CAPABLE,FAMILY,main-fruit-fresh-dairy,,mapper_basement v1.0 + published product_behavior_policy_versions,Verified
PI-ING-001495,BAKING · Additive,additive,baking_powder,,,powder,STRUCTURAL_ONLY,,MAIN_TECHNICAL_BLOCKED,NONE,,structural_product_not_flavour_main,mapper_basement v1.0 + published product_behavior_policy_versions,Verified
PI-ING-001496,QUALITY NUSS NOUGAT CREME · Paste,flavor_paste,hazelnut_nougat_creme,,,flavour_paste,UNKNOWN_REQUIRES_EVIDENCE,,MAIN_CAPABLE_UNCALIBRATED,NONE,,,mapper_basement v1.0 + published product_behavior_policy_versions,Verified
PI-ING-001497,RHUBARB · Fresh Fruit,fruit,fresh_fruit_profile,fruit,,fresh,MAIN_PROFILE_SPECIFIC,milk_gelato,MAIN_CAPABLE,FAMILY,main-fruit-fresh-dairy,,mapper_basement v1.0 + published product_behavior_policy_versions,Verified
PI-ING-001498,RAISIN · Fresh Fruit,fruit,dried_fruit_profile,fruit,,dried,MAIN_ALLOWED,,MAIN_CAPABLE_UNCALIBRATED,NONE,,,mapper_basement v1.0 + published product_behavior_policy_versions,Verified
PI-ING-001499,SEA BUCKTHORN · Fresh Fruit,fruit,fresh_fruit_profile,fruit,,fresh,MAIN_PROFILE_SPECIFIC,milk_gelato,MAIN_CAPABLE,FAMILY,main-fruit-fresh-dairy,,mapper_basement v1.0 + published product_behavior_policy_versions,Verified
PI-ING-001500,WATERCRESS · Vegetable,vegetable,leafy_green,,,,STANDARD_ONLY,,MAIN_TECHNICAL_BLOCKED,NONE,,standard_product_not_flavour_main,mapper_basement v1.0 + published product_behavior_policy_versions,Verified
PI-ING-001501,JASMINE RICE · Cereal,cereal,rice,,,,STANDARD_ONLY,,MAIN_TECHNICAL_BLOCKED,NONE,,standard_product_not_flavour_main,mapper_basement v1.0 + published product_behavior_policy_versions,Verified
PI-ING-001502,RICE BROWN · Cereal,cereal,rice,,,,STANDARD_ONLY,,MAIN_TECHNICAL_BLOCKED,NONE,,standard_product_not_flavour_main,mapper_basement v1.0 + published product_behavior_policy_versions,Verified
PI-ING-001503,TURNIP · Vegetable,vegetable,root_vegetable,,,,STANDARD_ONLY,,MAIN_TECHNICAL_BLOCKED,NONE,,standard_product_not_flavour_main,mapper_basement v1.0 + published product_behavior_policy_versions,Verified
PI-ING-001505,RADISH · Vegetable,vegetable,root_vegetable,,,,STANDARD_ONLY,,MAIN_TECHNICAL_BLOCKED,NONE,,standard_product_not_flavour_main,mapper_basement v1.0 + published product_behavior_policy_versions,Verified
PI-ING-001506,RADISH WHITE · Vegetable,vegetable,root_vegetable,,,,STANDARD_ONLY,,MAIN_TECHNICAL_BLOCKED,NONE,,standard_product_not_flavour_main,mapper_basement v1.0 + published product_behavior_policy_versions,Verified
PI-ING-001507,SAPODILLA · Fresh Fruit,fruit,tropical_fruit_profile,fruit,mango_tropical,,UNKNOWN_REQUIRES_EVIDENCE,,MAIN_CAPABLE_UNCALIBRATED,NONE,,,mapper_basement v1.0 + published product_behavior_policy_versions,Verified
PI-ING-001508,FRUTTO PASSIONE · Giuso Base Mix,base_mix,flavored_powdered_ice_cream_mix,,,powder,STANDARD_ONLY,,MAIN_TECHNICAL_BLOCKED,NONE,,standard_product_not_flavour_main,mapper_basement v1.0 + published product_behavior_policy_versions,Verified
PI-ING-001509,SUPER POMPELMO ROSA GRAPEFRUIT · Albert Base Mix,base_mix,flavored_powdered_ice_cream_mix,,,powder,STANDARD_ONLY,,MAIN_TECHNICAL_BLOCKED,NONE,,standard_product_not_flavour_main,mapper_basement v1.0 + published product_behavior_policy_versions,Verified
PI-ING-001512,FROM ROASTED UNBLANCHED ALMONDS · Ruda Kita Paste · 100% Nut,nut,almond_paste,nut,,paste,MAIN_ALLOWED,,MAIN_CAPABLE_UNCALIBRATED,NONE,,,mapper_basement v1.0 + published product_behavior_policy_versions,Verified
PI-ING-001513,PEAR CONFERENCE · Kuchenna Adrenalina Puree,fruit,fruit_puree,fruit,,puree,MAIN_PROFILE_SPECIFIC,milk_gelato,MAIN_CAPABLE,FAMILY,main-fruit-puree-dairy,,mapper_basement v1.0 + published product_behavior_policy_versions,Verified
PI-ING-001514,PHYSALIS GOLDENBERRY · Kuchenna Adrenalina Puree · 100% Fruit,fruit,fruit_puree,fruit,,puree,MAIN_PROFILE_SPECIFIC,milk_gelato,MAIN_CAPABLE,FAMILY,main-fruit-puree-dairy,,mapper_basement v1.0 + published product_behavior_policy_versions,Verified
PI-ING-001515,MANGO ALPHONSO PL · Kuchenna Adrenalina Puree · 100% Fruit,fruit,fruit_puree,fruit,mango_tropical,puree,MAIN_PROFILE_SPECIFIC,milk_gelato,MAIN_CAPABLE,FAMILY,main-fruit-puree-dairy,,mapper_basement v1.0 + published product_behavior_policy_versions,Verified
PI-ING-001516,PINEAPPLE · Kuchenna Adrenalina Puree,fruit,fruit_puree,fruit,mango_tropical,puree,MAIN_PROFILE_SPECIFIC,milk_gelato,MAIN_CAPABLE,FAMILY,main-fruit-puree-dairy,,mapper_basement v1.0 + published product_behavior_policy_versions,Verified
PI-ING-001517,BANANA · Kuchenna Adrenalina Puree,fruit,fruit_puree,fruit,banana,puree,MAIN_PROFILE_SPECIFIC,milk_gelato,MAIN_CAPABLE,FAMILY,main-fruit-puree-dairy,,mapper_basement v1.0 + published product_behavior_policy_versions,Verified
PI-ING-001518,CALAMANSI PL · Kuchenna Adrenalina Puree,fruit,fruit_puree,fruit,,puree,MAIN_PROFILE_SPECIFIC,milk_gelato,MAIN_CAPABLE,FAMILY,main-fruit-puree-dairy,,mapper_basement v1.0 + published product_behavior_policy_versions,Verified
PI-ING-001519,CURUBA PL · Kuchenna Adrenalina Puree,fruit,fruit_puree,fruit,,puree,MAIN_PROFILE_SPECIFIC,milk_gelato,MAIN_CAPABLE,FAMILY,main-fruit-puree-dairy,,mapper_basement v1.0 + published product_behavior_policy_versions,Verified
PI-ING-001520,CACTUS · Kuchenna Adrenalina Puree,fruit,fruit_puree,fruit,,puree,MAIN_PROFILE_SPECIFIC,milk_gelato,MAIN_CAPABLE,FAMILY,main-fruit-puree-dairy,,mapper_basement v1.0 + published product_behavior_policy_versions,Verified
PI-ING-001521,LYCHEE PL · Kuchenna Adrenalina Puree,fruit,fruit_puree,fruit,mango_tropical,puree,MAIN_PROFILE_SPECIFIC,milk_gelato,MAIN_CAPABLE,FAMILY,main-fruit-puree-dairy,,mapper_basement v1.0 + published product_behavior_policy_versions,Verified
PI-ING-001522,PASSION SEEDS PL · Kuchenna Adrenalina Puree,fruit,fruit_puree,fruit,mango_tropical,puree,MAIN_PROFILE_SPECIFIC,milk_gelato,MAIN_CAPABLE,FAMILY,main-fruit-puree-dairy,,mapper_basement v1.0 + published product_behavior_policy_versions,Verified
PI-ING-001523,DRAGON PITAYA · Kuchenna Adrenalina Puree,fruit,fruit_puree,fruit,,puree,MAIN_PROFILE_SPECIFIC,milk_gelato,MAIN_CAPABLE,FAMILY,main-fruit-puree-dairy,,mapper_basement v1.0 + published product_behavior_policy_versions,Verified
PI-ING-001524,POMEGRANATE · Kuchenna Adrenalina Juice,fruit,fruit_juice,fruit,,juice,MAIN_ALLOWED,,MAIN_CAPABLE_UNCALIBRATED,NONE,,,mapper_basement v1.0 + published product_behavior_policy_versions,Verified
PI-ING-001525,LIME PL · Kuchenna Adrenalina Juice,fruit,fruit_juice,fruit,citrus,juice,MAIN_ALLOWED,,MAIN_CAPABLE_UNCALIBRATED,NONE,,,mapper_basement v1.0 + published product_behavior_policy_versions,Verified
PI-ING-001526,SEA BUCKTHORN · Kuchenna Adrenalina Juice,fruit,fruit_juice,fruit,,juice,MAIN_ALLOWED,,MAIN_CAPABLE_UNCALIBRATED,NONE,,,mapper_basement v1.0 + published product_behavior_policy_versions,Verified
PI-ING-001527,MOJITO COCKTAIL P KERRY · Ravifruit Puree · 20374994,fruit,fruit_puree_blend,fruit,,puree,MAIN_PROFILE_SPECIFIC,milk_gelato,MAIN_CAPABLE,FAMILY,main-fruit-puree-dairy,,mapper_basement v1.0 + published product_behavior_policy_versions,Verified
PI-ING-001528,PAST FULLY PABANA COCKTAIL · Ravifruit Puree · 20374975,fruit,fruit_puree_blend,fruit,,puree,MAIN_PROFILE_SPECIFIC,milk_gelato,MAIN_CAPABLE,FAMILY,main-fruit-puree-dairy,,mapper_basement v1.0 + published product_behavior_policy_versions,Verified
PI-ING-001529,PINACOLADA COCKTAIL P KERRY · Ravifruit Puree · Frozen · 20374968,fruit,fruit_puree_blend,fruit,,puree,MAIN_PROFILE_SPECIFIC,milk_gelato,MAIN_CAPABLE,FAMILY,main-fruit-puree-dairy,,mapper_basement v1.0 + published product_behavior_policy_versions,Verified
PI-ING-001530,APRICOT PUR RF KERRY · Ravifruit Puree · 20374209,fruit,fruit_puree,fruit,,puree,MAIN_PROFILE_SPECIFIC,milk_gelato,MAIN_CAPABLE,FAMILY,main-fruit-puree-dairy,,mapper_basement v1.0 + published product_behavior_policy_versions,Verified
PI-ING-001531,BANANA PUR KERRY · Ravifruit Puree · 20374834,fruit,fruit_puree,fruit,banana,puree,MAIN_PROFILE_SPECIFIC,milk_gelato,MAIN_CAPABLE,FAMILY,main-fruit-puree-dairy,,mapper_basement v1.0 + published product_behavior_policy_versions,Verified
PI-ING-001532,BLACKCURRANT PUR RF KERRY · Ravifruit Puree · 20374218,fruit,fruit_puree,fruit,berry,puree,MAIN_PROFILE_SPECIFIC,milk_gelato,MAIN_CAPABLE,FAMILY,main-berry-puree-dairy|main-fruit-puree-dairy,,mapper_basement v1.0 + published product_behavior_policy_versions,Verified
PI-ING-001533,GREEN APPLE PUR KERRY · Ravifruit Puree · 20374840,fruit,fruit_puree,fruit,,puree,MAIN_PROFILE_SPECIFIC,milk_gelato,MAIN_CAPABLE,FAMILY,main-fruit-puree-dairy,,mapper_basement v1.0 + published product_behavior_policy_versions,Verified
PI-ING-001534,LEMON PUR KERRY · Ravifruit Puree · 20374224,fruit,fruit_puree,fruit,citrus,puree,MAIN_PROFILE_SPECIFIC,milk_gelato,MAIN_CAPABLE,FAMILY,main-fruit-puree-dairy,,mapper_basement v1.0 + published product_behavior_policy_versions,Verified
PI-ING-001535,LYCHEE PUR KERRY · Ravifruit Puree · 20374795,fruit,fruit_puree,fruit,mango_tropical,puree,MAIN_PROFILE_SPECIFIC,milk_gelato,MAIN_CAPABLE,FAMILY,main-fruit-puree-dairy,,mapper_basement v1.0 + published product_behavior_policy_versions,Verified
PI-ING-001536,MANDARIN PUR KERRY · Ravifruit Puree · 20374885,fruit,fruit_puree,fruit,citrus,puree,MAIN_PROFILE_SPECIFIC,milk_gelato,MAIN_CAPABLE,FAMILY,main-fruit-puree-dairy,,mapper_basement v1.0 + published product_behavior_policy_versions,Verified
PI-ING-001537,MANGO PUR KERRY · Ravifruit Puree · 20374248,fruit,fruit_puree,fruit,mango_tropical,puree,MAIN_PROFILE_SPECIFIC,milk_gelato,MAIN_CAPABLE,FAMILY,main-fruit-puree-dairy,,mapper_basement v1.0 + published product_behavior_policy_versions,Verified
PI-ING-001538,PASSION PUR KERRY · Ravifruit Puree · 20374257,fruit,fruit_puree,fruit,mango_tropical,puree,MAIN_PROFILE_SPECIFIC,milk_gelato,MAIN_CAPABLE,FAMILY,main-fruit-puree-dairy,,mapper_basement v1.0 + published product_behavior_policy_versions,Verified
PI-ING-001539,PEAR PUR KERRY · Ravifruit Puree · 20374271,fruit,fruit_puree,fruit,,puree,MAIN_PROFILE_SPECIFIC,milk_gelato,MAIN_CAPABLE,FAMILY,main-fruit-puree-dairy,,mapper_basement v1.0 + published product_behavior_policy_versions,Verified
PI-ING-001540,PINEAPPLE PUR KERRY · Ravifruit Puree · 20374829,fruit,fruit_puree,fruit,mango_tropical,puree,MAIN_PROFILE_SPECIFIC,milk_gelato,MAIN_CAPABLE,FAMILY,main-fruit-puree-dairy,,mapper_basement v1.0 + published product_behavior_policy_versions,Verified
PI-ING-001541,RASPBERRY PUR KERRY · Ravifruit Puree · 20374239,fruit,fruit_puree,fruit,berry,puree,MAIN_PROFILE_SPECIFIC,milk_gelato,MAIN_CAPABLE,FAMILY,main-berry-puree-dairy|main-fruit-puree-dairy,,mapper_basement v1.0 + published product_behavior_policy_versions,Verified
PI-ING-001542,SOUR CHERRY PUR KERRY · Ravifruit Puree · 20374879,fruit,fruit_puree,fruit,,puree,MAIN_PROFILE_SPECIFIC,milk_gelato,MAIN_CAPABLE,FAMILY,main-fruit-puree-dairy,,mapper_basement v1.0 + published product_behavior_policy_versions,Verified
PI-ING-001543,BLUEBERRY · Puree,fruit,fruit_puree,fruit,berry,puree,MAIN_PROFILE_SPECIFIC,milk_gelato,MAIN_CAPABLE,FAMILY,main-berry-puree-dairy|main-fruit-puree-dairy,,mapper_basement v1.0 + published product_behavior_policy_versions,Verified
PI-ING-001544,BLACKBERRY · Puree,fruit,fruit_puree,fruit,berry,puree,MAIN_PROFILE_SPECIFIC,milk_gelato,MAIN_CAPABLE,FAMILY,main-berry-puree-dairy|main-fruit-puree-dairy,,mapper_basement v1.0 + published product_behavior_policy_versions,Verified
PI-ING-001545,RASPBERRY · Puree,fruit,fruit_puree,fruit,berry,puree,MAIN_PROFILE_SPECIFIC,milk_gelato,MAIN_CAPABLE,FAMILY,main-berry-puree-dairy|main-fruit-puree-dairy,,mapper_basement v1.0 + published product_behavior_policy_versions,Verified
PI-ING-001546,LEMON PEEL · Fresh Fruit,fruit,fruit_peel,fruit,citrus,peel,MAIN_ALLOWED,,MAIN_CAPABLE_UNCALIBRATED,NONE,,,mapper_basement v1.0 + published product_behavior_policy_versions,Verified
PI-ING-001547,LEMON SKIN · Fresh Fruit,fruit,fruit_peel,fruit,citrus,peel,MAIN_ALLOWED,,MAIN_CAPABLE_UNCALIBRATED,NONE,,,mapper_basement v1.0 + published product_behavior_policy_versions,Verified
PI-ING-001548,APPLE CONCENTRATED · Premium Plus Juice · 100% Fruit,fruit,fruit_juice_concentrate,fruit,,concentrate,MAIN_ALLOWED,,MAIN_CAPABLE_UNCALIBRATED,NONE,,,mapper_basement v1.0 + published product_behavior_policy_versions,Verified
PI-ING-001549,ORANGE PASTEURISED · Juice,fruit,fruit_juice,fruit,citrus,juice,MAIN_ALLOWED,,MAIN_CAPABLE_UNCALIBRATED,NONE,,,mapper_basement v1.0 + published product_behavior_policy_versions,Verified
PI-ING-001551,GRAPE · Juice,fruit,fruit_juice,fruit,,juice,MAIN_ALLOWED,,MAIN_CAPABLE_UNCALIBRATED,NONE,,,mapper_basement v1.0 + published product_behavior_policy_versions,Verified
PI-ING-001552,ELDERBERRY CONCENTRATED · Juice,fruit,fruit_juice_concentrate,fruit,berry,concentrate,MAIN_ALLOWED,,MAIN_CAPABLE_UNCALIBRATED,NONE,,,mapper_basement v1.0 + published product_behavior_policy_versions,Verified
PI-ING-001553,STRAWBERRIES · Fresh Fruit,fruit,fresh_fruit_profile,fruit,berry,fresh,MAIN_PROFILE_SPECIFIC,milk_gelato|protein_gelato|sorbet|vegan_gelato,MAIN_CAPABLE,EXACT_PRODUCT,main-berry-fresh-dairy|main-fruit-fresh-dairy|main-protein-strawberry-1553|main-sorbet-strawberry-fresh-1553|main-vegan-strawberry-fresh-1553,,mapper_basement v1.0 + published product_behavior_policy_versions,Verified
PI-ING-001554,STRAWBERRIES · Frozen Fruit,fruit,frozen_fruit_profile,fruit,berry,frozen,MAIN_ALLOWED,,MAIN_CAPABLE_UNCALIBRATED,NONE,,,mapper_basement v1.0 + published product_behavior_policy_versions,Verified
PI-ING-001555,CONCENTRATED LEMON · Purena Juice · 100% Fruit,fruit,fruit_juice_concentrate,fruit,citrus,concentrate,MAIN_ALLOWED,,MAIN_CAPABLE_UNCALIBRATED,NONE,,,mapper_basement v1.0 + published product_behavior_policy_versions,Verified
PI-ING-001556,CRANBERRY · Fresh Fruit,fruit,fresh_fruit_profile,fruit,berry,fresh,MAIN_PROFILE_SPECIFIC,milk_gelato,MAIN_CAPABLE,FAMILY,main-berry-fresh-dairy|main-fruit-fresh-dairy,,mapper_basement v1.0 + published product_behavior_policy_versions,Verified
PI-ING-001557,WHOLE CRANBERRIES SYRUP · Fresh Fruit,fruit,sweetened_fruit_preparation,fruit,berry,,UNKNOWN_REQUIRES_EVIDENCE,,MAIN_CAPABLE_UNCALIBRATED,NONE,,,mapper_basement v1.0 + published product_behavior_policy_versions,Verified
PI-ING-001558,MELON · Fresh Fruit,fruit,fresh_fruit_profile,fruit,,fresh,MAIN_PROFILE_SPECIFIC,milk_gelato,MAIN_CAPABLE,FAMILY,main-fruit-fresh-dairy,,mapper_basement v1.0 + published product_behavior_policy_versions,Verified
PI-ING-001560,CAKE VORTUMNUS SJ · Bakery Inclusion,bakery_inclusion,candied_fruit_mix,bakery_cookie,,,TOPPING_ONLY,,MAIN_TECHNICAL_BLOCKED,NONE,,post_process_product_not_base_main,mapper_basement v1.0 + published product_behavior_policy_versions,Verified
PI-ING-001561,MINT · Botanical · Fresh,botanical,fresh_herb,spice_herb,,fresh,MAIN_ALLOWED,,MAIN_CAPABLE_UNCALIBRATED,NONE,,,mapper_basement v1.0 + published product_behavior_policy_versions,Verified
PI-ING-001562,DANDELION LEAVES · Vegetable · Fresh,vegetable,leafy_green,,,,STANDARD_ONLY,,MAIN_TECHNICAL_BLOCKED,NONE,,standard_product_not_flavour_main,mapper_basement v1.0 + published product_behavior_policy_versions,Verified
PI-ING-001563,MUSSEL · Protein · Chilled,protein,mollusc_shellfish,,,,PROTEIN_CONTRIBUTOR_ONLY,,MAIN_TECHNICAL_BLOCKED,NONE,,protein_contributor_not_flavour_main,mapper_basement v1.0 + published product_behavior_policy_versions,Verified
PI-ING-001564,ENERGY DRINK RED BULL · Beverage,beverage,energy_drink,,,liquid,UNKNOWN_REQUIRES_EVIDENCE,,MAIN_CAPABLE_UNCALIBRATED,NONE,,,mapper_basement v1.0 + published product_behavior_policy_versions,Verified
PI-ING-001565,OAT DRINK · Beverage · Chilled · BIO,beverage,plant_drink_oat,,,liquid,UNKNOWN_REQUIRES_EVIDENCE,,MAIN_CAPABLE_UNCALIBRATED,NONE,,,mapper_basement v1.0 + published product_behavior_policy_versions,Verified
PI-ING-001566,RICE DRINK · Beverage · Chilled,beverage,plant_drink_rice,,,liquid,UNKNOWN_REQUIRES_EVIDENCE,,MAIN_CAPABLE_UNCALIBRATED,NONE,,,mapper_basement v1.0 + published product_behavior_policy_versions,Verified
PI-ING-001567,OREO SMALL CRUSHED COOKIE · Bakery Inclusion · 4048025,bakery_inclusion,cookie_pieces,bakery_cookie,,,TOPPING_ONLY,,MAIN_TECHNICAL_BLOCKED,NONE,,post_process_product_not_base_main,mapper_basement v1.0 + published product_behavior_policy_versions,Verified
PI-ING-001568,HALF FAT CREME FRAICHE · Dairy · Chilled · BIO,dairy,creme_fraiche,,,,STANDARD_ONLY,,MAIN_TECHNICAL_BLOCKED,NONE,,standard_product_not_flavour_main,mapper_basement v1.0 + published product_behavior_policy_versions,Verified
PI-ING-001569,PECANS DRIED · Nut,nut,pecan,nut,,whole_nut,MAIN_ALLOWED,,MAIN_CAPABLE_UNCALIBRATED,NONE,,,mapper_basement v1.0 + published product_behavior_policy_versions,Verified
PI-ING-001570,PECANS DRY ROASTED · Nut,nut,pecan_roasted,nut,,,UNKNOWN_REQUIRES_EVIDENCE,,MAIN_CAPABLE_UNCALIBRATED,NONE,,,mapper_basement v1.0 + published product_behavior_policy_versions,Verified
PI-ING-001571,OYSTER · Protein · Chilled,protein,mollusc_shellfish,,,,PROTEIN_CONTRIBUTOR_ONLY,,MAIN_TECHNICAL_BLOCKED,NONE,,protein_contributor_not_flavour_main,mapper_basement v1.0 + published product_behavior_policy_versions,Verified
PI-ING-001572,OAT BRAN · Cereal,cereal,oat_bran,,,,STANDARD_ONLY,,MAIN_TECHNICAL_BLOCKED,NONE,,standard_product_not_flavour_main,mapper_basement v1.0 + published product_behavior_policy_versions,Verified
PI-ING-001573,DARK CHOCOLATE GHANA 60% · Lubeca Couverture,chocolate,dark_chocolate_couverture,chocolate_cocoa,,dark_chocolate,MAIN_ALLOWED,,MAIN_CAPABLE_UNCALIBRATED,NONE,,,mapper_basement v1.0 + published product_behavior_policy_versions,Verified
PI-ING-001574,WHITE CHOCOLATE 29% · Barima Chocolate,chocolate,white_chocolate,chocolate_cocoa,,,UNKNOWN_REQUIRES_EVIDENCE,,MAIN_CAPABLE_UNCALIBRATED,NONE,,,mapper_basement v1.0 + published product_behavior_policy_versions,Verified
PI-ING-001575,WHITE CHOCOLATE CHW R28 · Sicao Chocolate,chocolate,white_chocolate,chocolate_cocoa,,,UNKNOWN_REQUIRES_EVIDENCE,,MAIN_CAPABLE_UNCALIBRATED,NONE,,,mapper_basement v1.0 + published product_behavior_policy_versions,Verified
PI-ING-001576,BLACKBERRY · Frozen Fruit,fruit,frozen_fruit_profile,fruit,berry,frozen,MAIN_ALLOWED,,MAIN_CAPABLE_UNCALIBRATED,NONE,,,mapper_basement v1.0 + published product_behavior_policy_versions,Verified
PI-ING-001578,COCOA ALKALIZED 100% · Cacao Barry Cocoa Powder,chocolate,cocoa_powder,chocolate_cocoa,,cocoa_powder,MAIN_PROFILE_SPECIFIC,protein_gelato|vegan_gelato,MAIN_CAPABLE,EXACT_PRODUCT,main-protein-cocoa-1578|main-vegan-cocoa-powder-1578,,mapper_basement v1.0 + published product_behavior_policy_versions,Verified
PI-ING-001579,DEFATTED COCOA 12% · Cocoa Powder,chocolate,cocoa_powder,chocolate_cocoa,,cocoa_powder,MAIN_ALLOWED,,MAIN_CAPABLE_UNCALIBRATED,NONE,,,mapper_basement v1.0 + published product_behavior_policy_versions,Verified
PI-ING-001580,MARZIPAN · Paste,nut,almond_marzipan_paste,nut,,paste,MAIN_ALLOWED,,MAIN_CAPABLE_UNCALIBRATED,NONE,,,mapper_basement v1.0 + published product_behavior_policy_versions,Verified
PI-ING-001583,COCOA MASS 100% · Chocolate,chocolate,cocoa_mass,chocolate_cocoa,,cocoa_mass,MAIN_ALLOWED,,MAIN_CAPABLE_UNCALIBRATED,NONE,,,mapper_basement v1.0 + published product_behavior_policy_versions,Verified
PI-ING-001584,COCOA MASS 100% · Luker Kakao Chocolate,chocolate,cocoa_mass,chocolate_cocoa,,cocoa_mass,MAIN_ALLOWED,,MAIN_CAPABLE_UNCALIBRATED,NONE,,,mapper_basement v1.0 + published product_behavior_policy_versions,Verified
PI-ING-001585,ALMONDS · Nut,nut,almond,nut,,whole_nut,MAIN_ALLOWED,,MAIN_CAPABLE_UNCALIBRATED,NONE,,,mapper_basement v1.0 + published product_behavior_policy_versions,Verified
PI-ING-001586,GREEN ALMONDS · Nut,nut,almond,nut,,whole_nut,MAIN_ALLOWED,,MAIN_CAPABLE_UNCALIBRATED,NONE,,,mapper_basement v1.0 + published product_behavior_policy_versions,Verified
PI-ING-001587,ALMOND DRINK · Beverage · Chilled,beverage,plant_drink_almond,,,liquid,UNKNOWN_REQUIRES_EVIDENCE,,MAIN_CAPABLE_UNCALIBRATED,NONE,,,mapper_basement v1.0 + published product_behavior_policy_versions,Verified
PI-ING-001588,PISTACHIOS · Nut,nut,pistachio,nut,,whole_nut,MAIN_ALLOWED,,MAIN_CAPABLE_UNCALIBRATED,NONE,,,mapper_basement v1.0 + published product_behavior_policy_versions,Verified
PI-ING-001589,BANANA · Puree,fruit,fruit_puree,fruit,banana,puree,MAIN_PROFILE_SPECIFIC,milk_gelato|vegan_gelato,MAIN_CAPABLE,EXACT_PRODUCT,main-fruit-puree-dairy|main-vegan-banana-puree-1589,,mapper_basement v1.0 + published product_behavior_policy_versions,Verified
PI-ING-001590,BLACKCURRANT · Puree · 100% Fruit,fruit,fruit_puree,fruit,berry,puree,MAIN_PROFILE_SPECIFIC,milk_gelato,MAIN_CAPABLE,FAMILY,main-berry-puree-dairy|main-fruit-puree-dairy,,mapper_basement v1.0 + published product_behavior_policy_versions,Verified
PI-ING-001591,ESPRESSO · Beverage,beverage,espresso_coffee,coffee,,espresso,MAIN_ALLOWED,,MAIN_CAPABLE_UNCALIBRATED,NONE,,,mapper_basement v1.0 + published product_behavior_policy_versions,Verified
PI-ING-001592,CARAWAY SEED · Spice,spice,caraway_seed,spice_herb,,,UNKNOWN_REQUIRES_EVIDENCE,,MAIN_CAPABLE_UNCALIBRATED,NONE,,,mapper_basement v1.0 + published product_behavior_policy_versions,Verified
PI-ING-001593,FENNEL ROOT · Vegetable · Fresh,vegetable,root_vegetable,,,,STANDARD_ONLY,,MAIN_TECHNICAL_BLOCKED,NONE,,standard_product_not_flavour_main,mapper_basement v1.0 + published product_behavior_policy_versions,Verified
PI-ING-001594,DILL · Botanical · Fresh,botanical,fresh_herb,spice_herb,,fresh,MAIN_ALLOWED,,MAIN_CAPABLE_UNCALIBRATED,NONE,,,mapper_basement v1.0 + published product_behavior_policy_versions,Verified
PI-ING-001595,CITRIC ACID · Acid,acid,citric_acid,,,,STRUCTURAL_ONLY,,MAIN_TECHNICAL_BLOCKED,NONE,,structural_product_not_flavour_main,mapper_basement v1.0 + published product_behavior_policy_versions,Verified
PI-ING-001596,LATTE MENTA PIEMONTE ANSELMI · Paste · 215004AN,flavor_paste,mint_paste,,,flavour_paste,UNKNOWN_REQUIRES_EVIDENCE,,MAIN_CAPABLE_UNCALIBRATED,NONE,,,mapper_basement v1.0 + published product_behavior_policy_versions,Verified
PI-ING-001597,LINSEEDS · Seed,seed,linseed,,,,STANDARD_ONLY,,MAIN_TECHNICAL_BLOCKED,NONE,,standard_product_not_flavour_main,mapper_basement v1.0 + published product_behavior_policy_versions,Verified
PI-ING-001599,MADEIRA · Fortified Wine,alcohol,fortified_wine,alcohol,,alcoholic_beverage,MAIN_ALLOWED,,MAIN_CAPABLE_UNCALIBRATED,NONE,,,mapper_basement v1.0 + published product_behavior_policy_versions,Verified
PI-ING-001600,POPPY SEEDS · Seed,seed,poppy_seed,,,,STANDARD_ONLY,,MAIN_TECHNICAL_BLOCKED,NONE,,standard_product_not_flavour_main,mapper_basement v1.0 + published product_behavior_policy_versions,Verified
PI-ING-001602,WHOLE GRAIN BUCKWHEAT FLOUR · Cereal,cereal,buckwheat_flour,,,,STANDARD_ONLY,,MAIN_TECHNICAL_BLOCKED,NONE,,standard_product_not_flavour_main,mapper_basement v1.0 + published product_behavior_policy_versions,Verified
PI-ING-001603,WHEAT FLOUR · Cereal,cereal,wheat_flour,,,,STANDARD_ONLY,,MAIN_TECHNICAL_BLOCKED,NONE,,standard_product_not_flavour_main,mapper_basement v1.0 + published product_behavior_policy_versions,Verified
PI-ING-001604,TYPE WHEAT FLOUR · Cereal,cereal,wheat_flour,,,,STANDARD_ONLY,,MAIN_TECHNICAL_BLOCKED,NONE,,standard_product_not_flavour_main,mapper_basement v1.0 + published product_behavior_policy_versions,Verified
PI-ING-001605,TYPE WHEAT FLOUR · Cereal,cereal,wheat_flour,,,,STANDARD_ONLY,,MAIN_TECHNICAL_BLOCKED,NONE,,standard_product_not_flavour_main,mapper_basement v1.0 + published product_behavior_policy_versions,Verified
PI-ING-001606,TYPE WHOLEMEAL RYE FLOUR · Cereal · 2000,cereal,rye_flour,,,,STANDARD_ONLY,,MAIN_TECHNICAL_BLOCKED,NONE,,standard_product_not_flavour_main,mapper_basement v1.0 + published product_behavior_policy_versions,Verified
PI-ING-001607,MASCARGEL · Base Mix · P408A,base_mix,mascarpone_base_powder,,,powder,STANDARD_ONLY,,MAIN_TECHNICAL_BLOCKED,NONE,,standard_product_not_flavour_main,mapper_basement v1.0 + published product_behavior_policy_versions,Verified
PI-ING-001608,GIN,alcohol,gin,alcohol,,alcoholic_beverage,MAIN_ALLOWED,,MAIN_CAPABLE_UNCALIBRATED,NONE,,,mapper_basement v1.0 + published product_behavior_policy_versions,Verified
PI-ING-001611,GINGER · Spice · Fresh,spice,ginger,spice_herb,,,UNKNOWN_REQUIRES_EVIDENCE,,MAIN_CAPABLE_UNCALIBRATED,NONE,,,mapper_basement v1.0 + published product_behavior_policy_versions,Verified
PI-ING-001612,GINGER ROOT · Spice · Fresh,spice,ginger_root,spice_herb,,,UNKNOWN_REQUIRES_EVIDENCE,,MAIN_CAPABLE_UNCALIBRATED,NONE,,,mapper_basement v1.0 + published product_behavior_policy_versions,Verified
PI-ING-001613,VIOLIFE COCOSPREAD COOL ARIVIA · Paste · Chilled,flavor_paste,chocolate_cream,,,flavour_paste,UNKNOWN_REQUIRES_EVIDENCE,,MAIN_CAPABLE_UNCALIBRATED,NONE,,,mapper_basement v1.0 + published product_behavior_policy_versions,Verified
PI-ING-001614,JÄGERMEISTER · Herbal Liqueur · 35% Vol,alcohol,herbal_liqueur,alcohol,,alcoholic_beverage,MAIN_ALLOWED,,MAIN_CAPABLE_UNCALIBRATED,NONE,,,mapper_basement v1.0 + published product_behavior_policy_versions,Verified
PI-ING-001615,DARK PORTER TYPE BEER 12% · Dark Porter Beer,alcohol,dark_porter_beer,alcohol,,alcoholic_beverage,MAIN_ALLOWED,,MAIN_CAPABLE_UNCALIBRATED,NONE,,,mapper_basement v1.0 + published product_behavior_policy_versions,Verified
PI-ING-001616,BEER 5% · Light Beer,alcohol,light_beer,alcohol,,alcoholic_beverage,MAIN_ALLOWED,,MAIN_CAPABLE_UNCALIBRATED,NONE,,,mapper_basement v1.0 + published product_behavior_policy_versions,Verified
PI-ING-001617,SHERRY,alcohol,sherry,alcohol,,alcoholic_beverage,MAIN_ALLOWED,,MAIN_CAPABLE_UNCALIBRATED,NONE,,,mapper_basement v1.0 + published product_behavior_policy_versions,Verified
PI-ING-001618,SHERRY SWEET · Sweet Sherry,alcohol,sweet_sherry,alcohol,,alcoholic_beverage,MAIN_ALLOWED,,MAIN_CAPABLE_UNCALIBRATED,NONE,,,mapper_basement v1.0 + published product_behavior_policy_versions,Verified
PI-ING-001619,SHERRY DRY · Dry Sherry,alcohol,dry_sherry,alcohol,,alcoholic_beverage,MAIN_ALLOWED,,MAIN_CAPABLE_UNCALIBRATED,NONE,,,mapper_basement v1.0 + published product_behavior_policy_versions,Verified
PI-ING-001620,VERMOUTH SWEET · Sweet Vermouth,alcohol,sweet_vermouth,alcohol,,alcoholic_beverage,MAIN_ALLOWED,,MAIN_CAPABLE_UNCALIBRATED,NONE,,,mapper_basement v1.0 + published product_behavior_policy_versions,Verified
PI-ING-001621,VERMOUTH DRY · Dry Vermouth,alcohol,dry_vermouth,alcohol,,alcoholic_beverage,MAIN_ALLOWED,,MAIN_CAPABLE_UNCALIBRATED,NONE,,,mapper_basement v1.0 + published product_behavior_policy_versions,Verified
PI-ING-001622,ALCOHOL 96 · Neutral Alcohol 96 Percent,alcohol,neutral_alcohol_96_percent,alcohol,,alcoholic_beverage,MAIN_ALLOWED,,MAIN_CAPABLE_UNCALIBRATED,NONE,,,mapper_basement v1.0 + published product_behavior_policy_versions,Verified
PI-ING-001623,AMARETTO IDEA · Paste · 011005,flavor_paste,flavored_ice_cream_paste,,,flavour_paste,UNKNOWN_REQUIRES_EVIDENCE,,MAIN_CAPABLE_UNCALIBRATED,NONE,,,mapper_basement v1.0 + published product_behavior_policy_versions,Verified
PI-ING-001624,GREEN APPLE · Master Martini Powder Mix · AI70CM,flavor_powder,flavored_ice_cream_powder_mix,,,powder,UNKNOWN_REQUIRES_EVIDENCE,,MAIN_CAPABLE_UNCALIBRATED,NONE,,,mapper_basement v1.0 + published product_behavior_policy_versions,Verified
PI-ING-001625,LEMON · Master Martini Powder Mix · AI70CO,flavor_powder,flavored_ice_cream_powder_mix,,,powder,UNKNOWN_REQUIRES_EVIDENCE,,MAIN_CAPABLE_UNCALIBRATED,NONE,,,mapper_basement v1.0 + published product_behavior_policy_versions,Verified
PI-ING-001626,MELA VERDE · Master Martini Powder Mix · AI70FG,flavor_powder,flavored_ice_cream_powder_mix,,,powder,UNKNOWN_REQUIRES_EVIDENCE,,MAIN_CAPABLE_UNCALIBRATED,NONE,,,mapper_basement v1.0 + published product_behavior_policy_versions,Verified
PI-ING-001627,MELONE · Master Martini Powder Mix · AI70FF,flavor_powder,flavored_ice_cream_powder_mix,,,powder,UNKNOWN_REQUIRES_EVIDENCE,,MAIN_CAPABLE_UNCALIBRATED,NONE,,,mapper_basement v1.0 + published product_behavior_policy_versions,Verified
PI-ING-001628,PASSION · Master Martini Powder Mix · AI70CK,flavor_powder,flavored_ice_cream_powder_mix,,,powder,UNKNOWN_REQUIRES_EVIDENCE,,MAIN_CAPABLE_UNCALIBRATED,NONE,,,mapper_basement v1.0 + published product_behavior_policy_versions,Verified
PI-ING-001629,PINK GRAPEFRUIT · Master Martini Powder Mix · AI70CR,flavor_powder,flavored_ice_cream_powder_mix,,,powder,UNKNOWN_REQUIRES_EVIDENCE,,MAIN_CAPABLE_UNCALIBRATED,NONE,,,mapper_basement v1.0 + published product_behavior_policy_versions,Verified
PI-ING-001630,WATERMELON · Master Martini Powder Mix · AI70CI,flavor_powder,flavored_ice_cream_powder_mix,,,powder,UNKNOWN_REQUIRES_EVIDENCE,,MAIN_CAPABLE_UNCALIBRATED,NONE,,,mapper_basement v1.0 + published product_behavior_policy_versions,Verified
PI-ING-001631,MALAGA · Master Martini Paste · AE37EB,flavor_paste,flavored_ice_cream_paste,,,flavour_paste,UNKNOWN_REQUIRES_EVIDENCE,,MAIN_CAPABLE_UNCALIBRATED,NONE,,,mapper_basement v1.0 + published product_behavior_policy_versions,Verified
PI-ING-001632,CIOCCOLATO BIANCO · Master Martini Paste · AX60AH,flavor_paste,white_chocolate_paste,,,flavour_paste,UNKNOWN_REQUIRES_EVIDENCE,,MAIN_CAPABLE_UNCALIBRATED,NONE,,,mapper_basement v1.0 + published product_behavior_policy_versions,Verified
PI-ING-001633,APPLE PIE · Master Martini Paste · AJ00BC,flavor_paste,apple_pie_paste,,,flavour_paste,UNKNOWN_REQUIRES_EVIDENCE,,MAIN_CAPABLE_UNCALIBRATED,NONE,,,mapper_basement v1.0 + published product_behavior_policy_versions,Verified
PI-ING-001634,APRICOT · Master Martini Variegato · AJ01AL,variegate,apricot_variegate,,,,TOPPING_ONLY,,MAIN_TECHNICAL_BLOCKED,NONE,,post_process_product_not_base_main,mapper_basement v1.0 + published product_behavior_policy_versions,Verified
PI-ING-001635,BISCUIT · Master Martini Paste · AJ00AP,flavor_paste,biscuit_paste,,,flavour_paste,UNKNOWN_REQUIRES_EVIDENCE,,MAIN_CAPABLE_UNCALIBRATED,NONE,,,mapper_basement v1.0 + published product_behavior_policy_versions,Verified
PI-ING-001636,BONJOUR CROISSANT · Master Martini Paste · AJ00AQ,flavor_paste,croissant_paste,,,flavour_paste,UNKNOWN_REQUIRES_EVIDENCE,,MAIN_CAPABLE_UNCALIBRATED,NONE,,,mapper_basement v1.0 + published product_behavior_policy_versions,Verified
PI-ING-001637,COCONUT · Master Martini Paste · AJ00AJ,flavor_paste,coconut_paste,,,flavour_paste,UNKNOWN_REQUIRES_EVIDENCE,,MAIN_CAPABLE_UNCALIBRATED,NONE,,,mapper_basement v1.0 + published product_behavior_policy_versions,Verified
PI-ING-001638,GUMMY BLUE · Master Martini Paste · AJ00AY,flavor_paste,gummy_paste,,,flavour_paste,UNKNOWN_REQUIRES_EVIDENCE,,MAIN_CAPABLE_UNCALIBRATED,NONE,,,mapper_basement v1.0 + published product_behavior_policy_versions,Verified
PI-ING-001639,GUMMY PINK · Master Martini Paste · AJ00BE,flavor_paste,gummy_paste,,,flavour_paste,UNKNOWN_REQUIRES_EVIDENCE,,MAIN_CAPABLE_UNCALIBRATED,NONE,,,mapper_basement v1.0 + published product_behavior_policy_versions,Verified
PI-ING-001640,LIME · Master Martini Variegato · AJ01AQ,variegate,lime_variegate,,,,TOPPING_ONLY,,MAIN_TECHNICAL_BLOCKED,NONE,,post_process_product_not_base_main,mapper_basement v1.0 + published product_behavior_policy_versions,Verified
PI-ING-001641,MANGO ALPHONSO · Master Martini Paste · AJ00AA,flavor_paste,mango_paste,,,flavour_paste,UNKNOWN_REQUIRES_EVIDENCE,,MAIN_CAPABLE_UNCALIBRATED,NONE,,,mapper_basement v1.0 + published product_behavior_policy_versions,Verified
PI-ING-001642,MAPLE SYRUP · Syrup,sweetener,maple_syrup,,,syrup,STRUCTURAL_ONLY,,MAIN_TECHNICAL_BLOCKED,NONE,,structural_product_not_flavour_main,mapper_basement v1.0 + published product_behavior_policy_versions,Verified
PI-ING-001643,MAPLE SYRUP · Gotta Paste · 6225,flavor_paste,maple_syrup_paste,,,flavour_paste,UNKNOWN_REQUIRES_EVIDENCE,,MAIN_CAPABLE_UNCALIBRATED,NONE,,,mapper_basement v1.0 + published product_behavior_policy_versions,Verified
PI-ING-001644,TREHALOSE · Sweetener,sweetener,trehalose,,,,STRUCTURAL_ONLY,,MAIN_TECHNICAL_BLOCKED,NONE,,structural_product_not_flavour_main,mapper_basement v1.0 + published product_behavior_policy_versions,Verified
PI-ING-001645,EGGS CHICKEN YOLK DRIED · Egg,egg,dried_egg_yolk,,,dried,STANDARD_ONLY,,MAIN_TECHNICAL_BLOCKED,NONE,,standard_product_not_flavour_main,mapper_basement v1.0 + published product_behavior_policy_versions,Verified
PI-ING-001646,EGG YOLK · Egg · Chilled,egg,egg_yolk,,,,STANDARD_ONLY,,MAIN_TECHNICAL_BLOCKED,NONE,,standard_product_not_flavour_main,mapper_basement v1.0 + published product_behavior_policy_versions,Verified
PI-ING-001647,INTEGRATOR FIBERS · Fabbri Fiber · 0024237,fiber,vegetable_fiber_integrator,,,,STRUCTURAL_ONLY,,MAIN_TECHNICAL_BLOCKED,NONE,,structural_product_not_flavour_main,mapper_basement v1.0 + published product_behavior_policy_versions,Verified
PI-ING-001648,SANTO DOMINGO SUGARS · Aromitalia Powder Mix · No Added Sugar · 3638,flavor_powder,no_added_sugar_chocolate_powder_mix,,,powder,UNKNOWN_REQUIRES_EVIDENCE,,MAIN_TECHNICAL_BLOCKED,NONE,,base_recipe_not_approved,mapper_basement v1.0 + published product_behavior_policy_versions,Blocked
PI-ING-001649,INTEGRA FIBRE · Comprital Fiber · P152,fiber,vegetable_fiber_fructose_integrator,,,,STRUCTURAL_ONLY,,MAIN_TECHNICAL_BLOCKED,NONE,,structural_product_not_flavour_main,mapper_basement v1.0 + published product_behavior_policy_versions,Verified
PI-ING-001650,EMULSIFIER · Essenza Semi Finished Product · ESS810,semi_finished_product,emulsifier_milk_protein_fiber,,,,STANDARD_ONLY,,MAIN_TECHNICAL_BLOCKED,NONE,,standard_product_not_flavour_main,mapper_basement v1.0 + published product_behavior_policy_versions,Verified
PI-ING-001651,FIBERSMOOTH · Essenza Fiber · ESS806,fiber,fiber_smooth_powder,,,powder,STRUCTURAL_ONLY,,MAIN_TECHNICAL_BLOCKED,NONE,,structural_product_not_flavour_main,mapper_basement v1.0 + published product_behavior_policy_versions,Verified
PI-ING-001652,BLACK CHERRIES SYRUP · Leagel Variegato · 330101,flavor_paste,fruit_variegato_paste,,,flavour_paste,UNKNOWN_REQUIRES_EVIDENCE,,MAIN_CAPABLE_UNCALIBRATED,NONE,,,mapper_basement v1.0 + published product_behavior_policy_versions,Verified
PI-ING-001653,CACAO NSU DIRA AGRANA · Leagel Puree · Frozen · 100% Fruit · 659885,fruit,fruit_puree,fruit,,puree,MAIN_PROFILE_SPECIFIC,milk_gelato,MAIN_CAPABLE,FAMILY,main-fruit-puree-dairy,,mapper_basement v1.0 + published product_behavior_policy_versions,Verified
PI-ING-001654,BASIL · Botanical · Fresh,botanical,fresh_herb,spice_herb,,fresh,MAIN_ALLOWED,,MAIN_CAPABLE_UNCALIBRATED,NONE,,,mapper_basement v1.0 + published product_behavior_policy_versions,Verified
PI-ING-001655,SPREAD · Lotus Biscoff Confectionery Spread · 23690,confectionery_spread,biscuit_spread,,,,UNKNOWN_REQUIRES_EVIDENCE,,MAIN_CAPABLE_UNCALIBRATED,NONE,,,mapper_basement v1.0 + published product_behavior_policy_versions,Verified
PI-ING-001656,BUTTONS NAMUR WHITE 29% · ChocConcept Chocolate,chocolate,white_chocolate,chocolate_cocoa,,,UNKNOWN_REQUIRES_EVIDENCE,,MAIN_CAPABLE_UNCALIBRATED,NONE,,,mapper_basement v1.0 + published product_behavior_policy_versions,Verified
PI-ING-001657,CAFFE ESPRESSO ARABICA · Coffee · 100%,coffee,freeze_dried_coffee,coffee,,dried,MAIN_ALLOWED,,MAIN_CAPABLE_UNCALIBRATED,NONE,,,mapper_basement v1.0 + published product_behavior_policy_versions,Verified
PI-ING-001658,GROUND CHILI · Spice,spice,ground_chili,spice_herb,,,UNKNOWN_REQUIRES_EVIDENCE,,MAIN_CAPABLE_UNCALIBRATED,NONE,,,mapper_basement v1.0 + published product_behavior_policy_versions,Verified
PI-ING-001659,CONFETTO AZZURRO · Idea Gelato Paste · 011034,flavor_paste,confectionery_flavor_paste,,,flavour_paste,UNKNOWN_REQUIRES_EVIDENCE,,MAIN_CAPABLE_UNCALIBRATED,NONE,,,mapper_basement v1.0 + published product_behavior_policy_versions,Verified
PI-ING-001660,CREMA CAFFE · Idea Gelato Paste · 010074,flavor_paste,coffee_paste,coffee,,flavour_paste,MAIN_ALLOWED,,MAIN_CAPABLE_UNCALIBRATED,NONE,,,mapper_basement v1.0 + published product_behavior_policy_versions,Verified
PI-ING-001661,GROUND CEYLON CINNAMON · Spice,spice,ground_cinnamon,spice_herb,,,UNKNOWN_REQUIRES_EVIDENCE,,MAIN_CAPABLE_UNCALIBRATED,NONE,,,mapper_basement v1.0 + published product_behavior_policy_versions,Verified
PI-ING-001662,DRIED OAT EXTRACT FG · Conventional Cereal · 600000C / 600001C,cereal,hydrolyzed_oat_extract,,,extract,STANDARD_ONLY,,MAIN_TECHNICAL_BLOCKED,NONE,,standard_product_not_flavour_main,mapper_basement v1.0 + published product_behavior_policy_versions,Verified
PI-ING-001663,DULCE LECHE CONCENTRATO · Raffole Paste,flavor_paste,dulce_de_leche_paste,,,flavour_paste,UNKNOWN_REQUIRES_EVIDENCE,,MAIN_CAPABLE_UNCALIBRATED,NONE,,,mapper_basement v1.0 + published product_behavior_policy_versions,Verified
PI-ING-001664,ROSE HIP DRIED · Fruit Powder,fruit_powder,rose_hip_powder,,,powder,UNKNOWN_REQUIRES_EVIDENCE,,MAIN_CAPABLE_UNCALIBRATED,NONE,,,mapper_basement v1.0 + published product_behavior_policy_versions,Verified
PI-ING-001665,CLOVES · Spice,spice,cloves,spice_herb,,,UNKNOWN_REQUIRES_EVIDENCE,,MAIN_CAPABLE_UNCALIBRATED,NONE,,,mapper_basement v1.0 + published product_behavior_policy_versions,Verified
PI-ING-001666,CHICKEN EGGS · Egg Product · Chilled,egg_product,whole_egg,,,,STANDARD_ONLY,,MAIN_TECHNICAL_BLOCKED,NONE,,standard_product_not_flavour_main,mapper_basement v1.0 + published product_behavior_policy_versions,Verified
PI-ING-001667,CHICKEN EGGS · Egg Product,egg_product,powdered_whole_egg,,,powder,STANDARD_ONLY,,MAIN_TECHNICAL_BLOCKED,NONE,,standard_product_not_flavour_main,mapper_basement v1.0 + published product_behavior_policy_versions,Verified
PI-ING-001668,KAJMAK · Dairy · Chilled,dairy,kajmak,caramel,,,UNKNOWN_REQUIRES_EVIDENCE,,MAIN_CAPABLE_UNCALIBRATED,NONE,,,mapper_basement v1.0 + published product_behavior_policy_versions,Verified
PI-ING-001670,KAKAO MAGNETIC · Biedronka Cocoa · 12%,cocoa,low_fat_cocoa_powder,chocolate_cocoa,,cocoa_powder,MAIN_ALLOWED,,MAIN_CAPABLE_UNCALIBRATED,NONE,,,mapper_basement v1.0 + published product_behavior_policy_versions,Verified
PI-ING-001671,CARDAMOM · Spice,spice,cardamom,spice_herb,,,UNKNOWN_REQUIRES_EVIDENCE,,MAIN_CAPABLE_UNCALIBRATED,NONE,,,mapper_basement v1.0 + published product_behavior_policy_versions,Verified
PI-ING-001672,MALAGA · Stella Paste · 8540,flavor_paste,malaga_paste,,,flavour_paste,UNKNOWN_REQUIRES_EVIDENCE,,MAIN_CAPABLE_UNCALIBRATED,NONE,,,mapper_basement v1.0 + published product_behavior_policy_versions,Verified
PI-ING-001673,MELON · Stella Paste · 9120,flavor_paste,melon_paste,,,flavour_paste,UNKNOWN_REQUIRES_EVIDENCE,,MAIN_CAPABLE_UNCALIBRATED,NONE,,,mapper_basement v1.0 + published product_behavior_policy_versions,Verified
PI-ING-001674,MENTA · Stella Powder Mix · 8475,flavor_powder,mint_flavoring_powder,,,powder,UNKNOWN_REQUIRES_EVIDENCE,,MAIN_CAPABLE_UNCALIBRATED,NONE,,,mapper_basement v1.0 + published product_behavior_policy_versions,Verified
PI-ING-001675,MENTA BIANCA · Stella Paste · 8678,flavor_paste,mint_paste,,,flavour_paste,UNKNOWN_REQUIRES_EVIDENCE,,MAIN_CAPABLE_UNCALIBRATED,NONE,,,mapper_basement v1.0 + published product_behavior_policy_versions,Verified
PI-ING-001676,FRUTTA 50 SDL · Stella Base Mix · 4078,base_mix,fruit_sorbet_base_mix,,,,STANDARD_ONLY,,MAIN_TECHNICAL_BLOCKED,NONE,,standard_product_not_flavour_main,mapper_basement v1.0 + published product_behavior_policy_versions,Verified
PI-ING-001677,NOCCIOLA ITALIA SA · Stella Paste · 8595,nut_paste,hazelnut_paste,nut,,paste,MAIN_ALLOWED,,MAIN_CAPABLE_UNCALIBRATED,NONE,,,mapper_basement v1.0 + published product_behavior_policy_versions,Verified
PI-ING-001678,NATURALIKE BLUE LIOGEL · Stella Powder Mix · 5162,flavor_powder,blue_liogel_powder_mix,,,powder,UNKNOWN_REQUIRES_EVIDENCE,,MAIN_CAPABLE_UNCALIBRATED,NONE,,,mapper_basement v1.0 + published product_behavior_policy_versions,Verified
PI-ING-001679,MANGO CONCENTRATA · Stella Paste · 9006,flavor_paste,mango_paste,,,flavour_paste,UNKNOWN_REQUIRES_EVIDENCE,,MAIN_CAPABLE_UNCALIBRATED,NONE,,,mapper_basement v1.0 + published product_behavior_policy_versions,Verified
PI-ING-001680,PERA ZENZERO · Stella Variegato · 9862,variegate,pear_ginger_variegate,,,,TOPPING_ONLY,,MAIN_TECHNICAL_BLOCKED,NONE,,post_process_product_not_base_main,mapper_basement v1.0 + published product_behavior_policy_versions,Verified
PI-ING-001681,PESCA ONE · Stella Powder Mix · 5172,flavor_powder,peach_all_in_one_powder_mix,,,powder,UNKNOWN_REQUIRES_EVIDENCE,,MAIN_CAPABLE_UNCALIBRATED,NONE,,,mapper_basement v1.0 + published product_behavior_policy_versions,Verified
PI-ING-001682,PISTACCHIO SC · Stella Paste · 8701,nut_paste,pistachio_paste,nut,,paste,MAIN_ALLOWED,,MAIN_CAPABLE_UNCALIBRATED,NONE,,,mapper_basement v1.0 + published product_behavior_policy_versions,Verified
PI-ING-001683,PIU FRUTTA PESCA SDL · Stella Powder Mix · 5137,flavor_powder,peach_powder_mix,,,powder,UNKNOWN_REQUIRES_EVIDENCE,,MAIN_CAPABLE_UNCALIBRATED,NONE,,,mapper_basement v1.0 + published product_behavior_policy_versions,Verified
PI-ING-001684,SKYR · Stella Powder Mix · 8318,flavor_powder,skyr_powder_mix_with_polyols,,,powder,UNKNOWN_REQUIRES_EVIDENCE,,MAIN_TECHNICAL_BLOCKED,NONE,,base_recipe_not_approved,mapper_basement v1.0 + published product_behavior_policy_versions,Blocked
PI-ING-001685,PRIMA 50 CF · Stella Base Mix,base_mix,dairy_ice_cream_base,,,,STANDARD_ONLY,,MAIN_TECHNICAL_BLOCKED,NONE,,standard_product_not_flavour_main,mapper_basement v1.0 + published product_behavior_policy_versions,Verified
PI-ING-001686,STRACCIATELLA · Stella Paste · 8485,flavor_paste,stracciatella_paste,,,flavour_paste,UNKNOWN_REQUIRES_EVIDENCE,,MAIN_CAPABLE_UNCALIBRATED,NONE,,,mapper_basement v1.0 + published product_behavior_policy_versions,Verified
PI-ING-001687,TIRAMISU · Stella Paste · 8679,flavor_paste,tiramisu_paste,,,flavour_paste,UNKNOWN_REQUIRES_EVIDENCE,,MAIN_CAPABLE_UNCALIBRATED,NONE,,,mapper_basement v1.0 + published product_behavior_policy_versions,Verified
PI-ING-001688,TIRAMISU · Stella Paste · 8680,flavor_paste,tiramisu_paste,,,flavour_paste,UNKNOWN_REQUIRES_EVIDENCE,,MAIN_CAPABLE_UNCALIBRATED,NONE,,,mapper_basement v1.0 + published product_behavior_policy_versions,Verified
PI-ING-001689,TOCINO CIELO · Stella Paste · 8615,flavor_paste,egg_yolk_caramel_paste,caramel,,flavour_paste,MAIN_ALLOWED,,MAIN_CAPABLE_UNCALIBRATED,NONE,,,mapper_basement v1.0 + published product_behavior_policy_versions,Verified
PI-ING-001690,FLEUR SEL · Stella Variegato · 8522,flavor_paste,variegato_layering_paste,,,flavour_paste,UNKNOWN_REQUIRES_EVIDENCE,,MAIN_CAPABLE_UNCALIBRATED,NONE,,,mapper_basement v1.0 + published product_behavior_policy_versions,Verified
PI-ING-001691,YOGHURT · Stella Base Mix · 8753,flavor_powder,yogurt_powdered_ice_cream_mix,,,powder,UNKNOWN_REQUIRES_EVIDENCE,,MAIN_CAPABLE_UNCALIBRATED,NONE,,,mapper_basement v1.0 + published product_behavior_policy_versions,Verified
PI-ING-001692,YUZU ONE · Stella Base Mix · STELLA5159,flavor_powder,flavored_powdered_ice_cream_mix,,,powder,UNKNOWN_REQUIRES_EVIDENCE,,MAIN_CAPABLE_UNCALIBRATED,NONE,,,mapper_basement v1.0 + published product_behavior_policy_versions,Verified
PI-ING-001693,SEMIFREDDO PASTRY · Essenza Base Mix · ESS180,base_mix,semifreddo_base_powder,,,powder,STANDARD_ONLY,,MAIN_TECHNICAL_BLOCKED,NONE,,standard_product_not_flavour_main,mapper_basement v1.0 + published product_behavior_policy_versions,Verified
PI-ING-001694,AVOLA ALMOND PESTO · Leagel Paste · 214605,nut,almond_paste,nut,,paste,MAIN_ALLOWED,,MAIN_CAPABLE_UNCALIBRATED,NONE,,,mapper_basement v1.0 + published product_behavior_policy_versions,Verified
PI-ING-001695,ROYAL 50 F · Leagel Base Mix · 114401,base_mix,milk_base_powder,,,powder,STANDARD_ONLY,,MAIN_TECHNICAL_BLOCKED,NONE,,standard_product_not_flavour_main,mapper_basement v1.0 + published product_behavior_policy_versions,Verified
PI-ING-001696,BISCUIT · Leagel Paste · 310105,flavor_paste,biscuit_paste,,,flavour_paste,UNKNOWN_REQUIRES_EVIDENCE,,MAIN_CAPABLE_UNCALIBRATED,NONE,,,mapper_basement v1.0 + published product_behavior_policy_versions,Verified
PI-ING-001697,BLU GUM · Leagel Paste · 310205,flavor_paste,gummy_paste,,,flavour_paste,UNKNOWN_REQUIRES_EVIDENCE,,MAIN_CAPABLE_UNCALIBRATED,NONE,,,mapper_basement v1.0 + published product_behavior_policy_versions,Verified
PI-ING-001698,LOVERIA CRUNCHY DARK · Leagel Variegato · 233901,flavor_paste,chocolate_variegato_paste,,,flavour_paste,UNKNOWN_REQUIRES_EVIDENCE,,MAIN_CAPABLE_UNCALIBRATED,NONE,,,mapper_basement v1.0 + published product_behavior_policy_versions,Verified
PI-ING-001699,NOCCIOLA PIEMONTE P G · Leagel Paste · 100% Nut · 212905,nut,hazelnut_paste,nut,,paste,MAIN_ALLOWED,,MAIN_CAPABLE_UNCALIBRATED,NONE,,,mapper_basement v1.0 + published product_behavior_policy_versions,Verified
PI-ING-001700,PANCAKE · Leagel Paste · 315405,flavor_paste,flavored_ice_cream_paste,,,flavour_paste,UNKNOWN_REQUIRES_EVIDENCE,,MAIN_CAPABLE_UNCALIBRATED,NONE,,,mapper_basement v1.0 + published product_behavior_policy_versions,Verified
PI-ING-001701,DONNY · Leagel Paste · 210805,flavor_paste,nut_chocolate_paste,,,flavour_paste,UNKNOWN_REQUIRES_EVIDENCE,,MAIN_CAPABLE_UNCALIBRATED,NONE,,,mapper_basement v1.0 + published product_behavior_policy_versions,Verified
PI-ING-001702,PAVLOVA · Leagel Paste · 314705,flavor_paste,flavored_ice_cream_paste,,,flavour_paste,UNKNOWN_REQUIRES_EVIDENCE,,MAIN_CAPABLE_UNCALIBRATED,NONE,,,mapper_basement v1.0 + published product_behavior_policy_versions,Verified
PI-ING-001703,PISTACHIO MEDITERRANEO · Leagel Paste · 212705 / 212730,nut,pistachio_paste,nut,,paste,MAIN_ALLOWED,,MAIN_CAPABLE_UNCALIBRATED,NONE,,,mapper_basement v1.0 + published product_behavior_policy_versions,Verified
PI-ING-001704,SULTANO DORO MALAGA · Leagel Paste · 312005,flavor_paste,malaga_paste,,,flavour_paste,UNKNOWN_REQUIRES_EVIDENCE,,MAIN_CAPABLE_UNCALIBRATED,NONE,,,mapper_basement v1.0 + published product_behavior_policy_versions,Verified
PI-ING-001705,VANILLE · Leagel Paste · 315305,flavor_paste,vanilla_paste,vanilla,,flavour_paste,MAIN_ALLOWED,,MAIN_CAPABLE_UNCALIBRATED,NONE,,,mapper_basement v1.0 + published product_behavior_policy_versions,Verified
PI-ING-001706,AMARENA CHERRY · Backaldrin Variegato · 875101,flavor_paste,fruit_variegato_paste,,,flavour_paste,UNKNOWN_REQUIRES_EVIDENCE,,MAIN_CAPABLE_UNCALIBRATED,NONE,,,mapper_basement v1.0 + published product_behavior_policy_versions,Verified
PI-ING-001707,BANANA · Backaldrin Paste · 873099,flavor_paste,banana_paste,,,flavour_paste,UNKNOWN_REQUIRES_EVIDENCE,,MAIN_CAPABLE_UNCALIBRATED,NONE,,,mapper_basement v1.0 + published product_behavior_policy_versions,Verified
PI-ING-001708,BISCOTTINO · Backaldrin Paste · 873072,flavor_paste,biscuit_paste,,,flavour_paste,UNKNOWN_REQUIRES_EVIDENCE,,MAIN_CAPABLE_UNCALIBRATED,NONE,,,mapper_basement v1.0 + published product_behavior_policy_versions,Verified
PI-ING-001709,BLUEBERRY · Backaldrin Paste · 873145,flavor_paste,blueberry_paste,,,flavour_paste,UNKNOWN_REQUIRES_EVIDENCE,,MAIN_CAPABLE_UNCALIBRATED,NONE,,,mapper_basement v1.0 + published product_behavior_policy_versions,Verified
PI-ING-001710,BONITA · Backaldrin Variegato · 875666,flavor_paste,variegato_layering_paste,,,flavour_paste,UNKNOWN_REQUIRES_EVIDENCE,,MAIN_CAPABLE_UNCALIBRATED,NONE,,,mapper_basement v1.0 + published product_behavior_policy_versions,Verified
PI-ING-001711,CARAMEL FIOR SALE · Backaldrin Paste · 873319,flavor_paste,caramel_salt_paste,caramel,,flavour_paste,MAIN_ALLOWED,,MAIN_CAPABLE_UNCALIBRATED,NONE,,,mapper_basement v1.0 + published product_behavior_policy_versions,Verified
PI-ING-001712,CREAM SOFT · Backaldrin Base Mix · 854000,base_mix,soft_ice_powder_mix,,,powder,STANDARD_ONLY,,MAIN_TECHNICAL_BLOCKED,NONE,,standard_product_not_flavour_main,mapper_basement v1.0 + published product_behavior_policy_versions,Verified
PI-ING-001713,CREMO 50 EVOLUTION SA · Backaldrin Base Mix · 840060,base_mix,milk_base_powder,,,powder,STANDARD_ONLY,,MAIN_TECHNICAL_BLOCKED,NONE,,standard_product_not_flavour_main,mapper_basement v1.0 + published product_behavior_policy_versions,Verified
PI-ING-001714,DON RAFE · Backaldrin Variegato · 875037,flavor_paste,variegato_layering_paste,,,flavour_paste,UNKNOWN_REQUIRES_EVIDENCE,,MAIN_CAPABLE_UNCALIBRATED,NONE,,,mapper_basement v1.0 + published product_behavior_policy_versions,Verified
PI-ING-001715,FOREST · Backaldrin Variegato · 875043,flavor_paste,fruit_variegato_paste,,,flavour_paste,UNKNOWN_REQUIRES_EVIDENCE,,MAIN_CAPABLE_UNCALIBRATED,NONE,,,mapper_basement v1.0 + published product_behavior_policy_versions,Verified
PI-ING-001716,FROLLINO · Backaldrin Variegato · 875687,flavor_paste,biscuit_variegato_paste,,,flavour_paste,UNKNOWN_REQUIRES_EVIDENCE,,MAIN_CAPABLE_UNCALIBRATED,NONE,,,mapper_basement v1.0 + published product_behavior_policy_versions,Verified
PI-ING-001717,LAVENDER · Backaldrin Paste · 873397,flavor_paste,lavender_paste,,,flavour_paste,UNKNOWN_REQUIRES_EVIDENCE,,MAIN_CAPABLE_UNCALIBRATED,NONE,,,mapper_basement v1.0 + published product_behavior_policy_versions,Verified
PI-ING-001718,LEMON · Backaldrin Paste · 873105,flavor_paste,lemon_paste,,,flavour_paste,UNKNOWN_REQUIRES_EVIDENCE,,MAIN_CAPABLE_UNCALIBRATED,NONE,,,mapper_basement v1.0 + published product_behavior_policy_versions,Verified
PI-ING-001719,MANGO · Backaldrin Variegato · 875091,flavor_paste,mango_variegato_paste,,,flavour_paste,UNKNOWN_REQUIRES_EVIDENCE,,MAIN_CAPABLE_UNCALIBRATED,NONE,,,mapper_basement v1.0 + published product_behavior_policy_versions,Verified
PI-ING-001720,MARACUJA · Backaldrin Paste · 873107,flavor_paste,passion_fruit_paste,,,flavour_paste,UNKNOWN_REQUIRES_EVIDENCE,,MAIN_CAPABLE_UNCALIBRATED,NONE,,,mapper_basement v1.0 + published product_behavior_policy_versions,Verified
PI-ING-001721,NEW YORK CHEESECAKE · Backaldrin Paste · 873374,flavor_paste,cheesecake_paste,,,flavour_paste,UNKNOWN_REQUIRES_EVIDENCE,,MAIN_CAPABLE_UNCALIBRATED,NONE,,,mapper_basement v1.0 + published product_behavior_policy_versions,Verified
PI-ING-001722,NICCIOLA JULIA DARK · Backaldrin Paste · 873150,nut,hazelnut_paste,nut,,paste,MAIN_ALLOWED,,MAIN_CAPABLE_UNCALIBRATED,NONE,,,mapper_basement v1.0 + published product_behavior_policy_versions,Verified
PI-ING-001723,PISTACHIO · Backaldrin Variegato · 875039,flavor_paste,pistachio_variegato_paste,,,flavour_paste,UNKNOWN_REQUIRES_EVIDENCE,,MAIN_CAPABLE_UNCALIBRATED,NONE,,,mapper_basement v1.0 + published product_behavior_policy_versions,Verified
PI-ING-001724,RASPBERRY · Backaldrin Paste · 873111,flavor_paste,raspberry_paste,,,flavour_paste,UNKNOWN_REQUIRES_EVIDENCE,,MAIN_CAPABLE_UNCALIBRATED,NONE,,,mapper_basement v1.0 + published product_behavior_policy_versions,Verified
PI-ING-001725,JACK DANIEL'S OLD NO. 7 · Tennessee Whiskey · 40% Vol,alcohol,whiskey,alcohol,,alcoholic_beverage,MAIN_ALLOWED,,MAIN_CAPABLE_UNCALIBRATED,NONE,,,mapper_basement v1.0 + published product_behavior_policy_versions,Verified / PI Calculated
PI-ING-001726,JACK DANIEL'S GENTLEMAN JACK · Tennessee Whiskey · 40% Vol,alcohol,whiskey,alcohol,,alcoholic_beverage,MAIN_ALLOWED,,MAIN_CAPABLE_UNCALIBRATED,NONE,,,mapper_basement v1.0 + published product_behavior_policy_versions,Verified / PI Calculated
PI-ING-001727,JACK DANIEL'S SINGLE BARREL SELECT · Tennessee Whiskey · 47% Vol,alcohol,whiskey,alcohol,,alcoholic_beverage,MAIN_ALLOWED,,MAIN_CAPABLE_UNCALIBRATED,NONE,,,mapper_basement v1.0 + published product_behavior_policy_versions,Verified / PI Calculated
PI-ING-001728,JACK DANIEL'S SINGLE BARREL RYE · Rye Whiskey · 47% Vol,alcohol,whiskey,alcohol,,alcoholic_beverage,MAIN_ALLOWED,,MAIN_CAPABLE_UNCALIBRATED,NONE,,,mapper_basement v1.0 + published product_behavior_policy_versions,Verified / PI Calculated
PI-ING-001729,JACK DANIEL'S SINATRA SELECT · Tennessee Whiskey · 45% Vol,alcohol,whiskey,alcohol,,alcoholic_beverage,MAIN_ALLOWED,,MAIN_CAPABLE_UNCALIBRATED,NONE,,,mapper_basement v1.0 + published product_behavior_policy_versions,Verified / PI Calculated
PI-ING-001730,JACK DANIEL'S RYE · Tennessee Rye Whiskey · 45% Vol,alcohol,whiskey,alcohol,,alcoholic_beverage,MAIN_ALLOWED,,MAIN_CAPABLE_UNCALIBRATED,NONE,,,mapper_basement v1.0 + published product_behavior_policy_versions,Verified / PI Calculated
PI-ING-001731,JACK DANIEL'S BONDED · Tennessee Whiskey · 50% Vol,alcohol,whiskey,alcohol,,alcoholic_beverage,MAIN_ALLOWED,,MAIN_CAPABLE_UNCALIBRATED,NONE,,,mapper_basement v1.0 + published product_behavior_policy_versions,Verified / PI Calculated
PI-ING-001732,JACK DANIEL'S BONDED RYE · Tennessee Rye Whiskey · 50% Vol,alcohol,whiskey,alcohol,,alcoholic_beverage,MAIN_ALLOWED,,MAIN_CAPABLE_UNCALIBRATED,NONE,,,mapper_basement v1.0 + published product_behavior_policy_versions,Verified / PI Calculated
PI-ING-001733,JACK DANIEL'S TENNESSEE HONEY · Honey Whiskey Liqueur · 35% Vol,alcohol,liqueur,alcohol,,alcoholic_beverage,MAIN_ALLOWED,,MAIN_CAPABLE_UNCALIBRATED,NONE,,,mapper_basement v1.0 + published product_behavior_policy_versions,Verified / PI Calculated
PI-ING-001734,JACK DANIEL'S TENNESSEE FIRE · Cinnamon Whiskey Liqueur · 35% Vol,alcohol,liqueur,alcohol,,alcoholic_beverage,MAIN_ALLOWED,,MAIN_CAPABLE_UNCALIBRATED,NONE,,,mapper_basement v1.0 + published product_behavior_policy_versions,Verified / PI Calculated
PI-ING-001735,JACK DANIEL'S TENNESSEE APPLE · Apple Whiskey Liqueur · 35% Vol,alcohol,liqueur,alcohol,,alcoholic_beverage,MAIN_ALLOWED,,MAIN_CAPABLE_UNCALIBRATED,NONE,,,mapper_basement v1.0 + published product_behavior_policy_versions,Verified / PI Calculated
PI-ING-001736,JACK DANIEL'S WINTER JACK · Apple Whiskey Punch · 15% Vol,alcohol,liqueur,alcohol,,alcoholic_beverage,MAIN_ALLOWED,,MAIN_CAPABLE_UNCALIBRATED,NONE,,,mapper_basement v1.0 + published product_behavior_policy_versions,Verified / PI Calculated
PI-ING-001737,JIM BEAM ORIGINAL · Kentucky Straight Bourbon · 40% Vol,alcohol,bourbon_whiskey,alcohol,,alcoholic_beverage,MAIN_ALLOWED,,MAIN_CAPABLE_UNCALIBRATED,NONE,,,mapper_basement v1.0 + published product_behavior_policy_versions,Verified / PI Calculated
PI-ING-001738,JIM BEAM HONEY · Bourbon Honey Liqueur · 32.5% Vol,alcohol,liqueur,alcohol,,alcoholic_beverage,MAIN_ALLOWED,,MAIN_CAPABLE_UNCALIBRATED,NONE,,,mapper_basement v1.0 + published product_behavior_policy_versions,PI Calculated / Needs Label Review
PI-ING-001739,JIM BEAM APPLE · Bourbon Apple Liqueur · 32.5% Vol,alcohol,liqueur,alcohol,,alcoholic_beverage,MAIN_ALLOWED,,MAIN_CAPABLE_UNCALIBRATED,NONE,,,mapper_basement v1.0 + published product_behavior_policy_versions,PI Calculated / Needs Label Review
PI-ING-001740,ABSOLUT VODKA · Swedish Vodka · 40% Vol,alcohol,vodka,alcohol,,alcoholic_beverage,MAIN_ALLOWED,,MAIN_CAPABLE_UNCALIBRATED,NONE,,,mapper_basement v1.0 + published product_behavior_policy_versions,Verified / PI Calculated
PI-ING-001741,ABSOLUT CITRON · Lemon Vodka · 40% Vol,alcohol,vodka,alcohol,,alcoholic_beverage,MAIN_ALLOWED,,MAIN_CAPABLE_UNCALIBRATED,NONE,,,mapper_basement v1.0 + published product_behavior_policy_versions,Verified / PI Calculated
PI-ING-001742,ABSOLUT MANDRIN · Mandarin Vodka · 40% Vol,alcohol,vodka,alcohol,,alcoholic_beverage,MAIN_ALLOWED,,MAIN_CAPABLE_UNCALIBRATED,NONE,,,mapper_basement v1.0 + published product_behavior_policy_versions,Verified / PI Calculated
PI-ING-001743,GREY GOOSE ORIGINAL · French Vodka · 40% Vol,alcohol,vodka,alcohol,,alcoholic_beverage,MAIN_ALLOWED,,MAIN_CAPABLE_UNCALIBRATED,NONE,,,mapper_basement v1.0 + published product_behavior_policy_versions,Verified / PI Calculated
PI-ING-001744,GREY GOOSE L'ORANGE · Orange Vodka · 40% Vol,alcohol,vodka,alcohol,,alcoholic_beverage,MAIN_ALLOWED,,MAIN_CAPABLE_UNCALIBRATED,NONE,,,mapper_basement v1.0 + published product_behavior_policy_versions,Verified / PI Calculated
PI-ING-001745,GREY GOOSE LE CITRON · Lemon Vodka · 40% Vol,alcohol,vodka,alcohol,,alcoholic_beverage,MAIN_ALLOWED,,MAIN_CAPABLE_UNCALIBRATED,NONE,,,mapper_basement v1.0 + published product_behavior_policy_versions,Verified / PI Calculated
PI-ING-001746,GREY GOOSE LA POIRE · Pear Vodka · 40% Vol,alcohol,vodka,alcohol,,alcoholic_beverage,MAIN_ALLOWED,,MAIN_CAPABLE_UNCALIBRATED,NONE,,,mapper_basement v1.0 + published product_behavior_policy_versions,Verified / PI Calculated
PI-ING-001747,GREY GOOSE WHITE PEACH & ROSEMARY · Vodka Essence · 30% Vol,alcohol,vodka,alcohol,,alcoholic_beverage,MAIN_ALLOWED,,MAIN_CAPABLE_UNCALIBRATED,NONE,,,mapper_basement v1.0 + published product_behavior_policy_versions,Verified / PI Calculated
PI-ING-001748,BACARDÍ SUPERIOR · White Rum · 40% Vol,alcohol,rum,alcohol,,alcoholic_beverage,MAIN_ALLOWED,,MAIN_CAPABLE_UNCALIBRATED,NONE,,,mapper_basement v1.0 + published product_behavior_policy_versions,Verified / PI Calculated
PI-ING-001749,BACARDÍ GOLD · Rum · 40% Vol,alcohol,rum,alcohol,,alcoholic_beverage,MAIN_ALLOWED,,MAIN_CAPABLE_UNCALIBRATED,NONE,,,mapper_basement v1.0 + published product_behavior_policy_versions,Verified / PI Calculated
PI-ING-001750,BACARDÍ BLACK · Dark Rum · 40% Vol,alcohol,rum,alcohol,,alcoholic_beverage,MAIN_ALLOWED,,MAIN_CAPABLE_UNCALIBRATED,NONE,,,mapper_basement v1.0 + published product_behavior_policy_versions,Verified / PI Calculated
PI-ING-001751,BACARDÍ COCO · Coconut Rum · 35% Vol,alcohol,flavoured_rum,alcohol,,alcoholic_beverage,MAIN_ALLOWED,,MAIN_CAPABLE_UNCALIBRATED,NONE,,,mapper_basement v1.0 + published product_behavior_policy_versions,Verified / PI Calculated
PI-ING-001752,BACARDÍ SPICED · Spiced Rum · 35% Vol,alcohol,spiced_rum,alcohol,,alcoholic_beverage,MAIN_ALLOWED,,MAIN_CAPABLE_UNCALIBRATED,NONE,,,mapper_basement v1.0 + published product_behavior_policy_versions,Verified / PI Calculated
PI-ING-001753,BACARDÍ LIMÓN · Citrus Rum · 35% Vol,alcohol,flavoured_rum,alcohol,,alcoholic_beverage,MAIN_ALLOWED,,MAIN_CAPABLE_UNCALIBRATED,NONE,,,mapper_basement v1.0 + published product_behavior_policy_versions,Verified / PI Calculated
PI-ING-001754,BACARDÍ RASPBERRY · Raspberry Rum · 35% Vol,alcohol,flavoured_rum,alcohol,,alcoholic_beverage,MAIN_ALLOWED,,MAIN_CAPABLE_UNCALIBRATED,NONE,,,mapper_basement v1.0 + published product_behavior_policy_versions,Verified / PI Calculated
PI-ING-001755,BACARDÍ LIME · Lime Rum · 35% Vol,alcohol,flavoured_rum,alcohol,,alcoholic_beverage,MAIN_ALLOWED,,MAIN_CAPABLE_UNCALIBRATED,NONE,,,mapper_basement v1.0 + published product_behavior_policy_versions,Verified / PI Calculated
PI-ING-001756,BACARDÍ TROPICAL · Tropical Rum · 35% Vol,alcohol,flavoured_rum,alcohol,,alcoholic_beverage,MAIN_ALLOWED,,MAIN_CAPABLE_UNCALIBRATED,NONE,,,mapper_basement v1.0 + published product_behavior_policy_versions,Verified / PI Calculated
PI-ING-001757,BACARDÍ MANGO CHILE · Mango Chile Rum · 35% Vol,alcohol,flavoured_rum,alcohol,,alcoholic_beverage,MAIN_ALLOWED,,MAIN_CAPABLE_UNCALIBRATED,NONE,,,mapper_basement v1.0 + published product_behavior_policy_versions,Verified / PI Calculated
PI-ING-001758,BOMBAY SAPPHIRE · London Dry Gin · 47% Vol,alcohol,gin,alcohol,,alcoholic_beverage,MAIN_ALLOWED,,MAIN_CAPABLE_UNCALIBRATED,NONE,,,mapper_basement v1.0 + published product_behavior_policy_versions,Verified / PI Calculated
PI-ING-001759,BOMBAY DRY · London Dry Gin · 43% Vol,alcohol,gin,alcohol,,alcoholic_beverage,MAIN_ALLOWED,,MAIN_CAPABLE_UNCALIBRATED,NONE,,,mapper_basement v1.0 + published product_behavior_policy_versions,Verified / PI Calculated
PI-ING-001760,BOMBAY BRAMBLE · Blackberry & Raspberry Gin · 43% Vol,alcohol,gin,alcohol,,alcoholic_beverage,MAIN_ALLOWED,,MAIN_CAPABLE_UNCALIBRATED,NONE,,,mapper_basement v1.0 + published product_behavior_policy_versions,Verified / PI Calculated
PI-ING-001761,PATRÓN SILVER · 100% Agave Tequila · 40% Vol,alcohol,tequila,alcohol,,alcoholic_beverage,MAIN_ALLOWED,,MAIN_CAPABLE_UNCALIBRATED,NONE,,,mapper_basement v1.0 + published product_behavior_policy_versions,Verified / PI Calculated
PI-ING-001762,KAHLÚA ORIGINAL · Coffee Liqueur · 16% Vol,alcohol,coffee_liqueur,coffee,,alcoholic_beverage,MAIN_ALLOWED,,MAIN_CAPABLE_UNCALIBRATED,NONE,,,mapper_basement v1.0 + published product_behavior_policy_versions,Verified / PI Calculated
PI-ING-001763,TIA MARIA COLD BREW · Coffee Liqueur · 20% Vol,alcohol,coffee_liqueur,coffee,,alcoholic_beverage,MAIN_ALLOWED,,MAIN_CAPABLE_UNCALIBRATED,NONE,,,mapper_basement v1.0 + published product_behavior_policy_versions,PI Calculated / Needs Label Review
PI-ING-001764,MALIBU WATERMELON · Flavoured Rum Liqueur · 21% Vol,alcohol,liqueur,alcohol,,alcoholic_beverage,MAIN_ALLOWED,,MAIN_CAPABLE_UNCALIBRATED,NONE,,,mapper_basement v1.0 + published product_behavior_policy_versions,Verified / PI Calculated
PI-ING-001765,MALIBU PASSION FRUIT · Flavoured Rum Liqueur · 21% Vol,alcohol,liqueur,alcohol,,alcoholic_beverage,MAIN_ALLOWED,,MAIN_CAPABLE_UNCALIBRATED,NONE,,,mapper_basement v1.0 + published product_behavior_policy_versions,Verified / PI Calculated
PI-ING-001766,COINTREAU L'UNIQUE · Orange Liqueur · 40% Vol,alcohol,orange_liqueur,alcohol,,alcoholic_beverage,MAIN_ALLOWED,,MAIN_CAPABLE_UNCALIBRATED,NONE,,,mapper_basement v1.0 + published product_behavior_policy_versions,Verified / PI Calculated
PI-ING-001767,GRAND MARNIER CORDON ROUGE · Orange Cognac Liqueur · 40% Vol,alcohol,orange_liqueur,alcohol,,alcoholic_beverage,MAIN_ALLOWED,,MAIN_CAPABLE_UNCALIBRATED,NONE,,,mapper_basement v1.0 + published product_behavior_policy_versions,Verified / PI Calculated
PI-ING-001768,DISARONNO ORIGINALE · Amaretto Liqueur · 28% Vol,alcohol,amaretto,alcohol,,alcoholic_beverage,MAIN_ALLOWED,,MAIN_CAPABLE_UNCALIBRATED,NONE,,,mapper_basement v1.0 + published product_behavior_policy_versions,Verified / PI Calculated
PI-ING-001769,FRANGELICO · Hazelnut Liqueur · 20% Vol,alcohol,hazelnut_liqueur,alcohol,,alcoholic_beverage,MAIN_ALLOWED,,MAIN_CAPABLE_UNCALIBRATED,NONE,,,mapper_basement v1.0 + published product_behavior_policy_versions,Verified / PI Calculated
PI-ING-001770,PALLINI LIMONCELLO · Lemon Liqueur · 26% Vol,alcohol,limoncello,alcohol,,alcoholic_beverage,MAIN_ALLOWED,,MAIN_CAPABLE_UNCALIBRATED,NONE,,,mapper_basement v1.0 + published product_behavior_policy_versions,Verified / PI Calculated
PI-ING-001771,MOLINARI SAMBUCA EXTRA · Sambuca Liqueur · 40% Vol,alcohol,sambuca,alcohol,,alcoholic_beverage,MAIN_ALLOWED,,MAIN_CAPABLE_UNCALIBRATED,NONE,,,mapper_basement v1.0 + published product_behavior_policy_versions,Verified / Basis Check Needed
PI-ING-001772,MIDORI · Melon Liqueur · 20% Vol,alcohol,melon_liqueur,alcohol,,alcoholic_beverage,MAIN_ALLOWED,,MAIN_CAPABLE_UNCALIBRATED,NONE,,,mapper_basement v1.0 + published product_behavior_policy_versions,PI Calculated / Needs Label Review
PI-ING-001773,LICOR 43 ORIGINAL · Vanilla Citrus Liqueur · 31% Vol,alcohol,liqueur,alcohol,,alcoholic_beverage,MAIN_ALLOWED,,MAIN_CAPABLE_UNCALIBRATED,NONE,,,mapper_basement v1.0 + published product_behavior_policy_versions,Verified / PI Calculated
PI-ING-001774,FIREBALL WHISKY · Cinnamon Whisky Liqueur · 33% Vol,alcohol,cinnamon_whisky_liqueur,alcohol,,alcoholic_beverage,MAIN_ALLOWED,,MAIN_CAPABLE_UNCALIBRATED,NONE,,,mapper_basement v1.0 + published product_behavior_policy_versions,PI Calculated / Needs Label Review
PI-ING-001775,SOUTHERN COMFORT ORIGINAL · Whiskey Liqueur · 35% Vol,alcohol,whiskey_liqueur,alcohol,,alcoholic_beverage,MAIN_ALLOWED,,MAIN_CAPABLE_UNCALIBRATED,NONE,,,mapper_basement v1.0 + published product_behavior_policy_versions,PI Calculated / Needs Label Review
PI-ING-001776,CHAMBORD · Black Raspberry Liqueur · 16.5% Vol,alcohol,raspberry_liqueur,alcohol,,alcoholic_beverage,MAIN_ALLOWED,,MAIN_CAPABLE_UNCALIBRATED,NONE,,,mapper_basement v1.0 + published product_behavior_policy_versions,Verified / PI Calculated
PI-ING-001777,ST-GERMAIN · Elderflower Liqueur · 20% Vol,alcohol,elderflower_liqueur,alcohol,,alcoholic_beverage,MAIN_ALLOWED,,MAIN_CAPABLE_UNCALIBRATED,NONE,,,mapper_basement v1.0 + published product_behavior_policy_versions,Verified / PI Calculated
PI-ING-001778,DRAMBUIE · Scotch Whisky Honey Liqueur · 40% Vol,alcohol,whisky_liqueur,alcohol,,alcoholic_beverage,MAIN_ALLOWED,,MAIN_CAPABLE_UNCALIBRATED,NONE,,,mapper_basement v1.0 + published product_behavior_policy_versions,Verified / PI Calculated
PI-ING-001779,BÉNÉDICTINE D.O.M. · Herbal Liqueur · 40% Vol,alcohol,herbal_liqueur,alcohol,,alcoholic_beverage,MAIN_ALLOWED,,MAIN_CAPABLE_UNCALIBRATED,NONE,,,mapper_basement v1.0 + published product_behavior_policy_versions,Verified / PI Calculated
PI-ING-001780,B&B BÉNÉDICTINE · Brandy Herbal Liqueur · 40% Vol,alcohol,herbal_liqueur,alcohol,,alcoholic_beverage,MAIN_ALLOWED,,MAIN_CAPABLE_UNCALIBRATED,NONE,,,mapper_basement v1.0 + published product_behavior_policy_versions,Verified / PI Calculated
PI-ING-001781,GALLIANO VANILLA · Vanilla Herbal Liqueur · 30% Vol,alcohol,vanilla_liqueur,vanilla,,alcoholic_beverage,MAIN_ALLOWED,,MAIN_CAPABLE_UNCALIBRATED,NONE,,,mapper_basement v1.0 + published product_behavior_policy_versions,PI Calculated / Needs Label Review
PI-ING-001782,AVERNA · Sicilian Amaro · 29% Vol,alcohol,amaro,alcohol,,alcoholic_beverage,MAIN_ALLOWED,,MAIN_CAPABLE_UNCALIBRATED,NONE,,,mapper_basement v1.0 + published product_behavior_policy_versions,Verified / PI Calculated
PI-ING-001783,CYNAR · Artichoke Bitter Aperitif · 16.5% Vol,alcohol,aperitif,alcohol,,alcoholic_beverage,MAIN_ALLOWED,,MAIN_CAPABLE_UNCALIBRATED,NONE,,,mapper_basement v1.0 + published product_behavior_policy_versions,Verified / PI Calculated
PI-ING-001784,AMARO MONTENEGRO · Italian Amaro · 23% Vol,alcohol,amaro,alcohol,,alcoholic_beverage,MAIN_ALLOWED,,MAIN_CAPABLE_UNCALIBRATED,NONE,,,mapper_basement v1.0 + published product_behavior_policy_versions,PI Calculated / Needs Label Review
PI-ING-001785,RED BULL SUGARFREE · Beverage,beverage,energy_drink,,,liquid,UNKNOWN_REQUIRES_EVIDENCE,,MAIN_CAPABLE_UNCALIBRATED,NONE,,,mapper_basement v1.0 + published product_behavior_policy_versions,Verified / PI Calculated
PI-ING-001786,RED BULL ZERO · Beverage,beverage,energy_drink,,,liquid,UNKNOWN_REQUIRES_EVIDENCE,,MAIN_CAPABLE_UNCALIBRATED,NONE,,,mapper_basement v1.0 + published product_behavior_policy_versions,Verified / PI Calculated
PI-ING-001787,RED BULL RED EDITION WATERMELON · Beverage,beverage,energy_drink,,,liquid,UNKNOWN_REQUIRES_EVIDENCE,,MAIN_CAPABLE_UNCALIBRATED,NONE,,,mapper_basement v1.0 + published product_behavior_policy_versions,Verified / PI Calculated
PI-ING-001788,RED BULL RED EDITION WATERMELON SUGARFREE · Beverage,beverage,energy_drink,,,liquid,UNKNOWN_REQUIRES_EVIDENCE,,MAIN_CAPABLE_UNCALIBRATED,NONE,,,mapper_basement v1.0 + published product_behavior_policy_versions,Verified / PI Calculated
PI-ING-001789,RED BULL YELLOW EDITION TROPICAL FRUITS · Beverage,beverage,energy_drink,,,liquid,UNKNOWN_REQUIRES_EVIDENCE,,MAIN_CAPABLE_UNCALIBRATED,NONE,,,mapper_basement v1.0 + published product_behavior_policy_versions,Verified / PI Calculated
PI-ING-001790,RED BULL BLUE EDITION BLUEBERRY · Beverage,beverage,energy_drink,,,liquid,UNKNOWN_REQUIRES_EVIDENCE,,MAIN_CAPABLE_UNCALIBRATED,NONE,,,mapper_basement v1.0 + published product_behavior_policy_versions,Verified / PI Calculated
PI-ING-001791,RED BULL WHITE / COCONUT EDITION COCONUT BERRY · Beverage,beverage,energy_drink,,,liquid,UNKNOWN_REQUIRES_EVIDENCE,,MAIN_CAPABLE_UNCALIBRATED,NONE,,,mapper_basement v1.0 + published product_behavior_policy_versions,Verified / PI Calculated
PI-ING-001792,RED BULL APRICOT / AMBER EDITION STRAWBERRY APRICOT · Beverage,beverage,energy_drink,,,liquid,UNKNOWN_REQUIRES_EVIDENCE,,MAIN_CAPABLE_UNCALIBRATED,NONE,,,mapper_basement v1.0 + published product_behavior_policy_versions,Verified / PI Calculated
PI-ING-001793,RED BULL SEA BLUE EDITION JUNEBERRY · Beverage,beverage,energy_drink,,,liquid,UNKNOWN_REQUIRES_EVIDENCE,,MAIN_CAPABLE_UNCALIBRATED,NONE,,,mapper_basement v1.0 + published product_behavior_policy_versions,Verified / PI Calculated
PI-ING-001794,RED BULL SUMMER EDITION SUDACHI LIME · Beverage,beverage,energy_drink,,,liquid,UNKNOWN_REQUIRES_EVIDENCE,,MAIN_CAPABLE_UNCALIBRATED,NONE,,,mapper_basement v1.0 + published product_behavior_policy_versions,Verified / PI Calculated
PI-ING-001795,RED BULL SUMMER EDITION SUDACHI LIME SUGARFREE · Beverage,beverage,energy_drink,,,liquid,UNKNOWN_REQUIRES_EVIDENCE,,MAIN_CAPABLE_UNCALIBRATED,NONE,,,mapper_basement v1.0 + published product_behavior_policy_versions,Verified / PI Calculated
PI-ING-001796,RED BULL PEACH EDITION WHITE PEACH · Beverage,beverage,energy_drink,,,liquid,UNKNOWN_REQUIRES_EVIDENCE,,MAIN_CAPABLE_UNCALIBRATED,NONE,,,mapper_basement v1.0 + published product_behavior_policy_versions,Verified / PI Calculated
PI-ING-001797,RED BULL PEACH EDITION WHITE PEACH SUGARFREE · Beverage,beverage,energy_drink,,,liquid,UNKNOWN_REQUIRES_EVIDENCE,,MAIN_CAPABLE_UNCALIBRATED,NONE,,,mapper_basement v1.0 + published product_behavior_policy_versions,Verified / PI Calculated
PI-ING-001798,RED BULL PINK EDITION WILD BERRIES · Beverage,beverage,energy_drink,,,liquid,UNKNOWN_REQUIRES_EVIDENCE,,MAIN_CAPABLE_UNCALIBRATED,NONE,,,mapper_basement v1.0 + published product_behavior_policy_versions,Verified / PI Calculated
PI-ING-001799,RED BULL PINK EDITION WILD BERRIES SUGARFREE · Beverage,beverage,energy_drink,,,liquid,UNKNOWN_REQUIRES_EVIDENCE,,MAIN_CAPABLE_UNCALIBRATED,NONE,,,mapper_basement v1.0 + published product_behavior_policy_versions,Verified / PI Calculated
PI-ING-001800,RED BULL ICED EDITION ICED VANILLA BERRY · Beverage,beverage,energy_drink,,,liquid,UNKNOWN_REQUIRES_EVIDENCE,,MAIN_CAPABLE_UNCALIBRATED,NONE,,,mapper_basement v1.0 + published product_behavior_policy_versions,Verified / PI Calculated
PI-ING-001801,RED BULL ICED EDITION ICED VANILLA BERRY SUGARFREE · Beverage,beverage,energy_drink,,,liquid,UNKNOWN_REQUIRES_EVIDENCE,,MAIN_CAPABLE_UNCALIBRATED,NONE,,,mapper_basement v1.0 + published product_behavior_policy_versions,Verified / PI Calculated
PI-ING-001802,RED BULL GREEN EDITION CACTUS FRUIT · Beverage,beverage,energy_drink,,,liquid,UNKNOWN_REQUIRES_EVIDENCE,,MAIN_CAPABLE_UNCALIBRATED,NONE,,,mapper_basement v1.0 + published product_behavior_policy_versions,Verified / PI Calculated
PI-ING-001803,RED BULL PURPLE EDITION ACAI BERRY · Beverage,beverage,energy_drink,,,liquid,UNKNOWN_REQUIRES_EVIDENCE,,MAIN_CAPABLE_UNCALIBRATED,NONE,,,mapper_basement v1.0 + published product_behavior_policy_versions,Estimated / Needs Label Review
PI-ING-001804,RED BULL ORANGE EDITION TANGERINE · Beverage,beverage,energy_drink,,,liquid,UNKNOWN_REQUIRES_EVIDENCE,,MAIN_CAPABLE_UNCALIBRATED,NONE,,,mapper_basement v1.0 + published product_behavior_policy_versions,Estimated / Needs Label Review
PI-ING-001805,RED BULL WINTER EDITION POMEGRANATE · Beverage,beverage,energy_drink,,,liquid,UNKNOWN_REQUIRES_EVIDENCE,,MAIN_CAPABLE_UNCALIBRATED,NONE,,,mapper_basement v1.0 + published product_behavior_policy_versions,Estimated / Needs Label Review
PI-ING-001806,RED BULL DRAGON FRUIT EDITION · Beverage,beverage,energy_drink,,,liquid,UNKNOWN_REQUIRES_EVIDENCE,,MAIN_CAPABLE_UNCALIBRATED,NONE,,,mapper_basement v1.0 + published product_behavior_policy_versions,Estimated / Needs Label Review
PI-ING-001807,EFFECT CLASSIC ENERGY · Beverage,beverage,energy_drink,,,liquid,UNKNOWN_REQUIRES_EVIDENCE,,MAIN_CAPABLE_UNCALIBRATED,NONE,,,mapper_basement v1.0 + published product_behavior_policy_versions,Verified / PI Calculated
PI-ING-001808,EFFECT ZERO SUGARFREE · Beverage,beverage,energy_drink,,,liquid,UNKNOWN_REQUIRES_EVIDENCE,,MAIN_CAPABLE_UNCALIBRATED,NONE,,,mapper_basement v1.0 + published product_behavior_policy_versions,Verified / PI Calculated
PI-ING-001809,EFFECT BLACK ACAI · Beverage,beverage,energy_drink,,,liquid,UNKNOWN_REQUIRES_EVIDENCE,,MAIN_CAPABLE_UNCALIBRATED,NONE,,,mapper_basement v1.0 + published product_behavior_policy_versions,Verified / PI Calculated
PI-ING-001810,EFFECT GAZOZ · Beverage,beverage,energy_drink,,,liquid,UNKNOWN_REQUIRES_EVIDENCE,,MAIN_CAPABLE_UNCALIBRATED,NONE,,,mapper_basement v1.0 + published product_behavior_policy_versions,Verified / PI Calculated
PI-ING-001811,EFFECT HABIBI BERRY · Beverage,beverage,energy_drink,,,liquid,UNKNOWN_REQUIRES_EVIDENCE,,MAIN_CAPABLE_UNCALIBRATED,NONE,,,mapper_basement v1.0 + published product_behavior_policy_versions,Verified / PI Calculated
PI-ING-001812,EFFECT PINK GRAPEFRUIT · Beverage,beverage,energy_drink,,,liquid,UNKNOWN_REQUIRES_EVIDENCE,,MAIN_CAPABLE_UNCALIBRATED,NONE,,,mapper_basement v1.0 + published product_behavior_policy_versions,Verified / PI Calculated
PI-ING-001813,EFFECT GRAPE MINT · Beverage,beverage,energy_drink,,,liquid,UNKNOWN_REQUIRES_EVIDENCE,,MAIN_CAPABLE_UNCALIBRATED,NONE,,,mapper_basement v1.0 + published product_behavior_policy_versions,Verified / PI Calculated
PI-ING-001814,EFFECT STRAWBERRY APRICOT · Beverage,beverage,energy_drink,,,liquid,UNKNOWN_REQUIRES_EVIDENCE,,MAIN_CAPABLE_UNCALIBRATED,NONE,,,mapper_basement v1.0 + published product_behavior_policy_versions,Verified / PI Calculated
PI-ING-001815,EFFECT BUBBLE GUM · Beverage,beverage,energy_drink,,,liquid,UNKNOWN_REQUIRES_EVIDENCE,,MAIN_CAPABLE_UNCALIBRATED,NONE,,,mapper_basement v1.0 + published product_behavior_policy_versions,Verified / PI Calculated
PI-ING-001816,EFFECT GUAVA MASSIVE · Beverage,beverage,energy_drink,,,liquid,UNKNOWN_REQUIRES_EVIDENCE,,MAIN_CAPABLE_UNCALIBRATED,NONE,,,mapper_basement v1.0 + published product_behavior_policy_versions,Verified / PI Calculated
PI-ING-001817,EFFECT COCONUT BLUEBERRY · Beverage,beverage,energy_drink,,,liquid,UNKNOWN_REQUIRES_EVIDENCE,,MAIN_CAPABLE_UNCALIBRATED,NONE,,,mapper_basement v1.0 + published product_behavior_policy_versions,Verified / PI Calculated
PI-ING-001818,EFFECT WATERMELON SPLASH · Beverage,beverage,energy_drink,,,liquid,UNKNOWN_REQUIRES_EVIDENCE,,MAIN_CAPABLE_UNCALIBRATED,NONE,,,mapper_basement v1.0 + published product_behavior_policy_versions,Estimated / Needs Label Review
PI-ING-001819,EFFECT VOLTAGE · Beverage,beverage,energy_drink,,,liquid,UNKNOWN_REQUIRES_EVIDENCE,,MAIN_CAPABLE_UNCALIBRATED,NONE,,,mapper_basement v1.0 + published product_behavior_policy_versions,Estimated / Needs Label Review
PI-ING-001820,EFFECT PUSHD · Beverage,beverage,energy_drink,,,liquid,UNKNOWN_REQUIRES_EVIDENCE,,MAIN_CAPABLE_UNCALIBRATED,NONE,,,mapper_basement v1.0 + published product_behavior_policy_versions,Estimated / Needs Label Review
PI-ING-001821,EFFECT BCAA PERFORMANCE SUPER BERRY · Beverage,beverage,energy_drink_bCAA,,,liquid,UNKNOWN_REQUIRES_EVIDENCE,,MAIN_CAPABLE_UNCALIBRATED,NONE,,,mapper_basement v1.0 + published product_behavior_policy_versions,Estimated / Needs Label Review
PI-ING-001822,EFFECT BCAA XPLODE TROPICAL BLAST · Beverage,beverage,energy_drink_bCAA,,,liquid,UNKNOWN_REQUIRES_EVIDENCE,,MAIN_CAPABLE_UNCALIBRATED,NONE,,,mapper_basement v1.0 + published product_behavior_policy_versions,Estimated / Needs Label Review
PI-ING-001823,EFFECT BCAA RIPPED PEAR BOOST · Beverage,beverage,energy_drink_bCAA,,,liquid,UNKNOWN_REQUIRES_EVIDENCE,,MAIN_CAPABLE_UNCALIBRATED,NONE,,,mapper_basement v1.0 + published product_behavior_policy_versions,Estimated / Needs Label Review
PI-ING-001824,EFFECT BCAA SHREDDED COLA CRUSH · Beverage,beverage,energy_drink_bCAA,,,liquid,UNKNOWN_REQUIRES_EVIDENCE,,MAIN_CAPABLE_UNCALIBRATED,NONE,,,mapper_basement v1.0 + published product_behavior_policy_versions,Estimated / Needs Label Review
PI-ING-001825,GOLDBERG INDIAN TONIC WATER · Beverage,beverage,mixer_soft_drink,,,liquid,UNKNOWN_REQUIRES_EVIDENCE,,MAIN_CAPABLE_UNCALIBRATED,NONE,,,mapper_basement v1.0 + published product_behavior_policy_versions,Estimated / Needs Label Review
PI-ING-001826,GOLDBERG MEDITERRANEAN TONIC WATER · Beverage,beverage,mixer_soft_drink,,,liquid,UNKNOWN_REQUIRES_EVIDENCE,,MAIN_CAPABLE_UNCALIBRATED,NONE,,,mapper_basement v1.0 + published product_behavior_policy_versions,Estimated / Needs Label Review
PI-ING-001827,GOLDBERG JAPANESE YUZU TONIC · Beverage,beverage,mixer_soft_drink,,,liquid,UNKNOWN_REQUIRES_EVIDENCE,,MAIN_CAPABLE_UNCALIBRATED,NONE,,,mapper_basement v1.0 + published product_behavior_policy_versions,Estimated / Needs Label Review
PI-ING-001828,GOLDBERG PINK GRAPEFRUIT · Beverage,beverage,mixer_soft_drink,,,liquid,UNKNOWN_REQUIRES_EVIDENCE,,MAIN_CAPABLE_UNCALIBRATED,NONE,,,mapper_basement v1.0 + published product_behavior_policy_versions,Estimated / Needs Label Review
PI-ING-001829,GOLDBERG BITTER LEMON · Beverage,beverage,mixer_soft_drink,,,liquid,UNKNOWN_REQUIRES_EVIDENCE,,MAIN_CAPABLE_UNCALIBRATED,NONE,,,mapper_basement v1.0 + published product_behavior_policy_versions,Estimated / Needs Label Review
PI-ING-001830,GOLDBERG GINGER ALE · Beverage,beverage,mixer_soft_drink,,,liquid,UNKNOWN_REQUIRES_EVIDENCE,,MAIN_CAPABLE_UNCALIBRATED,NONE,,,mapper_basement v1.0 + published product_behavior_policy_versions,Estimated / Needs Label Review
PI-ING-001831,GOLDBERG GINGER BEER · Beverage,beverage,mixer_soft_drink,,,liquid,UNKNOWN_REQUIRES_EVIDENCE,,MAIN_CAPABLE_UNCALIBRATED,NONE,,,mapper_basement v1.0 + published product_behavior_policy_versions,Estimated / Needs Label Review
PI-ING-001832,GOLDBERG WILD BERRY · Beverage,beverage,mixer_soft_drink,,,liquid,UNKNOWN_REQUIRES_EVIDENCE,,MAIN_CAPABLE_UNCALIBRATED,NONE,,,mapper_basement v1.0 + published product_behavior_policy_versions,Estimated / Needs Label Review
PI-ING-001833,GOLDBERG SODA WATER · Beverage,beverage,mixer_soft_drink,,,liquid,UNKNOWN_REQUIRES_EVIDENCE,,MAIN_CAPABLE_UNCALIBRATED,NONE,,,mapper_basement v1.0 + published product_behavior_policy_versions,Estimated / Needs Label Review
PI-ING-001834,GOLDBERG COLA · Beverage,beverage,mixer_soft_drink,,,liquid,UNKNOWN_REQUIRES_EVIDENCE,,MAIN_CAPABLE_UNCALIBRATED,NONE,,,mapper_basement v1.0 + published product_behavior_policy_versions,Estimated / Needs Label Review
PI-ING-001835,ACQUA MORELLI STILL WATER · Beverage,beverage,water,,,liquid,STRUCTURAL_ONLY,,MAIN_TECHNICAL_BLOCKED,NONE,,structural_product_not_flavour_main,mapper_basement v1.0 + published product_behavior_policy_versions,Estimated / Needs Label Review
PI-ING-001836,ACQUA MORELLI SPARKLING WATER · Beverage,beverage,water,,,liquid,STRUCTURAL_ONLY,,MAIN_TECHNICAL_BLOCKED,NONE,,structural_product_not_flavour_main,mapper_basement v1.0 + published product_behavior_policy_versions,Estimated / Needs Label Review
PI-ING-001837,SALITOS TEQUILA FLAVOURED BEER · Alcohol · 5.9% Vol,alcohol,beer_mixed_drink,alcohol,,alcoholic_beverage,MAIN_ALLOWED,,MAIN_CAPABLE_UNCALIBRATED,NONE,,,mapper_basement v1.0 + published product_behavior_policy_versions,Estimated / Needs Label Review
PI-ING-001838,SALITOS ICE · Alcohol · 5% Vol,alcohol,beer_mixed_drink,alcohol,,alcoholic_beverage,MAIN_ALLOWED,,MAIN_CAPABLE_UNCALIBRATED,NONE,,,mapper_basement v1.0 + published product_behavior_policy_versions,Estimated / Needs Label Review
PI-ING-001839,SALITOS BLUE · Alcohol · 5% Vol,alcohol,beer_mixed_drink,alcohol,,alcoholic_beverage,MAIN_ALLOWED,,MAIN_CAPABLE_UNCALIBRATED,NONE,,,mapper_basement v1.0 + published product_behavior_policy_versions,Estimated / Needs Label Review
PI-ING-001840,SALITOS PINK · Alcohol · 5% Vol,alcohol,beer_mixed_drink,alcohol,,alcoholic_beverage,MAIN_ALLOWED,,MAIN_CAPABLE_UNCALIBRATED,NONE,,,mapper_basement v1.0 + published product_behavior_policy_versions,Estimated / Needs Label Review
PI-ING-001841,SALITOS MOJITO · Alcohol · 5% Vol,alcohol,beer_mixed_drink,alcohol,,alcoholic_beverage,MAIN_ALLOWED,,MAIN_CAPABLE_UNCALIBRATED,NONE,,,mapper_basement v1.0 + published product_behavior_policy_versions,Estimated / Needs Label Review
PI-ING-001842,SALITOS CERVEZA · Alcohol · 4.7% Vol,alcohol,beer_mixed_drink,alcohol,,alcoholic_beverage,MAIN_ALLOWED,,MAIN_CAPABLE_UNCALIBRATED,NONE,,,mapper_basement v1.0 + published product_behavior_policy_versions,Estimated / Needs Label Review
PI-ING-001843,SCAVI & RAY PROSECCO DOC · Alcohol · 11% Vol,alcohol,sparkling_wine,alcohol,,alcoholic_beverage,MAIN_ALLOWED,,MAIN_CAPABLE_UNCALIBRATED,NONE,,,mapper_basement v1.0 + published product_behavior_policy_versions,Estimated / Needs Label Review
PI-ING-001844,SCAVI & RAY PROSECCO DOC ROSE · Alcohol · 11% Vol,alcohol,sparkling_wine,alcohol,,alcoholic_beverage,MAIN_ALLOWED,,MAIN_CAPABLE_UNCALIBRATED,NONE,,,mapper_basement v1.0 + published product_behavior_policy_versions,Estimated / Needs Label Review
PI-ING-001845,SCAVI & RAY ICE PRESTIGE · Alcohol · 10.5% Vol,alcohol,sparkling_wine,alcohol,,alcoholic_beverage,MAIN_ALLOWED,,MAIN_CAPABLE_UNCALIBRATED,NONE,,,mapper_basement v1.0 + published product_behavior_policy_versions,Estimated / Needs Label Review
PI-ING-001846,SCAVI & RAY HUGO · Alcohol · 6.9% Vol,alcohol,wine_cocktail,alcohol,,alcoholic_beverage,MAIN_ALLOWED,,MAIN_CAPABLE_UNCALIBRATED,NONE,,,mapper_basement v1.0 + published product_behavior_policy_versions,Estimated / Needs Label Review
PI-ING-001847,SCAVI & RAY LIMONCELLO · Alcohol · 25% Vol,alcohol,liqueur,alcohol,,alcoholic_beverage,MAIN_ALLOWED,,MAIN_CAPABLE_UNCALIBRATED,NONE,,,mapper_basement v1.0 + published product_behavior_policy_versions,Estimated / Needs Label Review
PI-ING-001848,SCAVI & RAY ALLA VANIGLIA · Alcohol · 25% Vol,alcohol,liqueur,alcohol,,alcoholic_beverage,MAIN_ALLOWED,,MAIN_CAPABLE_UNCALIBRATED,NONE,,,mapper_basement v1.0 + published product_behavior_policy_versions,Estimated / Needs Label Review
PI-ING-001849,9 MILE VODKA · Alcohol · 37.5% Vol,alcohol,vodka,alcohol,,alcoholic_beverage,MAIN_ALLOWED,,MAIN_CAPABLE_UNCALIBRATED,NONE,,,mapper_basement v1.0 + published product_behavior_policy_versions,Estimated / Needs Label Review
PI-ING-001850,9 MILE VODKA & LEMON RTD · Alcohol · 10% Vol,alcohol,rtd_alcohol,alcohol,,alcoholic_beverage,MAIN_ALLOWED,,MAIN_CAPABLE_UNCALIBRATED,NONE,,,mapper_basement v1.0 + published product_behavior_policy_versions,Estimated / Needs Label Review
PI-ING-001851,9 MILE VODKA & MARACUJA RTD · Alcohol · 10% Vol,alcohol,rtd_alcohol,alcohol,,alcoholic_beverage,MAIN_ALLOWED,,MAIN_CAPABLE_UNCALIBRATED,NONE,,,mapper_basement v1.0 + published product_behavior_policy_versions,Estimated / Needs Label Review
PI-ING-001852,9 MILE ESPRESSO MARTINI NITRO · Alcohol · 10% Vol,alcohol,rtd_alcohol,alcohol,,alcoholic_beverage,MAIN_ALLOWED,,MAIN_CAPABLE_UNCALIBRATED,NONE,,,mapper_basement v1.0 + published product_behavior_policy_versions,Estimated / Needs Label Review
PI-ING-001853,DOS MAS MEX SHOT · Alcohol · 15% Vol,alcohol,liqueur_shot,alcohol,,alcoholic_beverage,MAIN_ALLOWED,,MAIN_CAPABLE_UNCALIBRATED,NONE,,,mapper_basement v1.0 + published product_behavior_policy_versions,Estimated / Needs Label Review
PI-ING-001854,DOS MAS PINK SHOT · Alcohol · 15% Vol,alcohol,liqueur_shot,alcohol,,alcoholic_beverage,MAIN_ALLOWED,,MAIN_CAPABLE_UNCALIBRATED,NONE,,,mapper_basement v1.0 + published product_behavior_policy_versions,Estimated / Needs Label Review
PI-ING-001855,DOS MAS NARANJA SHOT · Alcohol · 15% Vol,alcohol,liqueur_shot,alcohol,,alcoholic_beverage,MAIN_ALLOWED,,MAIN_CAPABLE_UNCALIBRATED,NONE,,,mapper_basement v1.0 + published product_behavior_policy_versions,Estimated / Needs Label Review
PI-ING-001856,SEARS GIN · Alcohol · 37.5% Vol,alcohol,gin,alcohol,,alcoholic_beverage,MAIN_ALLOWED,,MAIN_CAPABLE_UNCALIBRATED,NONE,,,mapper_basement v1.0 + published product_behavior_policy_versions,Estimated / Needs Label Review
PI-ING-001857,JOHN'S NATURAL CORDIALS LIME · Syrup / Cordial,flavor_syrup,cordial_syrup,,,syrup,UNKNOWN_REQUIRES_EVIDENCE,,MAIN_CAPABLE_UNCALIBRATED,NONE,,,mapper_basement v1.0 + published product_behavior_policy_versions,Estimated / Needs Label Review
PI-ING-001858,JOHN'S NATURAL CORDIALS LEMON · Syrup / Cordial,flavor_syrup,cordial_syrup,,,syrup,UNKNOWN_REQUIRES_EVIDENCE,,MAIN_CAPABLE_UNCALIBRATED,NONE,,,mapper_basement v1.0 + published product_behavior_policy_versions,Estimated / Needs Label Review
PI-ING-001859,JOHN'S NATURAL CORDIALS GRENADINE · Syrup / Cordial,flavor_syrup,cordial_syrup,,,syrup,UNKNOWN_REQUIRES_EVIDENCE,,MAIN_CAPABLE_UNCALIBRATED,NONE,,,mapper_basement v1.0 + published product_behavior_policy_versions,Estimated / Needs Label Review
PI-ING-001860,JOHN'S NATURAL CORDIALS BLUE CURACAO · Syrup / Cordial,flavor_syrup,cordial_syrup,,,syrup,UNKNOWN_REQUIRES_EVIDENCE,,MAIN_CAPABLE_UNCALIBRATED,NONE,,,mapper_basement v1.0 + published product_behavior_policy_versions,Estimated / Needs Label Review
PI-ING-001861,JOHN'S NATURAL CORDIALS PASSION FRUIT · Syrup / Cordial,flavor_syrup,cordial_syrup,,,syrup,UNKNOWN_REQUIRES_EVIDENCE,,MAIN_CAPABLE_UNCALIBRATED,NONE,,,mapper_basement v1.0 + published product_behavior_policy_versions,Estimated / Needs Label Review
PI-ING-001862,JOHN'S NATURAL CORDIALS COCONUT · Syrup / Cordial,flavor_syrup,cordial_syrup,,,syrup,UNKNOWN_REQUIRES_EVIDENCE,,MAIN_CAPABLE_UNCALIBRATED,NONE,,,mapper_basement v1.0 + published product_behavior_policy_versions,Estimated / Needs Label Review
PI-ING-001863,JOHN'S NATURAL CORDIALS ELDERFLOWER · Syrup / Cordial,flavor_syrup,cordial_syrup,,,syrup,UNKNOWN_REQUIRES_EVIDENCE,,MAIN_CAPABLE_UNCALIBRATED,NONE,,,mapper_basement v1.0 + published product_behavior_policy_versions,Estimated / Needs Label Review
PI-ING-001864,JOHN'S NATURAL CORDIALS CRANBERRY · Syrup / Cordial,flavor_syrup,cordial_syrup,,,syrup,UNKNOWN_REQUIRES_EVIDENCE,,MAIN_CAPABLE_UNCALIBRATED,NONE,,,mapper_basement v1.0 + published product_behavior_policy_versions,Estimated / Needs Label Review
PI-ING-001865,JOHN'S NATURAL CORDIALS STRAWBERRY · Syrup / Cordial,flavor_syrup,cordial_syrup,,,syrup,UNKNOWN_REQUIRES_EVIDENCE,,MAIN_CAPABLE_UNCALIBRATED,NONE,,,mapper_basement v1.0 + published product_behavior_policy_versions,Estimated / Needs Label Review
PI-ING-001866,JOHN'S NATURAL CORDIALS MANGO · Syrup / Cordial,flavor_syrup,cordial_syrup,,,syrup,UNKNOWN_REQUIRES_EVIDENCE,,MAIN_CAPABLE_UNCALIBRATED,NONE,,,mapper_basement v1.0 + published product_behavior_policy_versions,Estimated / Needs Label Review
PI-ING-001867,JOHN'S NATURAL CORDIALS PINK GRAPEFRUIT · Syrup / Cordial,flavor_syrup,cordial_syrup,,,syrup,UNKNOWN_REQUIRES_EVIDENCE,,MAIN_CAPABLE_UNCALIBRATED,NONE,,,mapper_basement v1.0 + published product_behavior_policy_versions,Estimated / Needs Label Review
PI-ING-001868,HENDERSON AND SONS TORTILLA CHIPS SALTED · Inclusion,bakery_inclusion,crisp_inclusion,bakery_cookie,,,TOPPING_ONLY,,MAIN_TECHNICAL_BLOCKED,NONE,,post_process_product_not_base_main,mapper_basement v1.0 + published product_behavior_policy_versions,Estimated / Needs Label Review
PI-ING-001869,HENDERSON AND SONS TORTILLA CHIPS NACHO CHEESE · Inclusion,bakery_inclusion,crisp_inclusion,bakery_cookie,,,TOPPING_ONLY,,MAIN_TECHNICAL_BLOCKED,NONE,,post_process_product_not_base_main,mapper_basement v1.0 + published product_behavior_policy_versions,Estimated / Needs Label Review
PI-ING-001870,HENDERSON AND SONS TORTILLA CHIPS BBQ · Inclusion,bakery_inclusion,crisp_inclusion,bakery_cookie,,,TOPPING_ONLY,,MAIN_TECHNICAL_BLOCKED,NONE,,post_process_product_not_base_main,mapper_basement v1.0 + published product_behavior_policy_versions,Estimated / Needs Label Review
PI-ING-001871,HENDERSON AND SONS TORTILLA CHIPS SOUR CREAM ONION · Inclusion,bakery_inclusion,crisp_inclusion,bakery_cookie,,,TOPPING_ONLY,,MAIN_TECHNICAL_BLOCKED,NONE,,post_process_product_not_base_main,mapper_basement v1.0 + published product_behavior_policy_versions,Estimated / Needs Label Review
PI-ING-001872,COCA-COLA ORIGINAL TASTE · Beverage,beverage,cola_soft_drink,,,liquid,UNKNOWN_REQUIRES_EVIDENCE,,MAIN_CAPABLE_UNCALIBRATED,NONE,,,mapper_basement v1.0 + published product_behavior_policy_versions,Verified / PI Calculated
PI-ING-001873,COCA-COLA CHERRY · Beverage,beverage,cola_soft_drink,,,liquid,UNKNOWN_REQUIRES_EVIDENCE,,MAIN_CAPABLE_UNCALIBRATED,NONE,,,mapper_basement v1.0 + published product_behavior_policy_versions,Verified / PI Calculated
PI-ING-001874,COCA-COLA VANILLA · Beverage,beverage,cola_soft_drink,,,liquid,UNKNOWN_REQUIRES_EVIDENCE,,MAIN_CAPABLE_UNCALIBRATED,NONE,,,mapper_basement v1.0 + published product_behavior_policy_versions,Verified / PI Calculated
PI-ING-001875,COCA-COLA LEMON · Beverage,beverage,cola_soft_drink,,,liquid,UNKNOWN_REQUIRES_EVIDENCE,,MAIN_CAPABLE_UNCALIBRATED,NONE,,,mapper_basement v1.0 + published product_behavior_policy_versions,Estimated / Needs Label Review
PI-ING-001876,COCA-COLA ZERO SUGAR · Beverage,beverage,cola_soft_drink,,,liquid,UNKNOWN_REQUIRES_EVIDENCE,,MAIN_CAPABLE_UNCALIBRATED,NONE,,,mapper_basement v1.0 + published product_behavior_policy_versions,Verified / PI Calculated
PI-ING-001877,COCA-COLA ZERO SUGAR CHERRY · Beverage,beverage,cola_soft_drink,,,liquid,UNKNOWN_REQUIRES_EVIDENCE,,MAIN_CAPABLE_UNCALIBRATED,NONE,,,mapper_basement v1.0 + published product_behavior_policy_versions,Verified / PI Calculated
PI-ING-001878,COCA-COLA ZERO SUGAR VANILLA · Beverage,beverage,cola_soft_drink,,,liquid,UNKNOWN_REQUIRES_EVIDENCE,,MAIN_CAPABLE_UNCALIBRATED,NONE,,,mapper_basement v1.0 + published product_behavior_policy_versions,Verified / PI Calculated
PI-ING-001879,COCA-COLA ZERO SUGAR LEMON · Beverage,beverage,cola_soft_drink,,,liquid,UNKNOWN_REQUIRES_EVIDENCE,,MAIN_CAPABLE_UNCALIBRATED,NONE,,,mapper_basement v1.0 + published product_behavior_policy_versions,Verified / PI Calculated
PI-ING-001880,DIET COKE / COCA-COLA LIGHT · Beverage,beverage,cola_soft_drink,,,liquid,UNKNOWN_REQUIRES_EVIDENCE,,MAIN_CAPABLE_UNCALIBRATED,NONE,,,mapper_basement v1.0 + published product_behavior_policy_versions,Verified / PI Calculated
PI-ING-001881,COCA-COLA LIME · Beverage,beverage,cola_soft_drink,,,liquid,UNKNOWN_REQUIRES_EVIDENCE,,MAIN_CAPABLE_UNCALIBRATED,NONE,,,mapper_basement v1.0 + published product_behavior_policy_versions,Estimated / Needs Label Review
PI-ING-001882,COCA-COLA ORANGE VANILLA · Beverage,beverage,cola_soft_drink,,,liquid,UNKNOWN_REQUIRES_EVIDENCE,,MAIN_CAPABLE_UNCALIBRATED,NONE,,,mapper_basement v1.0 + published product_behavior_policy_versions,Estimated / Needs Label Review
PI-ING-001883,FANTA ORANGE EU/GB RECIPE · Beverage,beverage,fruit_soda,,,,UNKNOWN_REQUIRES_EVIDENCE,,MAIN_CAPABLE_UNCALIBRATED,NONE,,,mapper_basement v1.0 + published product_behavior_policy_versions,Verified / PI Calculated
PI-ING-001884,FANTA ORANGE FULL SUGAR IMPORT · Beverage,beverage,fruit_soda,,,,UNKNOWN_REQUIRES_EVIDENCE,,MAIN_CAPABLE_UNCALIBRATED,NONE,,,mapper_basement v1.0 + published product_behavior_policy_versions,Estimated / Needs Label Review
PI-ING-001885,FANTA LEMON · Beverage,beverage,fruit_soda,,,,UNKNOWN_REQUIRES_EVIDENCE,,MAIN_CAPABLE_UNCALIBRATED,NONE,,,mapper_basement v1.0 + published product_behavior_policy_versions,Verified / PI Calculated
PI-ING-001886,FANTA EXOTIC · Beverage,beverage,fruit_soda,,,,UNKNOWN_REQUIRES_EVIDENCE,,MAIN_CAPABLE_UNCALIBRATED,NONE,,,mapper_basement v1.0 + published product_behavior_policy_versions,Estimated / Needs Label Review
PI-ING-001887,FANTA GRAPE · Beverage,beverage,fruit_soda,,,,UNKNOWN_REQUIRES_EVIDENCE,,MAIN_CAPABLE_UNCALIBRATED,NONE,,,mapper_basement v1.0 + published product_behavior_policy_versions,Estimated / Needs Label Review
PI-ING-001888,FANTA STRAWBERRY · Beverage,beverage,fruit_soda,,,,UNKNOWN_REQUIRES_EVIDENCE,,MAIN_CAPABLE_UNCALIBRATED,NONE,,,mapper_basement v1.0 + published product_behavior_policy_versions,Estimated / Needs Label Review
PI-ING-001889,FANTA PINEAPPLE · Beverage,beverage,fruit_soda,,,,UNKNOWN_REQUIRES_EVIDENCE,,MAIN_CAPABLE_UNCALIBRATED,NONE,,,mapper_basement v1.0 + published product_behavior_policy_versions,Estimated / Needs Label Review
PI-ING-001890,FANTA SHOKATA · Beverage,beverage,fruit_soda,,,,UNKNOWN_REQUIRES_EVIDENCE,,MAIN_CAPABLE_UNCALIBRATED,NONE,,,mapper_basement v1.0 + published product_behavior_policy_versions,Estimated / Needs Label Review
PI-ING-001891,FANTA MANGO DRAGONFRUIT ZERO · Beverage,beverage,fruit_soda,,,,UNKNOWN_REQUIRES_EVIDENCE,,MAIN_CAPABLE_UNCALIBRATED,NONE,,,mapper_basement v1.0 + published product_behavior_policy_versions,Estimated / Needs Label Review
PI-ING-001892,SPRITE LEMON LIME EU/GB RECIPE · Beverage,beverage,lemon_lime_soda,,,,UNKNOWN_REQUIRES_EVIDENCE,,MAIN_CAPABLE_UNCALIBRATED,NONE,,,mapper_basement v1.0 + published product_behavior_policy_versions,Verified / PI Calculated
PI-ING-001893,SPRITE LEMON LIME FULL SUGAR IMPORT · Beverage,beverage,lemon_lime_soda,,,,UNKNOWN_REQUIRES_EVIDENCE,,MAIN_CAPABLE_UNCALIBRATED,NONE,,,mapper_basement v1.0 + published product_behavior_policy_versions,Estimated / Needs Label Review
PI-ING-001894,SPRITE ZERO SUGAR · Beverage,beverage,lemon_lime_soda,,,,UNKNOWN_REQUIRES_EVIDENCE,,MAIN_CAPABLE_UNCALIBRATED,NONE,,,mapper_basement v1.0 + published product_behavior_policy_versions,Verified / PI Calculated
PI-ING-001895,SPRITE TROPICAL MIX · Beverage,beverage,lemon_lime_soda,,,,UNKNOWN_REQUIRES_EVIDENCE,,MAIN_CAPABLE_UNCALIBRATED,NONE,,,mapper_basement v1.0 + published product_behavior_policy_versions,Estimated / Needs Label Review
PI-ING-001896,SPRITE CHERRY LIMEADE · Beverage,beverage,lemon_lime_soda,,,,UNKNOWN_REQUIRES_EVIDENCE,,MAIN_CAPABLE_UNCALIBRATED,NONE,,,mapper_basement v1.0 + published product_behavior_policy_versions,Estimated / Needs Label Review
PI-ING-001897,MEZZO MIX COLA ORANGE · Beverage,beverage,cola_orange_soft_drink,,,liquid,UNKNOWN_REQUIRES_EVIDENCE,,MAIN_CAPABLE_UNCALIBRATED,NONE,,,mapper_basement v1.0 + published product_behavior_policy_versions,Estimated / Needs Label Review
PI-ING-001898,DR PEPPER ORIGINAL EU · Beverage,beverage,spiced_cola_soft_drink,,,liquid,UNKNOWN_REQUIRES_EVIDENCE,,MAIN_CAPABLE_UNCALIBRATED,NONE,,,mapper_basement v1.0 + published product_behavior_policy_versions,Estimated / Needs Label Review
PI-ING-001899,DR PEPPER FULL SUGAR IMPORT · Beverage,beverage,spiced_cola_soft_drink,,,liquid,UNKNOWN_REQUIRES_EVIDENCE,,MAIN_CAPABLE_UNCALIBRATED,NONE,,,mapper_basement v1.0 + published product_behavior_policy_versions,Estimated / Needs Label Review
PI-ING-001900,SCHWEPPES INDIAN TONIC WATER · Beverage,beverage,tonic_water,,,,UNKNOWN_REQUIRES_EVIDENCE,,MAIN_CAPABLE_UNCALIBRATED,NONE,,,mapper_basement v1.0 + published product_behavior_policy_versions,Estimated / Needs Label Review
PI-ING-001901,KINLEY TONIC WATER · Beverage,beverage,tonic_water,,,,UNKNOWN_REQUIRES_EVIDENCE,,MAIN_CAPABLE_UNCALIBRATED,NONE,,,mapper_basement v1.0 + published product_behavior_policy_versions,Estimated / Needs Label Review
PI-ING-001902,APPLETISER SPARKLING APPLE JUICE · Beverage,beverage,fruit_juice_soda,,,juice,UNKNOWN_REQUIRES_EVIDENCE,,MAIN_CAPABLE_UNCALIBRATED,NONE,,,mapper_basement v1.0 + published product_behavior_policy_versions,Verified / PI Calculated
PI-ING-001903,CAPPY ORANGE JUICE · Beverage,beverage,fruit_juice,,,juice,UNKNOWN_REQUIRES_EVIDENCE,,MAIN_CAPABLE_UNCALIBRATED,NONE,,,mapper_basement v1.0 + published product_behavior_policy_versions,Estimated / Needs Label Review
PI-ING-001904,CAPPY APPLE JUICE · Beverage,beverage,fruit_juice,,,juice,UNKNOWN_REQUIRES_EVIDENCE,,MAIN_CAPABLE_UNCALIBRATED,NONE,,,mapper_basement v1.0 + published product_behavior_policy_versions,Estimated / Needs Label Review
PI-ING-001905,MINUTE MAID ORANGE JUICE · Beverage,beverage,fruit_juice,,,juice,UNKNOWN_REQUIRES_EVIDENCE,,MAIN_CAPABLE_UNCALIBRATED,NONE,,,mapper_basement v1.0 + published product_behavior_policy_versions,Estimated / Needs Label Review
PI-ING-001906,SIMPLY ORANGE JUICE · Beverage,beverage,fruit_juice,,,juice,UNKNOWN_REQUIRES_EVIDENCE,,MAIN_CAPABLE_UNCALIBRATED,NONE,,,mapper_basement v1.0 + published product_behavior_policy_versions,Estimated / Needs Label Review
PI-ING-001907,SMARTWATER STILL · Beverage,beverage,water,,,liquid,STRUCTURAL_ONLY,,MAIN_TECHNICAL_BLOCKED,NONE,,structural_product_not_flavour_main,mapper_basement v1.0 + published product_behavior_policy_versions,Verified / PI Calculated
PI-ING-001908,AQUARIUS LEMON · Beverage,beverage,sports_drink,,,liquid,UNKNOWN_REQUIRES_EVIDENCE,,MAIN_CAPABLE_UNCALIBRATED,NONE,,,mapper_basement v1.0 + published product_behavior_policy_versions,Estimated / Needs Label Review
PI-ING-001909,AQUARIUS ORANGE · Beverage,beverage,sports_drink,,,liquid,UNKNOWN_REQUIRES_EVIDENCE,,MAIN_CAPABLE_UNCALIBRATED,NONE,,,mapper_basement v1.0 + published product_behavior_policy_versions,Estimated / Needs Label Review
PI-ING-001910,POWERADE MOUNTAIN BLAST · Beverage,beverage,sports_drink,,,liquid,UNKNOWN_REQUIRES_EVIDENCE,,MAIN_CAPABLE_UNCALIBRATED,NONE,,,mapper_basement v1.0 + published product_behavior_policy_versions,Estimated / Needs Label Review
PI-ING-001911,POWERADE BERRY AND TROPICAL · Beverage,beverage,sports_drink,,,liquid,UNKNOWN_REQUIRES_EVIDENCE,,MAIN_CAPABLE_UNCALIBRATED,NONE,,,mapper_basement v1.0 + published product_behavior_policy_versions,Estimated / Needs Label Review
PI-ING-001912,POWERADE ORANGE · Beverage,beverage,sports_drink,,,liquid,UNKNOWN_REQUIRES_EVIDENCE,,MAIN_CAPABLE_UNCALIBRATED,NONE,,,mapper_basement v1.0 + published product_behavior_policy_versions,Estimated / Needs Label Review
PI-ING-001913,FUZE TEA PEACH HIBISCUS · Beverage,beverage,iced_tea,,,,UNKNOWN_REQUIRES_EVIDENCE,,MAIN_CAPABLE_UNCALIBRATED,NONE,,,mapper_basement v1.0 + published product_behavior_policy_versions,Estimated / Needs Label Review
PI-ING-001914,FUZE TEA LEMON LEMONGRASS · Beverage,beverage,iced_tea,,,,UNKNOWN_REQUIRES_EVIDENCE,,MAIN_CAPABLE_UNCALIBRATED,NONE,,,mapper_basement v1.0 + published product_behavior_policy_versions,Estimated / Needs Label Review
PI-ING-001915,FUZE TEA MANGO CHAMOMILE · Beverage,beverage,iced_tea,,,,UNKNOWN_REQUIRES_EVIDENCE,,MAIN_CAPABLE_UNCALIBRATED,NONE,,,mapper_basement v1.0 + published product_behavior_policy_versions,Estimated / Needs Label Review
PI-ING-001916,FUZE TEA GREEN TEA · Beverage,beverage,iced_tea,,,,UNKNOWN_REQUIRES_EVIDENCE,,MAIN_CAPABLE_UNCALIBRATED,NONE,,,mapper_basement v1.0 + published product_behavior_policy_versions,Estimated / Needs Label Review
PI-ING-001917,COSTA COFFEE LATTE RTD · Beverage,beverage,coffee_milk_drink,coffee,,liquid,MAIN_ALLOWED,,MAIN_CAPABLE_UNCALIBRATED,NONE,,,mapper_basement v1.0 + published product_behavior_policy_versions,Estimated / Needs Label Review
PI-ING-001918,COSTA COFFEE CARAMEL LATTE RTD · Beverage,beverage,coffee_milk_drink,coffee,,liquid,MAIN_ALLOWED,,MAIN_CAPABLE_UNCALIBRATED,NONE,,,mapper_basement v1.0 + published product_behavior_policy_versions,Estimated / Needs Label Review
PI-ING-001919,COSTA COFFEE FLAT WHITE RTD · Beverage,beverage,coffee_milk_drink,coffee,,liquid,MAIN_ALLOWED,,MAIN_CAPABLE_UNCALIBRATED,NONE,,,mapper_basement v1.0 + published product_behavior_policy_versions,Estimated / Needs Label Review
PI-ING-001920,MONSTER ENERGY ORIGINAL GREEN · Beverage,beverage,energy_drink,,,liquid,UNKNOWN_REQUIRES_EVIDENCE,,MAIN_CAPABLE_UNCALIBRATED,NONE,,,mapper_basement v1.0 + published product_behavior_policy_versions,Verified / PI Calculated
PI-ING-001921,MONSTER ENERGY ZERO SUGAR GREEN · Beverage,beverage,energy_drink,,,liquid,UNKNOWN_REQUIRES_EVIDENCE,,MAIN_CAPABLE_UNCALIBRATED,NONE,,,mapper_basement v1.0 + published product_behavior_policy_versions,Estimated / Needs Label Review
PI-ING-001922,MONSTER ULTRA ZERO ULTRA WHITE · Beverage,beverage,energy_drink,,,liquid,UNKNOWN_REQUIRES_EVIDENCE,,MAIN_CAPABLE_UNCALIBRATED,NONE,,,mapper_basement v1.0 + published product_behavior_policy_versions,Verified / PI Calculated
PI-ING-001923,MONSTER ULTRA PARADISE · Beverage,beverage,energy_drink,,,liquid,UNKNOWN_REQUIRES_EVIDENCE,,MAIN_CAPABLE_UNCALIBRATED,NONE,,,mapper_basement v1.0 + published product_behavior_policy_versions,Verified / PI Calculated
PI-ING-001924,MONSTER ULTRA FIESTA MANGO · Beverage,beverage,energy_drink,,,liquid,UNKNOWN_REQUIRES_EVIDENCE,,MAIN_CAPABLE_UNCALIBRATED,NONE,,,mapper_basement v1.0 + published product_behavior_policy_versions,Verified / PI Calculated
PI-ING-001925,MONSTER ULTRA ROSA · Beverage,beverage,energy_drink,,,liquid,UNKNOWN_REQUIRES_EVIDENCE,,MAIN_CAPABLE_UNCALIBRATED,NONE,,,mapper_basement v1.0 + published product_behavior_policy_versions,Estimated / Needs Label Review
PI-ING-001926,MONSTER ULTRA GOLD PINEAPPLE · Beverage,beverage,energy_drink,,,liquid,UNKNOWN_REQUIRES_EVIDENCE,,MAIN_CAPABLE_UNCALIBRATED,NONE,,,mapper_basement v1.0 + published product_behavior_policy_versions,Estimated / Needs Label Review
PI-ING-001927,MONSTER ULTRA WATERMELON · Beverage,beverage,energy_drink,,,liquid,UNKNOWN_REQUIRES_EVIDENCE,,MAIN_CAPABLE_UNCALIBRATED,NONE,,,mapper_basement v1.0 + published product_behavior_policy_versions,Estimated / Needs Label Review
PI-ING-001928,MONSTER ULTRA STRAWBERRY DREAMS · Beverage,beverage,energy_drink,,,liquid,UNKNOWN_REQUIRES_EVIDENCE,,MAIN_CAPABLE_UNCALIBRATED,NONE,,,mapper_basement v1.0 + published product_behavior_policy_versions,Estimated / Needs Label Review
PI-ING-001929,MONSTER MANGO LOCO · Beverage,beverage,energy_drink,,,liquid,UNKNOWN_REQUIRES_EVIDENCE,,MAIN_CAPABLE_UNCALIBRATED,NONE,,,mapper_basement v1.0 + published product_behavior_policy_versions,Estimated / Needs Label Review
PI-ING-001930,MONSTER PIPELINE PUNCH · Beverage,beverage,energy_drink,,,liquid,UNKNOWN_REQUIRES_EVIDENCE,,MAIN_CAPABLE_UNCALIBRATED,NONE,,,mapper_basement v1.0 + published product_behavior_policy_versions,Estimated / Needs Label Review
PI-ING-001931,MONSTER KHAOTIC · Beverage,beverage,energy_drink,,,liquid,UNKNOWN_REQUIRES_EVIDENCE,,MAIN_CAPABLE_UNCALIBRATED,NONE,,,mapper_basement v1.0 + published product_behavior_policy_versions,Estimated / Needs Label Review
PI-ING-001932,MONSTER AUSSIE LEMONADE · Beverage,beverage,energy_drink,,,liquid,UNKNOWN_REQUIRES_EVIDENCE,,MAIN_CAPABLE_UNCALIBRATED,NONE,,,mapper_basement v1.0 + published product_behavior_policy_versions,Estimated / Needs Label Review
PI-ING-001933,MONSTER ASSAULT COLA · Beverage,beverage,energy_drink,,,liquid,UNKNOWN_REQUIRES_EVIDENCE,,MAIN_CAPABLE_UNCALIBRATED,NONE,,,mapper_basement v1.0 + published product_behavior_policy_versions,Estimated / Needs Label Review
PI-ING-001934,PEPSI ORIGINAL EU/UK LOW SUGAR · Beverage,beverage,cola_soft_drink,,,liquid,UNKNOWN_REQUIRES_EVIDENCE,,MAIN_CAPABLE_UNCALIBRATED,NONE,,,mapper_basement v1.0 + published product_behavior_policy_versions,Estimated / Needs Label Review
PI-ING-001935,PEPSI ORIGINAL FULL SUGAR IMPORT · Beverage,beverage,cola_soft_drink,,,liquid,UNKNOWN_REQUIRES_EVIDENCE,,MAIN_CAPABLE_UNCALIBRATED,NONE,,,mapper_basement v1.0 + published product_behavior_policy_versions,Estimated / Needs Label Review
PI-ING-001936,PEPSI MAX · Beverage,beverage,cola_soft_drink,,,liquid,UNKNOWN_REQUIRES_EVIDENCE,,MAIN_CAPABLE_UNCALIBRATED,NONE,,,mapper_basement v1.0 + published product_behavior_policy_versions,Verified / PI Calculated
PI-ING-001937,PEPSI MAX CHERRY · Beverage,beverage,cola_soft_drink,,,liquid,UNKNOWN_REQUIRES_EVIDENCE,,MAIN_CAPABLE_UNCALIBRATED,NONE,,,mapper_basement v1.0 + published product_behavior_policy_versions,Verified / PI Calculated
PI-ING-001938,PEPSI MAX LIME · Beverage,beverage,cola_soft_drink,,,liquid,UNKNOWN_REQUIRES_EVIDENCE,,MAIN_CAPABLE_UNCALIBRATED,NONE,,,mapper_basement v1.0 + published product_behavior_policy_versions,Verified / PI Calculated
PI-ING-001939,PEPSI MAX RASPBERRY · Beverage,beverage,cola_soft_drink,,,liquid,UNKNOWN_REQUIRES_EVIDENCE,,MAIN_CAPABLE_UNCALIBRATED,NONE,,,mapper_basement v1.0 + published product_behavior_policy_versions,Estimated / Needs Label Review
PI-ING-001940,PEPSI MAX TROPICAL · Beverage,beverage,cola_soft_drink,,,liquid,UNKNOWN_REQUIRES_EVIDENCE,,MAIN_CAPABLE_UNCALIBRATED,NONE,,,mapper_basement v1.0 + published product_behavior_policy_versions,Verified / PI Calculated
PI-ING-001941,PEPSI MAX MANGO · Beverage,beverage,cola_soft_drink,,,liquid,UNKNOWN_REQUIRES_EVIDENCE,,MAIN_CAPABLE_UNCALIBRATED,NONE,,,mapper_basement v1.0 + published product_behavior_policy_versions,Estimated / Needs Label Review
PI-ING-001942,PEPSI MAX NO CAFFEINE · Beverage,beverage,cola_soft_drink,,,liquid,UNKNOWN_REQUIRES_EVIDENCE,,MAIN_CAPABLE_UNCALIBRATED,NONE,,,mapper_basement v1.0 + published product_behavior_policy_versions,Verified / PI Calculated
PI-ING-001943,DIET PEPSI · Beverage,beverage,cola_soft_drink,,,liquid,UNKNOWN_REQUIRES_EVIDENCE,,MAIN_CAPABLE_UNCALIBRATED,NONE,,,mapper_basement v1.0 + published product_behavior_policy_versions,Verified / PI Calculated
PI-ING-001944,PEPSI ZERO SUGAR US · Beverage,beverage,cola_soft_drink,,,liquid,UNKNOWN_REQUIRES_EVIDENCE,,MAIN_CAPABLE_UNCALIBRATED,NONE,,,mapper_basement v1.0 + published product_behavior_policy_versions,Estimated / Needs Label Review
PI-ING-001945,PEPSI WILD CHERRY FULL SUGAR · Beverage,beverage,cola_soft_drink,,,liquid,UNKNOWN_REQUIRES_EVIDENCE,,MAIN_CAPABLE_UNCALIBRATED,NONE,,,mapper_basement v1.0 + published product_behavior_policy_versions,Estimated / Needs Label Review
PI-ING-001946,PEPSI VANILLA FULL SUGAR · Beverage,beverage,cola_soft_drink,,,liquid,UNKNOWN_REQUIRES_EVIDENCE,,MAIN_CAPABLE_UNCALIBRATED,NONE,,,mapper_basement v1.0 + published product_behavior_policy_versions,Estimated / Needs Label Review
PI-ING-001947,MOUNTAIN DEW ORIGINAL US · Beverage,beverage,citrus_soda,,,,UNKNOWN_REQUIRES_EVIDENCE,,MAIN_CAPABLE_UNCALIBRATED,NONE,,,mapper_basement v1.0 + published product_behavior_policy_versions,Verified / PI Calculated
PI-ING-001948,MOUNTAIN DEW CODE RED · Beverage,beverage,citrus_soda,,,,UNKNOWN_REQUIRES_EVIDENCE,,MAIN_CAPABLE_UNCALIBRATED,NONE,,,mapper_basement v1.0 + published product_behavior_policy_versions,Estimated / Needs Label Review
PI-ING-001949,MOUNTAIN DEW BAJA BLAST · Beverage,beverage,citrus_soda,,,,UNKNOWN_REQUIRES_EVIDENCE,,MAIN_CAPABLE_UNCALIBRATED,NONE,,,mapper_basement v1.0 + published product_behavior_policy_versions,Estimated / Needs Label Review
PI-ING-001950,MOUNTAIN DEW VOLTAGE · Beverage,beverage,citrus_soda,,,,UNKNOWN_REQUIRES_EVIDENCE,,MAIN_CAPABLE_UNCALIBRATED,NONE,,,mapper_basement v1.0 + published product_behavior_policy_versions,Estimated / Needs Label Review
PI-ING-001951,MOUNTAIN DEW LIVEWIRE ORANGE · Beverage,beverage,citrus_soda,,,,UNKNOWN_REQUIRES_EVIDENCE,,MAIN_CAPABLE_UNCALIBRATED,NONE,,,mapper_basement v1.0 + published product_behavior_policy_versions,Estimated / Needs Label Review
PI-ING-001952,MOUNTAIN DEW MAJOR MELON · Beverage,beverage,citrus_soda,,,,UNKNOWN_REQUIRES_EVIDENCE,,MAIN_CAPABLE_UNCALIBRATED,NONE,,,mapper_basement v1.0 + published product_behavior_policy_versions,Estimated / Needs Label Review
PI-ING-001953,MOUNTAIN DEW ZERO SUGAR · Beverage,beverage,citrus_soda,,,,UNKNOWN_REQUIRES_EVIDENCE,,MAIN_CAPABLE_UNCALIBRATED,NONE,,,mapper_basement v1.0 + published product_behavior_policy_versions,Estimated / Needs Label Review
PI-ING-001954,7UP ORIGINAL · Beverage,beverage,lemon_lime_soda,,,,UNKNOWN_REQUIRES_EVIDENCE,,MAIN_CAPABLE_UNCALIBRATED,NONE,,,mapper_basement v1.0 + published product_behavior_policy_versions,Estimated / Needs Label Review
PI-ING-001955,7UP FREE / ZERO SUGAR · Beverage,beverage,lemon_lime_soda,,,,UNKNOWN_REQUIRES_EVIDENCE,,MAIN_CAPABLE_UNCALIBRATED,NONE,,,mapper_basement v1.0 + published product_behavior_policy_versions,Estimated / Needs Label Review
PI-ING-001956,MIRINDA ORANGE · Beverage,beverage,fruit_soda,,,,UNKNOWN_REQUIRES_EVIDENCE,,MAIN_CAPABLE_UNCALIBRATED,NONE,,,mapper_basement v1.0 + published product_behavior_policy_versions,Estimated / Needs Label Review
PI-ING-001957,MIRINDA STRAWBERRY · Beverage,beverage,fruit_soda,,,,UNKNOWN_REQUIRES_EVIDENCE,,MAIN_CAPABLE_UNCALIBRATED,NONE,,,mapper_basement v1.0 + published product_behavior_policy_versions,Estimated / Needs Label Review
PI-ING-001958,MIRINDA GREEN APPLE · Beverage,beverage,fruit_soda,,,,UNKNOWN_REQUIRES_EVIDENCE,,MAIN_CAPABLE_UNCALIBRATED,NONE,,,mapper_basement v1.0 + published product_behavior_policy_versions,Estimated / Needs Label Review
PI-ING-001959,TROPICANA ORANGE JUICE · Beverage,beverage,fruit_juice,,,juice,UNKNOWN_REQUIRES_EVIDENCE,,MAIN_CAPABLE_UNCALIBRATED,NONE,,,mapper_basement v1.0 + published product_behavior_policy_versions,Estimated / Needs Label Review
PI-ING-001960,TROPICANA APPLE JUICE · Beverage,beverage,fruit_juice,,,juice,UNKNOWN_REQUIRES_EVIDENCE,,MAIN_CAPABLE_UNCALIBRATED,NONE,,,mapper_basement v1.0 + published product_behavior_policy_versions,Estimated / Needs Label Review
PI-ING-001961,LIPTON ICE TEA PEACH · Beverage,beverage,iced_tea,,,,UNKNOWN_REQUIRES_EVIDENCE,,MAIN_CAPABLE_UNCALIBRATED,NONE,,,mapper_basement v1.0 + published product_behavior_policy_versions,Estimated / Needs Label Review
PI-ING-001962,LIPTON ICE TEA LEMON · Beverage,beverage,iced_tea,,,,UNKNOWN_REQUIRES_EVIDENCE,,MAIN_CAPABLE_UNCALIBRATED,NONE,,,mapper_basement v1.0 + published product_behavior_policy_versions,Estimated / Needs Label Review
PI-ING-001963,LIPTON ICE TEA GREEN · Beverage,beverage,iced_tea,,,,UNKNOWN_REQUIRES_EVIDENCE,,MAIN_CAPABLE_UNCALIBRATED,NONE,,,mapper_basement v1.0 + published product_behavior_policy_versions,Estimated / Needs Label Review
PI-ING-001964,LIPTON ICE TEA RASPBERRY · Beverage,beverage,iced_tea,,,,UNKNOWN_REQUIRES_EVIDENCE,,MAIN_CAPABLE_UNCALIBRATED,NONE,,,mapper_basement v1.0 + published product_behavior_policy_versions,Estimated / Needs Label Review
PI-ING-001965,GATORADE LEMON LIME · Beverage,beverage,sports_drink,,,liquid,UNKNOWN_REQUIRES_EVIDENCE,,MAIN_CAPABLE_UNCALIBRATED,NONE,,,mapper_basement v1.0 + published product_behavior_policy_versions,Estimated / Needs Label Review
PI-ING-001966,GATORADE ORANGE · Beverage,beverage,sports_drink,,,liquid,UNKNOWN_REQUIRES_EVIDENCE,,MAIN_CAPABLE_UNCALIBRATED,NONE,,,mapper_basement v1.0 + published product_behavior_policy_versions,Estimated / Needs Label Review
PI-ING-001967,GATORADE COOL BLUE · Beverage,beverage,sports_drink,,,liquid,UNKNOWN_REQUIRES_EVIDENCE,,MAIN_CAPABLE_UNCALIBRATED,NONE,,,mapper_basement v1.0 + published product_behavior_policy_versions,Estimated / Needs Label Review
PI-ING-001968,GATORADE FRUIT PUNCH · Beverage,beverage,sports_drink,,,liquid,UNKNOWN_REQUIRES_EVIDENCE,,MAIN_CAPABLE_UNCALIBRATED,NONE,,,mapper_basement v1.0 + published product_behavior_policy_versions,Estimated / Needs Label Review
PI-ING-001969,AQUAFINA WATER · Beverage,beverage,water,,,liquid,STRUCTURAL_ONLY,,MAIN_TECHNICAL_BLOCKED,NONE,,structural_product_not_flavour_main,mapper_basement v1.0 + published product_behavior_policy_versions,Verified / PI Calculated
PI-ING-001970,ROCKSTAR ENERGY ORIGINAL · Beverage,beverage,energy_drink,,,liquid,UNKNOWN_REQUIRES_EVIDENCE,,MAIN_CAPABLE_UNCALIBRATED,NONE,,,mapper_basement v1.0 + published product_behavior_policy_versions,Estimated / Needs Label Review
PI-ING-001971,ROCKSTAR SUGAR FREE · Beverage,beverage,energy_drink,,,liquid,UNKNOWN_REQUIRES_EVIDENCE,,MAIN_CAPABLE_UNCALIBRATED,NONE,,,mapper_basement v1.0 + published product_behavior_policy_versions,Verified / PI Calculated
PI-ING-001972,ROCKSTAR PUNCHED TROPICAL GUAVA · Beverage,beverage,energy_drink,,,liquid,UNKNOWN_REQUIRES_EVIDENCE,,MAIN_CAPABLE_UNCALIBRATED,NONE,,,mapper_basement v1.0 + published product_behavior_policy_versions,Estimated / Needs Label Review
PI-ING-001973,ROCKSTAR PUNCHED WATERMELON KIWI ZERO · Beverage,beverage,energy_drink,,,liquid,UNKNOWN_REQUIRES_EVIDENCE,,MAIN_CAPABLE_UNCALIBRATED,NONE,,,mapper_basement v1.0 + published product_behavior_policy_versions,Estimated / Needs Label Review
PI-ING-001974,LAY'S CLASSIC SALTED POTATO CHIPS · Inclusion,confectionery_inclusion,potato_crisp_inclusion,,,,TOPPING_ONLY,,MAIN_TECHNICAL_BLOCKED,NONE,,post_process_product_not_base_main,mapper_basement v1.0 + published product_behavior_policy_versions,Estimated / Needs Label Review
PI-ING-001975,LAY'S BBQ POTATO CHIPS · Inclusion,confectionery_inclusion,potato_crisp_inclusion,,,,TOPPING_ONLY,,MAIN_TECHNICAL_BLOCKED,NONE,,post_process_product_not_base_main,mapper_basement v1.0 + published product_behavior_policy_versions,Estimated / Needs Label Review
PI-ING-001976,LAY'S SOUR CREAM AND ONION · Inclusion,confectionery_inclusion,potato_crisp_inclusion,,,,TOPPING_ONLY,,MAIN_TECHNICAL_BLOCKED,NONE,,post_process_product_not_base_main,mapper_basement v1.0 + published product_behavior_policy_versions,Estimated / Needs Label Review
PI-ING-001977,LAY'S SALT AND VINEGAR · Inclusion,confectionery_inclusion,potato_crisp_inclusion,,,,TOPPING_ONLY,,MAIN_TECHNICAL_BLOCKED,NONE,,post_process_product_not_base_main,mapper_basement v1.0 + published product_behavior_policy_versions,Estimated / Needs Label Review
PI-ING-001978,LAY'S PAPRIKA · Inclusion,confectionery_inclusion,potato_crisp_inclusion,,,,TOPPING_ONLY,,MAIN_TECHNICAL_BLOCKED,NONE,,post_process_product_not_base_main,mapper_basement v1.0 + published product_behavior_policy_versions,Estimated / Needs Label Review
PI-ING-001979,DORITOS NACHO CHEESE · Inclusion,confectionery_inclusion,tortilla_chip_inclusion,,,,TOPPING_ONLY,,MAIN_TECHNICAL_BLOCKED,NONE,,post_process_product_not_base_main,mapper_basement v1.0 + published product_behavior_policy_versions,Estimated / Needs Label Review
PI-ING-001980,DORITOS COOL RANCH · Inclusion,confectionery_inclusion,tortilla_chip_inclusion,,,,TOPPING_ONLY,,MAIN_TECHNICAL_BLOCKED,NONE,,post_process_product_not_base_main,mapper_basement v1.0 + published product_behavior_policy_versions,Estimated / Needs Label Review
PI-ING-001981,DORITOS SWEET CHILI PEPPER · Inclusion,confectionery_inclusion,tortilla_chip_inclusion,,,,TOPPING_ONLY,,MAIN_TECHNICAL_BLOCKED,NONE,,post_process_product_not_base_main,mapper_basement v1.0 + published product_behavior_policy_versions,Estimated / Needs Label Review
PI-ING-001982,CHEETOS CRUNCHY CHEESE · Inclusion,confectionery_inclusion,corn_puff_inclusion,,,,TOPPING_ONLY,,MAIN_TECHNICAL_BLOCKED,NONE,,post_process_product_not_base_main,mapper_basement v1.0 + published product_behavior_policy_versions,Estimated / Needs Label Review
PI-ING-001983,CHEETOS FLAMIN HOT · Inclusion,confectionery_inclusion,corn_puff_inclusion,,,,TOPPING_ONLY,,MAIN_TECHNICAL_BLOCKED,NONE,,post_process_product_not_base_main,mapper_basement v1.0 + published product_behavior_policy_versions,Estimated / Needs Label Review
PI-ING-001984,RUFFLES ORIGINAL · Inclusion,confectionery_inclusion,potato_crisp_inclusion,,,,TOPPING_ONLY,,MAIN_TECHNICAL_BLOCKED,NONE,,post_process_product_not_base_main,mapper_basement v1.0 + published product_behavior_policy_versions,Estimated / Needs Label Review
PI-ING-001985,TOSTITOS ORIGINAL TORTILLA CHIPS · Inclusion,confectionery_inclusion,tortilla_chip_inclusion,,,,TOPPING_ONLY,,MAIN_TECHNICAL_BLOCKED,NONE,,post_process_product_not_base_main,mapper_basement v1.0 + published product_behavior_policy_versions,Estimated / Needs Label Review
PI-ING-001986,QUAKER OATS ROLLED OATS · Inclusion,bakery_inclusion,cereal_inclusion,bakery_cookie,,,TOPPING_ONLY,,MAIN_TECHNICAL_BLOCKED,NONE,,post_process_product_not_base_main,mapper_basement v1.0 + published product_behavior_policy_versions,Estimated / Needs Label Review
PI-ING-001987,CAP'N CRUNCH ORIGINAL CEREAL · Inclusion,bakery_inclusion,cereal_inclusion,bakery_cookie,,,TOPPING_ONLY,,MAIN_TECHNICAL_BLOCKED,NONE,,post_process_product_not_base_main,mapper_basement v1.0 + published product_behavior_policy_versions,Estimated / Needs Label Review
PI-ING-001988,SNICKERS BAR · Inclusion,confectionery_inclusion,chocolate_bar_inclusion,,,,TOPPING_ONLY,,MAIN_TECHNICAL_BLOCKED,NONE,,post_process_product_not_base_main,mapper_basement v1.0 + published product_behavior_policy_versions,Verified / Public Label
PI-ING-001989,SNICKERS PEANUT BUTTER · Inclusion,confectionery_inclusion,chocolate_bar_inclusion,,,,TOPPING_ONLY,,MAIN_TECHNICAL_BLOCKED,NONE,,post_process_product_not_base_main,mapper_basement v1.0 + published product_behavior_policy_versions,Estimated / Needs Label Review
PI-ING-001990,MARS BAR · Inclusion,confectionery_inclusion,chocolate_bar_inclusion,,,,TOPPING_ONLY,,MAIN_TECHNICAL_BLOCKED,NONE,,post_process_product_not_base_main,mapper_basement v1.0 + published product_behavior_policy_versions,Estimated / Needs Label Review
PI-ING-001991,TWIX CARAMEL BISCUIT · Inclusion,confectionery_inclusion,chocolate_bar_inclusion,,,,TOPPING_ONLY,,MAIN_TECHNICAL_BLOCKED,NONE,,post_process_product_not_base_main,mapper_basement v1.0 + published product_behavior_policy_versions,Verified / Public Label
PI-ING-001992,BOUNTY COCONUT BAR · Inclusion,confectionery_inclusion,chocolate_bar_inclusion,,,,TOPPING_ONLY,,MAIN_TECHNICAL_BLOCKED,NONE,,post_process_product_not_base_main,mapper_basement v1.0 + published product_behavior_policy_versions,Estimated / Needs Label Review
PI-ING-001993,MILKY WAY BAR · Inclusion,confectionery_inclusion,chocolate_bar_inclusion,,,,TOPPING_ONLY,,MAIN_TECHNICAL_BLOCKED,NONE,,post_process_product_not_base_main,mapper_basement v1.0 + published product_behavior_policy_versions,Estimated / Needs Label Review
PI-ING-001994,M&M'S PEANUT · Inclusion,confectionery_inclusion,chocolate_bar_inclusion,,,,TOPPING_ONLY,,MAIN_TECHNICAL_BLOCKED,NONE,,post_process_product_not_base_main,mapper_basement v1.0 + published product_behavior_policy_versions,Estimated / Needs Label Review
PI-ING-001995,M&M'S CHOCOLATE · Inclusion,confectionery_inclusion,chocolate_bar_inclusion,,,,TOPPING_ONLY,,MAIN_TECHNICAL_BLOCKED,NONE,,post_process_product_not_base_main,mapper_basement v1.0 + published product_behavior_policy_versions,Estimated / Needs Label Review
PI-ING-001996,M&M'S CRISPY · Inclusion,confectionery_inclusion,chocolate_bar_inclusion,,,,TOPPING_ONLY,,MAIN_TECHNICAL_BLOCKED,NONE,,post_process_product_not_base_main,mapper_basement v1.0 + published product_behavior_policy_versions,Estimated / Needs Label Review
PI-ING-001997,MALTESERS · Inclusion,confectionery_inclusion,chocolate_bar_inclusion,,,,TOPPING_ONLY,,MAIN_TECHNICAL_BLOCKED,NONE,,post_process_product_not_base_main,mapper_basement v1.0 + published product_behavior_policy_versions,Estimated / Needs Label Review
PI-ING-001998,SKITTLES FRUIT · Inclusion,confectionery_inclusion,fruit_candy_inclusion,,,,TOPPING_ONLY,,MAIN_TECHNICAL_BLOCKED,NONE,,post_process_product_not_base_main,mapper_basement v1.0 + published product_behavior_policy_versions,Estimated / Needs Label Review
PI-ING-001999,STARBURST FRUIT CHEWS · Inclusion,confectionery_inclusion,fruit_candy_inclusion,,,,TOPPING_ONLY,,MAIN_TECHNICAL_BLOCKED,NONE,,post_process_product_not_base_main,mapper_basement v1.0 + published product_behavior_policy_versions,Estimated / Needs Label Review
PI-ING-002000,DOVE / GALAXY MILK CHOCOLATE · Inclusion,confectionery_inclusion,chocolate_bar_inclusion,,,,TOPPING_ONLY,,MAIN_TECHNICAL_BLOCKED,NONE,,post_process_product_not_base_main,mapper_basement v1.0 + published product_behavior_policy_versions,Estimated / Needs Label Review
PI-ING-002001,CELEBRATIONS MIX · Inclusion,confectionery_inclusion,chocolate_bar_inclusion,,,,TOPPING_ONLY,,MAIN_TECHNICAL_BLOCKED,NONE,,post_process_product_not_base_main,mapper_basement v1.0 + published product_behavior_policy_versions,Estimated / Needs Label Review
PI-ING-002002,FERRERO ROCHER · Inclusion,confectionery_inclusion,chocolate_bar_inclusion,,,,TOPPING_ONLY,,MAIN_TECHNICAL_BLOCKED,NONE,,post_process_product_not_base_main,mapper_basement v1.0 + published product_behavior_policy_versions,Estimated / Needs Label Review
PI-ING-002003,RAFFAELLO · Inclusion,confectionery_inclusion,chocolate_bar_inclusion,,,,TOPPING_ONLY,,MAIN_TECHNICAL_BLOCKED,NONE,,post_process_product_not_base_main,mapper_basement v1.0 + published product_behavior_policy_versions,Estimated / Needs Label Review
PI-ING-002004,KINDER BUENO · Inclusion,confectionery_inclusion,chocolate_bar_inclusion,,,,TOPPING_ONLY,,MAIN_TECHNICAL_BLOCKED,NONE,,post_process_product_not_base_main,mapper_basement v1.0 + published product_behavior_policy_versions,Estimated / Needs Label Review
PI-ING-002005,KINDER CHOCOLATE · Inclusion,confectionery_inclusion,chocolate_bar_inclusion,,,,TOPPING_ONLY,,MAIN_TECHNICAL_BLOCKED,NONE,,post_process_product_not_base_main,mapper_basement v1.0 + published product_behavior_policy_versions,Estimated / Needs Label Review
PI-ING-002006,KINDER COUNTRY · Inclusion,confectionery_inclusion,chocolate_bar_inclusion,,,,TOPPING_ONLY,,MAIN_TECHNICAL_BLOCKED,NONE,,post_process_product_not_base_main,mapper_basement v1.0 + published product_behavior_policy_versions,Estimated / Needs Label Review
PI-ING-002007,KINDER HAPPY HIPPO HAZELNUT · Inclusion,confectionery_inclusion,chocolate_bar_inclusion,,,,TOPPING_ONLY,,MAIN_TECHNICAL_BLOCKED,NONE,,post_process_product_not_base_main,mapper_basement v1.0 + published product_behavior_policy_versions,Estimated / Needs Label Review
PI-ING-002008,NUTELLA BISCUITS · Inclusion,confectionery_inclusion,chocolate_bar_inclusion,,,,TOPPING_ONLY,,MAIN_TECHNICAL_BLOCKED,NONE,,post_process_product_not_base_main,mapper_basement v1.0 + published product_behavior_policy_versions,Estimated / Needs Label Review
PI-ING-002009,NUTELLA B-READY · Inclusion,confectionery_inclusion,chocolate_bar_inclusion,,,,TOPPING_ONLY,,MAIN_TECHNICAL_BLOCKED,NONE,,post_process_product_not_base_main,mapper_basement v1.0 + published product_behavior_policy_versions,Estimated / Needs Label Review
PI-ING-002010,TIC TAC ORANGE · Inclusion,confectionery_inclusion,mint_candy_inclusion,,,,TOPPING_ONLY,,MAIN_TECHNICAL_BLOCKED,NONE,,post_process_product_not_base_main,mapper_basement v1.0 + published product_behavior_policy_versions,Estimated / Needs Label Review
PI-ING-002011,MON CHERI CHERRY LIQUEUR CHOCOLATE · Inclusion,confectionery_inclusion,chocolate_bar_inclusion,,,,TOPPING_ONLY,,MAIN_TECHNICAL_BLOCKED,NONE,,post_process_product_not_base_main,mapper_basement v1.0 + published product_behavior_policy_versions,Estimated / Needs Label Review
PI-ING-002012,LOTUS BISCOFF SPREAD · Spread / Paste,flavor_paste,branded_spread_paste,,,flavour_paste,UNKNOWN_REQUIRES_EVIDENCE,,MAIN_CAPABLE_UNCALIBRATED,NONE,,,mapper_basement v1.0 + published product_behavior_policy_versions,Verified / Public Label
PI-ING-002013,LOTUS BISCOFF BISCUIT CRUMB · Inclusion,bakery_inclusion,cookie_pieces,bakery_cookie,,,TOPPING_ONLY,,MAIN_TECHNICAL_BLOCKED,NONE,,post_process_product_not_base_main,mapper_basement v1.0 + published product_behavior_policy_versions,Estimated / Needs Label Review
PI-ING-002014,OREO ORIGINAL COOKIE · Inclusion,bakery_inclusion,cookie_pieces,bakery_cookie,,,TOPPING_ONLY,,MAIN_TECHNICAL_BLOCKED,NONE,,post_process_product_not_base_main,mapper_basement v1.0 + published product_behavior_policy_versions,Verified / Public Label
PI-ING-002015,OREO GOLDEN COOKIE · Inclusion,bakery_inclusion,cookie_pieces,bakery_cookie,,,TOPPING_ONLY,,MAIN_TECHNICAL_BLOCKED,NONE,,post_process_product_not_base_main,mapper_basement v1.0 + published product_behavior_policy_versions,Estimated / Needs Label Review
PI-ING-002016,OREO DOUBLE STUF COOKIE · Inclusion,bakery_inclusion,cookie_pieces,bakery_cookie,,,TOPPING_ONLY,,MAIN_TECHNICAL_BLOCKED,NONE,,post_process_product_not_base_main,mapper_basement v1.0 + published product_behavior_policy_versions,Estimated / Needs Label Review
PI-ING-002017,OREO CHOCOLATE CREAM COOKIE · Inclusion,bakery_inclusion,cookie_pieces,bakery_cookie,,,TOPPING_ONLY,,MAIN_TECHNICAL_BLOCKED,NONE,,post_process_product_not_base_main,mapper_basement v1.0 + published product_behavior_policy_versions,Estimated / Needs Label Review
PI-ING-002018,MILKA ALPINE MILK CHOCOLATE · Inclusion,confectionery_inclusion,chocolate_bar_inclusion,,,,TOPPING_ONLY,,MAIN_TECHNICAL_BLOCKED,NONE,,post_process_product_not_base_main,mapper_basement v1.0 + published product_behavior_policy_versions,Estimated / Needs Label Review
PI-ING-002019,MILKA OREO CHOCOLATE · Inclusion,bakery_inclusion,cookie_pieces,bakery_cookie,,,TOPPING_ONLY,,MAIN_TECHNICAL_BLOCKED,NONE,,post_process_product_not_base_main,mapper_basement v1.0 + published product_behavior_policy_versions,Estimated / Needs Label Review
PI-ING-002020,MILKA HAZELNUT CHOCOLATE · Inclusion,confectionery_inclusion,chocolate_bar_inclusion,,,,TOPPING_ONLY,,MAIN_TECHNICAL_BLOCKED,NONE,,post_process_product_not_base_main,mapper_basement v1.0 + published product_behavior_policy_versions,Estimated / Needs Label Review
PI-ING-002021,TOBLERONE MILK CHOCOLATE · Inclusion,confectionery_inclusion,chocolate_bar_inclusion,,,,TOPPING_ONLY,,MAIN_TECHNICAL_BLOCKED,NONE,,post_process_product_not_base_main,mapper_basement v1.0 + published product_behavior_policy_versions,Estimated / Needs Label Review
PI-ING-002022,CADBURY DAIRY MILK · Inclusion,confectionery_inclusion,chocolate_bar_inclusion,,,,TOPPING_ONLY,,MAIN_TECHNICAL_BLOCKED,NONE,,post_process_product_not_base_main,mapper_basement v1.0 + published product_behavior_policy_versions,Estimated / Needs Label Review
PI-ING-002023,CADBURY CARAMEL · Inclusion,confectionery_inclusion,chocolate_bar_inclusion,,,,TOPPING_ONLY,,MAIN_TECHNICAL_BLOCKED,NONE,,post_process_product_not_base_main,mapper_basement v1.0 + published product_behavior_policy_versions,Estimated / Needs Label Review
PI-ING-002024,DAIM BAR · Inclusion,confectionery_inclusion,chocolate_bar_inclusion,,,,TOPPING_ONLY,,MAIN_TECHNICAL_BLOCKED,NONE,,post_process_product_not_base_main,mapper_basement v1.0 + published product_behavior_policy_versions,Estimated / Needs Label Review
PI-ING-002025,COTE D'OR MILK CHOCOLATE · Inclusion,confectionery_inclusion,chocolate_bar_inclusion,,,,TOPPING_ONLY,,MAIN_TECHNICAL_BLOCKED,NONE,,post_process_product_not_base_main,mapper_basement v1.0 + published product_behavior_policy_versions,Estimated / Needs Label Review
PI-ING-002026,RITZ CRACKERS · Inclusion,confectionery_inclusion,cracker_inclusion,,,,TOPPING_ONLY,,MAIN_TECHNICAL_BLOCKED,NONE,,post_process_product_not_base_main,mapper_basement v1.0 + published product_behavior_policy_versions,Estimated / Needs Label Review
PI-ING-002027,TUC ORIGINAL CRACKERS · Inclusion,confectionery_inclusion,cracker_inclusion,,,,TOPPING_ONLY,,MAIN_TECHNICAL_BLOCKED,NONE,,post_process_product_not_base_main,mapper_basement v1.0 + published product_behavior_policy_versions,Estimated / Needs Label Review
PI-ING-002028,CHIPS AHOY CHOCOLATE CHIP COOKIE · Inclusion,bakery_inclusion,cookie_pieces,bakery_cookie,,,TOPPING_ONLY,,MAIN_TECHNICAL_BLOCKED,NONE,,post_process_product_not_base_main,mapper_basement v1.0 + published product_behavior_policy_versions,Estimated / Needs Label Review
PI-ING-002029,BELVITA HONEY NUT BISCUIT · Inclusion,bakery_inclusion,cookie_pieces,bakery_cookie,,,TOPPING_ONLY,,MAIN_TECHNICAL_BLOCKED,NONE,,post_process_product_not_base_main,mapper_basement v1.0 + published product_behavior_policy_versions,Estimated / Needs Label Review
PI-ING-002030,SOUR PATCH KIDS · Inclusion,confectionery_inclusion,fruit_candy_inclusion,,,,TOPPING_ONLY,,MAIN_TECHNICAL_BLOCKED,NONE,,post_process_product_not_base_main,mapper_basement v1.0 + published product_behavior_policy_versions,Estimated / Needs Label Review
PI-ING-002031,KITKAT 4 FINGER MILK · Inclusion,confectionery_inclusion,chocolate_bar_inclusion,,,,TOPPING_ONLY,,MAIN_TECHNICAL_BLOCKED,NONE,,post_process_product_not_base_main,mapper_basement v1.0 + published product_behavior_policy_versions,Verified / Public Label
PI-ING-002032,KITKAT CHUNKY · Inclusion,confectionery_inclusion,chocolate_bar_inclusion,,,,TOPPING_ONLY,,MAIN_TECHNICAL_BLOCKED,NONE,,post_process_product_not_base_main,mapper_basement v1.0 + published product_behavior_policy_versions,Estimated / Needs Label Review
PI-ING-002033,KITKAT WHITE · Inclusion,confectionery_inclusion,chocolate_bar_inclusion,,,,TOPPING_ONLY,,MAIN_TECHNICAL_BLOCKED,NONE,,post_process_product_not_base_main,mapper_basement v1.0 + published product_behavior_policy_versions,Estimated / Needs Label Review
PI-ING-002034,KITKAT MATCHA · Inclusion,confectionery_inclusion,chocolate_bar_inclusion,,,,TOPPING_ONLY,,MAIN_TECHNICAL_BLOCKED,NONE,,post_process_product_not_base_main,mapper_basement v1.0 + published product_behavior_policy_versions,Estimated / Needs Label Review
PI-ING-002035,SMARTIES · Inclusion,confectionery_inclusion,chocolate_bar_inclusion,,,,TOPPING_ONLY,,MAIN_TECHNICAL_BLOCKED,NONE,,post_process_product_not_base_main,mapper_basement v1.0 + published product_behavior_policy_versions,Estimated / Needs Label Review
PI-ING-002036,LION BAR · Inclusion,confectionery_inclusion,chocolate_bar_inclusion,,,,TOPPING_ONLY,,MAIN_TECHNICAL_BLOCKED,NONE,,post_process_product_not_base_main,mapper_basement v1.0 + published product_behavior_policy_versions,Estimated / Needs Label Review
PI-ING-002037,AFTER EIGHT MINT THINS · Inclusion,confectionery_inclusion,mint_chocolate_inclusion,,,,TOPPING_ONLY,,MAIN_TECHNICAL_BLOCKED,NONE,,post_process_product_not_base_main,mapper_basement v1.0 + published product_behavior_policy_versions,Verified / Public Label
PI-ING-002038,AERO MINT · Inclusion,confectionery_inclusion,chocolate_bar_inclusion,,,,TOPPING_ONLY,,MAIN_TECHNICAL_BLOCKED,NONE,,post_process_product_not_base_main,mapper_basement v1.0 + published product_behavior_policy_versions,Estimated / Needs Label Review
PI-ING-002039,NESQUIK CHOCOLATE POWDER · Powder,flavor_powder,branded_powder,,,powder,UNKNOWN_REQUIRES_EVIDENCE,,MAIN_CAPABLE_UNCALIBRATED,NONE,,,mapper_basement v1.0 + published product_behavior_policy_versions,Estimated / Needs Label Review
PI-ING-002040,MILO CHOCOLATE MALT POWDER · Powder,flavor_powder,branded_powder,,,powder,UNKNOWN_REQUIRES_EVIDENCE,,MAIN_CAPABLE_UNCALIBRATED,NONE,,,mapper_basement v1.0 + published product_behavior_policy_versions,Estimated / Needs Label Review
PI-ING-002041,NESCAFE CLASSIC INSTANT COFFEE · Powder,flavor_powder,branded_powder,,,powder,UNKNOWN_REQUIRES_EVIDENCE,,MAIN_CAPABLE_UNCALIBRATED,NONE,,,mapper_basement v1.0 + published product_behavior_policy_versions,Estimated / Needs Label Review
PI-ING-002042,REESE'S PEANUT BUTTER CUPS · Inclusion,confectionery_inclusion,chocolate_bar_inclusion,,,,TOPPING_ONLY,,MAIN_TECHNICAL_BLOCKED,NONE,,post_process_product_not_base_main,mapper_basement v1.0 + published product_behavior_policy_versions,Estimated / Needs Label Review
PI-ING-002043,HERSHEY'S MILK CHOCOLATE · Inclusion,confectionery_inclusion,chocolate_bar_inclusion,,,,TOPPING_ONLY,,MAIN_TECHNICAL_BLOCKED,NONE,,post_process_product_not_base_main,mapper_basement v1.0 + published product_behavior_policy_versions,Estimated / Needs Label Review
PI-ING-002044,HERSHEY'S COOKIES 'N' CREME · Inclusion,confectionery_inclusion,chocolate_bar_inclusion,,,,TOPPING_ONLY,,MAIN_TECHNICAL_BLOCKED,NONE,,post_process_product_not_base_main,mapper_basement v1.0 + published product_behavior_policy_versions,Estimated / Needs Label Review
PI-ING-002045,HERSHEY'S KISSES MILK CHOCOLATE · Inclusion,confectionery_inclusion,chocolate_bar_inclusion,,,,TOPPING_ONLY,,MAIN_TECHNICAL_BLOCKED,NONE,,post_process_product_not_base_main,mapper_basement v1.0 + published product_behavior_policy_versions,Estimated / Needs Label Review
PI-ING-002046,JOLLY RANCHER HARD CANDY · Inclusion,confectionery_inclusion,candy_inclusion,,,,TOPPING_ONLY,,MAIN_TECHNICAL_BLOCKED,NONE,,post_process_product_not_base_main,mapper_basement v1.0 + published product_behavior_policy_versions,Estimated / Needs Label Review
PI-ING-002047,TWIZZLERS STRAWBERRY · Inclusion,confectionery_inclusion,candy_inclusion,,,,TOPPING_ONLY,,MAIN_TECHNICAL_BLOCKED,NONE,,post_process_product_not_base_main,mapper_basement v1.0 + published product_behavior_policy_versions,Estimated / Needs Label Review
PI-ING-002048,HARIBO GOLDBEARS · Inclusion,confectionery_inclusion,gummy_candy_inclusion,,,,TOPPING_ONLY,,MAIN_TECHNICAL_BLOCKED,NONE,,post_process_product_not_base_main,mapper_basement v1.0 + published product_behavior_policy_versions,Estimated / Needs Label Review
PI-ING-002049,HARIBO HAPPY COLA · Inclusion,confectionery_inclusion,gummy_candy_inclusion,,,,TOPPING_ONLY,,MAIN_TECHNICAL_BLOCKED,NONE,,post_process_product_not_base_main,mapper_basement v1.0 + published product_behavior_policy_versions,Estimated / Needs Label Review
PI-ING-002050,HARIBO STARMIX · Inclusion,confectionery_inclusion,gummy_candy_inclusion,,,,TOPPING_ONLY,,MAIN_TECHNICAL_BLOCKED,NONE,,post_process_product_not_base_main,mapper_basement v1.0 + published product_behavior_policy_versions,Estimated / Needs Label Review
PI-ING-002051,HARIBO TANGFASTICS · Inclusion,confectionery_inclusion,gummy_candy_inclusion,,,,TOPPING_ONLY,,MAIN_TECHNICAL_BLOCKED,NONE,,post_process_product_not_base_main,mapper_basement v1.0 + published product_behavior_policy_versions,Estimated / Needs Label Review
PI-ING-002052,HARIBO CHAMALLOWS · Inclusion,confectionery_inclusion,gummy_candy_inclusion,,,,TOPPING_ONLY,,MAIN_TECHNICAL_BLOCKED,NONE,,post_process_product_not_base_main,mapper_basement v1.0 + published product_behavior_policy_versions,Estimated / Needs Label Review
PI-ING-002053,PRINGLES ORIGINAL · Inclusion,confectionery_inclusion,potato_crisp_inclusion,,,,TOPPING_ONLY,,MAIN_TECHNICAL_BLOCKED,NONE,,post_process_product_not_base_main,mapper_basement v1.0 + published product_behavior_policy_versions,Estimated / Needs Label Review
PI-ING-002054,PRINGLES SOUR CREAM AND ONION · Inclusion,confectionery_inclusion,potato_crisp_inclusion,,,,TOPPING_ONLY,,MAIN_TECHNICAL_BLOCKED,NONE,,post_process_product_not_base_main,mapper_basement v1.0 + published product_behavior_policy_versions,Estimated / Needs Label Review
PI-ING-002055,PRINGLES BBQ · Inclusion,confectionery_inclusion,potato_crisp_inclusion,,,,TOPPING_ONLY,,MAIN_TECHNICAL_BLOCKED,NONE,,post_process_product_not_base_main,mapper_basement v1.0 + published product_behavior_policy_versions,Estimated / Needs Label Review
PI-ING-002056,CHEEZ-IT ORIGINAL · Inclusion,confectionery_inclusion,cracker_inclusion,,,,TOPPING_ONLY,,MAIN_TECHNICAL_BLOCKED,NONE,,post_process_product_not_base_main,mapper_basement v1.0 + published product_behavior_policy_versions,Estimated / Needs Label Review
PI-ING-002057,POP-TARTS FROSTED STRAWBERRY · Inclusion,confectionery_inclusion,pastry_inclusion,,,,TOPPING_ONLY,,MAIN_TECHNICAL_BLOCKED,NONE,,post_process_product_not_base_main,mapper_basement v1.0 + published product_behavior_policy_versions,Estimated / Needs Label Review
PI-ING-002058,POP-TARTS BROWN SUGAR CINNAMON · Inclusion,confectionery_inclusion,pastry_inclusion,,,,TOPPING_ONLY,,MAIN_TECHNICAL_BLOCKED,NONE,,post_process_product_not_base_main,mapper_basement v1.0 + published product_behavior_policy_versions,Estimated / Needs Label Review
PI-ING-002059,RICE KRISPIES TREATS · Inclusion,bakery_inclusion,cereal_inclusion,bakery_cookie,,,TOPPING_ONLY,,MAIN_TECHNICAL_BLOCKED,NONE,,post_process_product_not_base_main,mapper_basement v1.0 + published product_behavior_policy_versions,Estimated / Needs Label Review
PI-ING-002060,FROOT LOOPS CEREAL · Inclusion,bakery_inclusion,cereal_inclusion,bakery_cookie,,,TOPPING_ONLY,,MAIN_TECHNICAL_BLOCKED,NONE,,post_process_product_not_base_main,mapper_basement v1.0 + published product_behavior_policy_versions,Estimated / Needs Label Review
PI-ING-002061,COCO POPS / CHOCO KRISPIES CEREAL · Inclusion,bakery_inclusion,cereal_inclusion,bakery_cookie,,,TOPPING_ONLY,,MAIN_TECHNICAL_BLOCKED,NONE,,post_process_product_not_base_main,mapper_basement v1.0 + published product_behavior_policy_versions,Estimated / Needs Label Review
PI-ING-002062,CORN FLAKES CEREAL · Inclusion,bakery_inclusion,cereal_inclusion,bakery_cookie,,,TOPPING_ONLY,,MAIN_TECHNICAL_BLOCKED,NONE,,post_process_product_not_base_main,mapper_basement v1.0 + published product_behavior_policy_versions,Estimated / Needs Label Review
PI-ING-002063,FROSTIES / FROSTED FLAKES CEREAL · Inclusion,bakery_inclusion,cereal_inclusion,bakery_cookie,,,TOPPING_ONLY,,MAIN_TECHNICAL_BLOCKED,NONE,,post_process_product_not_base_main,mapper_basement v1.0 + published product_behavior_policy_versions,Estimated / Needs Label Review
PI-ING-002064,LOACKER NAPOLITANER WAFER · Inclusion,bakery_inclusion,wafer_inclusion,bakery_cookie,,,TOPPING_ONLY,,MAIN_TECHNICAL_BLOCKED,NONE,,post_process_product_not_base_main,mapper_basement v1.0 + published product_behavior_policy_versions,Estimated / Needs Label Review
PI-ING-002065,HANUTA HAZELNUT WAFER · Inclusion,bakery_inclusion,wafer_inclusion,bakery_cookie,,,TOPPING_ONLY,,MAIN_TECHNICAL_BLOCKED,NONE,,post_process_product_not_base_main,mapper_basement v1.0 + published product_behavior_policy_versions,Estimated / Needs Label Review
PI-ING-002066,KNOPPERS WAFER · Inclusion,bakery_inclusion,wafer_inclusion,bakery_cookie,,,TOPPING_ONLY,,MAIN_TECHNICAL_BLOCKED,NONE,,post_process_product_not_base_main,mapper_basement v1.0 + published product_behavior_policy_versions,Estimated / Needs Label Review
PI-ING-002067,WERTHER'S ORIGINAL CARAMEL · Inclusion,confectionery_inclusion,caramel_candy_inclusion,caramel,,,TOPPING_ONLY,,MAIN_TECHNICAL_BLOCKED,NONE,,post_process_product_not_base_main,mapper_basement v1.0 + published product_behavior_policy_versions,Estimated / Needs Label Review
PI-ING-002068,CHUPA CHUPS STRAWBERRY LOLLIPOP · Inclusion,confectionery_inclusion,hard_candy_inclusion,,,,TOPPING_ONLY,,MAIN_TECHNICAL_BLOCKED,NONE,,post_process_product_not_base_main,mapper_basement v1.0 + published product_behavior_policy_versions,Estimated / Needs Label Review
PI-ING-002069,MENTOS MINT · Inclusion,confectionery_inclusion,chewy_candy_inclusion,,,,TOPPING_ONLY,,MAIN_TECHNICAL_BLOCKED,NONE,,post_process_product_not_base_main,mapper_basement v1.0 + published product_behavior_policy_versions,Estimated / Needs Label Review
PI-ING-002070,PICK UP! CHOCO BISCUIT BAR · Inclusion,bakery_inclusion,biscuit_inclusion,bakery_cookie,,,TOPPING_ONLY,,MAIN_TECHNICAL_BLOCKED,NONE,,post_process_product_not_base_main,mapper_basement v1.0 + published product_behavior_policy_versions,Estimated / Needs Label Review
PI-ING-002071,STROOPWAFEL CARAMEL WAFFLE · Inclusion,bakery_inclusion,wafer_inclusion,bakery_cookie,,,TOPPING_ONLY,,MAIN_TECHNICAL_BLOCKED,NONE,,post_process_product_not_base_main,mapper_basement v1.0 + published product_behavior_policy_versions,Estimated / Needs Label Review
PI-ING-002072,POCKY CHOCOLATE STICKS · Inclusion,bakery_inclusion,biscuit_inclusion,bakery_cookie,,,TOPPING_ONLY,,MAIN_TECHNICAL_BLOCKED,NONE,,post_process_product_not_base_main,mapper_basement v1.0 + published product_behavior_policy_versions,Estimated / Needs Label Review
PI-ING-002073,MIKADO CHOCOLATE STICKS · Inclusion,bakery_inclusion,biscuit_inclusion,bakery_cookie,,,TOPPING_ONLY,,MAIN_TECHNICAL_BLOCKED,NONE,,post_process_product_not_base_main,mapper_basement v1.0 + published product_behavior_policy_versions,Estimated / Needs Label Review
PI-ING-002074,BROWNIE PIECES GENERIC BRAND STYLE · Inclusion,confectionery_inclusion,cake_inclusion,,,,TOPPING_ONLY,,MAIN_TECHNICAL_BLOCKED,NONE,,post_process_product_not_base_main,mapper_basement v1.0 + published product_behavior_policy_versions,Estimated / Needs Label Review
PI-ING-002075,CHEESECAKE PIECES GENERIC BRAND STYLE · Inclusion,confectionery_inclusion,cake_inclusion,,,,TOPPING_ONLY,,MAIN_TECHNICAL_BLOCKED,NONE,,post_process_product_not_base_main,mapper_basement v1.0 + published product_behavior_policy_versions,Estimated / Needs Label Review
PI-ING-002076,MARSHMALLOW MINI WHITE · Inclusion,confectionery_inclusion,marshmallow_inclusion,,,,TOPPING_ONLY,,MAIN_TECHNICAL_BLOCKED,NONE,,post_process_product_not_base_main,mapper_basement v1.0 + published product_behavior_policy_versions,Estimated / Needs Label Review
PI-ING-002077,PRIME HYDRATION BLUE RASPBERRY · Beverage,beverage,sports_drink,,,liquid,UNKNOWN_REQUIRES_EVIDENCE,,MAIN_CAPABLE_UNCALIBRATED,NONE,,,mapper_basement v1.0 + published product_behavior_policy_versions,Estimated / Needs Label Review
PI-ING-002078,PRIME HYDRATION ICE POP · Beverage,beverage,sports_drink,,,liquid,UNKNOWN_REQUIRES_EVIDENCE,,MAIN_CAPABLE_UNCALIBRATED,NONE,,,mapper_basement v1.0 + published product_behavior_policy_versions,Estimated / Needs Label Review
PI-ING-002079,PRIME HYDRATION LEMON LIME · Beverage,beverage,sports_drink,,,liquid,UNKNOWN_REQUIRES_EVIDENCE,,MAIN_CAPABLE_UNCALIBRATED,NONE,,,mapper_basement v1.0 + published product_behavior_policy_versions,Estimated / Needs Label Review
PI-ING-002080,PRIME HYDRATION TROPICAL PUNCH · Beverage,beverage,sports_drink,,,liquid,UNKNOWN_REQUIRES_EVIDENCE,,MAIN_CAPABLE_UNCALIBRATED,NONE,,,mapper_basement v1.0 + published product_behavior_policy_versions,Estimated / Needs Label Review
PI-ING-002081,PRIME HYDRATION META MOON · Beverage,beverage,sports_drink,,,liquid,UNKNOWN_REQUIRES_EVIDENCE,,MAIN_CAPABLE_UNCALIBRATED,NONE,,,mapper_basement v1.0 + published product_behavior_policy_versions,Estimated / Needs Label Review
PI-ING-002082,PRIME HYDRATION STRAWBERRY WATERMELON · Beverage,beverage,sports_drink,,,liquid,UNKNOWN_REQUIRES_EVIDENCE,,MAIN_CAPABLE_UNCALIBRATED,NONE,,,mapper_basement v1.0 + published product_behavior_policy_versions,Estimated / Needs Label Review
PI-ING-002083,PRIME HYDRATION CHERRY FREEZE · Beverage,beverage,sports_drink,,,liquid,UNKNOWN_REQUIRES_EVIDENCE,,MAIN_CAPABLE_UNCALIBRATED,NONE,,,mapper_basement v1.0 + published product_behavior_policy_versions,Estimated / Needs Label Review
PI-ING-002084,PRIME ENERGY ORIGINAL · Beverage,beverage,energy_drink,,,liquid,UNKNOWN_REQUIRES_EVIDENCE,,MAIN_CAPABLE_UNCALIBRATED,NONE,,,mapper_basement v1.0 + published product_behavior_policy_versions,Estimated / Needs Label Review
PI-ING-002085,PRIME ENERGY BLUE RASPBERRY · Beverage,beverage,energy_drink,,,liquid,UNKNOWN_REQUIRES_EVIDENCE,,MAIN_CAPABLE_UNCALIBRATED,NONE,,,mapper_basement v1.0 + published product_behavior_policy_versions,Estimated / Needs Label Review
PI-ING-002086,PRIME ENERGY ICE POP · Beverage,beverage,energy_drink,,,liquid,UNKNOWN_REQUIRES_EVIDENCE,,MAIN_CAPABLE_UNCALIBRATED,NONE,,,mapper_basement v1.0 + published product_behavior_policy_versions,Estimated / Needs Label Review
PI-ING-002087,PRIME ENERGY TROPICAL PUNCH · Beverage,beverage,energy_drink,,,liquid,UNKNOWN_REQUIRES_EVIDENCE,,MAIN_CAPABLE_UNCALIBRATED,NONE,,,mapper_basement v1.0 + published product_behavior_policy_versions,Estimated / Needs Label Review
PI-ING-002088,STARBUCKS FRAPPUCCINO COFFEE RTD · Beverage,beverage,coffee_drink,coffee,,liquid,MAIN_ALLOWED,,MAIN_CAPABLE_UNCALIBRATED,NONE,,,mapper_basement v1.0 + published product_behavior_policy_versions,Estimated / Needs Label Review
PI-ING-002089,STARBUCKS FRAPPUCCINO MOCHA RTD · Beverage,beverage,coffee_drink,coffee,,liquid,MAIN_ALLOWED,,MAIN_CAPABLE_UNCALIBRATED,NONE,,,mapper_basement v1.0 + published product_behavior_policy_versions,Estimated / Needs Label Review
PI-ING-002090,STARBUCKS FRAPPUCCINO VANILLA RTD · Beverage,beverage,coffee_drink,coffee,,liquid,MAIN_ALLOWED,,MAIN_CAPABLE_UNCALIBRATED,NONE,,,mapper_basement v1.0 + published product_behavior_policy_versions,Estimated / Needs Label Review
PI-ING-002091,STARBUCKS FRAPPUCCINO CARAMEL RTD · Beverage,beverage,coffee_drink,coffee,,liquid,MAIN_ALLOWED,,MAIN_CAPABLE_UNCALIBRATED,NONE,,,mapper_basement v1.0 + published product_behavior_policy_versions,Estimated / Needs Label Review
PI-ING-002092,STARBUCKS FRAPPUCCINO WHITE CHOCOLATE MOCHA RTD · Beverage,beverage,coffee_drink,coffee,,liquid,MAIN_ALLOWED,,MAIN_CAPABLE_UNCALIBRATED,NONE,,,mapper_basement v1.0 + published product_behavior_policy_versions,Estimated / Needs Label Review
PI-ING-002093,STARBUCKS DOUBLESHOT ENERGY COFFEE · Beverage,beverage,coffee_energy_drink,coffee,,liquid,MAIN_ALLOWED,,MAIN_CAPABLE_UNCALIBRATED,NONE,,,mapper_basement v1.0 + published product_behavior_policy_versions,Estimated / Needs Label Review
PI-ING-002094,STARBUCKS ICED ENERGY BLUEBERRY LEMONADE · Beverage,beverage,coffee_energy_drink,coffee,,liquid,MAIN_ALLOWED,,MAIN_CAPABLE_UNCALIBRATED,NONE,,,mapper_basement v1.0 + published product_behavior_policy_versions,Estimated / Needs Label Review
PI-ING-002095,STARBUCKS ICED ENERGY STRAWBERRY KIWI · Beverage,beverage,coffee_energy_drink,coffee,,liquid,MAIN_ALLOWED,,MAIN_CAPABLE_UNCALIBRATED,NONE,,,mapper_basement v1.0 + published product_behavior_policy_versions,Estimated / Needs Label Review
PI-ING-002096,DR PEPPER ORIGINAL · Beverage,beverage,soft_drink,,,liquid,UNKNOWN_REQUIRES_EVIDENCE,,MAIN_CAPABLE_UNCALIBRATED,NONE,,,mapper_basement v1.0 + published product_behavior_policy_versions,Estimated / Needs Label Review
PI-ING-002097,DR PEPPER CHERRY · Beverage,beverage,soft_drink,,,liquid,UNKNOWN_REQUIRES_EVIDENCE,,MAIN_CAPABLE_UNCALIBRATED,NONE,,,mapper_basement v1.0 + published product_behavior_policy_versions,Estimated / Needs Label Review
PI-ING-002098,DR PEPPER CREAM SODA · Beverage,beverage,soft_drink,,,liquid,UNKNOWN_REQUIRES_EVIDENCE,,MAIN_CAPABLE_UNCALIBRATED,NONE,,,mapper_basement v1.0 + published product_behavior_policy_versions,Estimated / Needs Label Review
PI-ING-002099,A&W ROOT BEER · Beverage,beverage,soft_drink,,,liquid,UNKNOWN_REQUIRES_EVIDENCE,,MAIN_CAPABLE_UNCALIBRATED,NONE,,,mapper_basement v1.0 + published product_behavior_policy_versions,Estimated / Needs Label Review
PI-ING-002100,CANADA DRY GINGER ALE · Beverage,beverage,soft_drink,,,liquid,UNKNOWN_REQUIRES_EVIDENCE,,MAIN_CAPABLE_UNCALIBRATED,NONE,,,mapper_basement v1.0 + published product_behavior_policy_versions,Estimated / Needs Label Review
PI-ING-002101,CANADA DRY TONIC WATER · Beverage,beverage,soft_drink,,,liquid,UNKNOWN_REQUIRES_EVIDENCE,,MAIN_CAPABLE_UNCALIBRATED,NONE,,,mapper_basement v1.0 + published product_behavior_policy_versions,Estimated / Needs Label Review
PI-ING-002102,SNAPPLE PEACH TEA · Beverage,beverage,soft_drink,,,liquid,UNKNOWN_REQUIRES_EVIDENCE,,MAIN_CAPABLE_UNCALIBRATED,NONE,,,mapper_basement v1.0 + published product_behavior_policy_versions,Estimated / Needs Label Review
PI-ING-002103,SNAPPLE LEMON TEA · Beverage,beverage,soft_drink,,,liquid,UNKNOWN_REQUIRES_EVIDENCE,,MAIN_CAPABLE_UNCALIBRATED,NONE,,,mapper_basement v1.0 + published product_behavior_policy_versions,Estimated / Needs Label Review
PI-ING-002104,RC COLA · Beverage,beverage,soft_drink,,,liquid,UNKNOWN_REQUIRES_EVIDENCE,,MAIN_CAPABLE_UNCALIBRATED,NONE,,,mapper_basement v1.0 + published product_behavior_policy_versions,Estimated / Needs Label Review
PI-ING-002105,SQUIRT GRAPEFRUIT SODA · Beverage,beverage,soft_drink,,,liquid,UNKNOWN_REQUIRES_EVIDENCE,,MAIN_CAPABLE_UNCALIBRATED,NONE,,,mapper_basement v1.0 + published product_behavior_policy_versions,Estimated / Needs Label Review
PI-ING-002106,SUNKIST ORANGE SODA · Beverage,beverage,soft_drink,,,liquid,UNKNOWN_REQUIRES_EVIDENCE,,MAIN_CAPABLE_UNCALIBRATED,NONE,,,mapper_basement v1.0 + published product_behavior_policy_versions,Estimated / Needs Label Review
PI-ING-002107,HAWAIIAN PUNCH FRUIT JUICY RED · Beverage,beverage,soft_drink,,,liquid,UNKNOWN_REQUIRES_EVIDENCE,,MAIN_CAPABLE_UNCALIBRATED,NONE,,,mapper_basement v1.0 + published product_behavior_policy_versions,Estimated / Needs Label Review
PI-ING-002108,NUTELLA HAZELNUT COCOA SPREAD · Spread / Paste,flavor_paste,branded_spread_paste,,,flavour_paste,UNKNOWN_REQUIRES_EVIDENCE,,MAIN_CAPABLE_UNCALIBRATED,NONE,,,mapper_basement v1.0 + published product_behavior_policy_versions,Estimated / Needs Label Review
PI-ING-002109,SOY DRINK 0% ADDED SUGAR · Carrefour · UHT,beverage,plant_drink_soy,,,liquid,UNKNOWN_REQUIRES_EVIDENCE,,MAIN_CAPABLE_UNCALIBRATED,NONE,,,mapper_basement v1.0 + published product_behavior_policy_versions,Verified / PI Calculated
PI-ING-002110,HIGH-PROTEIN SOY DRINK · EcoCesta · BIO,beverage,plant_drink_soy_high_protein,,,liquid,UNKNOWN_REQUIRES_EVIDENCE,,MAIN_CAPABLE_UNCALIBRATED,NONE,,,mapper_basement v1.0 + published product_behavior_policy_versions,Verified / PI Calculated
PI-ING-002111,SOY SKYR HIGH PROTEIN NATURAL · Alpro · Chilled,plant_fermented,soy_skyr_high_protein,,,,STANDARD_ONLY,,MAIN_TECHNICAL_BLOCKED,NONE,,standard_product_not_flavour_main,mapper_basement v1.0 + published product_behavior_policy_versions,Verified / PI Calculated
PI-ING-002112,SOY PLUS LIGHT 0% SUGAR · Vivesoy · UHT,beverage,plant_drink_soy,,,liquid,UNKNOWN_REQUIRES_EVIDENCE,,MAIN_CAPABLE_UNCALIBRATED,NONE,,,mapper_basement v1.0 + published product_behavior_policy_versions,Verified / PI Calculated
PI-ING-002113,HIGH-PROTEIN FILTERED SKIM MILK · Carrefour Sensation · Lactose-Free,dairy,high_protein_filtered_milk,,,,STANDARD_ONLY,,MAIN_TECHNICAL_BLOCKED,NONE,,base_recipe_not_approved,mapper_basement v1.0 + published product_behavior_policy_versions,Verified / Engine mapping review
PI-ING-002114,GELLATTI STABILIZER · Gellatti Stabilizer Blend · Dry,stabilizer,stabilizer_blend,,,,STRUCTURAL_ONLY,,MAIN_TECHNICAL_BLOCKED,NONE,,structural_product_not_flavour_main,mapper_basement v1.0 + published product_behavior_policy_versions,Verified / PI Calculated
