"product_profile","serving_mode","strategy","ingredient","canonical_id","grams_per_1000g","percentage","technical_role","effective_price_per_kg","price_source","line_cost","template_source","template_version","whole_gram_status","validation_status","target_temperature_c","pod","pac","npac","ice_fraction_percent","water_percent","total_solids_percent","fat_percent","protein_percent","liquid_dairy_carrier_grams","actual_protein_percent","technical_score","cost_per_kg","cost_complete","policy_template_provenance","strategy_resolution","validated_native","provisional_bands","native_engine_misses"
"Gelato","−11°C","ECO","Milk 3.5 %","PI-ING-000236","670","67","primary_liquid","","missing","","milk_base_v1","registry@milk_base_v1","exact","engine_validated_native","-11","15.9168","23.708999999999996","37.2338923606209","50.03089139712238","67.2895","32.7105","6.273000000000001","3.7350000000000003","670","","10","","false","intentRecipeDraft.ts STARTER_TEMPLATES (locked starter template)","eco_equals_optimal_no_validated_alternative","true","false","none"
"Gelato","−11°C","ECO","Cream 30 %","PI-ING-000180","130","13","dairy_fat","","missing","","milk_base_v1","registry@milk_base_v1","exact","engine_validated_native","-11","15.9168","23.708999999999996","37.2338923606209","50.03089139712238","67.2895","32.7105","6.273000000000001","3.7350000000000003","670","","10","","false","intentRecipeDraft.ts STARTER_TEMPLATES (locked starter template)","eco_equals_optimal_no_validated_alternative","true","false","none"
"Gelato","−11°C","ECO","Skimmed milk powder","PI-ING-000270","35","3.5","milk_solids","","missing","","milk_base_v1","registry@milk_base_v1","exact","engine_validated_native","-11","15.9168","23.708999999999996","37.2338923606209","50.03089139712238","67.2895","32.7105","6.273000000000001","3.7350000000000003","670","","10","","false","intentRecipeDraft.ts STARTER_TEMPLATES (locked starter template)","eco_equals_optimal_no_validated_alternative","true","false","none"
"Gelato","−11°C","ECO","Sucrose","PI-ING-000514","130","13","sweetener_sucrose","","missing","","milk_base_v1","registry@milk_base_v1","exact","engine_validated_native","-11","15.9168","23.708999999999996","37.2338923606209","50.03089139712238","67.2895","32.7105","6.273000000000001","3.7350000000000003","670","","10","","false","intentRecipeDraft.ts STARTER_TEMPLATES (locked starter template)","eco_equals_optimal_no_validated_alternative","true","false","none"
"Gelato","−11°C","ECO","Dextrose (monohydrate)","PI-ING-000494","30","3","sugar_freezing_control","","missing","","milk_base_v1","registry@milk_base_v1","exact","engine_validated_native","-11","15.9168","23.708999999999996","37.2338923606209","50.03089139712238","67.2895","32.7105","6.273000000000001","3.7350000000000003","670","","10","","false","intentRecipeDraft.ts STARTER_TEMPLATES (locked starter template)","eco_equals_optimal_no_validated_alternative","true","false","none"
"Gelato","−11°C","ECO","Tara gum","PI-ING-000492","5","0.5","stabilizer","","missing","","milk_base_v1","registry@milk_base_v1","exact","engine_validated_native","-11","15.9168","23.708999999999996","37.2338923606209","50.03089139712238","67.2895","32.7105","6.273000000000001","3.7350000000000003","670","","10","","false","intentRecipeDraft.ts STARTER_TEMPLATES (locked starter template)","eco_equals_optimal_no_validated_alternative","true","false","none"
"Gelato","−11°C","OPTIMAL","Milk 3.5 %","PI-ING-000236","670","67","primary_liquid","","missing","","milk_base_v1","registry@milk_base_v1","exact","engine_validated_native","-11","15.9168","23.708999999999996","37.2338923606209","50.03089139712238","67.2895","32.7105","6.273000000000001","3.7350000000000003","670","","10","","false","intentRecipeDraft.ts STARTER_TEMPLATES (locked starter template)","eco_equals_optimal_no_validated_alternative","true","false","none"
"Gelato","−11°C","OPTIMAL","Cream 30 %","PI-ING-000180","130","13","dairy_fat","","missing","","milk_base_v1","registry@milk_base_v1","exact","engine_validated_native","-11","15.9168","23.708999999999996","37.2338923606209","50.03089139712238","67.2895","32.7105","6.273000000000001","3.7350000000000003","670","","10","","false","intentRecipeDraft.ts STARTER_TEMPLATES (locked starter template)","eco_equals_optimal_no_validated_alternative","true","false","none"
"Gelato","−11°C","OPTIMAL","Skimmed milk powder","PI-ING-000270","35","3.5","milk_solids","","missing","","milk_base_v1","registry@milk_base_v1","exact","engine_validated_native","-11","15.9168","23.708999999999996","37.2338923606209","50.03089139712238","67.2895","32.7105","6.273000000000001","3.7350000000000003","670","","10","","false","intentRecipeDraft.ts STARTER_TEMPLATES (locked starter template)","eco_equals_optimal_no_validated_alternative","true","false","none"
"Gelato","−11°C","OPTIMAL","Sucrose","PI-ING-000514","130","13","sweetener_sucrose","","missing","","milk_base_v1","registry@milk_base_v1","exact","engine_validated_native","-11","15.9168","23.708999999999996","37.2338923606209","50.03089139712238","67.2895","32.7105","6.273000000000001","3.7350000000000003","670","","10","","false","intentRecipeDraft.ts STARTER_TEMPLATES (locked starter template)","eco_equals_optimal_no_validated_alternative","true","false","none"
"Gelato","−11°C","OPTIMAL","Dextrose (monohydrate)","PI-ING-000494","30","3","sugar_freezing_control","","missing","","milk_base_v1","registry@milk_base_v1","exact","engine_validated_native","-11","15.9168","23.708999999999996","37.2338923606209","50.03089139712238","67.2895","32.7105","6.273000000000001","3.7350000000000003","670","","10","","false","intentRecipeDraft.ts STARTER_TEMPLATES (locked starter template)","eco_equals_optimal_no_validated_alternative","true","false","none"
"Gelato","−11°C","OPTIMAL","Tara gum","PI-ING-000492","5","0.5","stabilizer","","missing","","milk_base_v1","registry@milk_base_v1","exact","engine_validated_native","-11","15.9168","23.708999999999996","37.2338923606209","50.03089139712238","67.2895","32.7105","6.273000000000001","3.7350000000000003","670","","10","","false","intentRecipeDraft.ts STARTER_TEMPLATES (locked starter template)","eco_equals_optimal_no_validated_alternative","true","false","none"
"Gelato","−12°C","ECO","Milk 3.5 %","PI-ING-000236","600","60","primary_liquid","","missing","","milk_base_g17_minus12_v1","registry@milk_base_g17_minus12_v1","exact","engine_validated_native","-12","14.936239999999998","28.145500000000002","47.48453176921157","50.32912890192324","62.14350000000001","37.8565","6.1844","3.7954999999999997","600","","10","","false","temperatureRegulator.ts G17 (owner-authorized 2026-07-18)","eco_equals_optimal_no_validated_alternative","true","false","none"
"Gelato","−12°C","ECO","Cream 30 %","PI-ING-000180","135","13.5","dairy_fat","","missing","","milk_base_g17_minus12_v1","registry@milk_base_g17_minus12_v1","exact","engine_validated_native","-12","14.936239999999998","28.145500000000002","47.48453176921157","50.32912890192324","62.14350000000001","37.8565","6.1844","3.7954999999999997","600","","10","","false","temperatureRegulator.ts G17 (owner-authorized 2026-07-18)","eco_equals_optimal_no_validated_alternative","true","false","none"
"Gelato","−12°C","ECO","Skimmed milk powder","PI-ING-000270","43","4.3","milk_solids","","missing","","milk_base_g17_minus12_v1","registry@milk_base_g17_minus12_v1","exact","engine_validated_native","-12","14.936239999999998","28.145500000000002","47.48453176921157","50.32912890192324","62.14350000000001","37.8565","6.1844","3.7954999999999997","600","","10","","false","temperatureRegulator.ts G17 (owner-authorized 2026-07-18)","eco_equals_optimal_no_validated_alternative","true","false","none"
"Gelato","−12°C","ECO","Sucrose","PI-ING-000514","86","8.6","sweetener_sucrose","","missing","","milk_base_g17_minus12_v1","registry@milk_base_g17_minus12_v1","exact","engine_validated_native","-12","14.936239999999998","28.145500000000002","47.48453176921157","50.32912890192324","62.14350000000001","37.8565","6.1844","3.7954999999999997","600","","10","","false","temperatureRegulator.ts G17 (owner-authorized 2026-07-18)","eco_equals_optimal_no_validated_alternative","true","false","none"
"Gelato","−12°C","ECO","Dextrose (monohydrate)","PI-ING-000494","80","8","sugar_freezing_control","","missing","","milk_base_g17_minus12_v1","registry@milk_base_g17_minus12_v1","exact","engine_validated_native","-12","14.936239999999998","28.145500000000002","47.48453176921157","50.32912890192324","62.14350000000001","37.8565","6.1844","3.7954999999999997","600","","10","","false","temperatureRegulator.ts G17 (owner-authorized 2026-07-18)","eco_equals_optimal_no_validated_alternative","true","false","none"
"Gelato","−12°C","ECO","Inulin","PI-ING-000456","54","5.4","fiber_body","","missing","","milk_base_g17_minus12_v1","registry@milk_base_g17_minus12_v1","exact","engine_validated_native","-12","14.936239999999998","28.145500000000002","47.48453176921157","50.32912890192324","62.14350000000001","37.8565","6.1844","3.7954999999999997","600","","10","","false","temperatureRegulator.ts G17 (owner-authorized 2026-07-18)","eco_equals_optimal_no_validated_alternative","true","false","none"
"Gelato","−12°C","ECO","Tara gum","PI-ING-000492","2","0.2","stabilizer","","missing","","milk_base_g17_minus12_v1","registry@milk_base_g17_minus12_v1","exact","engine_validated_native","-12","14.936239999999998","28.145500000000002","47.48453176921157","50.32912890192324","62.14350000000001","37.8565","6.1844","3.7954999999999997","600","","10","","false","temperatureRegulator.ts G17 (owner-authorized 2026-07-18)","eco_equals_optimal_no_validated_alternative","true","false","none"
"Gelato","−12°C","OPTIMAL","Milk 3.5 %","PI-ING-000236","600","60","primary_liquid","","missing","","milk_base_g17_minus12_v1","registry@milk_base_g17_minus12_v1","exact","engine_validated_native","-12","14.936239999999998","28.145500000000002","47.48453176921157","50.32912890192324","62.14350000000001","37.8565","6.1844","3.7954999999999997","600","","10","","false","temperatureRegulator.ts G17 (owner-authorized 2026-07-18)","eco_equals_optimal_no_validated_alternative","true","false","none"
"Gelato","−12°C","OPTIMAL","Cream 30 %","PI-ING-000180","135","13.5","dairy_fat","","missing","","milk_base_g17_minus12_v1","registry@milk_base_g17_minus12_v1","exact","engine_validated_native","-12","14.936239999999998","28.145500000000002","47.48453176921157","50.32912890192324","62.14350000000001","37.8565","6.1844","3.7954999999999997","600","","10","","false","temperatureRegulator.ts G17 (owner-authorized 2026-07-18)","eco_equals_optimal_no_validated_alternative","true","false","none"
"Gelato","−12°C","OPTIMAL","Skimmed milk powder","PI-ING-000270","43","4.3","milk_solids","","missing","","milk_base_g17_minus12_v1","registry@milk_base_g17_minus12_v1","exact","engine_validated_native","-12","14.936239999999998","28.145500000000002","47.48453176921157","50.32912890192324","62.14350000000001","37.8565","6.1844","3.7954999999999997","600","","10","","false","temperatureRegulator.ts G17 (owner-authorized 2026-07-18)","eco_equals_optimal_no_validated_alternative","true","false","none"
"Gelato","−12°C","OPTIMAL","Sucrose","PI-ING-000514","86","8.6","sweetener_sucrose","","missing","","milk_base_g17_minus12_v1","registry@milk_base_g17_minus12_v1","exact","engine_validated_native","-12","14.936239999999998","28.145500000000002","47.48453176921157","50.32912890192324","62.14350000000001","37.8565","6.1844","3.7954999999999997","600","","10","","false","temperatureRegulator.ts G17 (owner-authorized 2026-07-18)","eco_equals_optimal_no_validated_alternative","true","false","none"
"Gelato","−12°C","OPTIMAL","Dextrose (monohydrate)","PI-ING-000494","80","8","sugar_freezing_control","","missing","","milk_base_g17_minus12_v1","registry@milk_base_g17_minus12_v1","exact","engine_validated_native","-12","14.936239999999998","28.145500000000002","47.48453176921157","50.32912890192324","62.14350000000001","37.8565","6.1844","3.7954999999999997","600","","10","","false","temperatureRegulator.ts G17 (owner-authorized 2026-07-18)","eco_equals_optimal_no_validated_alternative","true","false","none"
"Gelato","−12°C","OPTIMAL","Inulin","PI-ING-000456","54","5.4","fiber_body","","missing","","milk_base_g17_minus12_v1","registry@milk_base_g17_minus12_v1","exact","engine_validated_native","-12","14.936239999999998","28.145500000000002","47.48453176921157","50.32912890192324","62.14350000000001","37.8565","6.1844","3.7954999999999997","600","","10","","false","temperatureRegulator.ts G17 (owner-authorized 2026-07-18)","eco_equals_optimal_no_validated_alternative","true","false","none"
"Gelato","−12°C","OPTIMAL","Tara gum","PI-ING-000492","2","0.2","stabilizer","","missing","","milk_base_g17_minus12_v1","registry@milk_base_g17_minus12_v1","exact","engine_validated_native","-12","14.936239999999998","28.145500000000002","47.48453176921157","50.32912890192324","62.14350000000001","37.8565","6.1844","3.7954999999999997","600","","10","","false","temperatureRegulator.ts G17 (owner-authorized 2026-07-18)","eco_equals_optimal_no_validated_alternative","true","false","none"
"Gelato","−13°C","ECO","Milk 3.5 %","PI-ING-000236","600","60","primary_liquid","","missing","","milk_base_g18_minus13_v1","registry@milk_base_g18_minus13_v1","exact","blocked_engine_native_band_miss","-13","15.726159999999997","32.4101","54.736684353355734","49.644009149178096","61.72250000000001","38.2775","5.886","3.8424999999999994","600","","9","","false","temperatureRegulator.ts G18 (owner-authorized 2026-07-18)","eco_equals_optimal_no_validated_alternative","false","false","lactose_sandiness_risk:high:9.126 [5,9]"
"Gelato","−13°C","ECO","Cream 30 %","PI-ING-000180","125","12.5","dairy_fat","","missing","","milk_base_g18_minus13_v1","registry@milk_base_g18_minus13_v1","exact","blocked_engine_native_band_miss","-13","15.726159999999997","32.4101","54.736684353355734","49.644009149178096","61.72250000000001","38.2775","5.886","3.8424999999999994","600","","9","","false","temperatureRegulator.ts G18 (owner-authorized 2026-07-18)","eco_equals_optimal_no_validated_alternative","false","false","lactose_sandiness_risk:high:9.126 [5,9]"
"Gelato","−13°C","ECO","Skimmed milk powder","PI-ING-000270","45","4.5","milk_solids","","missing","","milk_base_g18_minus13_v1","registry@milk_base_g18_minus13_v1","exact","blocked_engine_native_band_miss","-13","15.726159999999997","32.4101","54.736684353355734","49.644009149178096","61.72250000000001","38.2775","5.886","3.8424999999999994","600","","9","","false","temperatureRegulator.ts G18 (owner-authorized 2026-07-18)","eco_equals_optimal_no_validated_alternative","false","false","lactose_sandiness_risk:high:9.126 [5,9]"
"Gelato","−13°C","ECO","Sucrose","PI-ING-000514","72","7.2","sweetener_sucrose","","missing","","milk_base_g18_minus13_v1","registry@milk_base_g18_minus13_v1","exact","blocked_engine_native_band_miss","-13","15.726159999999997","32.4101","54.736684353355734","49.644009149178096","61.72250000000001","38.2775","5.886","3.8424999999999994","600","","9","","false","temperatureRegulator.ts G18 (owner-authorized 2026-07-18)","eco_equals_optimal_no_validated_alternative","false","false","lactose_sandiness_risk:high:9.126 [5,9]"
"Gelato","−13°C","ECO","Dextrose (monohydrate)","PI-ING-000494","112","11.2","sugar_freezing_control","","missing","","milk_base_g18_minus13_v1","registry@milk_base_g18_minus13_v1","exact","blocked_engine_native_band_miss","-13","15.726159999999997","32.4101","54.736684353355734","49.644009149178096","61.72250000000001","38.2775","5.886","3.8424999999999994","600","","9","","false","temperatureRegulator.ts G18 (owner-authorized 2026-07-18)","eco_equals_optimal_no_validated_alternative","false","false","lactose_sandiness_risk:high:9.126 [5,9]"
"Gelato","−13°C","ECO","Inulin","PI-ING-000456","44","4.4","fiber_body","","missing","","milk_base_g18_minus13_v1","registry@milk_base_g18_minus13_v1","exact","blocked_engine_native_band_miss","-13","15.726159999999997","32.4101","54.736684353355734","49.644009149178096","61.72250000000001","38.2775","5.886","3.8424999999999994","600","","9","","false","temperatureRegulator.ts G18 (owner-authorized 2026-07-18)","eco_equals_optimal_no_validated_alternative","false","false","lactose_sandiness_risk:high:9.126 [5,9]"
"Gelato","−13°C","ECO","Tara gum","PI-ING-000492","2","0.2","stabilizer","","missing","","milk_base_g18_minus13_v1","registry@milk_base_g18_minus13_v1","exact","blocked_engine_native_band_miss","-13","15.726159999999997","32.4101","54.736684353355734","49.644009149178096","61.72250000000001","38.2775","5.886","3.8424999999999994","600","","9","","false","temperatureRegulator.ts G18 (owner-authorized 2026-07-18)","eco_equals_optimal_no_validated_alternative","false","false","lactose_sandiness_risk:high:9.126 [5,9]"
"Gelato","−13°C","OPTIMAL","Milk 3.5 %","PI-ING-000236","600","60","primary_liquid","","missing","","milk_base_g18_minus13_v1","registry@milk_base_g18_minus13_v1","exact","blocked_engine_native_band_miss","-13","15.726159999999997","32.4101","54.736684353355734","49.644009149178096","61.72250000000001","38.2775","5.886","3.8424999999999994","600","","9","","false","temperatureRegulator.ts G18 (owner-authorized 2026-07-18)","eco_equals_optimal_no_validated_alternative","false","false","lactose_sandiness_risk:high:9.126 [5,9]"
"Gelato","−13°C","OPTIMAL","Cream 30 %","PI-ING-000180","125","12.5","dairy_fat","","missing","","milk_base_g18_minus13_v1","registry@milk_base_g18_minus13_v1","exact","blocked_engine_native_band_miss","-13","15.726159999999997","32.4101","54.736684353355734","49.644009149178096","61.72250000000001","38.2775","5.886","3.8424999999999994","600","","9","","false","temperatureRegulator.ts G18 (owner-authorized 2026-07-18)","eco_equals_optimal_no_validated_alternative","false","false","lactose_sandiness_risk:high:9.126 [5,9]"
"Gelato","−13°C","OPTIMAL","Skimmed milk powder","PI-ING-000270","45","4.5","milk_solids","","missing","","milk_base_g18_minus13_v1","registry@milk_base_g18_minus13_v1","exact","blocked_engine_native_band_miss","-13","15.726159999999997","32.4101","54.736684353355734","49.644009149178096","61.72250000000001","38.2775","5.886","3.8424999999999994","600","","9","","false","temperatureRegulator.ts G18 (owner-authorized 2026-07-18)","eco_equals_optimal_no_validated_alternative","false","false","lactose_sandiness_risk:high:9.126 [5,9]"
"Gelato","−13°C","OPTIMAL","Sucrose","PI-ING-000514","72","7.2","sweetener_sucrose","","missing","","milk_base_g18_minus13_v1","registry@milk_base_g18_minus13_v1","exact","blocked_engine_native_band_miss","-13","15.726159999999997","32.4101","54.736684353355734","49.644009149178096","61.72250000000001","38.2775","5.886","3.8424999999999994","600","","9","","false","temperatureRegulator.ts G18 (owner-authorized 2026-07-18)","eco_equals_optimal_no_validated_alternative","false","false","lactose_sandiness_risk:high:9.126 [5,9]"
"Gelato","−13°C","OPTIMAL","Dextrose (monohydrate)","PI-ING-000494","112","11.2","sugar_freezing_control","","missing","","milk_base_g18_minus13_v1","registry@milk_base_g18_minus13_v1","exact","blocked_engine_native_band_miss","-13","15.726159999999997","32.4101","54.736684353355734","49.644009149178096","61.72250000000001","38.2775","5.886","3.8424999999999994","600","","9","","false","temperatureRegulator.ts G18 (owner-authorized 2026-07-18)","eco_equals_optimal_no_validated_alternative","false","false","lactose_sandiness_risk:high:9.126 [5,9]"
"Gelato","−13°C","OPTIMAL","Inulin","PI-ING-000456","44","4.4","fiber_body","","missing","","milk_base_g18_minus13_v1","registry@milk_base_g18_minus13_v1","exact","blocked_engine_native_band_miss","-13","15.726159999999997","32.4101","54.736684353355734","49.644009149178096","61.72250000000001","38.2775","5.886","3.8424999999999994","600","","9","","false","temperatureRegulator.ts G18 (owner-authorized 2026-07-18)","eco_equals_optimal_no_validated_alternative","false","false","lactose_sandiness_risk:high:9.126 [5,9]"
"Gelato","−13°C","OPTIMAL","Tara gum","PI-ING-000492","2","0.2","stabilizer","","missing","","milk_base_g18_minus13_v1","registry@milk_base_g18_minus13_v1","exact","blocked_engine_native_band_miss","-13","15.726159999999997","32.4101","54.736684353355734","49.644009149178096","61.72250000000001","38.2775","5.886","3.8424999999999994","600","","9","","false","temperatureRegulator.ts G18 (owner-authorized 2026-07-18)","eco_equals_optimal_no_validated_alternative","false","false","lactose_sandiness_risk:high:9.126 [5,9]"
"Gelato","Świeże","ECO","Milk 3.5 %","PI-ING-000236","670","67","primary_liquid","","missing","","milk_base_v1","registry@milk_base_v1","exact","engine_validated_native","-11","15.9168","23.708999999999996","37.2338923606209","50.03089139712238","67.2895","32.7105","6.273000000000001","3.7350000000000003","670","","10","","false","intentRecipeDraft.ts STARTER_TEMPLATES (locked starter template)","eco_equals_optimal_no_validated_alternative","true","false","none"
"Gelato","Świeże","ECO","Cream 30 %","PI-ING-000180","130","13","dairy_fat","","missing","","milk_base_v1","registry@milk_base_v1","exact","engine_validated_native","-11","15.9168","23.708999999999996","37.2338923606209","50.03089139712238","67.2895","32.7105","6.273000000000001","3.7350000000000003","670","","10","","false","intentRecipeDraft.ts STARTER_TEMPLATES (locked starter template)","eco_equals_optimal_no_validated_alternative","true","false","none"
"Gelato","Świeże","ECO","Skimmed milk powder","PI-ING-000270","35","3.5","milk_solids","","missing","","milk_base_v1","registry@milk_base_v1","exact","engine_validated_native","-11","15.9168","23.708999999999996","37.2338923606209","50.03089139712238","67.2895","32.7105","6.273000000000001","3.7350000000000003","670","","10","","false","intentRecipeDraft.ts STARTER_TEMPLATES (locked starter template)","eco_equals_optimal_no_validated_alternative","true","false","none"
"Gelato","Świeże","ECO","Sucrose","PI-ING-000514","130","13","sweetener_sucrose","","missing","","milk_base_v1","registry@milk_base_v1","exact","engine_validated_native","-11","15.9168","23.708999999999996","37.2338923606209","50.03089139712238","67.2895","32.7105","6.273000000000001","3.7350000000000003","670","","10","","false","intentRecipeDraft.ts STARTER_TEMPLATES (locked starter template)","eco_equals_optimal_no_validated_alternative","true","false","none"
"Gelato","Świeże","ECO","Dextrose (monohydrate)","PI-ING-000494","30","3","sugar_freezing_control","","missing","","milk_base_v1","registry@milk_base_v1","exact","engine_validated_native","-11","15.9168","23.708999999999996","37.2338923606209","50.03089139712238","67.2895","32.7105","6.273000000000001","3.7350000000000003","670","","10","","false","intentRecipeDraft.ts STARTER_TEMPLATES (locked starter template)","eco_equals_optimal_no_validated_alternative","true","false","none"
"Gelato","Świeże","ECO","Tara gum","PI-ING-000492","5","0.5","stabilizer","","missing","","milk_base_v1","registry@milk_base_v1","exact","engine_validated_native","-11","15.9168","23.708999999999996","37.2338923606209","50.03089139712238","67.2895","32.7105","6.273000000000001","3.7350000000000003","670","","10","","false","intentRecipeDraft.ts STARTER_TEMPLATES (locked starter template)","eco_equals_optimal_no_validated_alternative","true","false","none"
"Gelato","Świeże","OPTIMAL","Milk 3.5 %","PI-ING-000236","670","67","primary_liquid","","missing","","milk_base_v1","registry@milk_base_v1","exact","engine_validated_native","-11","15.9168","23.708999999999996","37.2338923606209","50.03089139712238","67.2895","32.7105","6.273000000000001","3.7350000000000003","670","","10","","false","intentRecipeDraft.ts STARTER_TEMPLATES (locked starter template)","eco_equals_optimal_no_validated_alternative","true","false","none"
"Gelato","Świeże","OPTIMAL","Cream 30 %","PI-ING-000180","130","13","dairy_fat","","missing","","milk_base_v1","registry@milk_base_v1","exact","engine_validated_native","-11","15.9168","23.708999999999996","37.2338923606209","50.03089139712238","67.2895","32.7105","6.273000000000001","3.7350000000000003","670","","10","","false","intentRecipeDraft.ts STARTER_TEMPLATES (locked starter template)","eco_equals_optimal_no_validated_alternative","true","false","none"
"Gelato","Świeże","OPTIMAL","Skimmed milk powder","PI-ING-000270","35","3.5","milk_solids","","missing","","milk_base_v1","registry@milk_base_v1","exact","engine_validated_native","-11","15.9168","23.708999999999996","37.2338923606209","50.03089139712238","67.2895","32.7105","6.273000000000001","3.7350000000000003","670","","10","","false","intentRecipeDraft.ts STARTER_TEMPLATES (locked starter template)","eco_equals_optimal_no_validated_alternative","true","false","none"
"Gelato","Świeże","OPTIMAL","Sucrose","PI-ING-000514","130","13","sweetener_sucrose","","missing","","milk_base_v1","registry@milk_base_v1","exact","engine_validated_native","-11","15.9168","23.708999999999996","37.2338923606209","50.03089139712238","67.2895","32.7105","6.273000000000001","3.7350000000000003","670","","10","","false","intentRecipeDraft.ts STARTER_TEMPLATES (locked starter template)","eco_equals_optimal_no_validated_alternative","true","false","none"
"Gelato","Świeże","OPTIMAL","Dextrose (monohydrate)","PI-ING-000494","30","3","sugar_freezing_control","","missing","","milk_base_v1","registry@milk_base_v1","exact","engine_validated_native","-11","15.9168","23.708999999999996","37.2338923606209","50.03089139712238","67.2895","32.7105","6.273000000000001","3.7350000000000003","670","","10","","false","intentRecipeDraft.ts STARTER_TEMPLATES (locked starter template)","eco_equals_optimal_no_validated_alternative","true","false","none"
"Gelato","Świeże","OPTIMAL","Tara gum","PI-ING-000492","5","0.5","stabilizer","","missing","","milk_base_v1","registry@milk_base_v1","exact","engine_validated_native","-11","15.9168","23.708999999999996","37.2338923606209","50.03089139712238","67.2895","32.7105","6.273000000000001","3.7350000000000003","670","","10","","false","intentRecipeDraft.ts STARTER_TEMPLATES (locked starter template)","eco_equals_optimal_no_validated_alternative","true","false","none"
"Sorbet","−11°C","ECO","Water","PI-ING-001409","181","18.1","water","","missing","","S01","registry@S01","exact","blocked_missing_user_main","-11","36.0418","51.783","109.8319104936635","0","47.1475","52.8525","0","0","0","","2","","false","temperatureRegulator.ts S01 (locked clean sorbet reference)","eco_equals_optimal_no_validated_alternative","false","false","ice_fraction:low:0 [51,59]; npac:high:109.832 [35,40]; pod:high:36.042 [15,25]; total_solids:high:52.852 [25,33]; water:low:47.148 [67,75]"
"Sorbet","−11°C","ECO","Sucrose","PI-ING-000514","104","10.4","sweetener_sucrose","","missing","","S01","registry@S01","exact","blocked_missing_user_main","-11","36.0418","51.783","109.8319104936635","0","47.1475","52.8525","0","0","0","","2","","false","temperatureRegulator.ts S01 (locked clean sorbet reference)","eco_equals_optimal_no_validated_alternative","false","false","ice_fraction:low:0 [51,59]; npac:high:109.832 [35,40]; pod:high:36.042 [15,25]; total_solids:high:52.852 [25,33]; water:low:47.148 [67,75]"
"Sorbet","−11°C","ECO","Dextrose (monohydrate)","PI-ING-000494","59","5.9","sugar_freezing_control","","missing","","S01","registry@S01","exact","blocked_missing_user_main","-11","36.0418","51.783","109.8319104936635","0","47.1475","52.8525","0","0","0","","2","","false","temperatureRegulator.ts S01 (locked clean sorbet reference)","eco_equals_optimal_no_validated_alternative","false","false","ice_fraction:low:0 [51,59]; npac:high:109.832 [35,40]; pod:high:36.042 [15,25]; total_solids:high:52.852 [25,33]; water:low:47.148 [67,75]"
"Sorbet","−11°C","ECO","Inulin","PI-ING-000456","55","5.5","fiber_body","","missing","","S01","registry@S01","exact","blocked_missing_user_main","-11","36.0418","51.783","109.8319104936635","0","47.1475","52.8525","0","0","0","","2","","false","temperatureRegulator.ts S01 (locked clean sorbet reference)","eco_equals_optimal_no_validated_alternative","false","false","ice_fraction:low:0 [51,59]; npac:high:109.832 [35,40]; pod:high:36.042 [15,25]; total_solids:high:52.852 [25,33]; water:low:47.148 [67,75]"
"Sorbet","−11°C","ECO","Tara gum","PI-ING-000492","1","0.1","stabilizer","","missing","","S01","registry@S01","exact","blocked_missing_user_main","-11","36.0418","51.783","109.8319104936635","0","47.1475","52.8525","0","0","0","","2","","false","temperatureRegulator.ts S01 (locked clean sorbet reference)","eco_equals_optimal_no_validated_alternative","false","false","ice_fraction:low:0 [51,59]; npac:high:109.832 [35,40]; pod:high:36.042 [15,25]; total_solids:high:52.852 [25,33]; water:low:47.148 [67,75]"
"Sorbet","−11°C","OPTIMAL","Water","PI-ING-001409","181","18.1","water","","missing","","S01","registry@S01","exact","blocked_missing_user_main","-11","36.0418","51.783","109.8319104936635","0","47.1475","52.8525","0","0","0","","2","","false","temperatureRegulator.ts S01 (locked clean sorbet reference)","eco_equals_optimal_no_validated_alternative","false","false","ice_fraction:low:0 [51,59]; npac:high:109.832 [35,40]; pod:high:36.042 [15,25]; total_solids:high:52.852 [25,33]; water:low:47.148 [67,75]"
"Sorbet","−11°C","OPTIMAL","Sucrose","PI-ING-000514","104","10.4","sweetener_sucrose","","missing","","S01","registry@S01","exact","blocked_missing_user_main","-11","36.0418","51.783","109.8319104936635","0","47.1475","52.8525","0","0","0","","2","","false","temperatureRegulator.ts S01 (locked clean sorbet reference)","eco_equals_optimal_no_validated_alternative","false","false","ice_fraction:low:0 [51,59]; npac:high:109.832 [35,40]; pod:high:36.042 [15,25]; total_solids:high:52.852 [25,33]; water:low:47.148 [67,75]"
"Sorbet","−11°C","OPTIMAL","Dextrose (monohydrate)","PI-ING-000494","59","5.9","sugar_freezing_control","","missing","","S01","registry@S01","exact","blocked_missing_user_main","-11","36.0418","51.783","109.8319104936635","0","47.1475","52.8525","0","0","0","","2","","false","temperatureRegulator.ts S01 (locked clean sorbet reference)","eco_equals_optimal_no_validated_alternative","false","false","ice_fraction:low:0 [51,59]; npac:high:109.832 [35,40]; pod:high:36.042 [15,25]; total_solids:high:52.852 [25,33]; water:low:47.148 [67,75]"
"Sorbet","−11°C","OPTIMAL","Inulin","PI-ING-000456","55","5.5","fiber_body","","missing","","S01","registry@S01","exact","blocked_missing_user_main","-11","36.0418","51.783","109.8319104936635","0","47.1475","52.8525","0","0","0","","2","","false","temperatureRegulator.ts S01 (locked clean sorbet reference)","eco_equals_optimal_no_validated_alternative","false","false","ice_fraction:low:0 [51,59]; npac:high:109.832 [35,40]; pod:high:36.042 [15,25]; total_solids:high:52.852 [25,33]; water:low:47.148 [67,75]"
"Sorbet","−11°C","OPTIMAL","Tara gum","PI-ING-000492","1","0.1","stabilizer","","missing","","S01","registry@S01","exact","blocked_missing_user_main","-11","36.0418","51.783","109.8319104936635","0","47.1475","52.8525","0","0","0","","2","","false","temperatureRegulator.ts S01 (locked clean sorbet reference)","eco_equals_optimal_no_validated_alternative","false","false","ice_fraction:low:0 [51,59]; npac:high:109.832 [35,40]; pod:high:36.042 [15,25]; total_solids:high:52.852 [25,33]; water:low:47.148 [67,75]"
"Sorbet","−12°C","ECO","Water","PI-ING-001409","164","16.4","water","","missing","","S02","registry@S02","exact","blocked_missing_user_main","-12","37.818","61.83","142.08077210317688","49.540826899140356","43.5175","56.4825","0","0","0","","2","","false","temperatureRegulator.ts S02 (locked clean sorbet reference)","eco_equals_optimal_no_validated_alternative","false","false","ice_fraction:low:49.541 [51,59]; npac:high:142.081 [42,49]; pod:high:37.818 [15,25]; water:low:43.517 [67,73]; total_solids:high:56.483 [25,33]"
"Sorbet","−12°C","ECO","Sucrose","PI-ING-000514","90","9","sweetener_sucrose","","missing","","S02","registry@S02","exact","blocked_missing_user_main","-12","37.818","61.83","142.08077210317688","49.540826899140356","43.5175","56.4825","0","0","0","","2","","false","temperatureRegulator.ts S02 (locked clean sorbet reference)","eco_equals_optimal_no_validated_alternative","false","false","ice_fraction:low:49.541 [51,59]; npac:high:142.081 [42,49]; pod:high:37.818 [15,25]; water:low:43.517 [67,73]; total_solids:high:56.483 [25,33]"
"Sorbet","−12°C","ECO","Dextrose (monohydrate)","PI-ING-000494","90","9","sugar_freezing_control","","missing","","S02","registry@S02","exact","blocked_missing_user_main","-12","37.818","61.83","142.08077210317688","49.540826899140356","43.5175","56.4825","0","0","0","","2","","false","temperatureRegulator.ts S02 (locked clean sorbet reference)","eco_equals_optimal_no_validated_alternative","false","false","ice_fraction:low:49.541 [51,59]; npac:high:142.081 [42,49]; pod:high:37.818 [15,25]; water:low:43.517 [67,73]; total_solids:high:56.483 [25,33]"
"Sorbet","−12°C","ECO","Inulin","PI-ING-000456","55","5.5","fiber_body","","missing","","S02","registry@S02","exact","blocked_missing_user_main","-12","37.818","61.83","142.08077210317688","49.540826899140356","43.5175","56.4825","0","0","0","","2","","false","temperatureRegulator.ts S02 (locked clean sorbet reference)","eco_equals_optimal_no_validated_alternative","false","false","ice_fraction:low:49.541 [51,59]; npac:high:142.081 [42,49]; pod:high:37.818 [15,25]; water:low:43.517 [67,73]; total_solids:high:56.483 [25,33]"
"Sorbet","−12°C","ECO","Tara gum","PI-ING-000492","1","0.1","stabilizer","","missing","","S02","registry@S02","exact","blocked_missing_user_main","-12","37.818","61.83","142.08077210317688","49.540826899140356","43.5175","56.4825","0","0","0","","2","","false","temperatureRegulator.ts S02 (locked clean sorbet reference)","eco_equals_optimal_no_validated_alternative","false","false","ice_fraction:low:49.541 [51,59]; npac:high:142.081 [42,49]; pod:high:37.818 [15,25]; water:low:43.517 [67,73]; total_solids:high:56.483 [25,33]"
"Sorbet","−12°C","OPTIMAL","Water","PI-ING-001409","164","16.4","water","","missing","","S02","registry@S02","exact","blocked_missing_user_main","-12","37.818","61.83","142.08077210317688","49.540826899140356","43.5175","56.4825","0","0","0","","2","","false","temperatureRegulator.ts S02 (locked clean sorbet reference)","eco_equals_optimal_no_validated_alternative","false","false","ice_fraction:low:49.541 [51,59]; npac:high:142.081 [42,49]; pod:high:37.818 [15,25]; water:low:43.517 [67,73]; total_solids:high:56.483 [25,33]"
"Sorbet","−12°C","OPTIMAL","Sucrose","PI-ING-000514","90","9","sweetener_sucrose","","missing","","S02","registry@S02","exact","blocked_missing_user_main","-12","37.818","61.83","142.08077210317688","49.540826899140356","43.5175","56.4825","0","0","0","","2","","false","temperatureRegulator.ts S02 (locked clean sorbet reference)","eco_equals_optimal_no_validated_alternative","false","false","ice_fraction:low:49.541 [51,59]; npac:high:142.081 [42,49]; pod:high:37.818 [15,25]; water:low:43.517 [67,73]; total_solids:high:56.483 [25,33]"
"Sorbet","−12°C","OPTIMAL","Dextrose (monohydrate)","PI-ING-000494","90","9","sugar_freezing_control","","missing","","S02","registry@S02","exact","blocked_missing_user_main","-12","37.818","61.83","142.08077210317688","49.540826899140356","43.5175","56.4825","0","0","0","","2","","false","temperatureRegulator.ts S02 (locked clean sorbet reference)","eco_equals_optimal_no_validated_alternative","false","false","ice_fraction:low:49.541 [51,59]; npac:high:142.081 [42,49]; pod:high:37.818 [15,25]; water:low:43.517 [67,73]; total_solids:high:56.483 [25,33]"
"Sorbet","−12°C","OPTIMAL","Inulin","PI-ING-000456","55","5.5","fiber_body","","missing","","S02","registry@S02","exact","blocked_missing_user_main","-12","37.818","61.83","142.08077210317688","49.540826899140356","43.5175","56.4825","0","0","0","","2","","false","temperatureRegulator.ts S02 (locked clean sorbet reference)","eco_equals_optimal_no_validated_alternative","false","false","ice_fraction:low:49.541 [51,59]; npac:high:142.081 [42,49]; pod:high:37.818 [15,25]; water:low:43.517 [67,73]; total_solids:high:56.483 [25,33]"
"Sorbet","−12°C","OPTIMAL","Tara gum","PI-ING-000492","1","0.1","stabilizer","","missing","","S02","registry@S02","exact","blocked_missing_user_main","-12","37.818","61.83","142.08077210317688","49.540826899140356","43.5175","56.4825","0","0","0","","2","","false","temperatureRegulator.ts S02 (locked clean sorbet reference)","eco_equals_optimal_no_validated_alternative","false","false","ice_fraction:low:49.541 [51,59]; npac:high:142.081 [42,49]; pod:high:37.818 [15,25]; water:low:43.517 [67,73]; total_solids:high:56.483 [25,33]"
"Sorbet","−13°C","ECO","Water","PI-ING-001409","146","14.6","water","","missing","","S03","registry@S03","exact","blocked_missing_user_main","-13","40.775","74.125","186.9247257596772","45.812471717110874","39.655","60.345000000000006","0","0","0","","2","","false","temperatureRegulator.ts S03 (locked clean sorbet reference)","eco_equals_optimal_no_validated_alternative","false","false","ice_fraction:low:45.812 [50,58]; npac:high:186.925 [48,55]; pod:high:40.775 [15,25]; water:low:39.655 [67,73]; total_solids:high:60.345 [25,33]"
"Sorbet","−13°C","ECO","Sucrose","PI-ING-000514","78","7.8","sweetener_sucrose","","missing","","S03","registry@S03","exact","blocked_missing_user_main","-13","40.775","74.125","186.9247257596772","45.812471717110874","39.655","60.345000000000006","0","0","0","","2","","false","temperatureRegulator.ts S03 (locked clean sorbet reference)","eco_equals_optimal_no_validated_alternative","false","false","ice_fraction:low:45.812 [50,58]; npac:high:186.925 [48,55]; pod:high:40.775 [15,25]; water:low:39.655 [67,73]; total_solids:high:60.345 [25,33]"
"Sorbet","−13°C","ECO","Dextrose (monohydrate)","PI-ING-000494","125","12.5","sugar_freezing_control","","missing","","S03","registry@S03","exact","blocked_missing_user_main","-13","40.775","74.125","186.9247257596772","45.812471717110874","39.655","60.345000000000006","0","0","0","","2","","false","temperatureRegulator.ts S03 (locked clean sorbet reference)","eco_equals_optimal_no_validated_alternative","false","false","ice_fraction:low:45.812 [50,58]; npac:high:186.925 [48,55]; pod:high:40.775 [15,25]; water:low:39.655 [67,73]; total_solids:high:60.345 [25,33]"
"Sorbet","−13°C","ECO","Inulin","PI-ING-000456","50","5","fiber_body","","missing","","S03","registry@S03","exact","blocked_missing_user_main","-13","40.775","74.125","186.9247257596772","45.812471717110874","39.655","60.345000000000006","0","0","0","","2","","false","temperatureRegulator.ts S03 (locked clean sorbet reference)","eco_equals_optimal_no_validated_alternative","false","false","ice_fraction:low:45.812 [50,58]; npac:high:186.925 [48,55]; pod:high:40.775 [15,25]; water:low:39.655 [67,73]; total_solids:high:60.345 [25,33]"
"Sorbet","−13°C","ECO","Tara gum","PI-ING-000492","1","0.1","stabilizer","","missing","","S03","registry@S03","exact","blocked_missing_user_main","-13","40.775","74.125","186.9247257596772","45.812471717110874","39.655","60.345000000000006","0","0","0","","2","","false","temperatureRegulator.ts S03 (locked clean sorbet reference)","eco_equals_optimal_no_validated_alternative","false","false","ice_fraction:low:45.812 [50,58]; npac:high:186.925 [48,55]; pod:high:40.775 [15,25]; water:low:39.655 [67,73]; total_solids:high:60.345 [25,33]"
"Sorbet","−13°C","OPTIMAL","Water","PI-ING-001409","146","14.6","water","","missing","","S03","registry@S03","exact","blocked_missing_user_main","-13","40.775","74.125","186.9247257596772","45.812471717110874","39.655","60.345000000000006","0","0","0","","2","","false","temperatureRegulator.ts S03 (locked clean sorbet reference)","eco_equals_optimal_no_validated_alternative","false","false","ice_fraction:low:45.812 [50,58]; npac:high:186.925 [48,55]; pod:high:40.775 [15,25]; water:low:39.655 [67,73]; total_solids:high:60.345 [25,33]"
"Sorbet","−13°C","OPTIMAL","Sucrose","PI-ING-000514","78","7.8","sweetener_sucrose","","missing","","S03","registry@S03","exact","blocked_missing_user_main","-13","40.775","74.125","186.9247257596772","45.812471717110874","39.655","60.345000000000006","0","0","0","","2","","false","temperatureRegulator.ts S03 (locked clean sorbet reference)","eco_equals_optimal_no_validated_alternative","false","false","ice_fraction:low:45.812 [50,58]; npac:high:186.925 [48,55]; pod:high:40.775 [15,25]; water:low:39.655 [67,73]; total_solids:high:60.345 [25,33]"
"Sorbet","−13°C","OPTIMAL","Dextrose (monohydrate)","PI-ING-000494","125","12.5","sugar_freezing_control","","missing","","S03","registry@S03","exact","blocked_missing_user_main","-13","40.775","74.125","186.9247257596772","45.812471717110874","39.655","60.345000000000006","0","0","0","","2","","false","temperatureRegulator.ts S03 (locked clean sorbet reference)","eco_equals_optimal_no_validated_alternative","false","false","ice_fraction:low:45.812 [50,58]; npac:high:186.925 [48,55]; pod:high:40.775 [15,25]; water:low:39.655 [67,73]; total_solids:high:60.345 [25,33]"
"Sorbet","−13°C","OPTIMAL","Inulin","PI-ING-000456","50","5","fiber_body","","missing","","S03","registry@S03","exact","blocked_missing_user_main","-13","40.775","74.125","186.9247257596772","45.812471717110874","39.655","60.345000000000006","0","0","0","","2","","false","temperatureRegulator.ts S03 (locked clean sorbet reference)","eco_equals_optimal_no_validated_alternative","false","false","ice_fraction:low:45.812 [50,58]; npac:high:186.925 [48,55]; pod:high:40.775 [15,25]; water:low:39.655 [67,73]; total_solids:high:60.345 [25,33]"
"Sorbet","−13°C","OPTIMAL","Tara gum","PI-ING-000492","1","0.1","stabilizer","","missing","","S03","registry@S03","exact","blocked_missing_user_main","-13","40.775","74.125","186.9247257596772","45.812471717110874","39.655","60.345000000000006","0","0","0","","2","","false","temperatureRegulator.ts S03 (locked clean sorbet reference)","eco_equals_optimal_no_validated_alternative","false","false","ice_fraction:low:45.812 [50,58]; npac:high:186.925 [48,55]; pod:high:40.775 [15,25]; water:low:39.655 [67,73]; total_solids:high:60.345 [25,33]"
"Sorbet","Świeże","ECO","Water","PI-ING-001409","181","18.1","water","","missing","","S01","registry@S01","exact","blocked_missing_user_main","-11","36.0418","51.783","109.8319104936635","0","47.1475","52.8525","0","0","0","","2","","false","temperatureRegulator.ts S01 (locked clean sorbet reference)","eco_equals_optimal_no_validated_alternative","false","false","ice_fraction:low:0 [51,59]; npac:high:109.832 [35,40]; pod:high:36.042 [15,25]; total_solids:high:52.852 [25,33]; water:low:47.148 [67,75]"
"Sorbet","Świeże","ECO","Sucrose","PI-ING-000514","104","10.4","sweetener_sucrose","","missing","","S01","registry@S01","exact","blocked_missing_user_main","-11","36.0418","51.783","109.8319104936635","0","47.1475","52.8525","0","0","0","","2","","false","temperatureRegulator.ts S01 (locked clean sorbet reference)","eco_equals_optimal_no_validated_alternative","false","false","ice_fraction:low:0 [51,59]; npac:high:109.832 [35,40]; pod:high:36.042 [15,25]; total_solids:high:52.852 [25,33]; water:low:47.148 [67,75]"
"Sorbet","Świeże","ECO","Dextrose (monohydrate)","PI-ING-000494","59","5.9","sugar_freezing_control","","missing","","S01","registry@S01","exact","blocked_missing_user_main","-11","36.0418","51.783","109.8319104936635","0","47.1475","52.8525","0","0","0","","2","","false","temperatureRegulator.ts S01 (locked clean sorbet reference)","eco_equals_optimal_no_validated_alternative","false","false","ice_fraction:low:0 [51,59]; npac:high:109.832 [35,40]; pod:high:36.042 [15,25]; total_solids:high:52.852 [25,33]; water:low:47.148 [67,75]"
"Sorbet","Świeże","ECO","Inulin","PI-ING-000456","55","5.5","fiber_body","","missing","","S01","registry@S01","exact","blocked_missing_user_main","-11","36.0418","51.783","109.8319104936635","0","47.1475","52.8525","0","0","0","","2","","false","temperatureRegulator.ts S01 (locked clean sorbet reference)","eco_equals_optimal_no_validated_alternative","false","false","ice_fraction:low:0 [51,59]; npac:high:109.832 [35,40]; pod:high:36.042 [15,25]; total_solids:high:52.852 [25,33]; water:low:47.148 [67,75]"
"Sorbet","Świeże","ECO","Tara gum","PI-ING-000492","1","0.1","stabilizer","","missing","","S01","registry@S01","exact","blocked_missing_user_main","-11","36.0418","51.783","109.8319104936635","0","47.1475","52.8525","0","0","0","","2","","false","temperatureRegulator.ts S01 (locked clean sorbet reference)","eco_equals_optimal_no_validated_alternative","false","false","ice_fraction:low:0 [51,59]; npac:high:109.832 [35,40]; pod:high:36.042 [15,25]; total_solids:high:52.852 [25,33]; water:low:47.148 [67,75]"
"Sorbet","Świeże","OPTIMAL","Water","PI-ING-001409","181","18.1","water","","missing","","S01","registry@S01","exact","blocked_missing_user_main","-11","36.0418","51.783","109.8319104936635","0","47.1475","52.8525","0","0","0","","2","","false","temperatureRegulator.ts S01 (locked clean sorbet reference)","eco_equals_optimal_no_validated_alternative","false","false","ice_fraction:low:0 [51,59]; npac:high:109.832 [35,40]; pod:high:36.042 [15,25]; total_solids:high:52.852 [25,33]; water:low:47.148 [67,75]"
"Sorbet","Świeże","OPTIMAL","Sucrose","PI-ING-000514","104","10.4","sweetener_sucrose","","missing","","S01","registry@S01","exact","blocked_missing_user_main","-11","36.0418","51.783","109.8319104936635","0","47.1475","52.8525","0","0","0","","2","","false","temperatureRegulator.ts S01 (locked clean sorbet reference)","eco_equals_optimal_no_validated_alternative","false","false","ice_fraction:low:0 [51,59]; npac:high:109.832 [35,40]; pod:high:36.042 [15,25]; total_solids:high:52.852 [25,33]; water:low:47.148 [67,75]"
"Sorbet","Świeże","OPTIMAL","Dextrose (monohydrate)","PI-ING-000494","59","5.9","sugar_freezing_control","","missing","","S01","registry@S01","exact","blocked_missing_user_main","-11","36.0418","51.783","109.8319104936635","0","47.1475","52.8525","0","0","0","","2","","false","temperatureRegulator.ts S01 (locked clean sorbet reference)","eco_equals_optimal_no_validated_alternative","false","false","ice_fraction:low:0 [51,59]; npac:high:109.832 [35,40]; pod:high:36.042 [15,25]; total_solids:high:52.852 [25,33]; water:low:47.148 [67,75]"
"Sorbet","Świeże","OPTIMAL","Inulin","PI-ING-000456","55","5.5","fiber_body","","missing","","S01","registry@S01","exact","blocked_missing_user_main","-11","36.0418","51.783","109.8319104936635","0","47.1475","52.8525","0","0","0","","2","","false","temperatureRegulator.ts S01 (locked clean sorbet reference)","eco_equals_optimal_no_validated_alternative","false","false","ice_fraction:low:0 [51,59]; npac:high:109.832 [35,40]; pod:high:36.042 [15,25]; total_solids:high:52.852 [25,33]; water:low:47.148 [67,75]"
"Sorbet","Świeże","OPTIMAL","Tara gum","PI-ING-000492","1","0.1","stabilizer","","missing","","S01","registry@S01","exact","blocked_missing_user_main","-11","36.0418","51.783","109.8319104936635","0","47.1475","52.8525","0","0","0","","2","","false","temperatureRegulator.ts S01 (locked clean sorbet reference)","eco_equals_optimal_no_validated_alternative","false","false","ice_fraction:low:0 [51,59]; npac:high:109.832 [35,40]; pod:high:36.042 [15,25]; total_solids:high:52.852 [25,33]; water:low:47.148 [67,75]"
"Vegan Gelato","−11°C","ECO","Water","PI-ING-001409","397","39.7","water","","missing","","vegan_neutral_minus11_final","registry@vegan_neutral_minus11_final","exact","blocked_engine_native_band_miss","-11","23.6098","30.1885","47.53046572409232","39.16228618012477","63.514","36.486000000000004","5.625","0.1","0","","7","","false","owner Vegan final task: MyGelato −13 reference + canonical PINGÜINO temperature direction; Mapper v1.0 plant identities","eco_equals_optimal_no_validated_alternative","false","false","ice_fraction:low:39.162 [45,61]"
"Vegan Gelato","−11°C","ECO","OAT DRINK · Beverage · Chilled · BIO","PI-ING-001565","250","25","plant_liquid","","missing","","vegan_neutral_minus11_final","registry@vegan_neutral_minus11_final","exact","blocked_engine_native_band_miss","-11","23.6098","30.1885","47.53046572409232","39.16228618012477","63.514","36.486000000000004","5.625","0.1","0","","7","","false","owner Vegan final task: MyGelato −13 reference + canonical PINGÜINO temperature direction; Mapper v1.0 plant identities","eco_equals_optimal_no_validated_alternative","false","false","ice_fraction:low:39.162 [45,61]"
"Vegan Gelato","−11°C","ECO","REFINED COCONUT OIL · Elstar Fats Coconut · Dry","PI-ING-000163","53","5.3","plant_fat","","missing","","vegan_neutral_minus11_final","registry@vegan_neutral_minus11_final","exact","blocked_engine_native_band_miss","-11","23.6098","30.1885","47.53046572409232","39.16228618012477","63.514","36.486000000000004","5.625","0.1","0","","7","","false","owner Vegan final task: MyGelato −13 reference + canonical PINGÜINO temperature direction; Mapper v1.0 plant identities","eco_equals_optimal_no_validated_alternative","false","false","ice_fraction:low:39.162 [45,61]"
"Vegan Gelato","−11°C","ECO","Sucrose","PI-ING-000514","185","18.5","sweetener_sucrose","","missing","","vegan_neutral_minus11_final","registry@vegan_neutral_minus11_final","exact","blocked_engine_native_band_miss","-11","23.6098","30.1885","47.53046572409232","39.16228618012477","63.514","36.486000000000004","5.625","0.1","0","","7","","false","owner Vegan final task: MyGelato −13 reference + canonical PINGÜINO temperature direction; Mapper v1.0 plant identities","eco_equals_optimal_no_validated_alternative","false","false","ice_fraction:low:39.162 [45,61]"
"Vegan Gelato","−11°C","ECO","Dextrose (monohydrate)","PI-ING-000494","60","6","sugar_freezing_control","","missing","","vegan_neutral_minus11_final","registry@vegan_neutral_minus11_final","exact","blocked_engine_native_band_miss","-11","23.6098","30.1885","47.53046572409232","39.16228618012477","63.514","36.486000000000004","5.625","0.1","0","","7","","false","owner Vegan final task: MyGelato −13 reference + canonical PINGÜINO temperature direction; Mapper v1.0 plant identities","eco_equals_optimal_no_validated_alternative","false","false","ice_fraction:low:39.162 [45,61]"
"Vegan Gelato","−11°C","ECO","Inulin","PI-ING-000456","53","5.3","fiber_body","","missing","","vegan_neutral_minus11_final","registry@vegan_neutral_minus11_final","exact","blocked_engine_native_band_miss","-11","23.6098","30.1885","47.53046572409232","39.16228618012477","63.514","36.486000000000004","5.625","0.1","0","","7","","false","owner Vegan final task: MyGelato −13 reference + canonical PINGÜINO temperature direction; Mapper v1.0 plant identities","eco_equals_optimal_no_validated_alternative","false","false","ice_fraction:low:39.162 [45,61]"
"Vegan Gelato","−11°C","ECO","Tara gum","PI-ING-000492","2","0.2","stabilizer","","missing","","vegan_neutral_minus11_final","registry@vegan_neutral_minus11_final","exact","blocked_engine_native_band_miss","-11","23.6098","30.1885","47.53046572409232","39.16228618012477","63.514","36.486000000000004","5.625","0.1","0","","7","","false","owner Vegan final task: MyGelato −13 reference + canonical PINGÜINO temperature direction; Mapper v1.0 plant identities","eco_equals_optimal_no_validated_alternative","false","false","ice_fraction:low:39.162 [45,61]"
"Vegan Gelato","−11°C","OPTIMAL","Water","PI-ING-001409","397","39.7","water","","missing","","vegan_neutral_minus11_final","registry@vegan_neutral_minus11_final","exact","blocked_engine_native_band_miss","-11","23.6098","30.1885","47.53046572409232","39.16228618012477","63.514","36.486000000000004","5.625","0.1","0","","7","","false","owner Vegan final task: MyGelato −13 reference + canonical PINGÜINO temperature direction; Mapper v1.0 plant identities","eco_equals_optimal_no_validated_alternative","false","false","ice_fraction:low:39.162 [45,61]"
"Vegan Gelato","−11°C","OPTIMAL","OAT DRINK · Beverage · Chilled · BIO","PI-ING-001565","250","25","plant_liquid","","missing","","vegan_neutral_minus11_final","registry@vegan_neutral_minus11_final","exact","blocked_engine_native_band_miss","-11","23.6098","30.1885","47.53046572409232","39.16228618012477","63.514","36.486000000000004","5.625","0.1","0","","7","","false","owner Vegan final task: MyGelato −13 reference + canonical PINGÜINO temperature direction; Mapper v1.0 plant identities","eco_equals_optimal_no_validated_alternative","false","false","ice_fraction:low:39.162 [45,61]"
"Vegan Gelato","−11°C","OPTIMAL","REFINED COCONUT OIL · Elstar Fats Coconut · Dry","PI-ING-000163","53","5.3","plant_fat","","missing","","vegan_neutral_minus11_final","registry@vegan_neutral_minus11_final","exact","blocked_engine_native_band_miss","-11","23.6098","30.1885","47.53046572409232","39.16228618012477","63.514","36.486000000000004","5.625","0.1","0","","7","","false","owner Vegan final task: MyGelato −13 reference + canonical PINGÜINO temperature direction; Mapper v1.0 plant identities","eco_equals_optimal_no_validated_alternative","false","false","ice_fraction:low:39.162 [45,61]"
"Vegan Gelato","−11°C","OPTIMAL","Sucrose","PI-ING-000514","185","18.5","sweetener_sucrose","","missing","","vegan_neutral_minus11_final","registry@vegan_neutral_minus11_final","exact","blocked_engine_native_band_miss","-11","23.6098","30.1885","47.53046572409232","39.16228618012477","63.514","36.486000000000004","5.625","0.1","0","","7","","false","owner Vegan final task: MyGelato −13 reference + canonical PINGÜINO temperature direction; Mapper v1.0 plant identities","eco_equals_optimal_no_validated_alternative","false","false","ice_fraction:low:39.162 [45,61]"
"Vegan Gelato","−11°C","OPTIMAL","Dextrose (monohydrate)","PI-ING-000494","60","6","sugar_freezing_control","","missing","","vegan_neutral_minus11_final","registry@vegan_neutral_minus11_final","exact","blocked_engine_native_band_miss","-11","23.6098","30.1885","47.53046572409232","39.16228618012477","63.514","36.486000000000004","5.625","0.1","0","","7","","false","owner Vegan final task: MyGelato −13 reference + canonical PINGÜINO temperature direction; Mapper v1.0 plant identities","eco_equals_optimal_no_validated_alternative","false","false","ice_fraction:low:39.162 [45,61]"
"Vegan Gelato","−11°C","OPTIMAL","Inulin","PI-ING-000456","53","5.3","fiber_body","","missing","","vegan_neutral_minus11_final","registry@vegan_neutral_minus11_final","exact","blocked_engine_native_band_miss","-11","23.6098","30.1885","47.53046572409232","39.16228618012477","63.514","36.486000000000004","5.625","0.1","0","","7","","false","owner Vegan final task: MyGelato −13 reference + canonical PINGÜINO temperature direction; Mapper v1.0 plant identities","eco_equals_optimal_no_validated_alternative","false","false","ice_fraction:low:39.162 [45,61]"
"Vegan Gelato","−11°C","OPTIMAL","Tara gum","PI-ING-000492","2","0.2","stabilizer","","missing","","vegan_neutral_minus11_final","registry@vegan_neutral_minus11_final","exact","blocked_engine_native_band_miss","-11","23.6098","30.1885","47.53046572409232","39.16228618012477","63.514","36.486000000000004","5.625","0.1","0","","7","","false","owner Vegan final task: MyGelato −13 reference + canonical PINGÜINO temperature direction; Mapper v1.0 plant identities","eco_equals_optimal_no_validated_alternative","false","false","ice_fraction:low:39.162 [45,61]"
"Vegan Gelato","−12°C","ECO","Water","PI-ING-001409","397","39.7","water","","missing","","vegan_neutral_minus12_final","registry@vegan_neutral_minus12_final","exact","engine_validated_native","-12","22.333","33.180499999999995","51.97935269605538","50.29167206086622","63.834","36.166000000000004","5.625","0.1","0","","10","","false","owner Vegan final task: MyGelato −13 reference + canonical PINGÜINO temperature direction; Mapper v1.0 plant identities","eco_equals_optimal_no_validated_alternative","true","false","none"
"Vegan Gelato","−12°C","ECO","OAT DRINK · Beverage · Chilled · BIO","PI-ING-001565","250","25","plant_liquid","","missing","","vegan_neutral_minus12_final","registry@vegan_neutral_minus12_final","exact","engine_validated_native","-12","22.333","33.180499999999995","51.97935269605538","50.29167206086622","63.834","36.166000000000004","5.625","0.1","0","","10","","false","owner Vegan final task: MyGelato −13 reference + canonical PINGÜINO temperature direction; Mapper v1.0 plant identities","eco_equals_optimal_no_validated_alternative","true","false","none"
"Vegan Gelato","−12°C","ECO","REFINED COCONUT OIL · Elstar Fats Coconut · Dry","PI-ING-000163","53","5.3","plant_fat","","missing","","vegan_neutral_minus12_final","registry@vegan_neutral_minus12_final","exact","engine_validated_native","-12","22.333","33.180499999999995","51.97935269605538","50.29167206086622","63.834","36.166000000000004","5.625","0.1","0","","10","","false","owner Vegan final task: MyGelato −13 reference + canonical PINGÜINO temperature direction; Mapper v1.0 plant identities","eco_equals_optimal_no_validated_alternative","true","false","none"
"Vegan Gelato","−12°C","ECO","Sucrose","PI-ING-000514","145","14.5","sweetener_sucrose","","missing","","vegan_neutral_minus12_final","registry@vegan_neutral_minus12_final","exact","engine_validated_native","-12","22.333","33.180499999999995","51.97935269605538","50.29167206086622","63.834","36.166000000000004","5.625","0.1","0","","10","","false","owner Vegan final task: MyGelato −13 reference + canonical PINGÜINO temperature direction; Mapper v1.0 plant identities","eco_equals_optimal_no_validated_alternative","true","false","none"
"Vegan Gelato","−12°C","ECO","Dextrose (monohydrate)","PI-ING-000494","100","10","sugar_freezing_control","","missing","","vegan_neutral_minus12_final","registry@vegan_neutral_minus12_final","exact","engine_validated_native","-12","22.333","33.180499999999995","51.97935269605538","50.29167206086622","63.834","36.166000000000004","5.625","0.1","0","","10","","false","owner Vegan final task: MyGelato −13 reference + canonical PINGÜINO temperature direction; Mapper v1.0 plant identities","eco_equals_optimal_no_validated_alternative","true","false","none"
"Vegan Gelato","−12°C","ECO","Inulin","PI-ING-000456","53","5.3","fiber_body","","missing","","vegan_neutral_minus12_final","registry@vegan_neutral_minus12_final","exact","engine_validated_native","-12","22.333","33.180499999999995","51.97935269605538","50.29167206086622","63.834","36.166000000000004","5.625","0.1","0","","10","","false","owner Vegan final task: MyGelato −13 reference + canonical PINGÜINO temperature direction; Mapper v1.0 plant identities","eco_equals_optimal_no_validated_alternative","true","false","none"
"Vegan Gelato","−12°C","ECO","Tara gum","PI-ING-000492","2","0.2","stabilizer","","missing","","vegan_neutral_minus12_final","registry@vegan_neutral_minus12_final","exact","engine_validated_native","-12","22.333","33.180499999999995","51.97935269605538","50.29167206086622","63.834","36.166000000000004","5.625","0.1","0","","10","","false","owner Vegan final task: MyGelato −13 reference + canonical PINGÜINO temperature direction; Mapper v1.0 plant identities","eco_equals_optimal_no_validated_alternative","true","false","none"
"Vegan Gelato","−12°C","OPTIMAL","Water","PI-ING-001409","397","39.7","water","","missing","","vegan_neutral_minus12_final","registry@vegan_neutral_minus12_final","exact","engine_validated_native","-12","22.333","33.180499999999995","51.97935269605538","50.29167206086622","63.834","36.166000000000004","5.625","0.1","0","","10","","false","owner Vegan final task: MyGelato −13 reference + canonical PINGÜINO temperature direction; Mapper v1.0 plant identities","eco_equals_optimal_no_validated_alternative","true","false","none"
"Vegan Gelato","−12°C","OPTIMAL","OAT DRINK · Beverage · Chilled · BIO","PI-ING-001565","250","25","plant_liquid","","missing","","vegan_neutral_minus12_final","registry@vegan_neutral_minus12_final","exact","engine_validated_native","-12","22.333","33.180499999999995","51.97935269605538","50.29167206086622","63.834","36.166000000000004","5.625","0.1","0","","10","","false","owner Vegan final task: MyGelato −13 reference + canonical PINGÜINO temperature direction; Mapper v1.0 plant identities","eco_equals_optimal_no_validated_alternative","true","false","none"
"Vegan Gelato","−12°C","OPTIMAL","REFINED COCONUT OIL · Elstar Fats Coconut · Dry","PI-ING-000163","53","5.3","plant_fat","","missing","","vegan_neutral_minus12_final","registry@vegan_neutral_minus12_final","exact","engine_validated_native","-12","22.333","33.180499999999995","51.97935269605538","50.29167206086622","63.834","36.166000000000004","5.625","0.1","0","","10","","false","owner Vegan final task: MyGelato −13 reference + canonical PINGÜINO temperature direction; Mapper v1.0 plant identities","eco_equals_optimal_no_validated_alternative","true","false","none"
"Vegan Gelato","−12°C","OPTIMAL","Sucrose","PI-ING-000514","145","14.5","sweetener_sucrose","","missing","","vegan_neutral_minus12_final","registry@vegan_neutral_minus12_final","exact","engine_validated_native","-12","22.333","33.180499999999995","51.97935269605538","50.29167206086622","63.834","36.166000000000004","5.625","0.1","0","","10","","false","owner Vegan final task: MyGelato −13 reference + canonical PINGÜINO temperature direction; Mapper v1.0 plant identities","eco_equals_optimal_no_validated_alternative","true","false","none"
"Vegan Gelato","−12°C","OPTIMAL","Dextrose (monohydrate)","PI-ING-000494","100","10","sugar_freezing_control","","missing","","vegan_neutral_minus12_final","registry@vegan_neutral_minus12_final","exact","engine_validated_native","-12","22.333","33.180499999999995","51.97935269605538","50.29167206086622","63.834","36.166000000000004","5.625","0.1","0","","10","","false","owner Vegan final task: MyGelato −13 reference + canonical PINGÜINO temperature direction; Mapper v1.0 plant identities","eco_equals_optimal_no_validated_alternative","true","false","none"
"Vegan Gelato","−12°C","OPTIMAL","Inulin","PI-ING-000456","53","5.3","fiber_body","","missing","","vegan_neutral_minus12_final","registry@vegan_neutral_minus12_final","exact","engine_validated_native","-12","22.333","33.180499999999995","51.97935269605538","50.29167206086622","63.834","36.166000000000004","5.625","0.1","0","","10","","false","owner Vegan final task: MyGelato −13 reference + canonical PINGÜINO temperature direction; Mapper v1.0 plant identities","eco_equals_optimal_no_validated_alternative","true","false","none"
"Vegan Gelato","−12°C","OPTIMAL","Tara gum","PI-ING-000492","2","0.2","stabilizer","","missing","","vegan_neutral_minus12_final","registry@vegan_neutral_minus12_final","exact","engine_validated_native","-12","22.333","33.180499999999995","51.97935269605538","50.29167206086622","63.834","36.166000000000004","5.625","0.1","0","","10","","false","owner Vegan final task: MyGelato −13 reference + canonical PINGÜINO temperature direction; Mapper v1.0 plant identities","eco_equals_optimal_no_validated_alternative","true","false","none"
"Vegan Gelato","−13°C","ECO","Water","PI-ING-001409","397","39.7","water","","missing","","V02_fixed","registry@V02_fixed","exact","engine_validated_native","-13","20.737","36.920500000000004","57.4781268487094","49.5645470478635","64.23400000000001","35.766000000000005","5.625","0.1","0","","10","","false","owner Vegan final task: MyGelato −13 reference + canonical PINGÜINO temperature direction; Mapper v1.0 plant identities","eco_equals_optimal_no_validated_alternative","true","false","none"
"Vegan Gelato","−13°C","ECO","OAT DRINK · Beverage · Chilled · BIO","PI-ING-001565","250","25","plant_liquid","","missing","","V02_fixed","registry@V02_fixed","exact","engine_validated_native","-13","20.737","36.920500000000004","57.4781268487094","49.5645470478635","64.23400000000001","35.766000000000005","5.625","0.1","0","","10","","false","owner Vegan final task: MyGelato −13 reference + canonical PINGÜINO temperature direction; Mapper v1.0 plant identities","eco_equals_optimal_no_validated_alternative","true","false","none"
"Vegan Gelato","−13°C","ECO","REFINED COCONUT OIL · Elstar Fats Coconut · Dry","PI-ING-000163","53","5.3","plant_fat","","missing","","V02_fixed","registry@V02_fixed","exact","engine_validated_native","-13","20.737","36.920500000000004","57.4781268487094","49.5645470478635","64.23400000000001","35.766000000000005","5.625","0.1","0","","10","","false","owner Vegan final task: MyGelato −13 reference + canonical PINGÜINO temperature direction; Mapper v1.0 plant identities","eco_equals_optimal_no_validated_alternative","true","false","none"
"Vegan Gelato","−13°C","ECO","Sucrose","PI-ING-000514","95","9.5","sweetener_sucrose","","missing","","V02_fixed","registry@V02_fixed","exact","engine_validated_native","-13","20.737","36.920500000000004","57.4781268487094","49.5645470478635","64.23400000000001","35.766000000000005","5.625","0.1","0","","10","","false","owner Vegan final task: MyGelato −13 reference + canonical PINGÜINO temperature direction; Mapper v1.0 plant identities","eco_equals_optimal_no_validated_alternative","true","false","none"
"Vegan Gelato","−13°C","ECO","Dextrose (monohydrate)","PI-ING-000494","150","15","sugar_freezing_control","","missing","","V02_fixed","registry@V02_fixed","exact","engine_validated_native","-13","20.737","36.920500000000004","57.4781268487094","49.5645470478635","64.23400000000001","35.766000000000005","5.625","0.1","0","","10","","false","owner Vegan final task: MyGelato −13 reference + canonical PINGÜINO temperature direction; Mapper v1.0 plant identities","eco_equals_optimal_no_validated_alternative","true","false","none"
"Vegan Gelato","−13°C","ECO","Inulin","PI-ING-000456","53","5.3","fiber_body","","missing","","V02_fixed","registry@V02_fixed","exact","engine_validated_native","-13","20.737","36.920500000000004","57.4781268487094","49.5645470478635","64.23400000000001","35.766000000000005","5.625","0.1","0","","10","","false","owner Vegan final task: MyGelato −13 reference + canonical PINGÜINO temperature direction; Mapper v1.0 plant identities","eco_equals_optimal_no_validated_alternative","true","false","none"
"Vegan Gelato","−13°C","ECO","Tara gum","PI-ING-000492","2","0.2","stabilizer","","missing","","V02_fixed","registry@V02_fixed","exact","engine_validated_native","-13","20.737","36.920500000000004","57.4781268487094","49.5645470478635","64.23400000000001","35.766000000000005","5.625","0.1","0","","10","","false","owner Vegan final task: MyGelato −13 reference + canonical PINGÜINO temperature direction; Mapper v1.0 plant identities","eco_equals_optimal_no_validated_alternative","true","false","none"
"Vegan Gelato","−13°C","OPTIMAL","Water","PI-ING-001409","397","39.7","water","","missing","","V02_fixed","registry@V02_fixed","exact","engine_validated_native","-13","20.737","36.920500000000004","57.4781268487094","49.5645470478635","64.23400000000001","35.766000000000005","5.625","0.1","0","","10","","false","owner Vegan final task: MyGelato −13 reference + canonical PINGÜINO temperature direction; Mapper v1.0 plant identities","eco_equals_optimal_no_validated_alternative","true","false","none"
"Vegan Gelato","−13°C","OPTIMAL","OAT DRINK · Beverage · Chilled · BIO","PI-ING-001565","250","25","plant_liquid","","missing","","V02_fixed","registry@V02_fixed","exact","engine_validated_native","-13","20.737","36.920500000000004","57.4781268487094","49.5645470478635","64.23400000000001","35.766000000000005","5.625","0.1","0","","10","","false","owner Vegan final task: MyGelato −13 reference + canonical PINGÜINO temperature direction; Mapper v1.0 plant identities","eco_equals_optimal_no_validated_alternative","true","false","none"
"Vegan Gelato","−13°C","OPTIMAL","REFINED COCONUT OIL · Elstar Fats Coconut · Dry","PI-ING-000163","53","5.3","plant_fat","","missing","","V02_fixed","registry@V02_fixed","exact","engine_validated_native","-13","20.737","36.920500000000004","57.4781268487094","49.5645470478635","64.23400000000001","35.766000000000005","5.625","0.1","0","","10","","false","owner Vegan final task: MyGelato −13 reference + canonical PINGÜINO temperature direction; Mapper v1.0 plant identities","eco_equals_optimal_no_validated_alternative","true","false","none"
"Vegan Gelato","−13°C","OPTIMAL","Sucrose","PI-ING-000514","95","9.5","sweetener_sucrose","","missing","","V02_fixed","registry@V02_fixed","exact","engine_validated_native","-13","20.737","36.920500000000004","57.4781268487094","49.5645470478635","64.23400000000001","35.766000000000005","5.625","0.1","0","","10","","false","owner Vegan final task: MyGelato −13 reference + canonical PINGÜINO temperature direction; Mapper v1.0 plant identities","eco_equals_optimal_no_validated_alternative","true","false","none"
"Vegan Gelato","−13°C","OPTIMAL","Dextrose (monohydrate)","PI-ING-000494","150","15","sugar_freezing_control","","missing","","V02_fixed","registry@V02_fixed","exact","engine_validated_native","-13","20.737","36.920500000000004","57.4781268487094","49.5645470478635","64.23400000000001","35.766000000000005","5.625","0.1","0","","10","","false","owner Vegan final task: MyGelato −13 reference + canonical PINGÜINO temperature direction; Mapper v1.0 plant identities","eco_equals_optimal_no_validated_alternative","true","false","none"
"Vegan Gelato","−13°C","OPTIMAL","Inulin","PI-ING-000456","53","5.3","fiber_body","","missing","","V02_fixed","registry@V02_fixed","exact","engine_validated_native","-13","20.737","36.920500000000004","57.4781268487094","49.5645470478635","64.23400000000001","35.766000000000005","5.625","0.1","0","","10","","false","owner Vegan final task: MyGelato −13 reference + canonical PINGÜINO temperature direction; Mapper v1.0 plant identities","eco_equals_optimal_no_validated_alternative","true","false","none"
"Vegan Gelato","−13°C","OPTIMAL","Tara gum","PI-ING-000492","2","0.2","stabilizer","","missing","","V02_fixed","registry@V02_fixed","exact","engine_validated_native","-13","20.737","36.920500000000004","57.4781268487094","49.5645470478635","64.23400000000001","35.766000000000005","5.625","0.1","0","","10","","false","owner Vegan final task: MyGelato −13 reference + canonical PINGÜINO temperature direction; Mapper v1.0 plant identities","eco_equals_optimal_no_validated_alternative","true","false","none"
"Vegan Gelato","Świeże","ECO","Water","PI-ING-001409","397","39.7","water","","missing","","vegan_neutral_minus11_final","registry@vegan_neutral_minus11_final","exact","blocked_engine_native_band_miss","-11","23.6098","30.1885","47.53046572409232","39.16228618012477","63.514","36.486000000000004","5.625","0.1","0","","7","","false","owner Vegan final task: MyGelato −13 reference + canonical PINGÜINO temperature direction; Mapper v1.0 plant identities","eco_equals_optimal_no_validated_alternative","false","false","ice_fraction:low:39.162 [45,61]"
"Vegan Gelato","Świeże","ECO","OAT DRINK · Beverage · Chilled · BIO","PI-ING-001565","250","25","plant_liquid","","missing","","vegan_neutral_minus11_final","registry@vegan_neutral_minus11_final","exact","blocked_engine_native_band_miss","-11","23.6098","30.1885","47.53046572409232","39.16228618012477","63.514","36.486000000000004","5.625","0.1","0","","7","","false","owner Vegan final task: MyGelato −13 reference + canonical PINGÜINO temperature direction; Mapper v1.0 plant identities","eco_equals_optimal_no_validated_alternative","false","false","ice_fraction:low:39.162 [45,61]"
"Vegan Gelato","Świeże","ECO","REFINED COCONUT OIL · Elstar Fats Coconut · Dry","PI-ING-000163","53","5.3","plant_fat","","missing","","vegan_neutral_minus11_final","registry@vegan_neutral_minus11_final","exact","blocked_engine_native_band_miss","-11","23.6098","30.1885","47.53046572409232","39.16228618012477","63.514","36.486000000000004","5.625","0.1","0","","7","","false","owner Vegan final task: MyGelato −13 reference + canonical PINGÜINO temperature direction; Mapper v1.0 plant identities","eco_equals_optimal_no_validated_alternative","false","false","ice_fraction:low:39.162 [45,61]"
"Vegan Gelato","Świeże","ECO","Sucrose","PI-ING-000514","185","18.5","sweetener_sucrose","","missing","","vegan_neutral_minus11_final","registry@vegan_neutral_minus11_final","exact","blocked_engine_native_band_miss","-11","23.6098","30.1885","47.53046572409232","39.16228618012477","63.514","36.486000000000004","5.625","0.1","0","","7","","false","owner Vegan final task: MyGelato −13 reference + canonical PINGÜINO temperature direction; Mapper v1.0 plant identities","eco_equals_optimal_no_validated_alternative","false","false","ice_fraction:low:39.162 [45,61]"
"Vegan Gelato","Świeże","ECO","Dextrose (monohydrate)","PI-ING-000494","60","6","sugar_freezing_control","","missing","","vegan_neutral_minus11_final","registry@vegan_neutral_minus11_final","exact","blocked_engine_native_band_miss","-11","23.6098","30.1885","47.53046572409232","39.16228618012477","63.514","36.486000000000004","5.625","0.1","0","","7","","false","owner Vegan final task: MyGelato −13 reference + canonical PINGÜINO temperature direction; Mapper v1.0 plant identities","eco_equals_optimal_no_validated_alternative","false","false","ice_fraction:low:39.162 [45,61]"
"Vegan Gelato","Świeże","ECO","Inulin","PI-ING-000456","53","5.3","fiber_body","","missing","","vegan_neutral_minus11_final","registry@vegan_neutral_minus11_final","exact","blocked_engine_native_band_miss","-11","23.6098","30.1885","47.53046572409232","39.16228618012477","63.514","36.486000000000004","5.625","0.1","0","","7","","false","owner Vegan final task: MyGelato −13 reference + canonical PINGÜINO temperature direction; Mapper v1.0 plant identities","eco_equals_optimal_no_validated_alternative","false","false","ice_fraction:low:39.162 [45,61]"
"Vegan Gelato","Świeże","ECO","Tara gum","PI-ING-000492","2","0.2","stabilizer","","missing","","vegan_neutral_minus11_final","registry@vegan_neutral_minus11_final","exact","blocked_engine_native_band_miss","-11","23.6098","30.1885","47.53046572409232","39.16228618012477","63.514","36.486000000000004","5.625","0.1","0","","7","","false","owner Vegan final task: MyGelato −13 reference + canonical PINGÜINO temperature direction; Mapper v1.0 plant identities","eco_equals_optimal_no_validated_alternative","false","false","ice_fraction:low:39.162 [45,61]"
"Vegan Gelato","Świeże","OPTIMAL","Water","PI-ING-001409","397","39.7","water","","missing","","vegan_neutral_minus11_final","registry@vegan_neutral_minus11_final","exact","blocked_engine_native_band_miss","-11","23.6098","30.1885","47.53046572409232","39.16228618012477","63.514","36.486000000000004","5.625","0.1","0","","7","","false","owner Vegan final task: MyGelato −13 reference + canonical PINGÜINO temperature direction; Mapper v1.0 plant identities","eco_equals_optimal_no_validated_alternative","false","false","ice_fraction:low:39.162 [45,61]"
"Vegan Gelato","Świeże","OPTIMAL","OAT DRINK · Beverage · Chilled · BIO","PI-ING-001565","250","25","plant_liquid","","missing","","vegan_neutral_minus11_final","registry@vegan_neutral_minus11_final","exact","blocked_engine_native_band_miss","-11","23.6098","30.1885","47.53046572409232","39.16228618012477","63.514","36.486000000000004","5.625","0.1","0","","7","","false","owner Vegan final task: MyGelato −13 reference + canonical PINGÜINO temperature direction; Mapper v1.0 plant identities","eco_equals_optimal_no_validated_alternative","false","false","ice_fraction:low:39.162 [45,61]"
"Vegan Gelato","Świeże","OPTIMAL","REFINED COCONUT OIL · Elstar Fats Coconut · Dry","PI-ING-000163","53","5.3","plant_fat","","missing","","vegan_neutral_minus11_final","registry@vegan_neutral_minus11_final","exact","blocked_engine_native_band_miss","-11","23.6098","30.1885","47.53046572409232","39.16228618012477","63.514","36.486000000000004","5.625","0.1","0","","7","","false","owner Vegan final task: MyGelato −13 reference + canonical PINGÜINO temperature direction; Mapper v1.0 plant identities","eco_equals_optimal_no_validated_alternative","false","false","ice_fraction:low:39.162 [45,61]"
"Vegan Gelato","Świeże","OPTIMAL","Sucrose","PI-ING-000514","185","18.5","sweetener_sucrose","","missing","","vegan_neutral_minus11_final","registry@vegan_neutral_minus11_final","exact","blocked_engine_native_band_miss","-11","23.6098","30.1885","47.53046572409232","39.16228618012477","63.514","36.486000000000004","5.625","0.1","0","","7","","false","owner Vegan final task: MyGelato −13 reference + canonical PINGÜINO temperature direction; Mapper v1.0 plant identities","eco_equals_optimal_no_validated_alternative","false","false","ice_fraction:low:39.162 [45,61]"
"Vegan Gelato","Świeże","OPTIMAL","Dextrose (monohydrate)","PI-ING-000494","60","6","sugar_freezing_control","","missing","","vegan_neutral_minus11_final","registry@vegan_neutral_minus11_final","exact","blocked_engine_native_band_miss","-11","23.6098","30.1885","47.53046572409232","39.16228618012477","63.514","36.486000000000004","5.625","0.1","0","","7","","false","owner Vegan final task: MyGelato −13 reference + canonical PINGÜINO temperature direction; Mapper v1.0 plant identities","eco_equals_optimal_no_validated_alternative","false","false","ice_fraction:low:39.162 [45,61]"
"Vegan Gelato","Świeże","OPTIMAL","Inulin","PI-ING-000456","53","5.3","fiber_body","","missing","","vegan_neutral_minus11_final","registry@vegan_neutral_minus11_final","exact","blocked_engine_native_band_miss","-11","23.6098","30.1885","47.53046572409232","39.16228618012477","63.514","36.486000000000004","5.625","0.1","0","","7","","false","owner Vegan final task: MyGelato −13 reference + canonical PINGÜINO temperature direction; Mapper v1.0 plant identities","eco_equals_optimal_no_validated_alternative","false","false","ice_fraction:low:39.162 [45,61]"
"Vegan Gelato","Świeże","OPTIMAL","Tara gum","PI-ING-000492","2","0.2","stabilizer","","missing","","vegan_neutral_minus11_final","registry@vegan_neutral_minus11_final","exact","blocked_engine_native_band_miss","-11","23.6098","30.1885","47.53046572409232","39.16228618012477","63.514","36.486000000000004","5.625","0.1","0","","7","","false","owner Vegan final task: MyGelato −13 reference + canonical PINGÜINO temperature direction; Mapper v1.0 plant identities","eco_equals_optimal_no_validated_alternative","false","false","ice_fraction:low:39.162 [45,61]"
"Protein Gelato","−11°C","ECO","Cream 30 %","PI-ING-000180","110","11","dairy_fat","","missing","","protein_dairy_neutral_minus11_v1","registry@protein_dairy_neutral_minus11_v1","exact","engine_validated_native","-11","12.000976","19.400385","33.17892996760103","54.31112947864336","58.85990000000001","41.1401","5.029","20.013","0","20.013","10","","false","owner Protein Gelato final task; exact verified Mapper protein identities; owner-approved Standard serving physics","eco_equals_optimal_no_validated_alternative","true","false","none"
"Protein Gelato","−11°C","ECO","PROTEIN GEL WPC · Sempre Dairy · SEMPRE230","PI-ING-000264","247","24.7","protein_source","","missing","","protein_dairy_neutral_minus11_v1","registry@protein_dairy_neutral_minus11_v1","exact","engine_validated_native","-11","12.000976","19.400385","33.17892996760103","54.31112947864336","58.85990000000001","41.1401","5.029","20.013","0","20.013","10","","false","owner Protein Gelato final task; exact verified Mapper protein identities; owner-approved Standard serving physics","eco_equals_optimal_no_validated_alternative","true","false","none"
"Protein Gelato","−11°C","ECO","Water","PI-ING-001409","505","50.5","water","","missing","","protein_dairy_neutral_minus11_v1","registry@protein_dairy_neutral_minus11_v1","exact","engine_validated_native","-11","12.000976","19.400385","33.17892996760103","54.31112947864336","58.85990000000001","41.1401","5.029","20.013","0","20.013","10","","false","owner Protein Gelato final task; exact verified Mapper protein identities; owner-approved Standard serving physics","eco_equals_optimal_no_validated_alternative","true","false","none"
"Protein Gelato","−11°C","ECO","Sucrose","PI-ING-000514","80","8","sweetener_sucrose","","missing","","protein_dairy_neutral_minus11_v1","registry@protein_dairy_neutral_minus11_v1","exact","engine_validated_native","-11","12.000976","19.400385","33.17892996760103","54.31112947864336","58.85990000000001","41.1401","5.029","20.013","0","20.013","10","","false","owner Protein Gelato final task; exact verified Mapper protein identities; owner-approved Standard serving physics","eco_equals_optimal_no_validated_alternative","true","false","none"
"Protein Gelato","−11°C","ECO","Dextrose (monohydrate)","PI-ING-000494","56","5.6","sugar_freezing_control","","missing","","protein_dairy_neutral_minus11_v1","registry@protein_dairy_neutral_minus11_v1","exact","engine_validated_native","-11","12.000976","19.400385","33.17892996760103","54.31112947864336","58.85990000000001","41.1401","5.029","20.013","0","20.013","10","","false","owner Protein Gelato final task; exact verified Mapper protein identities; owner-approved Standard serving physics","eco_equals_optimal_no_validated_alternative","true","false","none"
"Protein Gelato","−11°C","ECO","Tara gum","PI-ING-000492","2","0.2","stabilizer","","missing","","protein_dairy_neutral_minus11_v1","registry@protein_dairy_neutral_minus11_v1","exact","engine_validated_native","-11","12.000976","19.400385","33.17892996760103","54.31112947864336","58.85990000000001","41.1401","5.029","20.013","0","20.013","10","","false","owner Protein Gelato final task; exact verified Mapper protein identities; owner-approved Standard serving physics","eco_equals_optimal_no_validated_alternative","true","false","none"
"Protein Gelato","−11°C","OPTIMAL","Cream 30 %","PI-ING-000180","110","11","dairy_fat","","missing","","protein_dairy_neutral_minus11_v1","registry@protein_dairy_neutral_minus11_v1","exact","engine_validated_native","-11","12.000976","19.400385","33.17892996760103","54.31112947864336","58.85990000000001","41.1401","5.029","20.013","0","20.013","10","","false","owner Protein Gelato final task; exact verified Mapper protein identities; owner-approved Standard serving physics","eco_equals_optimal_no_validated_alternative","true","false","none"
"Protein Gelato","−11°C","OPTIMAL","PROTEIN GEL WPC · Sempre Dairy · SEMPRE230","PI-ING-000264","247","24.7","protein_source","","missing","","protein_dairy_neutral_minus11_v1","registry@protein_dairy_neutral_minus11_v1","exact","engine_validated_native","-11","12.000976","19.400385","33.17892996760103","54.31112947864336","58.85990000000001","41.1401","5.029","20.013","0","20.013","10","","false","owner Protein Gelato final task; exact verified Mapper protein identities; owner-approved Standard serving physics","eco_equals_optimal_no_validated_alternative","true","false","none"
"Protein Gelato","−11°C","OPTIMAL","Water","PI-ING-001409","505","50.5","water","","missing","","protein_dairy_neutral_minus11_v1","registry@protein_dairy_neutral_minus11_v1","exact","engine_validated_native","-11","12.000976","19.400385","33.17892996760103","54.31112947864336","58.85990000000001","41.1401","5.029","20.013","0","20.013","10","","false","owner Protein Gelato final task; exact verified Mapper protein identities; owner-approved Standard serving physics","eco_equals_optimal_no_validated_alternative","true","false","none"
"Protein Gelato","−11°C","OPTIMAL","Sucrose","PI-ING-000514","80","8","sweetener_sucrose","","missing","","protein_dairy_neutral_minus11_v1","registry@protein_dairy_neutral_minus11_v1","exact","engine_validated_native","-11","12.000976","19.400385","33.17892996760103","54.31112947864336","58.85990000000001","41.1401","5.029","20.013","0","20.013","10","","false","owner Protein Gelato final task; exact verified Mapper protein identities; owner-approved Standard serving physics","eco_equals_optimal_no_validated_alternative","true","false","none"
"Protein Gelato","−11°C","OPTIMAL","Dextrose (monohydrate)","PI-ING-000494","56","5.6","sugar_freezing_control","","missing","","protein_dairy_neutral_minus11_v1","registry@protein_dairy_neutral_minus11_v1","exact","engine_validated_native","-11","12.000976","19.400385","33.17892996760103","54.31112947864336","58.85990000000001","41.1401","5.029","20.013","0","20.013","10","","false","owner Protein Gelato final task; exact verified Mapper protein identities; owner-approved Standard serving physics","eco_equals_optimal_no_validated_alternative","true","false","none"
"Protein Gelato","−11°C","OPTIMAL","Tara gum","PI-ING-000492","2","0.2","stabilizer","","missing","","protein_dairy_neutral_minus11_v1","registry@protein_dairy_neutral_minus11_v1","exact","engine_validated_native","-11","12.000976","19.400385","33.17892996760103","54.31112947864336","58.85990000000001","41.1401","5.029","20.013","0","20.013","10","","false","owner Protein Gelato final task; exact verified Mapper protein identities; owner-approved Standard serving physics","eco_equals_optimal_no_validated_alternative","true","false","none"
"Protein Gelato","−12°C","ECO","Milk 3.5 %","PI-ING-000236","460","46","primary_liquid","","missing","","protein_dairy_neutral_minus12_v1","registry@protein_dairy_neutral_minus12_v1","exact","blocked_engine_native_band_miss","-12","9.3824","21.733449999999998","39.03658047530208","50.39952849603914","57.353","42.647","6.220000000000001","20.148","460","20.148","6","","false","owner Protein Gelato final task; exact verified Mapper protein identities; owner-approved Standard serving physics","eco_equals_optimal_no_validated_alternative","false","false","npac:low:39.037 [42,50]; pod:low:9.382 [12,17]"
"Protein Gelato","−12°C","ECO","Cream 30 %","PI-ING-000180","100","10","dairy_fat","","missing","","protein_dairy_neutral_minus12_v1","registry@protein_dairy_neutral_minus12_v1","exact","blocked_engine_native_band_miss","-12","9.3824","21.733449999999998","39.03658047530208","50.39952849603914","57.353","42.647","6.220000000000001","20.148","460","20.148","6","","false","owner Protein Gelato final task; exact verified Mapper protein identities; owner-approved Standard serving physics","eco_equals_optimal_no_validated_alternative","false","false","npac:low:39.037 [42,50]; pod:low:9.382 [12,17]"
"Protein Gelato","−12°C","ECO","PROTEIN GEL WPC · Sempre Dairy · SEMPRE230","PI-ING-000264","230","23","protein_source","","missing","","protein_dairy_neutral_minus12_v1","registry@protein_dairy_neutral_minus12_v1","exact","blocked_engine_native_band_miss","-12","9.3824","21.733449999999998","39.03658047530208","50.39952849603914","57.353","42.647","6.220000000000001","20.148","460","20.148","6","","false","owner Protein Gelato final task; exact verified Mapper protein identities; owner-approved Standard serving physics","eco_equals_optimal_no_validated_alternative","false","false","npac:low:39.037 [42,50]; pod:low:9.382 [12,17]"
"Protein Gelato","−12°C","ECO","Water","PI-ING-001409","92","9.2","water","","missing","","protein_dairy_neutral_minus12_v1","registry@protein_dairy_neutral_minus12_v1","exact","blocked_engine_native_band_miss","-12","9.3824","21.733449999999998","39.03658047530208","50.39952849603914","57.353","42.647","6.220000000000001","20.148","460","20.148","6","","false","owner Protein Gelato final task; exact verified Mapper protein identities; owner-approved Standard serving physics","eco_equals_optimal_no_validated_alternative","false","false","npac:low:39.037 [42,50]; pod:low:9.382 [12,17]"
"Protein Gelato","−12°C","ECO","Sucrose","PI-ING-000514","30","3","sweetener_sucrose","","missing","","protein_dairy_neutral_minus12_v1","registry@protein_dairy_neutral_minus12_v1","exact","blocked_engine_native_band_miss","-12","9.3824","21.733449999999998","39.03658047530208","50.39952849603914","57.353","42.647","6.220000000000001","20.148","460","20.148","6","","false","owner Protein Gelato final task; exact verified Mapper protein identities; owner-approved Standard serving physics","eco_equals_optimal_no_validated_alternative","false","false","npac:low:39.037 [42,50]; pod:low:9.382 [12,17]"
"Protein Gelato","−12°C","ECO","Dextrose (monohydrate)","PI-ING-000494","86","8.6","sugar_freezing_control","","missing","","protein_dairy_neutral_minus12_v1","registry@protein_dairy_neutral_minus12_v1","exact","blocked_engine_native_band_miss","-12","9.3824","21.733449999999998","39.03658047530208","50.39952849603914","57.353","42.647","6.220000000000001","20.148","460","20.148","6","","false","owner Protein Gelato final task; exact verified Mapper protein identities; owner-approved Standard serving physics","eco_equals_optimal_no_validated_alternative","false","false","npac:low:39.037 [42,50]; pod:low:9.382 [12,17]"
"Protein Gelato","−12°C","ECO","Tara gum","PI-ING-000492","2","0.2","stabilizer","","missing","","protein_dairy_neutral_minus12_v1","registry@protein_dairy_neutral_minus12_v1","exact","blocked_engine_native_band_miss","-12","9.3824","21.733449999999998","39.03658047530208","50.39952849603914","57.353","42.647","6.220000000000001","20.148","460","20.148","6","","false","owner Protein Gelato final task; exact verified Mapper protein identities; owner-approved Standard serving physics","eco_equals_optimal_no_validated_alternative","false","false","npac:low:39.037 [42,50]; pod:low:9.382 [12,17]"
"Protein Gelato","−12°C","OPTIMAL","Milk 3.5 %","PI-ING-000236","460","46","primary_liquid","","missing","","protein_dairy_neutral_minus12_v1","registry@protein_dairy_neutral_minus12_v1","exact","blocked_engine_native_band_miss","-12","9.3824","21.733449999999998","39.03658047530208","50.39952849603914","57.353","42.647","6.220000000000001","20.148","460","20.148","6","","false","owner Protein Gelato final task; exact verified Mapper protein identities; owner-approved Standard serving physics","eco_equals_optimal_no_validated_alternative","false","false","npac:low:39.037 [42,50]; pod:low:9.382 [12,17]"
"Protein Gelato","−12°C","OPTIMAL","Cream 30 %","PI-ING-000180","100","10","dairy_fat","","missing","","protein_dairy_neutral_minus12_v1","registry@protein_dairy_neutral_minus12_v1","exact","blocked_engine_native_band_miss","-12","9.3824","21.733449999999998","39.03658047530208","50.39952849603914","57.353","42.647","6.220000000000001","20.148","460","20.148","6","","false","owner Protein Gelato final task; exact verified Mapper protein identities; owner-approved Standard serving physics","eco_equals_optimal_no_validated_alternative","false","false","npac:low:39.037 [42,50]; pod:low:9.382 [12,17]"
"Protein Gelato","−12°C","OPTIMAL","PROTEIN GEL WPC · Sempre Dairy · SEMPRE230","PI-ING-000264","230","23","protein_source","","missing","","protein_dairy_neutral_minus12_v1","registry@protein_dairy_neutral_minus12_v1","exact","blocked_engine_native_band_miss","-12","9.3824","21.733449999999998","39.03658047530208","50.39952849603914","57.353","42.647","6.220000000000001","20.148","460","20.148","6","","false","owner Protein Gelato final task; exact verified Mapper protein identities; owner-approved Standard serving physics","eco_equals_optimal_no_validated_alternative","false","false","npac:low:39.037 [42,50]; pod:low:9.382 [12,17]"
"Protein Gelato","−12°C","OPTIMAL","Water","PI-ING-001409","92","9.2","water","","missing","","protein_dairy_neutral_minus12_v1","registry@protein_dairy_neutral_minus12_v1","exact","blocked_engine_native_band_miss","-12","9.3824","21.733449999999998","39.03658047530208","50.39952849603914","57.353","42.647","6.220000000000001","20.148","460","20.148","6","","false","owner Protein Gelato final task; exact verified Mapper protein identities; owner-approved Standard serving physics","eco_equals_optimal_no_validated_alternative","false","false","npac:low:39.037 [42,50]; pod:low:9.382 [12,17]"
"Protein Gelato","−12°C","OPTIMAL","Sucrose","PI-ING-000514","30","3","sweetener_sucrose","","missing","","protein_dairy_neutral_minus12_v1","registry@protein_dairy_neutral_minus12_v1","exact","blocked_engine_native_band_miss","-12","9.3824","21.733449999999998","39.03658047530208","50.39952849603914","57.353","42.647","6.220000000000001","20.148","460","20.148","6","","false","owner Protein Gelato final task; exact verified Mapper protein identities; owner-approved Standard serving physics","eco_equals_optimal_no_validated_alternative","false","false","npac:low:39.037 [42,50]; pod:low:9.382 [12,17]"
"Protein Gelato","−12°C","OPTIMAL","Dextrose (monohydrate)","PI-ING-000494","86","8.6","sugar_freezing_control","","missing","","protein_dairy_neutral_minus12_v1","registry@protein_dairy_neutral_minus12_v1","exact","blocked_engine_native_band_miss","-12","9.3824","21.733449999999998","39.03658047530208","50.39952849603914","57.353","42.647","6.220000000000001","20.148","460","20.148","6","","false","owner Protein Gelato final task; exact verified Mapper protein identities; owner-approved Standard serving physics","eco_equals_optimal_no_validated_alternative","false","false","npac:low:39.037 [42,50]; pod:low:9.382 [12,17]"
"Protein Gelato","−12°C","OPTIMAL","Tara gum","PI-ING-000492","2","0.2","stabilizer","","missing","","protein_dairy_neutral_minus12_v1","registry@protein_dairy_neutral_minus12_v1","exact","blocked_engine_native_band_miss","-12","9.3824","21.733449999999998","39.03658047530208","50.39952849603914","57.353","42.647","6.220000000000001","20.148","460","20.148","6","","false","owner Protein Gelato final task; exact verified Mapper protein identities; owner-approved Standard serving physics","eco_equals_optimal_no_validated_alternative","false","false","npac:low:39.037 [42,50]; pod:low:9.382 [12,17]"
"Protein Gelato","−13°C","ECO","Milk 3.5 %","PI-ING-000236","460","46","primary_liquid","","missing","","protein_dairy_neutral_minus13_v1","registry@protein_dairy_neutral_minus13_v1","exact","blocked_engine_native_band_miss","-13","8.4248","23.97745","42.77021513031098","49.9908633295562","57.592999999999996","42.407000000000004","6.220000000000001","20.148","460","20.148","6","","false","owner Protein Gelato final task; exact verified Mapper protein identities; owner-approved Standard serving physics","eco_equals_optimal_no_validated_alternative","false","false","npac:low:42.77 [48,55]; pod:low:8.425 [12,17]"
"Protein Gelato","−13°C","ECO","Cream 30 %","PI-ING-000180","100","10","dairy_fat","","missing","","protein_dairy_neutral_minus13_v1","registry@protein_dairy_neutral_minus13_v1","exact","blocked_engine_native_band_miss","-13","8.4248","23.97745","42.77021513031098","49.9908633295562","57.592999999999996","42.407000000000004","6.220000000000001","20.148","460","20.148","6","","false","owner Protein Gelato final task; exact verified Mapper protein identities; owner-approved Standard serving physics","eco_equals_optimal_no_validated_alternative","false","false","npac:low:42.77 [48,55]; pod:low:8.425 [12,17]"
"Protein Gelato","−13°C","ECO","PROTEIN GEL WPC · Sempre Dairy · SEMPRE230","PI-ING-000264","230","23","protein_source","","missing","","protein_dairy_neutral_minus13_v1","registry@protein_dairy_neutral_minus13_v1","exact","blocked_engine_native_band_miss","-13","8.4248","23.97745","42.77021513031098","49.9908633295562","57.592999999999996","42.407000000000004","6.220000000000001","20.148","460","20.148","6","","false","owner Protein Gelato final task; exact verified Mapper protein identities; owner-approved Standard serving physics","eco_equals_optimal_no_validated_alternative","false","false","npac:low:42.77 [48,55]; pod:low:8.425 [12,17]"
"Protein Gelato","−13°C","ECO","Water","PI-ING-001409","92","9.2","water","","missing","","protein_dairy_neutral_minus13_v1","registry@protein_dairy_neutral_minus13_v1","exact","blocked_engine_native_band_miss","-13","8.4248","23.97745","42.77021513031098","49.9908633295562","57.592999999999996","42.407000000000004","6.220000000000001","20.148","460","20.148","6","","false","owner Protein Gelato final task; exact verified Mapper protein identities; owner-approved Standard serving physics","eco_equals_optimal_no_validated_alternative","false","false","npac:low:42.77 [48,55]; pod:low:8.425 [12,17]"
"Protein Gelato","−13°C","ECO","Dextrose (monohydrate)","PI-ING-000494","116","11.6","sugar_freezing_control","","missing","","protein_dairy_neutral_minus13_v1","registry@protein_dairy_neutral_minus13_v1","exact","blocked_engine_native_band_miss","-13","8.4248","23.97745","42.77021513031098","49.9908633295562","57.592999999999996","42.407000000000004","6.220000000000001","20.148","460","20.148","6","","false","owner Protein Gelato final task; exact verified Mapper protein identities; owner-approved Standard serving physics","eco_equals_optimal_no_validated_alternative","false","false","npac:low:42.77 [48,55]; pod:low:8.425 [12,17]"
"Protein Gelato","−13°C","ECO","Tara gum","PI-ING-000492","2","0.2","stabilizer","","missing","","protein_dairy_neutral_minus13_v1","registry@protein_dairy_neutral_minus13_v1","exact","blocked_engine_native_band_miss","-13","8.4248","23.97745","42.77021513031098","49.9908633295562","57.592999999999996","42.407000000000004","6.220000000000001","20.148","460","20.148","6","","false","owner Protein Gelato final task; exact verified Mapper protein identities; owner-approved Standard serving physics","eco_equals_optimal_no_validated_alternative","false","false","npac:low:42.77 [48,55]; pod:low:8.425 [12,17]"
"Protein Gelato","−13°C","OPTIMAL","Milk 3.5 %","PI-ING-000236","460","46","primary_liquid","","missing","","protein_dairy_neutral_minus13_v1","registry@protein_dairy_neutral_minus13_v1","exact","blocked_engine_native_band_miss","-13","8.4248","23.97745","42.77021513031098","49.9908633295562","57.592999999999996","42.407000000000004","6.220000000000001","20.148","460","20.148","6","","false","owner Protein Gelato final task; exact verified Mapper protein identities; owner-approved Standard serving physics","eco_equals_optimal_no_validated_alternative","false","false","npac:low:42.77 [48,55]; pod:low:8.425 [12,17]"
"Protein Gelato","−13°C","OPTIMAL","Cream 30 %","PI-ING-000180","100","10","dairy_fat","","missing","","protein_dairy_neutral_minus13_v1","registry@protein_dairy_neutral_minus13_v1","exact","blocked_engine_native_band_miss","-13","8.4248","23.97745","42.77021513031098","49.9908633295562","57.592999999999996","42.407000000000004","6.220000000000001","20.148","460","20.148","6","","false","owner Protein Gelato final task; exact verified Mapper protein identities; owner-approved Standard serving physics","eco_equals_optimal_no_validated_alternative","false","false","npac:low:42.77 [48,55]; pod:low:8.425 [12,17]"
"Protein Gelato","−13°C","OPTIMAL","PROTEIN GEL WPC · Sempre Dairy · SEMPRE230","PI-ING-000264","230","23","protein_source","","missing","","protein_dairy_neutral_minus13_v1","registry@protein_dairy_neutral_minus13_v1","exact","blocked_engine_native_band_miss","-13","8.4248","23.97745","42.77021513031098","49.9908633295562","57.592999999999996","42.407000000000004","6.220000000000001","20.148","460","20.148","6","","false","owner Protein Gelato final task; exact verified Mapper protein identities; owner-approved Standard serving physics","eco_equals_optimal_no_validated_alternative","false","false","npac:low:42.77 [48,55]; pod:low:8.425 [12,17]"
"Protein Gelato","−13°C","OPTIMAL","Water","PI-ING-001409","92","9.2","water","","missing","","protein_dairy_neutral_minus13_v1","registry@protein_dairy_neutral_minus13_v1","exact","blocked_engine_native_band_miss","-13","8.4248","23.97745","42.77021513031098","49.9908633295562","57.592999999999996","42.407000000000004","6.220000000000001","20.148","460","20.148","6","","false","owner Protein Gelato final task; exact verified Mapper protein identities; owner-approved Standard serving physics","eco_equals_optimal_no_validated_alternative","false","false","npac:low:42.77 [48,55]; pod:low:8.425 [12,17]"
"Protein Gelato","−13°C","OPTIMAL","Dextrose (monohydrate)","PI-ING-000494","116","11.6","sugar_freezing_control","","missing","","protein_dairy_neutral_minus13_v1","registry@protein_dairy_neutral_minus13_v1","exact","blocked_engine_native_band_miss","-13","8.4248","23.97745","42.77021513031098","49.9908633295562","57.592999999999996","42.407000000000004","6.220000000000001","20.148","460","20.148","6","","false","owner Protein Gelato final task; exact verified Mapper protein identities; owner-approved Standard serving physics","eco_equals_optimal_no_validated_alternative","false","false","npac:low:42.77 [48,55]; pod:low:8.425 [12,17]"
"Protein Gelato","−13°C","OPTIMAL","Tara gum","PI-ING-000492","2","0.2","stabilizer","","missing","","protein_dairy_neutral_minus13_v1","registry@protein_dairy_neutral_minus13_v1","exact","blocked_engine_native_band_miss","-13","8.4248","23.97745","42.77021513031098","49.9908633295562","57.592999999999996","42.407000000000004","6.220000000000001","20.148","460","20.148","6","","false","owner Protein Gelato final task; exact verified Mapper protein identities; owner-approved Standard serving physics","eco_equals_optimal_no_validated_alternative","false","false","npac:low:42.77 [48,55]; pod:low:8.425 [12,17]"
"Protein Gelato","Świeże","ECO","Cream 30 %","PI-ING-000180","110","11","dairy_fat","","missing","","protein_dairy_neutral_minus11_v1","registry@protein_dairy_neutral_minus11_v1","exact","engine_validated_native","-11","12.000976","19.400385","33.17892996760103","54.31112947864336","58.85990000000001","41.1401","5.029","20.013","0","20.013","10","","false","owner Protein Gelato final task; exact verified Mapper protein identities; owner-approved Standard serving physics","eco_equals_optimal_no_validated_alternative","true","false","none"
"Protein Gelato","Świeże","ECO","PROTEIN GEL WPC · Sempre Dairy · SEMPRE230","PI-ING-000264","247","24.7","protein_source","","missing","","protein_dairy_neutral_minus11_v1","registry@protein_dairy_neutral_minus11_v1","exact","engine_validated_native","-11","12.000976","19.400385","33.17892996760103","54.31112947864336","58.85990000000001","41.1401","5.029","20.013","0","20.013","10","","false","owner Protein Gelato final task; exact verified Mapper protein identities; owner-approved Standard serving physics","eco_equals_optimal_no_validated_alternative","true","false","none"
"Protein Gelato","Świeże","ECO","Water","PI-ING-001409","505","50.5","water","","missing","","protein_dairy_neutral_minus11_v1","registry@protein_dairy_neutral_minus11_v1","exact","engine_validated_native","-11","12.000976","19.400385","33.17892996760103","54.31112947864336","58.85990000000001","41.1401","5.029","20.013","0","20.013","10","","false","owner Protein Gelato final task; exact verified Mapper protein identities; owner-approved Standard serving physics","eco_equals_optimal_no_validated_alternative","true","false","none"
"Protein Gelato","Świeże","ECO","Sucrose","PI-ING-000514","80","8","sweetener_sucrose","","missing","","protein_dairy_neutral_minus11_v1","registry@protein_dairy_neutral_minus11_v1","exact","engine_validated_native","-11","12.000976","19.400385","33.17892996760103","54.31112947864336","58.85990000000001","41.1401","5.029","20.013","0","20.013","10","","false","owner Protein Gelato final task; exact verified Mapper protein identities; owner-approved Standard serving physics","eco_equals_optimal_no_validated_alternative","true","false","none"
"Protein Gelato","Świeże","ECO","Dextrose (monohydrate)","PI-ING-000494","56","5.6","sugar_freezing_control","","missing","","protein_dairy_neutral_minus11_v1","registry@protein_dairy_neutral_minus11_v1","exact","engine_validated_native","-11","12.000976","19.400385","33.17892996760103","54.31112947864336","58.85990000000001","41.1401","5.029","20.013","0","20.013","10","","false","owner Protein Gelato final task; exact verified Mapper protein identities; owner-approved Standard serving physics","eco_equals_optimal_no_validated_alternative","true","false","none"
"Protein Gelato","Świeże","ECO","Tara gum","PI-ING-000492","2","0.2","stabilizer","","missing","","protein_dairy_neutral_minus11_v1","registry@protein_dairy_neutral_minus11_v1","exact","engine_validated_native","-11","12.000976","19.400385","33.17892996760103","54.31112947864336","58.85990000000001","41.1401","5.029","20.013","0","20.013","10","","false","owner Protein Gelato final task; exact verified Mapper protein identities; owner-approved Standard serving physics","eco_equals_optimal_no_validated_alternative","true","false","none"
"Protein Gelato","Świeże","OPTIMAL","Cream 30 %","PI-ING-000180","110","11","dairy_fat","","missing","","protein_dairy_neutral_minus11_v1","registry@protein_dairy_neutral_minus11_v1","exact","engine_validated_native","-11","12.000976","19.400385","33.17892996760103","54.31112947864336","58.85990000000001","41.1401","5.029","20.013","0","20.013","10","","false","owner Protein Gelato final task; exact verified Mapper protein identities; owner-approved Standard serving physics","eco_equals_optimal_no_validated_alternative","true","false","none"
"Protein Gelato","Świeże","OPTIMAL","PROTEIN GEL WPC · Sempre Dairy · SEMPRE230","PI-ING-000264","247","24.7","protein_source","","missing","","protein_dairy_neutral_minus11_v1","registry@protein_dairy_neutral_minus11_v1","exact","engine_validated_native","-11","12.000976","19.400385","33.17892996760103","54.31112947864336","58.85990000000001","41.1401","5.029","20.013","0","20.013","10","","false","owner Protein Gelato final task; exact verified Mapper protein identities; owner-approved Standard serving physics","eco_equals_optimal_no_validated_alternative","true","false","none"
"Protein Gelato","Świeże","OPTIMAL","Water","PI-ING-001409","505","50.5","water","","missing","","protein_dairy_neutral_minus11_v1","registry@protein_dairy_neutral_minus11_v1","exact","engine_validated_native","-11","12.000976","19.400385","33.17892996760103","54.31112947864336","58.85990000000001","41.1401","5.029","20.013","0","20.013","10","","false","owner Protein Gelato final task; exact verified Mapper protein identities; owner-approved Standard serving physics","eco_equals_optimal_no_validated_alternative","true","false","none"
"Protein Gelato","Świeże","OPTIMAL","Sucrose","PI-ING-000514","80","8","sweetener_sucrose","","missing","","protein_dairy_neutral_minus11_v1","registry@protein_dairy_neutral_minus11_v1","exact","engine_validated_native","-11","12.000976","19.400385","33.17892996760103","54.31112947864336","58.85990000000001","41.1401","5.029","20.013","0","20.013","10","","false","owner Protein Gelato final task; exact verified Mapper protein identities; owner-approved Standard serving physics","eco_equals_optimal_no_validated_alternative","true","false","none"
"Protein Gelato","Świeże","OPTIMAL","Dextrose (monohydrate)","PI-ING-000494","56","5.6","sugar_freezing_control","","missing","","protein_dairy_neutral_minus11_v1","registry@protein_dairy_neutral_minus11_v1","exact","engine_validated_native","-11","12.000976","19.400385","33.17892996760103","54.31112947864336","58.85990000000001","41.1401","5.029","20.013","0","20.013","10","","false","owner Protein Gelato final task; exact verified Mapper protein identities; owner-approved Standard serving physics","eco_equals_optimal_no_validated_alternative","true","false","none"
"Protein Gelato","Świeże","OPTIMAL","Tara gum","PI-ING-000492","2","0.2","stabilizer","","missing","","protein_dairy_neutral_minus11_v1","registry@protein_dairy_neutral_minus11_v1","exact","engine_validated_native","-11","12.000976","19.400385","33.17892996760103","54.31112947864336","58.85990000000001","41.1401","5.029","20.013","0","20.013","10","","false","owner Protein Gelato final task; exact verified Mapper protein identities; owner-approved Standard serving physics","eco_equals_optimal_no_validated_alternative","true","false","none"
