recipe_source,recipe,family,temperature_c,mode,direction_target,delivered_pod,delivered_npac,protein_percent,fat_percent,solids_percent,water_percent,direction_band_min,direction_band_max,direction_distance,direction_status,score,preview,apply,main,zero_gram,rescue,runtime_local_match,served_check,pass_fail,detail
https://www.cookedandloved.com/recipes/ninja-creami-protein-ice-cream/,vanilla-creami,vanilla,-11,optimal,-2,12.9587,38.3931,9.8005,8.167,36.996,63.004,12,13,0.0000,ACHIEVED,10,ok,applied,preserved,0,not_needed_target_reached,match,not_run,PASS,hard_safe/qualified
https://www.cookedandloved.com/recipes/ninja-creami-protein-ice-cream/,vanilla-creami,vanilla,-11,optimal,-1,13.0133,41.8450,11.0354,9.551,41.699,58.301,13,14,0.0000,ACHIEVED,9,ok,applied,preserved,0,not_needed_target_reached,match,not_run,PASS,hard_safe/qualified
https://www.cookedandloved.com/recipes/ninja-creami-protein-ice-cream/,vanilla-creami,vanilla,-11,optimal,0,14.4628,33.7039,10.4945,9.699,39.176,60.824,14,15,0.0000,ACHIEVED,9,ok,applied,preserved,0,not_needed_target_reached,match,not_run,PASS,hard_safe/qualified
https://www.cookedandloved.com/recipes/ninja-creami-protein-ice-cream/,vanilla-creami,vanilla,-11,optimal,1,16.0776,41.6003,11.0159,8.712,42.970,57.030,15,16,0.0776,NEAREST,9,diagnostic,iteration_cap_diagnostic,preserved,0,candidate_for_rescue,match,not_run,PASS,hard_safe/qualified/iteration_cap_diagnostic
https://www.cookedandloved.com/recipes/ninja-creami-protein-ice-cream/,vanilla-creami,vanilla,-11,optimal,2,16.0776,41.6003,11.0159,8.712,42.970,57.030,16,17,0.0000,ACHIEVED,9,ok,applied,preserved,0,not_needed_target_reached,match,not_run,PASS,hard_safe/qualified
https://www.cookedandloved.com/recipes/ninja-creami-protein-ice-cream/,vanilla-creami,vanilla,-11,eco,-2,12.9587,38.3931,9.8005,8.167,36.996,63.004,12,13,0.0000,ACHIEVED,10,ok,applied,preserved,0,not_needed_target_reached,match,not_run,PASS,hard_safe/qualified
https://www.cookedandloved.com/recipes/ninja-creami-protein-ice-cream/,vanilla-creami,vanilla,-11,eco,-1,13.0133,41.8450,11.0354,9.551,41.699,58.301,13,14,0.0000,ACHIEVED,9,ok,applied,preserved,0,not_needed_target_reached,match,not_run,PASS,hard_safe/qualified
https://www.cookedandloved.com/recipes/ninja-creami-protein-ice-cream/,vanilla-creami,vanilla,-11,eco,0,14.4628,33.7039,10.4945,9.699,39.176,60.824,14,15,0.0000,ACHIEVED,9,ok,applied,preserved,0,not_needed_target_reached,match,not_run,PASS,hard_safe/qualified
https://www.cookedandloved.com/recipes/ninja-creami-protein-ice-cream/,vanilla-creami,vanilla,-11,eco,1,16.0776,41.6003,11.0159,8.712,42.970,57.030,15,16,0.0776,NEAREST,9,diagnostic,iteration_cap_diagnostic,preserved,0,candidate_for_rescue,match,not_run,PASS,hard_safe/qualified/iteration_cap_diagnostic
https://www.cookedandloved.com/recipes/ninja-creami-protein-ice-cream/,vanilla-creami,vanilla,-11,eco,2,16.0776,41.6003,11.0159,8.712,42.970,57.030,16,17,0.0000,ACHIEVED,9,ok,applied,preserved,0,not_needed_target_reached,match,not_run,PASS,hard_safe/qualified
https://www.cookedandloved.com/recipes/ninja-creami-protein-ice-cream/,vanilla-creami,vanilla,-12,optimal,-2,13.6820,43.5372,9.5018,6.899,37.443,62.557,12,13,0.6820,NEAREST,9,diagnostic,iteration_cap_diagnostic,preserved,0,candidate_for_rescue,match,not_run,PASS,hard_safe/qualified/iteration_cap_diagnostic
https://www.cookedandloved.com/recipes/ninja-creami-protein-ice-cream/,vanilla-creami,vanilla,-12,optimal,-1,13.6820,43.5372,9.5018,6.899,37.443,62.557,13,14,0.0000,ACHIEVED,10,ok,applied,preserved,0,not_needed_target_reached,match,not_run,PASS,hard_safe/qualified
https://www.cookedandloved.com/recipes/ninja-creami-protein-ice-cream/,vanilla-creami,vanilla,-12,optimal,0,14.4896,46.1396,10.2762,7.517,41.572,58.428,14,15,0.0000,ACHIEVED,9,ok,applied,preserved,0,not_needed_target_reached,match,not_run,PASS,hard_safe/qualified
https://www.cookedandloved.com/recipes/ninja-creami-protein-ice-cream/,vanilla-creami,vanilla,-12,optimal,1,15.4532,49.4534,8.8979,5.019,37.658,62.342,15,16,0.0000,ACHIEVED,10,ok,applied,preserved,0,not_needed_target_reached,match,not_run,PASS,hard_safe/qualified
https://www.cookedandloved.com/recipes/ninja-creami-protein-ice-cream/,vanilla-creami,vanilla,-12,optimal,2,14.3892,47.4915,9.0371,5.050,36.881,63.119,16,17,1.6108,NEAREST,10,ok,stale_preview,preserved,0,candidate_for_rescue,match,not_run,FAIL,hard_safe/qualified/stale_preview
https://www.cookedandloved.com/recipes/ninja-creami-protein-ice-cream/,vanilla-creami,vanilla,-12,eco,-2,13.6820,43.5372,9.5018,6.899,37.443,62.557,12,13,0.6820,NEAREST,9,diagnostic,iteration_cap_diagnostic,preserved,0,candidate_for_rescue,match,not_run,PASS,hard_safe/qualified/iteration_cap_diagnostic
https://www.cookedandloved.com/recipes/ninja-creami-protein-ice-cream/,vanilla-creami,vanilla,-12,eco,-1,13.6820,43.5372,9.5018,6.899,37.443,62.557,13,14,0.0000,ACHIEVED,10,ok,applied,preserved,0,not_needed_target_reached,match,not_run,PASS,hard_safe/qualified
https://www.cookedandloved.com/recipes/ninja-creami-protein-ice-cream/,vanilla-creami,vanilla,-12,eco,0,14.4896,46.1396,10.2762,7.517,41.572,58.428,14,15,0.0000,ACHIEVED,9,ok,applied,preserved,0,not_needed_target_reached,match,not_run,PASS,hard_safe/qualified
https://www.cookedandloved.com/recipes/ninja-creami-protein-ice-cream/,vanilla-creami,vanilla,-12,eco,1,15.4532,49.4534,8.8979,5.019,37.658,62.342,15,16,0.0000,ACHIEVED,10,ok,applied,preserved,0,not_needed_target_reached,match,not_run,PASS,hard_safe/qualified
https://www.cookedandloved.com/recipes/ninja-creami-protein-ice-cream/,vanilla-creami,vanilla,-12,eco,2,17.5107,49.2443,12.0300,5.223,42.439,57.561,16,17,0.5107,NEAREST,7,no_proposal,n/a,preserved,0,candidate_for_rescue,match,not_run,PASS,hard_residual/qualified/unsafe_proposal
https://www.cookedandloved.com/recipes/ninja-creami-protein-ice-cream/,vanilla-creami,vanilla,-13,optimal,-2,13.9930,54.9165,11.0089,8.713,43.152,56.848,12,13,0.9930,NEAREST,9,diagnostic,iteration_cap_diagnostic,preserved,0,candidate_for_rescue,match,not_run,PASS,hard_safe/qualified/iteration_cap_diagnostic
https://www.cookedandloved.com/recipes/ninja-creami-protein-ice-cream/,vanilla-creami,vanilla,-13,optimal,-1,13.9930,54.9165,11.0089,8.713,43.152,56.848,13,14,0.0000,ACHIEVED,9,ok,applied,preserved,0,not_needed_target_reached,match,not_run,PASS,hard_safe/qualified
https://www.cookedandloved.com/recipes/ninja-creami-protein-ice-cream/,vanilla-creami,vanilla,-13,optimal,0,14.4387,54.6810,10.4940,7.777,42.083,57.917,14,15,0.0000,ACHIEVED,9,ok,applied,preserved,0,not_needed_target_reached,match,not_run,PASS,hard_safe/qualified
https://www.cookedandloved.com/recipes/ninja-creami-protein-ice-cream/,vanilla-creami,vanilla,-13,optimal,1,15.4680,54.5205,9.7215,6.645,40.187,59.813,15,16,0.0000,ACHIEVED,10,ok,applied,preserved,0,not_needed_target_reached,match,not_run,PASS,hard_safe/qualified
https://www.cookedandloved.com/recipes/ninja-creami-protein-ice-cream/,vanilla-creami,vanilla,-13,optimal,2,16.4663,50.5355,10.4522,6.436,42.359,57.641,16,17,0.0000,ACHIEVED,9,ok,applied,preserved,0,not_needed_target_reached,match,not_run,PASS,hard_safe/qualified
https://www.cookedandloved.com/recipes/ninja-creami-protein-ice-cream/,vanilla-creami,vanilla,-13,eco,-2,13.9930,54.9165,11.0089,8.713,43.152,56.848,12,13,0.9930,NEAREST,9,diagnostic,iteration_cap_diagnostic,preserved,0,candidate_for_rescue,match,not_run,PASS,hard_safe/qualified/iteration_cap_diagnostic
https://www.cookedandloved.com/recipes/ninja-creami-protein-ice-cream/,vanilla-creami,vanilla,-13,eco,-1,13.9930,54.9165,11.0089,8.713,43.152,56.848,13,14,0.0000,ACHIEVED,9,ok,applied,preserved,0,not_needed_target_reached,match,not_run,PASS,hard_safe/qualified
https://www.cookedandloved.com/recipes/ninja-creami-protein-ice-cream/,vanilla-creami,vanilla,-13,eco,0,14.4387,54.6810,10.4940,7.777,42.083,57.917,14,15,0.0000,ACHIEVED,9,ok,applied,preserved,0,not_needed_target_reached,match,not_run,PASS,hard_safe/qualified
https://www.cookedandloved.com/recipes/ninja-creami-protein-ice-cream/,vanilla-creami,vanilla,-13,eco,1,15.4680,54.5205,9.7215,6.645,40.187,59.813,15,16,0.0000,ACHIEVED,10,ok,applied,preserved,0,not_needed_target_reached,match,not_run,PASS,hard_safe/qualified
https://www.cookedandloved.com/recipes/ninja-creami-protein-ice-cream/,vanilla-creami,vanilla,-13,eco,2,16.4663,50.5355,10.4522,6.436,42.359,57.641,16,17,0.0000,ACHIEVED,9,ok,applied,preserved,0,not_needed_target_reached,match,not_run,PASS,hard_safe/qualified
https://fitfoodiefinds.com/chocolate-protein-ice-cream/,chocolate-fitfoodie,chocolate,-11,optimal,-2,12.6401,37.1872,9.4847,7.933,37.677,62.323,12,13,0.0000,ACHIEVED,10,ok,applied,preserved,0,not_needed_target_reached,match,not_run,PASS,hard_safe/qualified
https://fitfoodiefinds.com/chocolate-protein-ice-cream/,chocolate-fitfoodie,chocolate,-11,optimal,-1,13.4803,38.4624,9.3865,7.084,38.905,61.095,13,14,0.0000,ACHIEVED,10,ok,applied,preserved,0,not_needed_target_reached,match,not_run,PASS,hard_safe/qualified
https://fitfoodiefinds.com/chocolate-protein-ice-cream/,chocolate-fitfoodie,chocolate,-11,optimal,0,14.9058,39.3154,8.9959,5.976,35.728,64.272,14,15,0.0000,ACHIEVED,10,ok,applied,preserved,0,not_needed_target_reached,match,not_run,PASS,hard_safe/qualified
https://fitfoodiefinds.com/chocolate-protein-ice-cream/,chocolate-fitfoodie,chocolate,-11,optimal,1,15.4566,39.0493,9.6643,7.855,40.328,59.672,15,16,0.0000,ACHIEVED,10,ok,applied,preserved,0,not_needed_target_reached,match,not_run,PASS,hard_safe/qualified
https://fitfoodiefinds.com/chocolate-protein-ice-cream/,chocolate-fitfoodie,chocolate,-11,optimal,2,12.0488,40.2041,10.9936,10.248,38.358,61.642,16,17,3.9512,NEAREST,9,diagnostic,iteration_cap_diagnostic,preserved,0,candidate_for_rescue,match,not_run,PASS,hard_safe/qualified/iteration_cap_diagnostic
https://fitfoodiefinds.com/chocolate-protein-ice-cream/,chocolate-fitfoodie,chocolate,-11,eco,-2,12.6401,37.1872,9.4847,7.933,37.677,62.323,12,13,0.0000,ACHIEVED,10,ok,applied,preserved,0,not_needed_target_reached,match,not_run,PASS,hard_safe/qualified
https://fitfoodiefinds.com/chocolate-protein-ice-cream/,chocolate-fitfoodie,chocolate,-11,eco,-1,13.4803,38.4624,9.3865,7.084,38.905,61.095,13,14,0.0000,ACHIEVED,10,ok,applied,preserved,0,not_needed_target_reached,match,not_run,PASS,hard_safe/qualified
https://fitfoodiefinds.com/chocolate-protein-ice-cream/,chocolate-fitfoodie,chocolate,-11,eco,0,14.9058,39.3154,8.9959,5.976,35.728,64.272,14,15,0.0000,ACHIEVED,10,ok,applied,preserved,0,not_needed_target_reached,match,not_run,PASS,hard_safe/qualified
https://fitfoodiefinds.com/chocolate-protein-ice-cream/,chocolate-fitfoodie,chocolate,-11,eco,1,15.4566,39.0493,9.6643,7.855,40.328,59.672,15,16,0.0000,ACHIEVED,10,ok,applied,preserved,0,not_needed_target_reached,match,not_run,PASS,hard_safe/qualified
https://fitfoodiefinds.com/chocolate-protein-ice-cream/,chocolate-fitfoodie,chocolate,-11,eco,2,12.0488,40.2041,10.9936,10.248,38.358,61.642,16,17,3.9512,NEAREST,9,diagnostic,iteration_cap_diagnostic,preserved,0,candidate_for_rescue,match,not_run,PASS,hard_safe/qualified/iteration_cap_diagnostic
https://fitfoodiefinds.com/chocolate-protein-ice-cream/,chocolate-fitfoodie,chocolate,-12,optimal,-2,13.9092,45.8593,9.5446,6.405,39.799,60.201,12,13,0.9092,NEAREST,9,diagnostic,iteration_cap_diagnostic,preserved,0,candidate_for_rescue,match,not_run,PASS,hard_safe/qualified/iteration_cap_diagnostic
https://fitfoodiefinds.com/chocolate-protein-ice-cream/,chocolate-fitfoodie,chocolate,-12,optimal,-1,13.9092,45.8593,9.5446,6.405,39.799,60.201,13,14,0.0000,ACHIEVED,10,ok,applied,preserved,0,not_needed_target_reached,match,not_run,PASS,hard_safe/qualified
https://fitfoodiefinds.com/chocolate-protein-ice-cream/,chocolate-fitfoodie,chocolate,-12,optimal,0,14.6831,48.8229,9.4769,6.290,40.550,59.450,14,15,0.0000,ACHIEVED,10,ok,applied,preserved,0,not_needed_target_reached,match,not_run,PASS,hard_safe/qualified
https://fitfoodiefinds.com/chocolate-protein-ice-cream/,chocolate-fitfoodie,chocolate,-12,optimal,1,15.5211,47.8236,10.2077,7.822,43.770,56.230,15,16,0.0000,ACHIEVED,9,ok,applied,preserved,0,not_needed_target_reached,match,not_run,PASS,hard_safe/qualified
https://fitfoodiefinds.com/chocolate-protein-ice-cream/,chocolate-fitfoodie,chocolate,-12,optimal,2,16.5193,47.4323,9.7113,6.865,42.241,57.759,16,17,0.0000,ACHIEVED,10,ok,applied,preserved,0,not_needed_target_reached,match,not_run,PASS,hard_safe/qualified
https://fitfoodiefinds.com/chocolate-protein-ice-cream/,chocolate-fitfoodie,chocolate,-12,eco,-2,13.9092,45.8593,9.5446,6.405,39.799,60.201,12,13,0.9092,NEAREST,9,diagnostic,iteration_cap_diagnostic,preserved,0,candidate_for_rescue,match,not_run,PASS,hard_safe/qualified/iteration_cap_diagnostic
https://fitfoodiefinds.com/chocolate-protein-ice-cream/,chocolate-fitfoodie,chocolate,-12,eco,-1,13.9092,45.8593,9.5446,6.405,39.799,60.201,13,14,0.0000,ACHIEVED,10,ok,applied,preserved,0,not_needed_target_reached,match,not_run,PASS,hard_safe/qualified
https://fitfoodiefinds.com/chocolate-protein-ice-cream/,chocolate-fitfoodie,chocolate,-12,eco,0,14.6831,48.8229,9.4769,6.290,40.550,59.450,14,15,0.0000,ACHIEVED,10,ok,applied,preserved,0,not_needed_target_reached,match,not_run,PASS,hard_safe/qualified
https://fitfoodiefinds.com/chocolate-protein-ice-cream/,chocolate-fitfoodie,chocolate,-12,eco,1,15.5211,47.8236,10.2077,7.822,43.770,56.230,15,16,0.0000,ACHIEVED,9,ok,applied,preserved,0,not_needed_target_reached,match,not_run,PASS,hard_safe/qualified
https://fitfoodiefinds.com/chocolate-protein-ice-cream/,chocolate-fitfoodie,chocolate,-12,eco,2,16.5193,47.4323,9.7113,6.865,42.241,57.759,16,17,0.0000,ACHIEVED,10,ok,applied,preserved,0,not_needed_target_reached,match,not_run,PASS,hard_safe/qualified
https://fitfoodiefinds.com/chocolate-protein-ice-cream/,chocolate-fitfoodie,chocolate,-13,optimal,-2,13.4003,48.4021,9.9936,7.433,40.564,59.436,12,13,0.4003,NEAREST,9,diagnostic,iteration_cap_diagnostic,preserved,0,candidate_for_rescue,match,not_run,PASS,hard_safe/qualified/iteration_cap_diagnostic
https://fitfoodiefinds.com/chocolate-protein-ice-cream/,chocolate-fitfoodie,chocolate,-13,optimal,-1,13.8097,50.6574,10.4800,8.069,42.607,57.393,13,14,0.0000,ACHIEVED,9,ok,applied,preserved,0,not_needed_target_reached,match,not_run,PASS,hard_safe/qualified
https://fitfoodiefinds.com/chocolate-protein-ice-cream/,chocolate-fitfoodie,chocolate,-13,optimal,0,14.9999,48.5175,8.3673,5.135,38.027,61.973,14,15,0.0000,ACHIEVED,5,diagnostic,unsafe_proposal,preserved,0,not_needed_target_reached,match,not_run,PASS,hard_safe/unqualified/unsafe_proposal
https://fitfoodiefinds.com/chocolate-protein-ice-cream/,chocolate-fitfoodie,chocolate,-13,optimal,1,15.1536,54.8071,9.4851,5.220,41.245,58.755,15,16,0.0000,ACHIEVED,10,ok,applied,preserved,0,not_needed_target_reached,match,not_run,PASS,hard_safe/qualified
https://fitfoodiefinds.com/chocolate-protein-ice-cream/,chocolate-fitfoodie,chocolate,-13,optimal,2,16.9572,54.4079,9.4459,5.571,42.596,57.404,16,17,0.0000,ACHIEVED,10,ok,applied,preserved,0,not_needed_target_reached,match,not_run,PASS,hard_safe/qualified
https://fitfoodiefinds.com/chocolate-protein-ice-cream/,chocolate-fitfoodie,chocolate,-13,eco,-2,13.4003,48.4021,9.9936,7.433,40.564,59.436,12,13,0.4003,NEAREST,9,diagnostic,iteration_cap_diagnostic,preserved,0,candidate_for_rescue,match,not_run,PASS,hard_safe/qualified/iteration_cap_diagnostic
https://fitfoodiefinds.com/chocolate-protein-ice-cream/,chocolate-fitfoodie,chocolate,-13,eco,-1,13.8097,50.6574,10.4800,8.069,42.607,57.393,13,14,0.0000,ACHIEVED,9,ok,applied,preserved,0,not_needed_target_reached,match,not_run,PASS,hard_safe/qualified
https://fitfoodiefinds.com/chocolate-protein-ice-cream/,chocolate-fitfoodie,chocolate,-13,eco,0,14.9999,48.5175,8.3673,5.135,38.027,61.973,14,15,0.0000,ACHIEVED,5,diagnostic,unsafe_proposal,preserved,0,not_needed_target_reached,match,not_run,PASS,hard_safe/unqualified/unsafe_proposal
https://fitfoodiefinds.com/chocolate-protein-ice-cream/,chocolate-fitfoodie,chocolate,-13,eco,1,15.1536,54.8071,9.4851,5.220,41.245,58.755,15,16,0.0000,ACHIEVED,10,ok,applied,preserved,0,not_needed_target_reached,match,not_run,PASS,hard_safe/qualified
https://fitfoodiefinds.com/chocolate-protein-ice-cream/,chocolate-fitfoodie,chocolate,-13,eco,2,16.9572,54.4079,9.4459,5.571,42.596,57.404,16,17,0.0000,ACHIEVED,10,ok,applied,preserved,0,not_needed_target_reached,match,not_run,PASS,hard_safe/qualified
https://www.wholesomeyum.com/protein-ice-cream-recipe/,dark-cocoa-wholesomeyum,dark_cocoa,-11,optimal,-2,12.5387,35.3106,9.1076,8.478,35.745,64.255,12,13,0.0000,ACHIEVED,10,ok,applied,preserved,0,not_needed_target_reached,match,not_run,PASS,hard_safe/qualified
https://www.wholesomeyum.com/protein-ice-cream-recipe/,dark-cocoa-wholesomeyum,dark_cocoa,-11,optimal,-1,13.4712,41.1363,9.3727,7.705,40.107,59.893,13,14,0.0000,ACHIEVED,10,ok,applied,preserved,0,not_needed_target_reached,match,not_run,PASS,hard_safe/qualified
https://www.wholesomeyum.com/protein-ice-cream-recipe/,dark-cocoa-wholesomeyum,dark_cocoa,-11,optimal,0,14.5103,36.7092,8.0021,5.766,33.745,66.255,14,15,0.0000,ACHIEVED,10,ok,applied,preserved,0,not_needed_target_reached,match,not_run,PASS,hard_safe/qualified
https://www.wholesomeyum.com/protein-ice-cream-recipe/,dark-cocoa-wholesomeyum,dark_cocoa,-11,optimal,1,15.6992,38.1530,8.9557,6.836,37.623,62.378,15,16,0.0000,ACHIEVED,10,ok,applied,preserved,0,not_needed_target_reached,match,not_run,PASS,hard_safe/qualified
https://www.wholesomeyum.com/protein-ice-cream-recipe/,dark-cocoa-wholesomeyum,dark_cocoa,-11,optimal,2,16.2280,39.5944,2.1237,10.648,36.988,63.012,16,17,0.0000,ACHIEVED,5,diagnostic,unsafe_proposal,preserved,0,not_needed_target_reached,match,not_run,PASS,hard_safe/unqualified/unsafe_proposal
https://www.wholesomeyum.com/protein-ice-cream-recipe/,dark-cocoa-wholesomeyum,dark_cocoa,-11,eco,-2,12.5387,35.3106,9.1076,8.478,35.745,64.255,12,13,0.0000,ACHIEVED,10,ok,applied,preserved,0,not_needed_target_reached,match,not_run,PASS,hard_safe/qualified
https://www.wholesomeyum.com/protein-ice-cream-recipe/,dark-cocoa-wholesomeyum,dark_cocoa,-11,eco,-1,13.4712,41.1363,9.3727,7.705,40.107,59.893,13,14,0.0000,ACHIEVED,10,ok,applied,preserved,0,not_needed_target_reached,match,not_run,PASS,hard_safe/qualified
https://www.wholesomeyum.com/protein-ice-cream-recipe/,dark-cocoa-wholesomeyum,dark_cocoa,-11,eco,0,14.5103,36.7092,8.0021,5.766,33.745,66.255,14,15,0.0000,ACHIEVED,10,ok,applied,preserved,0,not_needed_target_reached,match,not_run,PASS,hard_safe/qualified
https://www.wholesomeyum.com/protein-ice-cream-recipe/,dark-cocoa-wholesomeyum,dark_cocoa,-11,eco,1,15.6992,38.1530,8.9557,6.836,37.623,62.378,15,16,0.0000,ACHIEVED,10,ok,applied,preserved,0,not_needed_target_reached,match,not_run,PASS,hard_safe/qualified
https://www.wholesomeyum.com/protein-ice-cream-recipe/,dark-cocoa-wholesomeyum,dark_cocoa,-11,eco,2,16.2280,39.5944,2.1237,10.648,36.988,63.012,16,17,0.0000,ACHIEVED,5,diagnostic,unsafe_proposal,preserved,0,not_needed_target_reached,match,not_run,PASS,hard_safe/unqualified/unsafe_proposal
https://www.wholesomeyum.com/protein-ice-cream-recipe/,dark-cocoa-wholesomeyum,dark_cocoa,-12,optimal,-2,12.8173,44.3782,10.4918,8.989,43.471,56.529,12,13,0.0000,ACHIEVED,9,ok,applied,preserved,0,not_needed_target_reached,match,not_run,PASS,hard_safe/qualified
https://www.wholesomeyum.com/protein-ice-cream-recipe/,dark-cocoa-wholesomeyum,dark_cocoa,-12,optimal,-1,13.7615,43.6542,9.4854,5.707,41.577,58.423,13,14,0.0000,ACHIEVED,10,ok,applied,preserved,0,not_needed_target_reached,match,not_run,PASS,hard_safe/qualified
https://www.wholesomeyum.com/protein-ice-cream-recipe/,dark-cocoa-wholesomeyum,dark_cocoa,-12,optimal,0,14.7253,42.5762,9.5117,6.833,38.949,61.051,14,15,0.0000,ACHIEVED,10,ok,applied,preserved,0,not_needed_target_reached,match,not_run,PASS,hard_safe/qualified
https://www.wholesomeyum.com/protein-ice-cream-recipe/,dark-cocoa-wholesomeyum,dark_cocoa,-12,optimal,1,15.1343,49.3190,5.2908,8.177,41.412,58.588,15,16,0.0000,ACHIEVED,5,diagnostic,unsafe_proposal,preserved,0,not_needed_target_reached,match,not_run,PASS,hard_safe/unqualified/unsafe_proposal
https://www.wholesomeyum.com/protein-ice-cream-recipe/,dark-cocoa-wholesomeyum,dark_cocoa,-12,optimal,2,16.2269,49.8374,9.5218,6.403,40.842,59.158,16,17,0.0000,ACHIEVED,10,ok,applied,preserved,0,not_needed_target_reached,match,not_run,PASS,hard_safe/qualified
https://www.wholesomeyum.com/protein-ice-cream-recipe/,dark-cocoa-wholesomeyum,dark_cocoa,-12,eco,-2,12.8173,44.3782,10.4918,8.989,43.471,56.529,12,13,0.0000,ACHIEVED,9,ok,applied,preserved,0,not_needed_target_reached,match,not_run,PASS,hard_safe/qualified
https://www.wholesomeyum.com/protein-ice-cream-recipe/,dark-cocoa-wholesomeyum,dark_cocoa,-12,eco,-1,13.7615,43.6542,9.4854,5.707,41.577,58.423,13,14,0.0000,ACHIEVED,10,ok,applied,preserved,0,not_needed_target_reached,match,not_run,PASS,hard_safe/qualified
https://www.wholesomeyum.com/protein-ice-cream-recipe/,dark-cocoa-wholesomeyum,dark_cocoa,-12,eco,0,14.7253,42.5762,9.5117,6.833,38.949,61.051,14,15,0.0000,ACHIEVED,10,ok,applied,preserved,0,not_needed_target_reached,match,not_run,PASS,hard_safe/qualified
https://www.wholesomeyum.com/protein-ice-cream-recipe/,dark-cocoa-wholesomeyum,dark_cocoa,-12,eco,1,15.1343,49.3190,5.2908,8.177,41.412,58.588,15,16,0.0000,ACHIEVED,5,diagnostic,unsafe_proposal,preserved,0,not_needed_target_reached,match,not_run,PASS,hard_safe/unqualified/unsafe_proposal
https://www.wholesomeyum.com/protein-ice-cream-recipe/,dark-cocoa-wholesomeyum,dark_cocoa,-12,eco,2,16.2269,49.8374,9.5218,6.403,40.842,59.158,16,17,0.0000,ACHIEVED,10,ok,applied,preserved,0,not_needed_target_reached,match,not_run,PASS,hard_safe/qualified
https://www.wholesomeyum.com/protein-ice-cream-recipe/,dark-cocoa-wholesomeyum,dark_cocoa,-13,optimal,-2,15.6772,53.1531,11.0360,8.866,44.966,55.034,12,13,2.6772,NEAREST,9,ok,applied,preserved,0,candidate_for_rescue,match,not_run,PASS,hard_safe/qualified
https://www.wholesomeyum.com/protein-ice-cream-recipe/,dark-cocoa-wholesomeyum,dark_cocoa,-13,optimal,-1,13.4804,50.6206,10.0914,8.047,42.871,57.129,13,14,0.0000,ACHIEVED,9,ok,applied,preserved,0,not_needed_target_reached,match,not_run,PASS,hard_safe/qualified
https://www.wholesomeyum.com/protein-ice-cream-recipe/,dark-cocoa-wholesomeyum,dark_cocoa,-13,optimal,0,14.8210,48.6322,9.1576,6.366,39.951,60.049,14,15,0.0000,ACHIEVED,10,ok,applied,preserved,0,not_needed_target_reached,match,not_run,PASS,hard_safe/qualified
https://www.wholesomeyum.com/protein-ice-cream-recipe/,dark-cocoa-wholesomeyum,dark_cocoa,-13,optimal,1,15.7997,49.9893,8.6895,5.104,37.970,62.030,15,16,0.0000,ACHIEVED,10,ok,applied,preserved,0,not_needed_target_reached,match,not_run,PASS,hard_safe/qualified
https://www.wholesomeyum.com/protein-ice-cream-recipe/,dark-cocoa-wholesomeyum,dark_cocoa,-13,optimal,2,16.8676,49.8492,10.0398,6.402,44.066,55.934,16,17,0.0000,ACHIEVED,9,ok,applied,preserved,0,not_needed_target_reached,match,not_run,PASS,hard_safe/qualified
https://www.wholesomeyum.com/protein-ice-cream-recipe/,dark-cocoa-wholesomeyum,dark_cocoa,-13,eco,-2,15.6772,53.1531,11.0360,8.866,44.966,55.034,12,13,2.6772,NEAREST,9,ok,applied,preserved,0,candidate_for_rescue,match,not_run,PASS,hard_safe/qualified
https://www.wholesomeyum.com/protein-ice-cream-recipe/,dark-cocoa-wholesomeyum,dark_cocoa,-13,eco,-1,13.4804,50.6206,10.0914,8.047,42.871,57.129,13,14,0.0000,ACHIEVED,9,ok,applied,preserved,0,not_needed_target_reached,match,not_run,PASS,hard_safe/qualified
https://www.wholesomeyum.com/protein-ice-cream-recipe/,dark-cocoa-wholesomeyum,dark_cocoa,-13,eco,0,14.8210,48.6322,9.1576,6.366,39.951,60.049,14,15,0.0000,ACHIEVED,10,ok,applied,preserved,0,not_needed_target_reached,match,not_run,PASS,hard_safe/qualified
https://www.wholesomeyum.com/protein-ice-cream-recipe/,dark-cocoa-wholesomeyum,dark_cocoa,-13,eco,1,15.7997,49.9893,8.6895,5.104,37.970,62.030,15,16,0.0000,ACHIEVED,10,ok,applied,preserved,0,not_needed_target_reached,match,not_run,PASS,hard_safe/qualified
https://www.wholesomeyum.com/protein-ice-cream-recipe/,dark-cocoa-wholesomeyum,dark_cocoa,-13,eco,2,16.8676,49.8492,10.0398,6.402,44.066,55.934,16,17,0.0000,ACHIEVED,9,ok,applied,preserved,0,not_needed_target_reached,match,not_run,PASS,hard_safe/qualified
https://georgeats.com/recipes/ninja-creami-protein-ice-cream-5-ways/,strawberry-ricotta-george,strawberry,-11,optimal,-2,12.9523,33.8435,9.0203,7.493,34.848,65.152,12,13,0.0000,ACHIEVED,10,ok,applied,preserved,0,not_needed_target_reached,match,not_run,PASS,hard_safe/qualified
https://georgeats.com/recipes/ninja-creami-protein-ice-cream-5-ways/,strawberry-ricotta-george,strawberry,-11,optimal,-1,13.9657,33.1191,9.4825,7.401,35.668,64.332,13,14,0.0000,ACHIEVED,10,ok,applied,preserved,0,not_needed_target_reached,match,not_run,PASS,hard_safe/qualified
https://georgeats.com/recipes/ninja-creami-protein-ice-cream-5-ways/,strawberry-ricotta-george,strawberry,-11,optimal,0,14.5107,34.9972,8.9777,6.881,35.546,64.454,14,15,0.0000,ACHIEVED,9,ok,applied,preserved,0,not_needed_target_reached,match,not_run,PASS,hard_safe/qualified
https://georgeats.com/recipes/ninja-creami-protein-ice-cream-5-ways/,strawberry-ricotta-george,strawberry,-11,optimal,1,15.6596,38.4175,9.4984,6.795,37.418,62.582,15,16,0.0000,ACHIEVED,9,ok,applied,preserved,0,not_needed_target_reached,match,not_run,PASS,hard_safe/qualified
https://georgeats.com/recipes/ninja-creami-protein-ice-cream-5-ways/,strawberry-ricotta-george,strawberry,-11,optimal,2,16.2025,41.3036,9.9959,6.776,39.046,60.954,16,17,0.0000,ACHIEVED,9,ok,applied,preserved,0,not_needed_target_reached,match,not_run,PASS,hard_safe/qualified
https://georgeats.com/recipes/ninja-creami-protein-ice-cream-5-ways/,strawberry-ricotta-george,strawberry,-11,eco,-2,12.9523,33.8435,9.0203,7.493,34.848,65.152,12,13,0.0000,ACHIEVED,10,ok,applied,preserved,0,not_needed_target_reached,match,not_run,PASS,hard_safe/qualified
https://georgeats.com/recipes/ninja-creami-protein-ice-cream-5-ways/,strawberry-ricotta-george,strawberry,-11,eco,-1,13.9657,33.1191,9.4825,7.401,35.668,64.332,13,14,0.0000,ACHIEVED,10,ok,applied,preserved,0,not_needed_target_reached,match,not_run,PASS,hard_safe/qualified
https://georgeats.com/recipes/ninja-creami-protein-ice-cream-5-ways/,strawberry-ricotta-george,strawberry,-11,eco,0,14.5107,34.9972,8.9777,6.881,35.546,64.454,14,15,0.0000,ACHIEVED,9,ok,applied,preserved,0,not_needed_target_reached,match,not_run,PASS,hard_safe/qualified
https://georgeats.com/recipes/ninja-creami-protein-ice-cream-5-ways/,strawberry-ricotta-george,strawberry,-11,eco,1,15.6596,38.4175,9.4984,6.795,37.418,62.582,15,16,0.0000,ACHIEVED,9,ok,applied,preserved,0,not_needed_target_reached,match,not_run,PASS,hard_safe/qualified
https://georgeats.com/recipes/ninja-creami-protein-ice-cream-5-ways/,strawberry-ricotta-george,strawberry,-11,eco,2,16.2025,41.3036,9.9959,6.776,39.046,60.954,16,17,0.0000,ACHIEVED,9,ok,applied,preserved,0,not_needed_target_reached,match,not_run,PASS,hard_safe/qualified
https://georgeats.com/recipes/ninja-creami-protein-ice-cream-5-ways/,strawberry-ricotta-george,strawberry,-12,optimal,-2,14.0155,42.0899,10.0195,6.727,41.065,58.935,12,13,1.0155,NEAREST,7,ok,applied,preserved,0,candidate_for_rescue,match,not_run,PASS,hard_safe/qualified
https://georgeats.com/recipes/ninja-creami-protein-ice-cream-5-ways/,strawberry-ricotta-george,strawberry,-12,optimal,-1,14.6680,42.2382,10.0334,6.545,41.649,58.351,13,14,0.6680,NEAREST,7,ok,applied,preserved,0,candidate_for_rescue,match,not_run,PASS,hard_safe/qualified
https://georgeats.com/recipes/ninja-creami-protein-ice-cream-5-ways/,strawberry-ricotta-george,strawberry,-12,optimal,0,14.6680,42.2382,10.0334,6.545,41.649,58.351,14,15,0.0000,ACHIEVED,7,diagnostic,iteration_cap_diagnostic,preserved,0,not_needed_target_reached,match,not_run,PASS,hard_safe/qualified/iteration_cap_diagnostic
https://georgeats.com/recipes/ninja-creami-protein-ice-cream-5-ways/,strawberry-ricotta-george,strawberry,-12,optimal,1,15.9996,42.0362,9.4478,6.269,37.837,62.163,15,16,0.0000,ACHIEVED,9,ok,applied,preserved,0,not_needed_target_reached,match,not_run,PASS,hard_safe/qualified
https://georgeats.com/recipes/ninja-creami-protein-ice-cream-5-ways/,strawberry-ricotta-george,strawberry,-12,optimal,2,16.9028,48.0699,9.9747,5.040,43.154,56.846,16,17,0.0000,ACHIEVED,8,ok,applied,preserved,0,not_needed_target_reached,match,not_run,PASS,hard_safe/qualified
https://georgeats.com/recipes/ninja-creami-protein-ice-cream-5-ways/,strawberry-ricotta-george,strawberry,-12,eco,-2,14.0155,42.0899,10.0195,6.727,41.065,58.935,12,13,1.0155,NEAREST,7,ok,applied,preserved,0,candidate_for_rescue,match,not_run,PASS,hard_safe/qualified
https://georgeats.com/recipes/ninja-creami-protein-ice-cream-5-ways/,strawberry-ricotta-george,strawberry,-12,eco,-1,14.6680,42.2382,10.0334,6.545,41.649,58.351,13,14,0.6680,NEAREST,7,ok,applied,preserved,0,candidate_for_rescue,match,not_run,PASS,hard_safe/qualified
https://georgeats.com/recipes/ninja-creami-protein-ice-cream-5-ways/,strawberry-ricotta-george,strawberry,-12,eco,0,14.6680,42.2382,10.0334,6.545,41.649,58.351,14,15,0.0000,ACHIEVED,7,diagnostic,iteration_cap_diagnostic,preserved,0,not_needed_target_reached,match,not_run,PASS,hard_safe/qualified/iteration_cap_diagnostic
https://georgeats.com/recipes/ninja-creami-protein-ice-cream-5-ways/,strawberry-ricotta-george,strawberry,-12,eco,1,15.9996,42.0362,9.4478,6.269,37.837,62.163,15,16,0.0000,ACHIEVED,9,ok,applied,preserved,0,not_needed_target_reached,match,not_run,PASS,hard_safe/qualified
https://georgeats.com/recipes/ninja-creami-protein-ice-cream-5-ways/,strawberry-ricotta-george,strawberry,-12,eco,2,16.9028,48.0699,9.9747,5.040,43.154,56.846,16,17,0.0000,ACHIEVED,8,ok,applied,preserved,0,not_needed_target_reached,match,not_run,PASS,hard_safe/qualified
https://georgeats.com/recipes/ninja-creami-protein-ice-cream-5-ways/,strawberry-ricotta-george,strawberry,-13,optimal,-2,16.2743,48.3039,10.5286,7.525,42.753,57.247,12,13,3.2743,NEAREST,7,ok,applied,preserved,0,candidate_for_rescue,match,not_run,PASS,hard_safe/qualified
https://georgeats.com/recipes/ninja-creami-protein-ice-cream-5-ways/,strawberry-ricotta-george,strawberry,-13,optimal,-1,15.8890,48.0881,10.9642,7.681,43.849,56.151,13,14,1.8890,NEAREST,7,ok,applied,preserved,0,candidate_for_rescue,match,not_run,PASS,hard_safe/qualified
https://georgeats.com/recipes/ninja-creami-protein-ice-cream-5-ways/,strawberry-ricotta-george,strawberry,-13,optimal,0,16.9367,48.0913,10.0238,6.096,42.372,57.628,14,15,1.9367,NEAREST,7,ok,applied,preserved,0,candidate_for_rescue,match,not_run,PASS,hard_safe/qualified
https://georgeats.com/recipes/ninja-creami-protein-ice-cream-5-ways/,strawberry-ricotta-george,strawberry,-13,optimal,1,16.8628,50.6174,9.9939,5.946,41.848,58.152,15,16,0.8628,NEAREST,8,ok,applied,preserved,0,candidate_for_rescue,match,not_run,PASS,hard_safe/qualified
https://georgeats.com/recipes/ninja-creami-protein-ice-cream-5-ways/,strawberry-ricotta-george,strawberry,-13,optimal,2,16.9575,49.2960,10.4954,6.157,44.221,55.779,16,17,0.0000,ACHIEVED,7,ok,applied,preserved,0,not_needed_target_reached,match,not_run,PASS,hard_safe/qualified
https://georgeats.com/recipes/ninja-creami-protein-ice-cream-5-ways/,strawberry-ricotta-george,strawberry,-13,eco,-2,16.2743,48.3039,10.5286,7.525,42.753,57.247,12,13,3.2743,NEAREST,7,ok,applied,preserved,0,candidate_for_rescue,match,not_run,PASS,hard_safe/qualified
https://georgeats.com/recipes/ninja-creami-protein-ice-cream-5-ways/,strawberry-ricotta-george,strawberry,-13,eco,-1,15.8890,48.0881,10.9642,7.681,43.849,56.151,13,14,1.8890,NEAREST,7,ok,applied,preserved,0,candidate_for_rescue,match,not_run,PASS,hard_safe/qualified
https://georgeats.com/recipes/ninja-creami-protein-ice-cream-5-ways/,strawberry-ricotta-george,strawberry,-13,eco,0,16.9367,48.0913,10.0238,6.096,42.372,57.628,14,15,1.9367,NEAREST,7,ok,applied,preserved,0,candidate_for_rescue,match,not_run,PASS,hard_safe/qualified
https://georgeats.com/recipes/ninja-creami-protein-ice-cream-5-ways/,strawberry-ricotta-george,strawberry,-13,eco,1,16.8628,50.6174,9.9939,5.946,41.848,58.152,15,16,0.8628,NEAREST,8,ok,applied,preserved,0,candidate_for_rescue,match,not_run,PASS,hard_safe/qualified
https://georgeats.com/recipes/ninja-creami-protein-ice-cream-5-ways/,strawberry-ricotta-george,strawberry,-13,eco,2,16.9575,49.2960,10.4954,6.157,44.221,55.779,16,17,0.0000,ACHIEVED,7,ok,applied,preserved,0,not_needed_target_reached,match,not_run,PASS,hard_safe/qualified
https://eatcreami.com/recipes/collection/protein-ice-cream,raspberry-eatcreami,raspberry,-11,optimal,-2,12.1907,33.1450,8.0220,5.680,31.407,68.593,12,13,0.0000,ACHIEVED,10,ok,applied,preserved,0,not_needed_target_reached,match,not_run,PASS,hard_safe/qualified
https://eatcreami.com/recipes/collection/protein-ice-cream,raspberry-eatcreami,raspberry,-11,optimal,-1,13.4370,37.3159,8.5404,5.631,33.829,66.171,13,14,0.0000,ACHIEVED,10,ok,applied,preserved,0,not_needed_target_reached,match,not_run,PASS,hard_safe/qualified
https://eatcreami.com/recipes/collection/protein-ice-cream,raspberry-eatcreami,raspberry,-11,optimal,0,14.4669,39.4128,8.5246,5.571,34.821,65.179,14,15,0.0000,ACHIEVED,10,ok,applied,preserved,0,not_needed_target_reached,match,not_run,PASS,hard_safe/qualified
https://eatcreami.com/recipes/collection/protein-ice-cream,raspberry-eatcreami,raspberry,-11,optimal,1,15.5141,33.7346,10.9695,10.364,40.306,59.694,15,16,0.0000,ACHIEVED,9,ok,applied,preserved,0,not_needed_target_reached,match,not_run,PASS,hard_safe/qualified
https://eatcreami.com/recipes/collection/protein-ice-cream,raspberry-eatcreami,raspberry,-11,optimal,2,16.0157,41.7228,10.9923,8.922,42.489,57.511,16,17,0.0000,ACHIEVED,9,ok,applied,preserved,0,not_needed_target_reached,match,not_run,PASS,hard_safe/qualified
https://eatcreami.com/recipes/collection/protein-ice-cream,raspberry-eatcreami,raspberry,-11,eco,-2,12.1907,33.1450,8.0220,5.680,31.407,68.593,12,13,0.0000,ACHIEVED,10,ok,applied,preserved,0,not_needed_target_reached,match,not_run,PASS,hard_safe/qualified
https://eatcreami.com/recipes/collection/protein-ice-cream,raspberry-eatcreami,raspberry,-11,eco,-1,13.4370,37.3159,8.5404,5.631,33.829,66.171,13,14,0.0000,ACHIEVED,10,ok,applied,preserved,0,not_needed_target_reached,match,not_run,PASS,hard_safe/qualified
https://eatcreami.com/recipes/collection/protein-ice-cream,raspberry-eatcreami,raspberry,-11,eco,0,14.4669,39.4128,8.5246,5.571,34.821,65.179,14,15,0.0000,ACHIEVED,10,ok,applied,preserved,0,not_needed_target_reached,match,not_run,PASS,hard_safe/qualified
https://eatcreami.com/recipes/collection/protein-ice-cream,raspberry-eatcreami,raspberry,-11,eco,1,15.5141,33.7346,10.9695,10.364,40.306,59.694,15,16,0.0000,ACHIEVED,9,ok,applied,preserved,0,not_needed_target_reached,match,not_run,PASS,hard_safe/qualified
https://eatcreami.com/recipes/collection/protein-ice-cream,raspberry-eatcreami,raspberry,-11,eco,2,16.0157,41.7228,10.9923,8.922,42.489,57.511,16,17,0.0000,ACHIEVED,9,ok,applied,preserved,0,not_needed_target_reached,match,not_run,PASS,hard_safe/qualified
https://eatcreami.com/recipes/collection/protein-ice-cream,raspberry-eatcreami,raspberry,-12,optimal,-2,13.2924,45.1046,8.4865,5.356,35.946,64.054,12,13,0.2924,NEAREST,9,diagnostic,iteration_cap_diagnostic,preserved,0,candidate_for_rescue,match,not_run,PASS,hard_safe/qualified/iteration_cap_diagnostic
https://eatcreami.com/recipes/collection/protein-ice-cream,raspberry-eatcreami,raspberry,-12,optimal,-1,13.2924,45.1046,8.4865,5.356,35.946,64.054,13,14,0.0000,ACHIEVED,10,ok,applied,preserved,0,not_needed_target_reached,match,not_run,PASS,hard_safe/qualified
https://eatcreami.com/recipes/collection/protein-ice-cream,raspberry-eatcreami,raspberry,-12,optimal,0,14.1834,45.4042,8.5096,5.316,36.632,63.368,14,15,0.0000,ACHIEVED,10,ok,applied,preserved,0,not_needed_target_reached,match,not_run,PASS,hard_safe/qualified
https://eatcreami.com/recipes/collection/protein-ice-cream,raspberry-eatcreami,raspberry,-12,optimal,1,15.3243,49.9788,8.9809,5.279,38.858,61.142,15,16,0.0000,ACHIEVED,10,ok,applied,preserved,0,not_needed_target_reached,match,not_run,PASS,hard_safe/qualified
https://eatcreami.com/recipes/collection/protein-ice-cream,raspberry-eatcreami,raspberry,-12,optimal,2,16.2698,49.7418,10.4754,6.667,43.341,56.659,16,17,0.0000,ACHIEVED,8,ok,applied,preserved,0,not_needed_target_reached,match,not_run,PASS,hard_safe/qualified
https://eatcreami.com/recipes/collection/protein-ice-cream,raspberry-eatcreami,raspberry,-12,eco,-2,13.2924,45.1046,8.4865,5.356,35.946,64.054,12,13,0.2924,NEAREST,9,diagnostic,iteration_cap_diagnostic,preserved,0,candidate_for_rescue,match,not_run,PASS,hard_safe/qualified/iteration_cap_diagnostic
https://eatcreami.com/recipes/collection/protein-ice-cream,raspberry-eatcreami,raspberry,-12,eco,-1,13.2924,45.1046,8.4865,5.356,35.946,64.054,13,14,0.0000,ACHIEVED,10,ok,applied,preserved,0,not_needed_target_reached,match,not_run,PASS,hard_safe/qualified
https://eatcreami.com/recipes/collection/protein-ice-cream,raspberry-eatcreami,raspberry,-12,eco,0,14.1834,45.4042,8.5096,5.316,36.632,63.368,14,15,0.0000,ACHIEVED,10,ok,applied,preserved,0,not_needed_target_reached,match,not_run,PASS,hard_safe/qualified
https://eatcreami.com/recipes/collection/protein-ice-cream,raspberry-eatcreami,raspberry,-12,eco,1,15.3243,49.9788,8.9809,5.279,38.858,61.142,15,16,0.0000,ACHIEVED,10,ok,applied,preserved,0,not_needed_target_reached,match,not_run,PASS,hard_safe/qualified
https://eatcreami.com/recipes/collection/protein-ice-cream,raspberry-eatcreami,raspberry,-12,eco,2,16.2698,49.7418,10.4754,6.667,43.341,56.659,16,17,0.0000,ACHIEVED,8,ok,applied,preserved,0,not_needed_target_reached,match,not_run,PASS,hard_safe/qualified
https://eatcreami.com/recipes/collection/protein-ice-cream,raspberry-eatcreami,raspberry,-13,optimal,-2,12.8946,48.2797,10.5320,8.654,40.001,59.999,12,13,0.0000,ACHIEVED,9,ok,applied,preserved,0,not_needed_target_reached,match,not_run,PASS,hard_safe/qualified
https://eatcreami.com/recipes/collection/protein-ice-cream,raspberry-eatcreami,raspberry,-13,optimal,-1,13.5596,49.0318,9.0286,5.647,36.864,63.136,13,14,0.0000,ACHIEVED,10,ok,applied,preserved,0,not_needed_target_reached,match,not_run,PASS,hard_safe/qualified
https://eatcreami.com/recipes/collection/protein-ice-cream,raspberry-eatcreami,raspberry,-13,optimal,0,14.4947,48.4885,8.9747,5.609,37.405,62.595,14,15,0.0000,ACHIEVED,10,ok,applied,preserved,0,not_needed_target_reached,match,not_run,PASS,hard_safe/qualified
https://eatcreami.com/recipes/collection/protein-ice-cream,raspberry-eatcreami,raspberry,-13,optimal,1,15.4998,50.4873,8.8765,5.562,38.193,61.807,15,16,0.0000,ACHIEVED,10,ok,applied,preserved,0,not_needed_target_reached,match,not_run,PASS,hard_safe/qualified
https://eatcreami.com/recipes/collection/protein-ice-cream,raspberry-eatcreami,raspberry,-13,optimal,2,16.4823,54.4695,9.3068,5.383,40.052,59.948,16,17,0.0000,ACHIEVED,10,ok,applied,preserved,0,not_needed_target_reached,match,not_run,PASS,hard_safe/qualified
https://eatcreami.com/recipes/collection/protein-ice-cream,raspberry-eatcreami,raspberry,-13,eco,-2,12.8946,48.2797,10.5320,8.654,40.001,59.999,12,13,0.0000,ACHIEVED,9,ok,applied,preserved,0,not_needed_target_reached,match,not_run,PASS,hard_safe/qualified
https://eatcreami.com/recipes/collection/protein-ice-cream,raspberry-eatcreami,raspberry,-13,eco,-1,13.5596,49.0318,9.0286,5.647,36.864,63.136,13,14,0.0000,ACHIEVED,10,ok,applied,preserved,0,not_needed_target_reached,match,not_run,PASS,hard_safe/qualified
https://eatcreami.com/recipes/collection/protein-ice-cream,raspberry-eatcreami,raspberry,-13,eco,0,14.4947,48.4885,8.9747,5.609,37.405,62.595,14,15,0.0000,ACHIEVED,10,ok,applied,preserved,0,not_needed_target_reached,match,not_run,PASS,hard_safe/qualified
https://eatcreami.com/recipes/collection/protein-ice-cream,raspberry-eatcreami,raspberry,-13,eco,1,15.4998,50.4873,8.8765,5.562,38.193,61.807,15,16,0.0000,ACHIEVED,10,ok,applied,preserved,0,not_needed_target_reached,match,not_run,PASS,hard_safe/qualified
https://eatcreami.com/recipes/collection/protein-ice-cream,raspberry-eatcreami,raspberry,-13,eco,2,16.4823,54.4695,9.3068,5.383,40.052,59.948,16,17,0.0000,ACHIEVED,10,ok,applied,preserved,0,not_needed_target_reached,match,not_run,PASS,hard_safe/qualified
https://theproteinchef.co/protein-banana-ice-cream-recipe/,banana-proteinchef,banana,-11,optimal,-2,12.9202,34.2110,9.0264,7.796,34.602,65.398,12,13,0.0000,ACHIEVED,10,ok,applied,preserved,0,not_needed_target_reached,match,not_run,PASS,hard_safe/qualified
https://theproteinchef.co/protein-banana-ice-cream-recipe/,banana-proteinchef,banana,-11,optimal,-1,13.4954,35.8299,8.8820,6.158,35.848,64.152,13,14,0.0000,ACHIEVED,10,ok,applied,preserved,0,not_needed_target_reached,match,not_run,PASS,hard_safe/qualified
https://theproteinchef.co/protein-banana-ice-cream-recipe/,banana-proteinchef,banana,-11,optimal,0,14.4642,36.0140,8.2939,5.083,34.410,65.590,14,15,0.0000,ACHIEVED,10,ok,applied,preserved,0,not_needed_target_reached,match,not_run,PASS,hard_safe/qualified
https://theproteinchef.co/protein-banana-ice-cream-recipe/,banana-proteinchef,banana,-11,optimal,1,15.0518,41.9704,9.0405,5.401,38.169,61.831,15,16,0.0000,ACHIEVED,10,ok,applied,preserved,0,not_needed_target_reached,match,not_run,PASS,hard_safe/qualified
https://theproteinchef.co/protein-banana-ice-cream-recipe/,banana-proteinchef,banana,-11,optimal,2,15.5677,34.9398,9.8591,8.151,38.500,61.500,16,17,0.4323,NEAREST,9,diagnostic,iteration_cap_diagnostic,preserved,0,candidate_for_rescue,match,not_run,PASS,hard_safe/qualified/iteration_cap_diagnostic
https://theproteinchef.co/protein-banana-ice-cream-recipe/,banana-proteinchef,banana,-11,eco,-2,12.9202,34.2110,9.0264,7.796,34.602,65.398,12,13,0.0000,ACHIEVED,10,ok,applied,preserved,0,not_needed_target_reached,match,not_run,PASS,hard_safe/qualified
https://theproteinchef.co/protein-banana-ice-cream-recipe/,banana-proteinchef,banana,-11,eco,-1,13.4954,35.8299,8.8820,6.158,35.848,64.152,13,14,0.0000,ACHIEVED,10,ok,applied,preserved,0,not_needed_target_reached,match,not_run,PASS,hard_safe/qualified
https://theproteinchef.co/protein-banana-ice-cream-recipe/,banana-proteinchef,banana,-11,eco,0,14.4642,36.0140,8.2939,5.083,34.410,65.590,14,15,0.0000,ACHIEVED,10,ok,applied,preserved,0,not_needed_target_reached,match,not_run,PASS,hard_safe/qualified
https://theproteinchef.co/protein-banana-ice-cream-recipe/,banana-proteinchef,banana,-11,eco,1,15.0518,41.9704,9.0405,5.401,38.169,61.831,15,16,0.0000,ACHIEVED,10,ok,applied,preserved,0,not_needed_target_reached,match,not_run,PASS,hard_safe/qualified
https://theproteinchef.co/protein-banana-ice-cream-recipe/,banana-proteinchef,banana,-11,eco,2,15.5677,34.9398,9.8591,8.151,38.500,61.500,16,17,0.4323,NEAREST,9,diagnostic,iteration_cap_diagnostic,preserved,0,candidate_for_rescue,match,not_run,PASS,hard_safe/qualified/iteration_cap_diagnostic
https://theproteinchef.co/protein-banana-ice-cream-recipe/,banana-proteinchef,banana,-12,optimal,-2,13.6769,43.6399,9.0150,6.806,35.435,64.565,12,13,0.6769,NEAREST,9,diagnostic,iteration_cap_diagnostic,preserved,0,candidate_for_rescue,match,not_run,PASS,hard_safe/qualified/iteration_cap_diagnostic
https://theproteinchef.co/protein-banana-ice-cream-recipe/,banana-proteinchef,banana,-12,optimal,-1,13.6769,43.6399,9.0150,6.806,35.435,64.565,13,14,0.0000,ACHIEVED,10,diagnostic,iteration_cap_diagnostic,preserved,0,not_needed_target_reached,match,not_run,PASS,hard_safe/qualified/iteration_cap_diagnostic
https://theproteinchef.co/protein-banana-ice-cream-recipe/,banana-proteinchef,banana,-12,optimal,0,14.4365,46.5975,9.2796,6.210,38.459,61.542,14,15,0.0000,ACHIEVED,10,ok,applied,preserved,0,not_needed_target_reached,match,not_run,PASS,hard_safe/qualified
https://theproteinchef.co/protein-banana-ice-cream-recipe/,banana-proteinchef,banana,-12,optimal,1,15.3064,48.5837,8.6507,5.050,36.860,63.140,15,16,0.0000,ACHIEVED,10,ok,applied,preserved,0,not_needed_target_reached,match,not_run,PASS,hard_safe/qualified
https://theproteinchef.co/protein-banana-ice-cream-recipe/,banana-proteinchef,banana,-12,optimal,2,16.4696,49.3702,9.3589,5.005,40.332,59.668,16,17,0.0000,ACHIEVED,10,ok,applied,preserved,0,not_needed_target_reached,match,not_run,PASS,hard_safe/qualified
https://theproteinchef.co/protein-banana-ice-cream-recipe/,banana-proteinchef,banana,-12,eco,-2,13.6769,43.6399,9.0150,6.806,35.435,64.565,12,13,0.6769,NEAREST,9,diagnostic,iteration_cap_diagnostic,preserved,0,candidate_for_rescue,match,not_run,PASS,hard_safe/qualified/iteration_cap_diagnostic
https://theproteinchef.co/protein-banana-ice-cream-recipe/,banana-proteinchef,banana,-12,eco,-1,13.6769,43.6399,9.0150,6.806,35.435,64.565,13,14,0.0000,ACHIEVED,10,diagnostic,iteration_cap_diagnostic,preserved,0,not_needed_target_reached,match,not_run,PASS,hard_safe/qualified/iteration_cap_diagnostic
https://theproteinchef.co/protein-banana-ice-cream-recipe/,banana-proteinchef,banana,-12,eco,0,14.4365,46.5975,9.2796,6.210,38.459,61.542,14,15,0.0000,ACHIEVED,10,ok,applied,preserved,0,not_needed_target_reached,match,not_run,PASS,hard_safe/qualified
https://theproteinchef.co/protein-banana-ice-cream-recipe/,banana-proteinchef,banana,-12,eco,1,15.3064,48.5837,8.6507,5.050,36.860,63.140,15,16,0.0000,ACHIEVED,10,ok,applied,preserved,0,not_needed_target_reached,match,not_run,PASS,hard_safe/qualified
https://theproteinchef.co/protein-banana-ice-cream-recipe/,banana-proteinchef,banana,-12,eco,2,16.4696,49.3702,9.3589,5.005,40.332,59.668,16,17,0.0000,ACHIEVED,10,ok,applied,preserved,0,not_needed_target_reached,match,not_run,PASS,hard_safe/qualified
https://theproteinchef.co/protein-banana-ice-cream-recipe/,banana-proteinchef,banana,-13,optimal,-2,14.2826,48.2180,10.4966,7.873,41.319,58.681,12,13,1.2826,NEAREST,9,ok,applied,preserved,0,candidate_for_rescue,match,not_run,PASS,hard_safe/qualified
https://theproteinchef.co/protein-banana-ice-cream-recipe/,banana-proteinchef,banana,-13,optimal,-1,14.2826,48.2180,10.4966,7.873,41.319,58.681,13,14,0.2826,NEAREST,9,diagnostic,iteration_cap_diagnostic,preserved,0,candidate_for_rescue,match,not_run,PASS,hard_safe/qualified/iteration_cap_diagnostic
https://theproteinchef.co/protein-banana-ice-cream-recipe/,banana-proteinchef,banana,-13,optimal,0,14.5412,51.1721,9.8183,7.314,40.383,59.617,14,15,0.0000,ACHIEVED,10,ok,applied,preserved,0,not_needed_target_reached,match,not_run,PASS,hard_safe/qualified
https://theproteinchef.co/protein-banana-ice-cream-recipe/,banana-proteinchef,banana,-13,optimal,1,15.4730,51.9880,8.8305,5.091,38.249,61.751,15,16,0.0000,ACHIEVED,10,ok,applied,preserved,0,not_needed_target_reached,match,not_run,PASS,hard_safe/qualified
https://theproteinchef.co/protein-banana-ice-cream-recipe/,banana-proteinchef,banana,-13,optimal,2,15.7103,51.0953,9.9808,7.316,40.524,59.476,16,17,0.2897,NEAREST,9,diagnostic,iteration_cap_diagnostic,preserved,0,candidate_for_rescue,match,not_run,PASS,hard_safe/qualified/iteration_cap_diagnostic
https://theproteinchef.co/protein-banana-ice-cream-recipe/,banana-proteinchef,banana,-13,eco,-2,14.2826,48.2180,10.4966,7.873,41.319,58.681,12,13,1.2826,NEAREST,9,ok,applied,preserved,0,candidate_for_rescue,match,not_run,PASS,hard_safe/qualified
https://theproteinchef.co/protein-banana-ice-cream-recipe/,banana-proteinchef,banana,-13,eco,-1,14.2826,48.2180,10.4966,7.873,41.319,58.681,13,14,0.2826,NEAREST,9,diagnostic,iteration_cap_diagnostic,preserved,0,candidate_for_rescue,match,not_run,PASS,hard_safe/qualified/iteration_cap_diagnostic
https://theproteinchef.co/protein-banana-ice-cream-recipe/,banana-proteinchef,banana,-13,eco,0,14.5412,51.1721,9.8183,7.314,40.383,59.617,14,15,0.0000,ACHIEVED,10,ok,applied,preserved,0,not_needed_target_reached,match,not_run,PASS,hard_safe/qualified
https://theproteinchef.co/protein-banana-ice-cream-recipe/,banana-proteinchef,banana,-13,eco,1,15.4730,51.9880,8.8305,5.091,38.249,61.751,15,16,0.0000,ACHIEVED,10,ok,applied,preserved,0,not_needed_target_reached,match,not_run,PASS,hard_safe/qualified
https://theproteinchef.co/protein-banana-ice-cream-recipe/,banana-proteinchef,banana,-13,eco,2,15.7103,51.0953,9.9808,7.316,40.524,59.476,16,17,0.2897,NEAREST,9,diagnostic,iteration_cap_diagnostic,preserved,0,candidate_for_rescue,match,not_run,PASS,hard_safe/qualified/iteration_cap_diagnostic
https://thatspicychick.com/ninja-creami-coffee-protein-ice-cream/,coffee-thatspicychick,coffee,-11,optimal,-2,12.7344,37.3281,9.0149,6.782,35.845,64.155,12,13,0.0000,ACHIEVED,10,ok,applied,preserved,0,not_needed_target_reached,match,not_run,PASS,hard_safe/qualified
https://thatspicychick.com/ninja-creami-coffee-protein-ice-cream/,coffee-thatspicychick,coffee,-11,optimal,-1,13.7681,39.7936,9.0302,5.416,36.347,63.653,13,14,0.0000,ACHIEVED,10,ok,applied,preserved,0,not_needed_target_reached,match,not_run,PASS,hard_safe/qualified
https://thatspicychick.com/ninja-creami-coffee-protein-ice-cream/,coffee-thatspicychick,coffee,-11,optimal,0,14.4783,39.1391,9.2447,5.741,37.634,62.366,14,15,0.0000,ACHIEVED,10,ok,applied,preserved,0,not_needed_target_reached,match,not_run,PASS,hard_safe/qualified
https://thatspicychick.com/ninja-creami-coffee-protein-ice-cream/,coffee-thatspicychick,coffee,-11,optimal,1,15.5055,41.4363,9.1251,5.968,38.096,61.904,15,16,0.0000,ACHIEVED,10,ok,applied,preserved,0,not_needed_target_reached,match,not_run,PASS,hard_safe/qualified
https://thatspicychick.com/ninja-creami-coffee-protein-ice-cream/,coffee-thatspicychick,coffee,-11,optimal,2,15.5055,41.4363,9.1251,5.968,38.096,61.904,16,17,0.4945,NEAREST,9,diagnostic,iteration_cap_diagnostic,preserved,0,candidate_for_rescue,match,not_run,PASS,hard_safe/qualified/iteration_cap_diagnostic
https://thatspicychick.com/ninja-creami-coffee-protein-ice-cream/,coffee-thatspicychick,coffee,-11,eco,-2,12.7344,37.3281,9.0149,6.782,35.845,64.155,12,13,0.0000,ACHIEVED,10,ok,applied,preserved,0,not_needed_target_reached,match,not_run,PASS,hard_safe/qualified
https://thatspicychick.com/ninja-creami-coffee-protein-ice-cream/,coffee-thatspicychick,coffee,-11,eco,-1,13.7681,39.7936,9.0302,5.416,36.347,63.653,13,14,0.0000,ACHIEVED,10,ok,applied,preserved,0,not_needed_target_reached,match,not_run,PASS,hard_safe/qualified
https://thatspicychick.com/ninja-creami-coffee-protein-ice-cream/,coffee-thatspicychick,coffee,-11,eco,0,14.4783,39.1391,9.2447,5.741,37.634,62.366,14,15,0.0000,ACHIEVED,10,ok,applied,preserved,0,not_needed_target_reached,match,not_run,PASS,hard_safe/qualified
https://thatspicychick.com/ninja-creami-coffee-protein-ice-cream/,coffee-thatspicychick,coffee,-11,eco,1,15.5055,41.4363,9.1251,5.968,38.096,61.904,15,16,0.0000,ACHIEVED,10,ok,applied,preserved,0,not_needed_target_reached,match,not_run,PASS,hard_safe/qualified
https://thatspicychick.com/ninja-creami-coffee-protein-ice-cream/,coffee-thatspicychick,coffee,-11,eco,2,15.5055,41.4363,9.1251,5.968,38.096,61.904,16,17,0.4945,NEAREST,9,diagnostic,iteration_cap_diagnostic,preserved,0,candidate_for_rescue,match,not_run,PASS,hard_safe/qualified/iteration_cap_diagnostic
https://thatspicychick.com/ninja-creami-coffee-protein-ice-cream/,coffee-thatspicychick,coffee,-12,optimal,-2,13.6891,42.1961,8.9831,5.225,36.456,63.544,12,13,0.6891,NEAREST,9,diagnostic,iteration_cap_diagnostic,preserved,0,candidate_for_rescue,match,not_run,PASS,hard_safe/qualified/iteration_cap_diagnostic
https://thatspicychick.com/ninja-creami-coffee-protein-ice-cream/,coffee-thatspicychick,coffee,-12,optimal,-1,13.6891,42.1961,8.9831,5.225,36.456,63.544,13,14,0.0000,ACHIEVED,10,ok,applied,preserved,0,not_needed_target_reached,match,not_run,PASS,hard_safe/qualified
https://thatspicychick.com/ninja-creami-coffee-protein-ice-cream/,coffee-thatspicychick,coffee,-12,optimal,0,14.6756,48.6258,9.5074,5.118,38.934,61.066,14,15,0.0000,ACHIEVED,10,ok,applied,preserved,0,not_needed_target_reached,match,not_run,PASS,hard_safe/qualified
https://thatspicychick.com/ninja-creami-coffee-protein-ice-cream/,coffee-thatspicychick,coffee,-12,optimal,1,15.5547,48.8319,10.5464,8.407,41.847,58.153,15,16,0.0000,ACHIEVED,9,ok,applied,preserved,0,not_needed_target_reached,match,not_run,PASS,hard_safe/qualified
https://thatspicychick.com/ninja-creami-coffee-protein-ice-cream/,coffee-thatspicychick,coffee,-12,optimal,2,15.5547,48.8319,10.5464,8.407,41.847,58.153,16,17,0.4453,NEAREST,9,ok,applied,preserved,0,candidate_for_rescue,match,not_run,PASS,hard_safe/qualified
https://thatspicychick.com/ninja-creami-coffee-protein-ice-cream/,coffee-thatspicychick,coffee,-12,eco,-2,12.9747,49.9019,9.9851,5.701,41.842,58.158,12,13,0.0000,ACHIEVED,9,ok,applied,preserved,0,not_needed_target_reached,match,not_run,PASS,hard_safe/qualified
https://thatspicychick.com/ninja-creami-coffee-protein-ice-cream/,coffee-thatspicychick,coffee,-12,eco,-1,13.4482,45.0239,10.3450,7.329,41.646,58.354,13,14,0.0000,ACHIEVED,9,ok,applied,preserved,0,not_needed_target_reached,match,not_run,PASS,hard_safe/qualified
https://thatspicychick.com/ninja-creami-coffee-protein-ice-cream/,coffee-thatspicychick,coffee,-12,eco,0,14.5804,43.3026,13.1010,5.057,42.490,57.510,14,15,0.0000,ACHIEVED,7,no_proposal,n/a,preserved,0,not_needed_target_reached,match,not_run,PASS,hard_safe/qualified/already_clean
https://thatspicychick.com/ninja-creami-coffee-protein-ice-cream/,coffee-thatspicychick,coffee,-12,eco,1,15.4930,42.7147,9.9927,6.078,40.781,59.219,15,16,0.0000,ACHIEVED,10,ok,applied,preserved,0,not_needed_target_reached,match,not_run,PASS,hard_safe/qualified
https://thatspicychick.com/ninja-creami-coffee-protein-ice-cream/,coffee-thatspicychick,coffee,-12,eco,2,16.4166,44.7526,10.0413,6.098,41.721,58.279,16,17,0.0000,ACHIEVED,9,ok,applied,preserved,0,not_needed_target_reached,match,not_run,PASS,hard_safe/qualified
https://thatspicychick.com/ninja-creami-coffee-protein-ice-cream/,coffee-thatspicychick,coffee,-13,optimal,-2,12.9944,46.6605,11.8697,8.841,44.949,55.051,12,13,0.0000,ACHIEVED,7,diagnostic,hard_residual_violations,preserved,0,not_needed_target_reached,match,not_run,PASS,hard_residual/qualified/hard_residual_violations
https://thatspicychick.com/ninja-creami-coffee-protein-ice-cream/,coffee-thatspicychick,coffee,-13,optimal,-1,14.6943,49.7918,10.5190,7.265,41.794,58.206,13,14,0.6943,NEAREST,9,diagnostic,iteration_cap_diagnostic,preserved,0,candidate_for_rescue,match,not_run,PASS,hard_safe/qualified/iteration_cap_diagnostic
https://thatspicychick.com/ninja-creami-coffee-protein-ice-cream/,coffee-thatspicychick,coffee,-13,optimal,0,14.6943,49.7918,10.5190,7.265,41.794,58.206,14,15,0.0000,ACHIEVED,9,ok,applied,preserved,0,not_needed_target_reached,match,not_run,PASS,hard_safe/qualified
https://thatspicychick.com/ninja-creami-coffee-protein-ice-cream/,coffee-thatspicychick,coffee,-13,optimal,1,15.5429,54.5104,10.5251,6.392,43.666,56.334,15,16,0.0000,ACHIEVED,9,ok,applied,preserved,0,not_needed_target_reached,match,not_run,PASS,hard_safe/qualified
https://thatspicychick.com/ninja-creami-coffee-protein-ice-cream/,coffee-thatspicychick,coffee,-13,optimal,2,16.4781,54.3447,10.3912,6.997,43.145,56.855,16,17,0.0000,ACHIEVED,9,ok,applied,preserved,0,not_needed_target_reached,match,not_run,PASS,hard_safe/qualified
https://thatspicychick.com/ninja-creami-coffee-protein-ice-cream/,coffee-thatspicychick,coffee,-13,eco,-2,12.9944,46.6605,11.8697,8.841,44.949,55.051,12,13,0.0000,ACHIEVED,7,diagnostic,hard_residual_violations,preserved,0,not_needed_target_reached,match,not_run,PASS,hard_residual/qualified/hard_residual_violations
https://thatspicychick.com/ninja-creami-coffee-protein-ice-cream/,coffee-thatspicychick,coffee,-13,eco,-1,14.6943,49.7918,10.5190,7.265,41.794,58.206,13,14,0.6943,NEAREST,9,diagnostic,iteration_cap_diagnostic,preserved,0,candidate_for_rescue,match,not_run,PASS,hard_safe/qualified/iteration_cap_diagnostic
https://thatspicychick.com/ninja-creami-coffee-protein-ice-cream/,coffee-thatspicychick,coffee,-13,eco,0,14.6943,49.7918,10.5190,7.265,41.794,58.206,14,15,0.0000,ACHIEVED,9,ok,applied,preserved,0,not_needed_target_reached,match,not_run,PASS,hard_safe/qualified
https://thatspicychick.com/ninja-creami-coffee-protein-ice-cream/,coffee-thatspicychick,coffee,-13,eco,1,15.5429,54.5104,10.5251,6.392,43.666,56.334,15,16,0.0000,ACHIEVED,9,ok,applied,preserved,0,not_needed_target_reached,match,not_run,PASS,hard_safe/qualified
https://thatspicychick.com/ninja-creami-coffee-protein-ice-cream/,coffee-thatspicychick,coffee,-13,eco,2,16.4781,54.3447,10.3912,6.997,43.145,56.855,16,17,0.0000,ACHIEVED,9,ok,applied,preserved,0,not_needed_target_reached,match,not_run,PASS,hard_safe/qualified
https://cookingkatielady.com/recipe/ninja-creami-salted-caramel-protein-ice-cream/,caramel-cookingkatielady,caramel,-11,optimal,-2,12.0895,37.1646,11.5294,9.316,42.977,57.023,12,13,0.0000,ACHIEVED,9,diagnostic,iteration_cap_diagnostic,preserved,0,not_needed_target_reached,match,not_run,PASS,hard_safe/qualified/iteration_cap_diagnostic
https://cookingkatielady.com/recipe/ninja-creami-salted-caramel-protein-ice-cream/,caramel-cookingkatielady,caramel,-11,optimal,-1,13.6735,33.4285,9.0012,6.499,35.657,64.343,13,14,0.0000,ACHIEVED,10,ok,applied,preserved,0,not_needed_target_reached,match,not_run,PASS,hard_safe/qualified
https://cookingkatielady.com/recipe/ninja-creami-salted-caramel-protein-ice-cream/,caramel-cookingkatielady,caramel,-11,optimal,0,13.6735,33.4285,9.0012,6.499,35.657,64.343,14,15,0.3265,NEAREST,9,diagnostic,iteration_cap_diagnostic,preserved,0,candidate_for_rescue,match,not_run,PASS,hard_safe/qualified/iteration_cap_diagnostic
https://cookingkatielady.com/recipe/ninja-creami-salted-caramel-protein-ice-cream/,caramel-cookingkatielady,caramel,-11,optimal,1,15.5041,35.6462,9.9508,7.450,40.541,59.459,15,16,0.0000,ACHIEVED,10,ok,applied,preserved,0,not_needed_target_reached,match,not_run,PASS,hard_safe/qualified
https://cookingkatielady.com/recipe/ninja-creami-salted-caramel-protein-ice-cream/,caramel-cookingkatielady,caramel,-11,optimal,2,16.0189,41.6524,10.1264,6.419,42.977,57.023,16,17,0.0000,ACHIEVED,9,ok,applied,preserved,0,not_needed_target_reached,match,not_run,PASS,hard_safe/qualified
https://cookingkatielady.com/recipe/ninja-creami-salted-caramel-protein-ice-cream/,caramel-cookingkatielady,caramel,-11,eco,-2,12.0895,37.1646,11.5294,9.316,42.977,57.023,12,13,0.0000,ACHIEVED,9,diagnostic,iteration_cap_diagnostic,preserved,0,not_needed_target_reached,match,not_run,PASS,hard_safe/qualified/iteration_cap_diagnostic
https://cookingkatielady.com/recipe/ninja-creami-salted-caramel-protein-ice-cream/,caramel-cookingkatielady,caramel,-11,eco,-1,13.6735,33.4285,9.0012,6.499,35.657,64.343,13,14,0.0000,ACHIEVED,10,ok,applied,preserved,0,not_needed_target_reached,match,not_run,PASS,hard_safe/qualified
https://cookingkatielady.com/recipe/ninja-creami-salted-caramel-protein-ice-cream/,caramel-cookingkatielady,caramel,-11,eco,0,13.6735,33.4285,9.0012,6.499,35.657,64.343,14,15,0.3265,NEAREST,9,diagnostic,iteration_cap_diagnostic,preserved,0,candidate_for_rescue,match,not_run,PASS,hard_safe/qualified/iteration_cap_diagnostic
https://cookingkatielady.com/recipe/ninja-creami-salted-caramel-protein-ice-cream/,caramel-cookingkatielady,caramel,-11,eco,1,15.5041,35.6462,9.9508,7.450,40.541,59.459,15,16,0.0000,ACHIEVED,10,ok,applied,preserved,0,not_needed_target_reached,match,not_run,PASS,hard_safe/qualified
https://cookingkatielady.com/recipe/ninja-creami-salted-caramel-protein-ice-cream/,caramel-cookingkatielady,caramel,-11,eco,2,16.0189,41.6524,10.1264,6.419,42.977,57.023,16,17,0.0000,ACHIEVED,9,ok,applied,preserved,0,not_needed_target_reached,match,not_run,PASS,hard_safe/qualified
https://cookingkatielady.com/recipe/ninja-creami-salted-caramel-protein-ice-cream/,caramel-cookingkatielady,caramel,-12,optimal,-2,12.9883,33.5596,9.8318,11.527,43.890,56.110,12,13,0.0000,ACHIEVED,6,diagnostic,hard_residual_violations,preserved,0,not_needed_target_reached,match,not_run,PASS,hard_residual/unqualified/hard_residual_violations
https://cookingkatielady.com/recipe/ninja-creami-salted-caramel-protein-ice-cream/,caramel-cookingkatielady,caramel,-12,optimal,-1,13.6996,34.6677,10.0567,10.473,43.919,56.081,13,14,0.0000,ACHIEVED,7,diagnostic,hard_residual_violations,preserved,0,not_needed_target_reached,match,not_run,PASS,hard_residual/unqualified/hard_residual_violations
https://cookingkatielady.com/recipe/ninja-creami-salted-caramel-protein-ice-cream/,caramel-cookingkatielady,caramel,-12,optimal,0,12.6198,42.0078,11.5068,7.287,43.296,56.704,14,15,1.3802,NEAREST,9,ok,applied,preserved,0,candidate_for_rescue,match,not_run,PASS,hard_safe/qualified
https://cookingkatielady.com/recipe/ninja-creami-salted-caramel-protein-ice-cream/,caramel-cookingkatielady,caramel,-12,optimal,1,13.8866,42.1472,11.1056,9.047,43.923,56.078,15,16,1.1134,NEAREST,9,ok,applied,preserved,0,candidate_for_rescue,match,not_run,PASS,hard_safe/qualified
https://cookingkatielady.com/recipe/ninja-creami-salted-caramel-protein-ice-cream/,caramel-cookingkatielady,caramel,-12,optimal,2,13.8866,42.1472,11.1056,9.047,43.923,56.078,16,17,2.1134,NEAREST,9,diagnostic,iteration_cap_diagnostic,preserved,0,candidate_for_rescue,match,not_run,PASS,hard_safe/qualified/iteration_cap_diagnostic
https://cookingkatielady.com/recipe/ninja-creami-salted-caramel-protein-ice-cream/,caramel-cookingkatielady,caramel,-12,eco,-2,12.9883,33.5596,9.8318,11.527,43.890,56.110,12,13,0.0000,ACHIEVED,6,diagnostic,hard_residual_violations,preserved,0,not_needed_target_reached,match,not_run,PASS,hard_residual/unqualified/hard_residual_violations
https://cookingkatielady.com/recipe/ninja-creami-salted-caramel-protein-ice-cream/,caramel-cookingkatielady,caramel,-12,eco,-1,13.6996,34.6677,10.0567,10.473,43.919,56.081,13,14,0.0000,ACHIEVED,7,diagnostic,hard_residual_violations,preserved,0,not_needed_target_reached,match,not_run,PASS,hard_residual/unqualified/hard_residual_violations
https://cookingkatielady.com/recipe/ninja-creami-salted-caramel-protein-ice-cream/,caramel-cookingkatielady,caramel,-12,eco,0,12.6198,42.0078,11.5068,7.287,43.296,56.704,14,15,1.3802,NEAREST,9,ok,applied,preserved,0,candidate_for_rescue,match,not_run,PASS,hard_safe/qualified
https://cookingkatielady.com/recipe/ninja-creami-salted-caramel-protein-ice-cream/,caramel-cookingkatielady,caramel,-12,eco,1,13.8866,42.1472,11.1056,9.047,43.923,56.078,15,16,1.1134,NEAREST,9,ok,applied,preserved,0,candidate_for_rescue,match,not_run,PASS,hard_safe/qualified
https://cookingkatielady.com/recipe/ninja-creami-salted-caramel-protein-ice-cream/,caramel-cookingkatielady,caramel,-12,eco,2,13.8866,42.1472,11.1056,9.047,43.923,56.078,16,17,2.1134,NEAREST,9,diagnostic,iteration_cap_diagnostic,preserved,0,candidate_for_rescue,match,not_run,PASS,hard_safe/qualified/iteration_cap_diagnostic
https://cookingkatielady.com/recipe/ninja-creami-salted-caramel-protein-ice-cream/,caramel-cookingkatielady,caramel,-13,optimal,-2,12.9921,35.5424,10.3687,11.378,44.988,55.012,12,13,0.0000,ACHIEVED,6,diagnostic,hard_residual_violations,preserved,0,not_needed_target_reached,match,not_run,PASS,hard_residual/unqualified/hard_residual_violations
https://cookingkatielady.com/recipe/ninja-creami-salted-caramel-protein-ice-cream/,caramel-cookingkatielady,caramel,-13,optimal,-1,13.9642,36.5049,9.4274,10.889,44.977,55.023,13,14,0.0000,ACHIEVED,6,diagnostic,hard_residual_violations,preserved,0,not_needed_target_reached,match,not_run,PASS,hard_residual/unqualified/hard_residual_violations
https://cookingkatielady.com/recipe/ninja-creami-salted-caramel-protein-ice-cream/,caramel-cookingkatielady,caramel,-13,optimal,0,14.4442,48.3807,17.2757,10.746,53.594,46.406,14,15,0.0000,ACHIEVED,6,diagnostic,hard_residual_violations,preserved,0,not_needed_target_reached,match,not_run,PASS,hard_residual/qualified/hard_residual_violations
https://cookingkatielady.com/recipe/ninja-creami-salted-caramel-protein-ice-cream/,caramel-cookingkatielady,caramel,-13,optimal,1,15.9427,44.9791,5.8186,13.024,44.925,55.075,15,16,0.0000,ACHIEVED,6,diagnostic,hard_residual_violations,preserved,0,not_needed_target_reached,match,not_run,PASS,hard_residual/unqualified/hard_residual_violations
https://cookingkatielady.com/recipe/ninja-creami-salted-caramel-protein-ice-cream/,caramel-cookingkatielady,caramel,-13,optimal,2,16.9100,48.1070,10.4902,6.513,43.364,56.636,16,17,0.0000,ACHIEVED,9,diagnostic,iteration_cap_diagnostic,preserved,0,not_needed_target_reached,match,not_run,PASS,hard_safe/qualified/iteration_cap_diagnostic
https://cookingkatielady.com/recipe/ninja-creami-salted-caramel-protein-ice-cream/,caramel-cookingkatielady,caramel,-13,eco,-2,12.9921,35.5424,10.3687,11.378,44.988,55.012,12,13,0.0000,ACHIEVED,6,diagnostic,hard_residual_violations,preserved,0,not_needed_target_reached,match,not_run,PASS,hard_residual/unqualified/hard_residual_violations
https://cookingkatielady.com/recipe/ninja-creami-salted-caramel-protein-ice-cream/,caramel-cookingkatielady,caramel,-13,eco,-1,13.9642,36.5049,9.4274,10.889,44.977,55.023,13,14,0.0000,ACHIEVED,6,diagnostic,hard_residual_violations,preserved,0,not_needed_target_reached,match,not_run,PASS,hard_residual/unqualified/hard_residual_violations
https://cookingkatielady.com/recipe/ninja-creami-salted-caramel-protein-ice-cream/,caramel-cookingkatielady,caramel,-13,eco,0,14.4442,48.3807,17.2757,10.746,53.594,46.406,14,15,0.0000,ACHIEVED,6,diagnostic,hard_residual_violations,preserved,0,not_needed_target_reached,match,not_run,PASS,hard_residual/qualified/hard_residual_violations
https://cookingkatielady.com/recipe/ninja-creami-salted-caramel-protein-ice-cream/,caramel-cookingkatielady,caramel,-13,eco,1,15.9427,44.9791,5.8186,13.024,44.925,55.075,15,16,0.0000,ACHIEVED,6,diagnostic,hard_residual_violations,preserved,0,not_needed_target_reached,match,not_run,PASS,hard_residual/unqualified/hard_residual_violations
https://cookingkatielady.com/recipe/ninja-creami-salted-caramel-protein-ice-cream/,caramel-cookingkatielady,caramel,-13,eco,2,16.9100,48.1070,10.4902,6.513,43.364,56.636,16,17,0.0000,ACHIEVED,9,diagnostic,iteration_cap_diagnostic,preserved,0,not_needed_target_reached,match,not_run,PASS,hard_safe/qualified/iteration_cap_diagnostic
https://basicswithbails.com/course/dessert/ninja-creami-salted-caramel-ice-cream/,salted-caramel-basicswithbails,salted_caramel,-11,optimal,-2,12.9901,33.7791,9.0032,6.468,36.754,63.246,12,13,0.0000,ACHIEVED,10,ok,applied,preserved,0,not_needed_target_reached,match,not_run,PASS,hard_safe/qualified
https://basicswithbails.com/course/dessert/ninja-creami-salted-caramel-ice-cream/,salted-caramel-basicswithbails,salted_caramel,-11,optimal,-1,13.8982,33.1292,10.1994,9.282,39.395,60.605,13,14,0.0000,ACHIEVED,9,ok,applied,preserved,0,not_needed_target_reached,match,not_run,PASS,hard_safe/qualified
https://basicswithbails.com/course/dessert/ninja-creami-salted-caramel-ice-cream/,salted-caramel-basicswithbails,salted_caramel,-11,optimal,0,14.4682,38.6947,9.9761,6.987,40.122,59.878,14,15,0.0000,ACHIEVED,10,ok,applied,preserved,0,not_needed_target_reached,match,not_run,PASS,hard_safe/qualified
https://basicswithbails.com/course/dessert/ninja-creami-salted-caramel-ice-cream/,salted-caramel-basicswithbails,salted_caramel,-11,optimal,1,15.5414,37.8829,9.4650,5.872,38.621,61.379,15,16,0.0000,ACHIEVED,10,ok,applied,preserved,0,not_needed_target_reached,match,not_run,PASS,hard_safe/qualified
https://basicswithbails.com/course/dessert/ninja-creami-salted-caramel-ice-cream/,salted-caramel-basicswithbails,salted_caramel,-11,optimal,2,16.5057,40.5755,10.0162,6.492,39.823,60.177,16,17,0.0000,ACHIEVED,9,ok,applied,preserved,0,not_needed_target_reached,match,not_run,PASS,hard_safe/qualified
https://basicswithbails.com/course/dessert/ninja-creami-salted-caramel-ice-cream/,salted-caramel-basicswithbails,salted_caramel,-11,eco,-2,12.9901,33.7791,9.0032,6.468,36.754,63.246,12,13,0.0000,ACHIEVED,10,ok,applied,preserved,0,not_needed_target_reached,match,not_run,PASS,hard_safe/qualified
https://basicswithbails.com/course/dessert/ninja-creami-salted-caramel-ice-cream/,salted-caramel-basicswithbails,salted_caramel,-11,eco,-1,13.8982,33.1292,10.1994,9.282,39.395,60.605,13,14,0.0000,ACHIEVED,9,ok,applied,preserved,0,not_needed_target_reached,match,not_run,PASS,hard_safe/qualified
https://basicswithbails.com/course/dessert/ninja-creami-salted-caramel-ice-cream/,salted-caramel-basicswithbails,salted_caramel,-11,eco,0,14.4682,38.6947,9.9761,6.987,40.122,59.878,14,15,0.0000,ACHIEVED,10,ok,applied,preserved,0,not_needed_target_reached,match,not_run,PASS,hard_safe/qualified
https://basicswithbails.com/course/dessert/ninja-creami-salted-caramel-ice-cream/,salted-caramel-basicswithbails,salted_caramel,-11,eco,1,15.5414,37.8829,9.4650,5.872,38.621,61.379,15,16,0.0000,ACHIEVED,10,ok,applied,preserved,0,not_needed_target_reached,match,not_run,PASS,hard_safe/qualified
https://basicswithbails.com/course/dessert/ninja-creami-salted-caramel-ice-cream/,salted-caramel-basicswithbails,salted_caramel,-11,eco,2,16.5057,40.5755,10.0162,6.492,39.823,60.177,16,17,0.0000,ACHIEVED,9,ok,applied,preserved,0,not_needed_target_reached,match,not_run,PASS,hard_safe/qualified
https://basicswithbails.com/course/dessert/ninja-creami-salted-caramel-ice-cream/,salted-caramel-basicswithbails,salted_caramel,-12,optimal,-2,12.4664,47.1669,9.5320,7.370,37.973,62.027,12,13,0.0000,ACHIEVED,10,ok,applied,preserved,0,not_needed_target_reached,match,not_run,PASS,hard_safe/qualified
https://basicswithbails.com/course/dessert/ninja-creami-salted-caramel-ice-cream/,salted-caramel-basicswithbails,salted_caramel,-12,optimal,-1,13.2561,48.0599,8.5090,5.074,34.559,65.441,13,14,0.0000,ACHIEVED,10,ok,applied,preserved,0,not_needed_target_reached,match,not_run,PASS,hard_safe/qualified
https://basicswithbails.com/course/dessert/ninja-creami-salted-caramel-ice-cream/,salted-caramel-basicswithbails,salted_caramel,-12,optimal,0,14.7821,49.2560,9.0215,5.956,37.942,62.058,14,15,0.0000,ACHIEVED,10,ok,applied,preserved,0,not_needed_target_reached,match,not_run,PASS,hard_safe/qualified
https://basicswithbails.com/course/dessert/ninja-creami-salted-caramel-ice-cream/,salted-caramel-basicswithbails,salted_caramel,-12,optimal,1,15.5809,48.2645,8.9893,5.628,36.498,63.502,15,16,0.0000,ACHIEVED,10,ok,applied,preserved,0,not_needed_target_reached,match,not_run,PASS,hard_safe/qualified
https://basicswithbails.com/course/dessert/ninja-creami-salted-caramel-ice-cream/,salted-caramel-basicswithbails,salted_caramel,-12,optimal,2,16.0007,42.5613,9.9956,6.946,39.098,60.902,16,17,0.0000,ACHIEVED,10,ok,applied,preserved,0,not_needed_target_reached,match,not_run,PASS,hard_safe/qualified
https://basicswithbails.com/course/dessert/ninja-creami-salted-caramel-ice-cream/,salted-caramel-basicswithbails,salted_caramel,-12,eco,-2,12.4664,47.1669,9.5320,7.370,37.973,62.027,12,13,0.0000,ACHIEVED,10,ok,applied,preserved,0,not_needed_target_reached,match,not_run,PASS,hard_safe/qualified
https://basicswithbails.com/course/dessert/ninja-creami-salted-caramel-ice-cream/,salted-caramel-basicswithbails,salted_caramel,-12,eco,-1,13.2561,48.0599,8.5090,5.074,34.559,65.441,13,14,0.0000,ACHIEVED,10,ok,applied,preserved,0,not_needed_target_reached,match,not_run,PASS,hard_safe/qualified
https://basicswithbails.com/course/dessert/ninja-creami-salted-caramel-ice-cream/,salted-caramel-basicswithbails,salted_caramel,-12,eco,0,14.7821,49.2560,9.0215,5.956,37.942,62.058,14,15,0.0000,ACHIEVED,10,ok,applied,preserved,0,not_needed_target_reached,match,not_run,PASS,hard_safe/qualified
https://basicswithbails.com/course/dessert/ninja-creami-salted-caramel-ice-cream/,salted-caramel-basicswithbails,salted_caramel,-12,eco,1,15.5809,48.2645,8.9893,5.628,36.498,63.502,15,16,0.0000,ACHIEVED,10,ok,applied,preserved,0,not_needed_target_reached,match,not_run,PASS,hard_safe/qualified
https://basicswithbails.com/course/dessert/ninja-creami-salted-caramel-ice-cream/,salted-caramel-basicswithbails,salted_caramel,-12,eco,2,16.0007,42.5613,9.9956,6.946,39.098,60.902,16,17,0.0000,ACHIEVED,10,ok,applied,preserved,0,not_needed_target_reached,match,not_run,PASS,hard_safe/qualified
https://basicswithbails.com/course/dessert/ninja-creami-salted-caramel-ice-cream/,salted-caramel-basicswithbails,salted_caramel,-13,optimal,-2,12.3960,49.5120,9.6926,9.705,44.784,55.216,12,13,0.0000,ACHIEVED,5,diagnostic,unsafe_proposal,preserved,0,not_needed_target_reached,match,not_run,PASS,hard_safe/unqualified/unsafe_proposal
https://basicswithbails.com/course/dessert/ninja-creami-salted-caramel-ice-cream/,salted-caramel-basicswithbails,salted_caramel,-13,optimal,-1,13.8977,51.3661,4.4934,10.895,42.890,57.110,13,14,0.0000,ACHIEVED,5,diagnostic,unsafe_proposal,preserved,0,not_needed_target_reached,match,not_run,PASS,hard_safe/unqualified/unsafe_proposal
https://basicswithbails.com/course/dessert/ninja-creami-salted-caramel-ice-cream/,salted-caramel-basicswithbails,salted_caramel,-13,optimal,0,14.4923,51.7594,7.7527,10.144,44.980,55.020,14,15,0.0000,ACHIEVED,5,diagnostic,unsafe_proposal,preserved,0,not_needed_target_reached,match,not_run,PASS,hard_safe/unqualified/unsafe_proposal
https://basicswithbails.com/course/dessert/ninja-creami-salted-caramel-ice-cream/,salted-caramel-basicswithbails,salted_caramel,-13,optimal,1,15.0009,52.2678,3.7526,10.822,42.743,57.257,15,16,0.0000,ACHIEVED,5,diagnostic,unsafe_proposal,preserved,0,not_needed_target_reached,match,not_run,PASS,hard_safe/unqualified/unsafe_proposal
https://basicswithbails.com/course/dessert/ninja-creami-salted-caramel-ice-cream/,salted-caramel-basicswithbails,salted_caramel,-13,optimal,2,16.6159,54.4392,3.6954,10.609,43.734,56.266,16,17,0.0000,ACHIEVED,5,diagnostic,unsafe_proposal,preserved,0,not_needed_target_reached,match,not_run,PASS,hard_safe/unqualified/unsafe_proposal
https://basicswithbails.com/course/dessert/ninja-creami-salted-caramel-ice-cream/,salted-caramel-basicswithbails,salted_caramel,-13,eco,-2,12.3960,49.5120,9.6926,9.705,44.784,55.216,12,13,0.0000,ACHIEVED,5,diagnostic,unsafe_proposal,preserved,0,not_needed_target_reached,match,not_run,PASS,hard_safe/unqualified/unsafe_proposal
https://basicswithbails.com/course/dessert/ninja-creami-salted-caramel-ice-cream/,salted-caramel-basicswithbails,salted_caramel,-13,eco,-1,13.8977,51.3661,4.4934,10.895,42.890,57.110,13,14,0.0000,ACHIEVED,5,diagnostic,unsafe_proposal,preserved,0,not_needed_target_reached,match,not_run,PASS,hard_safe/unqualified/unsafe_proposal
https://basicswithbails.com/course/dessert/ninja-creami-salted-caramel-ice-cream/,salted-caramel-basicswithbails,salted_caramel,-13,eco,0,14.4923,51.7594,7.7527,10.144,44.980,55.020,14,15,0.0000,ACHIEVED,5,diagnostic,unsafe_proposal,preserved,0,not_needed_target_reached,match,not_run,PASS,hard_safe/unqualified/unsafe_proposal
https://basicswithbails.com/course/dessert/ninja-creami-salted-caramel-ice-cream/,salted-caramel-basicswithbails,salted_caramel,-13,eco,1,15.0009,52.2678,3.7526,10.822,42.743,57.257,15,16,0.0000,ACHIEVED,5,diagnostic,unsafe_proposal,preserved,0,not_needed_target_reached,match,not_run,PASS,hard_safe/unqualified/unsafe_proposal
https://basicswithbails.com/course/dessert/ninja-creami-salted-caramel-ice-cream/,salted-caramel-basicswithbails,salted_caramel,-13,eco,2,16.6159,54.4392,3.6954,10.609,43.734,56.266,16,17,0.0000,ACHIEVED,5,diagnostic,unsafe_proposal,preserved,0,not_needed_target_reached,match,not_run,PASS,hard_safe/unqualified/unsafe_proposal
https://thetastytravelers.com/ninja-creami-pistachio-protein-ice-cream/,pistachio-tastytravelers,pistachio,-11,optimal,-2,12.0116,41.8304,10.9881,10.783,40.714,59.286,12,13,0.0000,ACHIEVED,9,ok,applied,preserved,0,not_needed_target_reached,match,not_run,PASS,hard_safe/qualified
https://thetastytravelers.com/ninja-creami-pistachio-protein-ice-cream/,pistachio-tastytravelers,pistachio,-11,optimal,-1,13.2428,41.9987,11.4924,11.812,41.606,58.394,13,14,0.0000,ACHIEVED,9,ok,applied,preserved,0,not_needed_target_reached,match,not_run,PASS,hard_safe/qualified
https://thetastytravelers.com/ninja-creami-pistachio-protein-ice-cream/,pistachio-tastytravelers,pistachio,-11,optimal,0,14.4581,35.2977,8.4811,6.323,33.600,66.400,14,15,0.0000,ACHIEVED,10,ok,applied,preserved,0,not_needed_target_reached,match,not_run,PASS,hard_safe/qualified
https://thetastytravelers.com/ninja-creami-pistachio-protein-ice-cream/,pistachio-tastytravelers,pistachio,-11,optimal,1,16.5041,40.0837,10.8882,9.061,41.494,58.506,15,16,0.5041,NEAREST,9,diagnostic,iteration_cap_diagnostic,preserved,0,candidate_for_rescue,match,not_run,PASS,hard_safe/qualified/iteration_cap_diagnostic
https://thetastytravelers.com/ninja-creami-pistachio-protein-ice-cream/,pistachio-tastytravelers,pistachio,-11,optimal,2,16.5041,40.0837,10.8882,9.061,41.494,58.506,16,17,0.0000,ACHIEVED,9,ok,applied,preserved,0,not_needed_target_reached,match,not_run,PASS,hard_safe/qualified
https://thetastytravelers.com/ninja-creami-pistachio-protein-ice-cream/,pistachio-tastytravelers,pistachio,-11,eco,-2,12.0116,41.8304,10.9881,10.783,40.714,59.286,12,13,0.0000,ACHIEVED,9,ok,applied,preserved,0,not_needed_target_reached,match,not_run,PASS,hard_safe/qualified
https://thetastytravelers.com/ninja-creami-pistachio-protein-ice-cream/,pistachio-tastytravelers,pistachio,-11,eco,-1,13.2428,41.9987,11.4924,11.812,41.606,58.394,13,14,0.0000,ACHIEVED,9,ok,applied,preserved,0,not_needed_target_reached,match,not_run,PASS,hard_safe/qualified
https://thetastytravelers.com/ninja-creami-pistachio-protein-ice-cream/,pistachio-tastytravelers,pistachio,-11,eco,0,14.4581,35.2977,8.4811,6.323,33.600,66.400,14,15,0.0000,ACHIEVED,10,ok,applied,preserved,0,not_needed_target_reached,match,not_run,PASS,hard_safe/qualified
https://thetastytravelers.com/ninja-creami-pistachio-protein-ice-cream/,pistachio-tastytravelers,pistachio,-11,eco,1,16.5041,40.0837,10.8882,9.061,41.494,58.506,15,16,0.5041,NEAREST,9,diagnostic,iteration_cap_diagnostic,preserved,0,candidate_for_rescue,match,not_run,PASS,hard_safe/qualified/iteration_cap_diagnostic
https://thetastytravelers.com/ninja-creami-pistachio-protein-ice-cream/,pistachio-tastytravelers,pistachio,-11,eco,2,16.5041,40.0837,10.8882,9.061,41.494,58.506,16,17,0.0000,ACHIEVED,9,ok,applied,preserved,0,not_needed_target_reached,match,not_run,PASS,hard_safe/qualified
https://thetastytravelers.com/ninja-creami-pistachio-protein-ice-cream/,pistachio-tastytravelers,pistachio,-12,optimal,-2,12.8439,42.1333,9.5205,7.272,36.857,63.143,12,13,0.0000,ACHIEVED,10,ok,applied,preserved,0,not_needed_target_reached,match,not_run,PASS,hard_safe/qualified
https://thetastytravelers.com/ninja-creami-pistachio-protein-ice-cream/,pistachio-tastytravelers,pistachio,-12,optimal,-1,12.8439,42.1333,9.5205,7.272,36.857,63.143,13,14,0.1561,NEAREST,9,diagnostic,iteration_cap_diagnostic,preserved,0,candidate_for_rescue,match,not_run,PASS,hard_safe/qualified/iteration_cap_diagnostic
https://thetastytravelers.com/ninja-creami-pistachio-protein-ice-cream/,pistachio-tastytravelers,pistachio,-12,optimal,0,14.5326,48.8723,10.3936,7.618,41.875,58.125,14,15,0.0000,ACHIEVED,9,ok,applied,preserved,0,not_needed_target_reached,match,not_run,PASS,hard_safe/qualified
https://thetastytravelers.com/ninja-creami-pistachio-protein-ice-cream/,pistachio-tastytravelers,pistachio,-12,optimal,1,15.0378,42.2094,8.4904,5.147,35.098,64.902,15,16,0.0000,ACHIEVED,10,ok,applied,preserved,0,not_needed_target_reached,match,not_run,PASS,hard_safe/qualified
https://thetastytravelers.com/ninja-creami-pistachio-protein-ice-cream/,pistachio-tastytravelers,pistachio,-12,optimal,2,16.1731,42.1233,8.5169,5.395,36.456,63.544,16,17,0.0000,ACHIEVED,10,ok,applied,preserved,0,not_needed_target_reached,match,not_run,PASS,hard_safe/qualified
https://thetastytravelers.com/ninja-creami-pistachio-protein-ice-cream/,pistachio-tastytravelers,pistachio,-12,eco,-2,12.8439,42.1333,9.5205,7.272,36.857,63.143,12,13,0.0000,ACHIEVED,10,ok,applied,preserved,0,not_needed_target_reached,match,not_run,PASS,hard_safe/qualified
https://thetastytravelers.com/ninja-creami-pistachio-protein-ice-cream/,pistachio-tastytravelers,pistachio,-12,eco,-1,12.8439,42.1333,9.5205,7.272,36.857,63.143,13,14,0.1561,NEAREST,9,diagnostic,iteration_cap_diagnostic,preserved,0,candidate_for_rescue,match,not_run,PASS,hard_safe/qualified/iteration_cap_diagnostic
https://thetastytravelers.com/ninja-creami-pistachio-protein-ice-cream/,pistachio-tastytravelers,pistachio,-12,eco,0,14.5326,48.8723,10.3936,7.618,41.875,58.125,14,15,0.0000,ACHIEVED,9,ok,applied,preserved,0,not_needed_target_reached,match,not_run,PASS,hard_safe/qualified
https://thetastytravelers.com/ninja-creami-pistachio-protein-ice-cream/,pistachio-tastytravelers,pistachio,-12,eco,1,15.0378,42.2094,8.4904,5.147,35.098,64.902,15,16,0.0000,ACHIEVED,10,ok,applied,preserved,0,not_needed_target_reached,match,not_run,PASS,hard_safe/qualified
https://thetastytravelers.com/ninja-creami-pistachio-protein-ice-cream/,pistachio-tastytravelers,pistachio,-12,eco,2,16.1731,42.1233,8.5169,5.395,36.456,63.544,16,17,0.0000,ACHIEVED,10,ok,applied,preserved,0,not_needed_target_reached,match,not_run,PASS,hard_safe/qualified
https://thetastytravelers.com/ninja-creami-pistachio-protein-ice-cream/,pistachio-tastytravelers,pistachio,-13,optimal,-2,12.9157,48.0951,10.4997,8.588,39.804,60.196,12,13,0.0000,ACHIEVED,9,ok,applied,preserved,0,not_needed_target_reached,match,not_run,PASS,hard_safe/qualified
https://thetastytravelers.com/ninja-creami-pistachio-protein-ice-cream/,pistachio-tastytravelers,pistachio,-13,optimal,-1,13.4579,50.9346,9.8183,7.692,39.733,60.267,13,14,0.0000,ACHIEVED,10,ok,applied,preserved,0,not_needed_target_reached,match,not_run,PASS,hard_safe/qualified
https://thetastytravelers.com/ninja-creami-pistachio-protein-ice-cream/,pistachio-tastytravelers,pistachio,-13,optimal,0,13.6157,48.0696,9.9778,6.492,39.799,60.201,14,15,0.3843,NEAREST,9,diagnostic,iteration_cap_diagnostic,preserved,0,candidate_for_rescue,match,not_run,PASS,hard_safe/qualified/iteration_cap_diagnostic
https://thetastytravelers.com/ninja-creami-pistachio-protein-ice-cream/,pistachio-tastytravelers,pistachio,-13,optimal,1,15.5348,53.3323,10.5160,6.868,43.416,56.584,15,16,0.0000,ACHIEVED,9,diagnostic,iteration_cap_diagnostic,preserved,0,not_needed_target_reached,match,not_run,PASS,hard_safe/qualified/iteration_cap_diagnostic
https://thetastytravelers.com/ninja-creami-pistachio-protein-ice-cream/,pistachio-tastytravelers,pistachio,-13,optimal,2,15.5348,53.3323,10.5160,6.868,43.416,56.584,16,17,0.4652,NEAREST,9,diagnostic,iteration_cap_diagnostic,preserved,0,candidate_for_rescue,match,not_run,PASS,hard_safe/qualified/iteration_cap_diagnostic
https://thetastytravelers.com/ninja-creami-pistachio-protein-ice-cream/,pistachio-tastytravelers,pistachio,-13,eco,-2,12.9157,48.0951,10.4997,8.588,39.804,60.196,12,13,0.0000,ACHIEVED,9,ok,applied,preserved,0,not_needed_target_reached,match,not_run,PASS,hard_safe/qualified
https://thetastytravelers.com/ninja-creami-pistachio-protein-ice-cream/,pistachio-tastytravelers,pistachio,-13,eco,-1,13.4579,50.9346,9.8183,7.692,39.733,60.267,13,14,0.0000,ACHIEVED,10,ok,applied,preserved,0,not_needed_target_reached,match,not_run,PASS,hard_safe/qualified
https://thetastytravelers.com/ninja-creami-pistachio-protein-ice-cream/,pistachio-tastytravelers,pistachio,-13,eco,0,13.6157,48.0696,9.9778,6.492,39.799,60.201,14,15,0.3843,NEAREST,9,diagnostic,iteration_cap_diagnostic,preserved,0,candidate_for_rescue,match,not_run,PASS,hard_safe/qualified/iteration_cap_diagnostic
https://thetastytravelers.com/ninja-creami-pistachio-protein-ice-cream/,pistachio-tastytravelers,pistachio,-13,eco,1,15.5348,53.3323,10.5160,6.868,43.416,56.584,15,16,0.0000,ACHIEVED,9,diagnostic,iteration_cap_diagnostic,preserved,0,not_needed_target_reached,match,not_run,PASS,hard_safe/qualified/iteration_cap_diagnostic
https://thetastytravelers.com/ninja-creami-pistachio-protein-ice-cream/,pistachio-tastytravelers,pistachio,-13,eco,2,15.5348,53.3323,10.5160,6.868,43.416,56.584,16,17,0.4652,NEAREST,9,diagnostic,iteration_cap_diagnostic,preserved,0,candidate_for_rescue,match,not_run,PASS,hard_safe/qualified/iteration_cap_diagnostic
https://georgeats.com/recipes/high-protein-ninja-creami-53g-protein/,peanut-georgeats,peanut,-11,optimal,-2,12.3624,41.1067,12.0248,11.916,42.973,57.027,12,13,0.0000,ACHIEVED,9,ok,applied,preserved,0,not_needed_target_reached,match,not_run,PASS,hard_safe/qualified
https://georgeats.com/recipes/high-protein-ninja-creami-53g-protein/,peanut-georgeats,peanut,-11,optimal,-1,13.9160,33.3967,8.9812,6.702,34.075,65.925,13,14,0.0000,ACHIEVED,10,ok,applied,preserved,0,not_needed_target_reached,match,not_run,PASS,hard_safe/qualified
https://georgeats.com/recipes/high-protein-ninja-creami-53g-protein/,peanut-georgeats,peanut,-11,optimal,0,14.2008,41.7586,11.0117,9.799,42.324,57.676,14,15,0.0000,ACHIEVED,9,ok,applied,preserved,0,not_needed_target_reached,match,not_run,PASS,hard_safe/qualified
https://georgeats.com/recipes/high-protein-ninja-creami-53g-protein/,peanut-georgeats,peanut,-11,optimal,1,15.1605,40.3559,11.2701,9.865,42.873,57.127,15,16,0.0000,ACHIEVED,9,ok,applied,preserved,0,not_needed_target_reached,match,not_run,PASS,hard_safe/qualified
https://georgeats.com/recipes/high-protein-ninja-creami-53g-protein/,peanut-georgeats,peanut,-11,optimal,2,16.1188,41.8247,11.0344,9.794,41.477,58.523,16,17,0.0000,ACHIEVED,9,ok,applied,preserved,0,not_needed_target_reached,match,not_run,PASS,hard_safe/qualified
https://georgeats.com/recipes/high-protein-ninja-creami-53g-protein/,peanut-georgeats,peanut,-11,eco,-2,12.3624,41.1067,12.0248,11.916,42.973,57.027,12,13,0.0000,ACHIEVED,9,ok,applied,preserved,0,not_needed_target_reached,match,not_run,PASS,hard_safe/qualified
https://georgeats.com/recipes/high-protein-ninja-creami-53g-protein/,peanut-georgeats,peanut,-11,eco,-1,13.9160,33.3967,8.9812,6.702,34.075,65.925,13,14,0.0000,ACHIEVED,10,ok,applied,preserved,0,not_needed_target_reached,match,not_run,PASS,hard_safe/qualified
https://georgeats.com/recipes/high-protein-ninja-creami-53g-protein/,peanut-georgeats,peanut,-11,eco,0,14.2008,41.7586,11.0117,9.799,42.324,57.676,14,15,0.0000,ACHIEVED,9,ok,applied,preserved,0,not_needed_target_reached,match,not_run,PASS,hard_safe/qualified
https://georgeats.com/recipes/high-protein-ninja-creami-53g-protein/,peanut-georgeats,peanut,-11,eco,1,15.1605,40.3559,11.2701,9.865,42.873,57.127,15,16,0.0000,ACHIEVED,9,ok,applied,preserved,0,not_needed_target_reached,match,not_run,PASS,hard_safe/qualified
https://georgeats.com/recipes/high-protein-ninja-creami-53g-protein/,peanut-georgeats,peanut,-11,eco,2,16.1188,41.8247,11.0344,9.794,41.477,58.523,16,17,0.0000,ACHIEVED,9,ok,applied,preserved,0,not_needed_target_reached,match,not_run,PASS,hard_safe/qualified
https://georgeats.com/recipes/high-protein-ninja-creami-53g-protein/,peanut-georgeats,peanut,-12,optimal,-2,12.2004,47.3483,11.9991,11.020,43.983,56.017,12,13,0.0000,ACHIEVED,9,ok,applied,preserved,0,not_needed_target_reached,match,not_run,PASS,hard_safe/qualified
https://georgeats.com/recipes/high-protein-ninja-creami-53g-protein/,peanut-georgeats,peanut,-12,optimal,-1,13.7630,45.5062,9.9961,8.389,38.742,61.258,13,14,0.0000,ACHIEVED,10,ok,applied,preserved,0,not_needed_target_reached,match,not_run,PASS,hard_safe/qualified
https://georgeats.com/recipes/high-protein-ninja-creami-53g-protein/,peanut-georgeats,peanut,-12,optimal,0,15.1806,44.0886,10.0002,6.456,39.921,60.079,14,15,0.1806,NEAREST,9,diagnostic,iteration_cap_diagnostic,preserved,0,candidate_for_rescue,match,not_run,PASS,hard_safe/qualified/iteration_cap_diagnostic
https://georgeats.com/recipes/high-protein-ninja-creami-53g-protein/,peanut-georgeats,peanut,-12,optimal,1,15.1806,44.0886,10.0002,6.456,39.921,60.079,15,16,0.0000,ACHIEVED,9,ok,applied,preserved,0,not_needed_target_reached,match,not_run,PASS,hard_safe/qualified
https://georgeats.com/recipes/high-protein-ninja-creami-53g-protein/,peanut-georgeats,peanut,-12,optimal,2,16.5350,49.2197,11.0128,8.414,43.994,56.006,16,17,0.0000,ACHIEVED,9,ok,applied,preserved,0,not_needed_target_reached,match,not_run,PASS,hard_safe/qualified
https://georgeats.com/recipes/high-protein-ninja-creami-53g-protein/,peanut-georgeats,peanut,-12,eco,-2,12.2004,47.3483,11.9991,11.020,43.983,56.017,12,13,0.0000,ACHIEVED,9,ok,applied,preserved,0,not_needed_target_reached,match,not_run,PASS,hard_safe/qualified
https://georgeats.com/recipes/high-protein-ninja-creami-53g-protein/,peanut-georgeats,peanut,-12,eco,-1,13.7630,45.5062,9.9961,8.389,38.742,61.258,13,14,0.0000,ACHIEVED,10,ok,applied,preserved,0,not_needed_target_reached,match,not_run,PASS,hard_safe/qualified
https://georgeats.com/recipes/high-protein-ninja-creami-53g-protein/,peanut-georgeats,peanut,-12,eco,0,15.1806,44.0886,10.0002,6.456,39.921,60.079,14,15,0.1806,NEAREST,9,diagnostic,iteration_cap_diagnostic,preserved,0,candidate_for_rescue,match,not_run,PASS,hard_safe/qualified/iteration_cap_diagnostic
https://georgeats.com/recipes/high-protein-ninja-creami-53g-protein/,peanut-georgeats,peanut,-12,eco,1,15.1806,44.0886,10.0002,6.456,39.921,60.079,15,16,0.0000,ACHIEVED,9,ok,applied,preserved,0,not_needed_target_reached,match,not_run,PASS,hard_safe/qualified
https://georgeats.com/recipes/high-protein-ninja-creami-53g-protein/,peanut-georgeats,peanut,-12,eco,2,16.5350,49.2197,11.0128,8.414,43.994,56.006,16,17,0.0000,ACHIEVED,9,ok,applied,preserved,0,not_needed_target_reached,match,not_run,PASS,hard_safe/qualified
https://georgeats.com/recipes/high-protein-ninja-creami-53g-protein/,peanut-georgeats,peanut,-13,optimal,-2,12.4162,50.4889,11.9868,10.940,43.645,56.355,12,13,0.0000,ACHIEVED,9,ok,applied,preserved,0,not_needed_target_reached,match,not_run,PASS,hard_safe/qualified
https://georgeats.com/recipes/high-protein-ninja-creami-53g-protein/,peanut-georgeats,peanut,-13,optimal,-1,13.9839,48.1676,10.4756,8.798,40.124,59.876,13,14,0.0000,ACHIEVED,9,ok,applied,preserved,0,not_needed_target_reached,match,not_run,PASS,hard_safe/qualified
https://georgeats.com/recipes/high-protein-ninja-creami-53g-protein/,peanut-georgeats,peanut,-13,optimal,0,14.4886,50.2296,11.0620,10.185,42.690,57.310,14,15,0.0000,ACHIEVED,9,ok,applied,preserved,0,not_needed_target_reached,match,not_run,PASS,hard_safe/qualified
https://georgeats.com/recipes/high-protein-ninja-creami-53g-protein/,peanut-georgeats,peanut,-13,optimal,1,15.3912,50.6901,9.4670,6.167,37.948,62.052,15,16,0.0000,ACHIEVED,10,ok,applied,preserved,0,not_needed_target_reached,match,not_run,PASS,hard_safe/qualified
https://georgeats.com/recipes/high-protein-ninja-creami-53g-protein/,peanut-georgeats,peanut,-13,optimal,2,16.4373,53.2301,11.6620,9.794,44.634,55.366,16,17,0.0000,ACHIEVED,9,ok,applied,preserved,0,not_needed_target_reached,match,not_run,PASS,hard_safe/qualified
https://georgeats.com/recipes/high-protein-ninja-creami-53g-protein/,peanut-georgeats,peanut,-13,eco,-2,12.4162,50.4889,11.9868,10.940,43.645,56.355,12,13,0.0000,ACHIEVED,9,ok,applied,preserved,0,not_needed_target_reached,match,not_run,PASS,hard_safe/qualified
https://georgeats.com/recipes/high-protein-ninja-creami-53g-protein/,peanut-georgeats,peanut,-13,eco,-1,13.9839,48.1676,10.4756,8.798,40.124,59.876,13,14,0.0000,ACHIEVED,9,ok,applied,preserved,0,not_needed_target_reached,match,not_run,PASS,hard_safe/qualified
https://georgeats.com/recipes/high-protein-ninja-creami-53g-protein/,peanut-georgeats,peanut,-13,eco,0,14.4886,50.2296,11.0620,10.185,42.690,57.310,14,15,0.0000,ACHIEVED,9,ok,applied,preserved,0,not_needed_target_reached,match,not_run,PASS,hard_safe/qualified
https://georgeats.com/recipes/high-protein-ninja-creami-53g-protein/,peanut-georgeats,peanut,-13,eco,1,15.3912,50.6901,9.4670,6.167,37.948,62.052,15,16,0.0000,ACHIEVED,10,ok,applied,preserved,0,not_needed_target_reached,match,not_run,PASS,hard_safe/qualified
https://georgeats.com/recipes/high-protein-ninja-creami-53g-protein/,peanut-georgeats,peanut,-13,eco,2,16.4373,53.2301,11.6620,9.794,44.634,55.366,16,17,0.0000,ACHIEVED,9,ok,applied,preserved,0,not_needed_target_reached,match,not_run,PASS,hard_safe/qualified
https://www.thedeliciouscrescent.com/hazelnut-gelato-nocciola-gelato/,hazelnut-deliciouscrescent,hazelnut,-11,optimal,-2,12.0841,39.4964,11.0026,10.592,41.603,58.397,12,13,0.0000,ACHIEVED,9,ok,applied,preserved,0,not_needed_target_reached,match,not_run,PASS,hard_safe/qualified
https://www.thedeliciouscrescent.com/hazelnut-gelato-nocciola-gelato/,hazelnut-deliciouscrescent,hazelnut,-11,optimal,-1,13.1867,41.6528,10.4916,9.659,41.262,58.738,13,14,0.0000,ACHIEVED,9,ok,applied,preserved,0,not_needed_target_reached,match,not_run,PASS,hard_safe/qualified
https://www.thedeliciouscrescent.com/hazelnut-gelato-nocciola-gelato/,hazelnut-deliciouscrescent,hazelnut,-11,optimal,0,14.1178,37.8590,8.9919,5.565,36.059,63.941,14,15,0.0000,ACHIEVED,10,ok,applied,preserved,0,not_needed_target_reached,match,not_run,PASS,hard_safe/qualified
https://www.thedeliciouscrescent.com/hazelnut-gelato-nocciola-gelato/,hazelnut-deliciouscrescent,hazelnut,-11,optimal,1,15.4065,41.9088,11.4732,10.431,42.172,57.828,15,16,0.0000,ACHIEVED,9,diagnostic,iteration_cap_diagnostic,preserved,0,not_needed_target_reached,match,not_run,PASS,hard_safe/qualified/iteration_cap_diagnostic
https://www.thedeliciouscrescent.com/hazelnut-gelato-nocciola-gelato/,hazelnut-deliciouscrescent,hazelnut,-11,optimal,2,15.4065,41.9088,11.4732,10.431,42.172,57.828,16,17,0.5935,NEAREST,9,diagnostic,iteration_cap_diagnostic,preserved,0,candidate_for_rescue,match,not_run,PASS,hard_safe/qualified/iteration_cap_diagnostic
https://www.thedeliciouscrescent.com/hazelnut-gelato-nocciola-gelato/,hazelnut-deliciouscrescent,hazelnut,-11,eco,-2,12.0841,39.4964,11.0026,10.592,41.603,58.397,12,13,0.0000,ACHIEVED,9,ok,applied,preserved,0,not_needed_target_reached,match,not_run,PASS,hard_safe/qualified
https://www.thedeliciouscrescent.com/hazelnut-gelato-nocciola-gelato/,hazelnut-deliciouscrescent,hazelnut,-11,eco,-1,13.1867,41.6528,10.4916,9.659,41.262,58.738,13,14,0.0000,ACHIEVED,9,ok,applied,preserved,0,not_needed_target_reached,match,not_run,PASS,hard_safe/qualified
https://www.thedeliciouscrescent.com/hazelnut-gelato-nocciola-gelato/,hazelnut-deliciouscrescent,hazelnut,-11,eco,0,14.1178,37.8590,8.9919,5.565,36.059,63.941,14,15,0.0000,ACHIEVED,10,ok,applied,preserved,0,not_needed_target_reached,match,not_run,PASS,hard_safe/qualified
https://www.thedeliciouscrescent.com/hazelnut-gelato-nocciola-gelato/,hazelnut-deliciouscrescent,hazelnut,-11,eco,1,15.4065,41.9088,11.4732,10.431,42.172,57.828,15,16,0.0000,ACHIEVED,9,diagnostic,iteration_cap_diagnostic,preserved,0,not_needed_target_reached,match,not_run,PASS,hard_safe/qualified/iteration_cap_diagnostic
https://www.thedeliciouscrescent.com/hazelnut-gelato-nocciola-gelato/,hazelnut-deliciouscrescent,hazelnut,-11,eco,2,15.4065,41.9088,11.4732,10.431,42.172,57.828,16,17,0.5935,NEAREST,9,diagnostic,iteration_cap_diagnostic,preserved,0,candidate_for_rescue,match,not_run,PASS,hard_safe/qualified/iteration_cap_diagnostic
https://www.thedeliciouscrescent.com/hazelnut-gelato-nocciola-gelato/,hazelnut-deliciouscrescent,hazelnut,-12,optimal,-2,13.2072,42.2199,8.5400,5.646,34.395,65.605,12,13,0.2072,NEAREST,9,diagnostic,iteration_cap_diagnostic,preserved,0,candidate_for_rescue,match,not_run,PASS,hard_safe/qualified/iteration_cap_diagnostic
https://www.thedeliciouscrescent.com/hazelnut-gelato-nocciola-gelato/,hazelnut-deliciouscrescent,hazelnut,-12,optimal,-1,13.4282,45.2963,9.5344,6.348,38.120,61.880,13,14,0.0000,ACHIEVED,10,ok,applied,preserved,0,not_needed_target_reached,match,not_run,PASS,hard_safe/qualified
https://www.thedeliciouscrescent.com/hazelnut-gelato-nocciola-gelato/,hazelnut-deliciouscrescent,hazelnut,-12,optimal,0,14.5137,45.4662,10.8837,10.621,43.308,56.692,14,15,0.0000,ACHIEVED,5,diagnostic,unsafe_proposal,preserved,0,not_needed_target_reached,match,not_run,PASS,hard_safe/unqualified/unsafe_proposal
https://www.thedeliciouscrescent.com/hazelnut-gelato-nocciola-gelato/,hazelnut-deliciouscrescent,hazelnut,-12,optimal,1,15.3871,48.1112,4.1572,11.383,38.988,61.012,15,16,0.0000,ACHIEVED,5,diagnostic,unsafe_proposal,preserved,0,not_needed_target_reached,match,not_run,PASS,hard_safe/unqualified/unsafe_proposal
https://www.thedeliciouscrescent.com/hazelnut-gelato-nocciola-gelato/,hazelnut-deliciouscrescent,hazelnut,-12,optimal,2,16.5424,47.8865,10.6849,9.312,43.856,56.144,16,17,0.0000,ACHIEVED,9,ok,applied,preserved,0,not_needed_target_reached,match,not_run,PASS,hard_safe/qualified
https://www.thedeliciouscrescent.com/hazelnut-gelato-nocciola-gelato/,hazelnut-deliciouscrescent,hazelnut,-12,eco,-2,13.2072,42.2199,8.5400,5.646,34.395,65.605,12,13,0.2072,NEAREST,9,diagnostic,iteration_cap_diagnostic,preserved,0,candidate_for_rescue,match,not_run,PASS,hard_safe/qualified/iteration_cap_diagnostic
https://www.thedeliciouscrescent.com/hazelnut-gelato-nocciola-gelato/,hazelnut-deliciouscrescent,hazelnut,-12,eco,-1,13.4282,45.2963,9.5344,6.348,38.120,61.880,13,14,0.0000,ACHIEVED,10,ok,applied,preserved,0,not_needed_target_reached,match,not_run,PASS,hard_safe/qualified
https://www.thedeliciouscrescent.com/hazelnut-gelato-nocciola-gelato/,hazelnut-deliciouscrescent,hazelnut,-12,eco,0,14.5137,45.4662,10.8837,10.621,43.308,56.692,14,15,0.0000,ACHIEVED,5,diagnostic,unsafe_proposal,preserved,0,not_needed_target_reached,match,not_run,PASS,hard_safe/unqualified/unsafe_proposal
https://www.thedeliciouscrescent.com/hazelnut-gelato-nocciola-gelato/,hazelnut-deliciouscrescent,hazelnut,-12,eco,1,15.3871,48.1112,4.1572,11.383,38.988,61.012,15,16,0.0000,ACHIEVED,5,diagnostic,unsafe_proposal,preserved,0,not_needed_target_reached,match,not_run,PASS,hard_safe/unqualified/unsafe_proposal
https://www.thedeliciouscrescent.com/hazelnut-gelato-nocciola-gelato/,hazelnut-deliciouscrescent,hazelnut,-12,eco,2,16.5424,47.8865,10.6849,9.312,43.856,56.144,16,17,0.0000,ACHIEVED,9,ok,applied,preserved,0,not_needed_target_reached,match,not_run,PASS,hard_safe/qualified
https://www.thedeliciouscrescent.com/hazelnut-gelato-nocciola-gelato/,hazelnut-deliciouscrescent,hazelnut,-13,optimal,-2,13.9160,48.1094,9.4761,6.612,38.236,61.764,12,13,0.9160,NEAREST,9,diagnostic,iteration_cap_diagnostic,preserved,0,candidate_for_rescue,match,not_run,PASS,hard_safe/qualified/iteration_cap_diagnostic
https://www.thedeliciouscrescent.com/hazelnut-gelato-nocciola-gelato/,hazelnut-deliciouscrescent,hazelnut,-13,optimal,-1,13.9160,48.1094,9.4761,6.612,38.236,61.764,13,14,0.0000,ACHIEVED,10,ok,applied,preserved,0,not_needed_target_reached,match,not_run,PASS,hard_safe/qualified
https://www.thedeliciouscrescent.com/hazelnut-gelato-nocciola-gelato/,hazelnut-deliciouscrescent,hazelnut,-13,optimal,0,14.5289,53.2873,9.2286,5.898,39.515,60.485,14,15,0.0000,ACHIEVED,10,ok,applied,preserved,0,not_needed_target_reached,match,not_run,PASS,hard_safe/qualified
https://www.thedeliciouscrescent.com/hazelnut-gelato-nocciola-gelato/,hazelnut-deliciouscrescent,hazelnut,-13,optimal,1,15.3752,48.9507,8.9922,5.238,37.650,62.350,15,16,0.0000,ACHIEVED,10,ok,applied,preserved,0,not_needed_target_reached,match,not_run,PASS,hard_safe/qualified
https://www.thedeliciouscrescent.com/hazelnut-gelato-nocciola-gelato/,hazelnut-deliciouscrescent,hazelnut,-13,optimal,2,14.5519,48.2117,9.9817,6.772,42.762,57.238,16,17,1.4481,NEAREST,9,ok,applied,preserved,0,candidate_for_rescue,match,not_run,PASS,hard_safe/qualified
https://www.thedeliciouscrescent.com/hazelnut-gelato-nocciola-gelato/,hazelnut-deliciouscrescent,hazelnut,-13,eco,-2,13.9160,48.1094,9.4761,6.612,38.236,61.764,12,13,0.9160,NEAREST,9,diagnostic,iteration_cap_diagnostic,preserved,0,candidate_for_rescue,match,not_run,PASS,hard_safe/qualified/iteration_cap_diagnostic
https://www.thedeliciouscrescent.com/hazelnut-gelato-nocciola-gelato/,hazelnut-deliciouscrescent,hazelnut,-13,eco,-1,13.9160,48.1094,9.4761,6.612,38.236,61.764,13,14,0.0000,ACHIEVED,10,ok,applied,preserved,0,not_needed_target_reached,match,not_run,PASS,hard_safe/qualified
https://www.thedeliciouscrescent.com/hazelnut-gelato-nocciola-gelato/,hazelnut-deliciouscrescent,hazelnut,-13,eco,0,14.5289,53.2873,9.2286,5.898,39.515,60.485,14,15,0.0000,ACHIEVED,10,ok,applied,preserved,0,not_needed_target_reached,match,not_run,PASS,hard_safe/qualified
https://www.thedeliciouscrescent.com/hazelnut-gelato-nocciola-gelato/,hazelnut-deliciouscrescent,hazelnut,-13,eco,1,15.3752,48.9507,8.9922,5.238,37.650,62.350,15,16,0.0000,ACHIEVED,10,ok,applied,preserved,0,not_needed_target_reached,match,not_run,PASS,hard_safe/qualified
https://www.thedeliciouscrescent.com/hazelnut-gelato-nocciola-gelato/,hazelnut-deliciouscrescent,hazelnut,-13,eco,2,14.5519,48.2117,9.9817,6.772,42.762,57.238,16,17,1.4481,NEAREST,9,ok,applied,preserved,0,candidate_for_rescue,match,not_run,PASS,hard_safe/qualified
https://thesweetsimplethings.com/healthy-ninja-creami-coconut-ice-cream-high-protein/,coconut-sweetsimplethings,coconut,-11,optimal,-2,12.0407,37.0818,12.0124,11.431,42.905,57.095,12,13,0.0000,ACHIEVED,9,ok,applied,preserved,0,not_needed_target_reached,match,not_run,PASS,hard_safe/qualified
https://thesweetsimplethings.com/healthy-ninja-creami-coconut-ice-cream-high-protein/,coconut-sweetsimplethings,coconut,-11,optimal,-1,14.0370,41.8665,9.1448,6.517,36.636,63.364,13,14,0.0370,NEAREST,9,diagnostic,iteration_cap_diagnostic,preserved,0,candidate_for_rescue,match,not_run,PASS,hard_safe/qualified/iteration_cap_diagnostic
https://thesweetsimplethings.com/healthy-ninja-creami-coconut-ice-cream-high-protein/,coconut-sweetsimplethings,coconut,-11,optimal,0,14.0370,41.8665,9.1448,6.517,36.636,63.364,14,15,0.0000,ACHIEVED,10,ok,applied,preserved,0,not_needed_target_reached,match,not_run,PASS,hard_safe/qualified
https://thesweetsimplethings.com/healthy-ninja-creami-coconut-ice-cream-high-protein/,coconut-sweetsimplethings,coconut,-11,optimal,1,15.4657,40.8285,10.1216,8.034,38.682,61.318,15,16,0.0000,ACHIEVED,9,ok,applied,preserved,0,not_needed_target_reached,match,not_run,PASS,hard_safe/qualified
https://thesweetsimplethings.com/healthy-ninja-creami-coconut-ice-cream-high-protein/,coconut-sweetsimplethings,coconut,-11,optimal,2,16.4481,40.8732,9.0708,5.369,38.323,61.677,16,17,0.0000,ACHIEVED,10,ok,applied,preserved,0,not_needed_target_reached,match,not_run,PASS,hard_safe/qualified
https://thesweetsimplethings.com/healthy-ninja-creami-coconut-ice-cream-high-protein/,coconut-sweetsimplethings,coconut,-11,eco,-2,12.0407,37.0818,12.0124,11.431,42.905,57.095,12,13,0.0000,ACHIEVED,9,ok,applied,preserved,0,not_needed_target_reached,match,not_run,PASS,hard_safe/qualified
https://thesweetsimplethings.com/healthy-ninja-creami-coconut-ice-cream-high-protein/,coconut-sweetsimplethings,coconut,-11,eco,-1,14.0370,41.8665,9.1448,6.517,36.636,63.364,13,14,0.0370,NEAREST,9,diagnostic,iteration_cap_diagnostic,preserved,0,candidate_for_rescue,match,not_run,PASS,hard_safe/qualified/iteration_cap_diagnostic
https://thesweetsimplethings.com/healthy-ninja-creami-coconut-ice-cream-high-protein/,coconut-sweetsimplethings,coconut,-11,eco,0,14.0370,41.8665,9.1448,6.517,36.636,63.364,14,15,0.0000,ACHIEVED,10,ok,applied,preserved,0,not_needed_target_reached,match,not_run,PASS,hard_safe/qualified
https://thesweetsimplethings.com/healthy-ninja-creami-coconut-ice-cream-high-protein/,coconut-sweetsimplethings,coconut,-11,eco,1,15.4657,40.8285,10.1216,8.034,38.682,61.318,15,16,0.0000,ACHIEVED,9,ok,applied,preserved,0,not_needed_target_reached,match,not_run,PASS,hard_safe/qualified
https://thesweetsimplethings.com/healthy-ninja-creami-coconut-ice-cream-high-protein/,coconut-sweetsimplethings,coconut,-11,eco,2,16.4481,40.8732,9.0708,5.369,38.323,61.677,16,17,0.0000,ACHIEVED,10,ok,applied,preserved,0,not_needed_target_reached,match,not_run,PASS,hard_safe/qualified
https://thesweetsimplethings.com/healthy-ninja-creami-coconut-ice-cream-high-protein/,coconut-sweetsimplethings,coconut,-12,optimal,-2,13.7368,45.4768,11.0147,9.421,41.063,58.937,12,13,0.7368,NEAREST,9,diagnostic,iteration_cap_diagnostic,preserved,0,candidate_for_rescue,match,not_run,PASS,hard_safe/qualified/iteration_cap_diagnostic
https://thesweetsimplethings.com/healthy-ninja-creami-coconut-ice-cream-high-protein/,coconut-sweetsimplethings,coconut,-12,optimal,-1,13.7368,45.4768,11.0147,9.421,41.063,58.937,13,14,0.0000,ACHIEVED,9,ok,applied,preserved,0,not_needed_target_reached,match,not_run,PASS,hard_safe/qualified
https://thesweetsimplethings.com/healthy-ninja-creami-coconut-ice-cream-high-protein/,coconut-sweetsimplethings,coconut,-12,optimal,0,14.6243,49.9220,11.4792,10.099,42.382,57.618,14,15,0.0000,ACHIEVED,9,ok,applied,preserved,0,not_needed_target_reached,match,not_run,PASS,hard_safe/qualified
https://thesweetsimplethings.com/healthy-ninja-creami-coconut-ice-cream-high-protein/,coconut-sweetsimplethings,coconut,-12,optimal,1,15.8960,43.3209,9.5216,6.049,37.232,62.768,15,16,0.0000,ACHIEVED,10,ok,applied,preserved,0,not_needed_target_reached,match,not_run,PASS,hard_safe/qualified
https://thesweetsimplethings.com/healthy-ninja-creami-coconut-ice-cream-high-protein/,coconut-sweetsimplethings,coconut,-12,optimal,2,16.5354,47.9796,10.1151,7.632,40.018,59.982,16,17,0.0000,ACHIEVED,9,ok,applied,preserved,0,not_needed_target_reached,match,not_run,PASS,hard_safe/qualified
https://thesweetsimplethings.com/healthy-ninja-creami-coconut-ice-cream-high-protein/,coconut-sweetsimplethings,coconut,-12,eco,-2,13.7368,45.4768,11.0147,9.421,41.063,58.937,12,13,0.7368,NEAREST,9,diagnostic,iteration_cap_diagnostic,preserved,0,candidate_for_rescue,match,not_run,PASS,hard_safe/qualified/iteration_cap_diagnostic
https://thesweetsimplethings.com/healthy-ninja-creami-coconut-ice-cream-high-protein/,coconut-sweetsimplethings,coconut,-12,eco,-1,13.7368,45.4768,11.0147,9.421,41.063,58.937,13,14,0.0000,ACHIEVED,9,ok,applied,preserved,0,not_needed_target_reached,match,not_run,PASS,hard_safe/qualified
https://thesweetsimplethings.com/healthy-ninja-creami-coconut-ice-cream-high-protein/,coconut-sweetsimplethings,coconut,-12,eco,0,14.6243,49.9220,11.4792,10.099,42.382,57.618,14,15,0.0000,ACHIEVED,9,ok,applied,preserved,0,not_needed_target_reached,match,not_run,PASS,hard_safe/qualified
https://thesweetsimplethings.com/healthy-ninja-creami-coconut-ice-cream-high-protein/,coconut-sweetsimplethings,coconut,-12,eco,1,15.8960,43.3209,9.5216,6.049,37.232,62.768,15,16,0.0000,ACHIEVED,10,ok,applied,preserved,0,not_needed_target_reached,match,not_run,PASS,hard_safe/qualified
https://thesweetsimplethings.com/healthy-ninja-creami-coconut-ice-cream-high-protein/,coconut-sweetsimplethings,coconut,-12,eco,2,16.5354,47.9796,10.1151,7.632,40.018,59.982,16,17,0.0000,ACHIEVED,9,ok,applied,preserved,0,not_needed_target_reached,match,not_run,PASS,hard_safe/qualified
https://thesweetsimplethings.com/healthy-ninja-creami-coconut-ice-cream-high-protein/,coconut-sweetsimplethings,coconut,-13,optimal,-2,13.9622,48.1520,10.8580,9.164,41.188,58.812,12,13,0.9622,NEAREST,9,diagnostic,iteration_cap_diagnostic,preserved,0,candidate_for_rescue,match,not_run,PASS,hard_safe/qualified/iteration_cap_diagnostic
https://thesweetsimplethings.com/healthy-ninja-creami-coconut-ice-cream-high-protein/,coconut-sweetsimplethings,coconut,-13,optimal,-1,13.9622,48.1520,10.8580,9.164,41.188,58.812,13,14,0.0000,ACHIEVED,9,ok,applied,preserved,0,not_needed_target_reached,match,not_run,PASS,hard_safe/qualified
https://thesweetsimplethings.com/healthy-ninja-creami-coconut-ice-cream-high-protein/,coconut-sweetsimplethings,coconut,-13,optimal,0,14.3289,54.7797,9.4966,5.703,38.709,61.291,14,15,0.0000,ACHIEVED,10,ok,applied,preserved,0,not_needed_target_reached,match,not_run,PASS,hard_safe/qualified
https://thesweetsimplethings.com/healthy-ninja-creami-coconut-ice-cream-high-protein/,coconut-sweetsimplethings,coconut,-13,optimal,1,15.8261,52.6390,10.5135,6.981,41.374,58.626,15,16,0.0000,ACHIEVED,9,ok,applied,preserved,0,not_needed_target_reached,match,not_run,PASS,hard_safe/qualified
https://thesweetsimplethings.com/healthy-ninja-creami-coconut-ice-cream-high-protein/,coconut-sweetsimplethings,coconut,-13,optimal,2,16.8985,53.6877,9.5180,6.431,39.224,60.776,16,17,0.0000,ACHIEVED,10,ok,applied,preserved,0,not_needed_target_reached,match,not_run,PASS,hard_safe/qualified
https://thesweetsimplethings.com/healthy-ninja-creami-coconut-ice-cream-high-protein/,coconut-sweetsimplethings,coconut,-13,eco,-2,13.9622,48.1520,10.8580,9.164,41.188,58.812,12,13,0.9622,NEAREST,9,diagnostic,iteration_cap_diagnostic,preserved,0,candidate_for_rescue,match,not_run,PASS,hard_safe/qualified/iteration_cap_diagnostic
https://thesweetsimplethings.com/healthy-ninja-creami-coconut-ice-cream-high-protein/,coconut-sweetsimplethings,coconut,-13,eco,-1,13.9622,48.1520,10.8580,9.164,41.188,58.812,13,14,0.0000,ACHIEVED,9,ok,applied,preserved,0,not_needed_target_reached,match,not_run,PASS,hard_safe/qualified
https://thesweetsimplethings.com/healthy-ninja-creami-coconut-ice-cream-high-protein/,coconut-sweetsimplethings,coconut,-13,eco,0,14.3289,54.7797,9.4966,5.703,38.709,61.291,14,15,0.0000,ACHIEVED,10,ok,applied,preserved,0,not_needed_target_reached,match,not_run,PASS,hard_safe/qualified
https://thesweetsimplethings.com/healthy-ninja-creami-coconut-ice-cream-high-protein/,coconut-sweetsimplethings,coconut,-13,eco,1,15.8261,52.6390,10.5135,6.981,41.374,58.626,15,16,0.0000,ACHIEVED,9,ok,applied,preserved,0,not_needed_target_reached,match,not_run,PASS,hard_safe/qualified
https://thesweetsimplethings.com/healthy-ninja-creami-coconut-ice-cream-high-protein/,coconut-sweetsimplethings,coconut,-13,eco,2,16.8985,53.6877,9.5180,6.431,39.224,60.776,16,17,0.0000,ACHIEVED,10,ok,applied,preserved,0,not_needed_target_reached,match,not_run,PASS,hard_safe/qualified
https://mattsfitchef.com/protein-ice-cream/,yogurt-mattsfitchef,yogurt,-11,optimal,-2,12.5281,40.7043,9.0046,6.906,35.640,64.360,12,13,0.0000,ACHIEVED,10,ok,applied,preserved,0,not_needed_target_reached,match,not_run,PASS,hard_safe/qualified
https://mattsfitchef.com/protein-ice-cream/,yogurt-mattsfitchef,yogurt,-11,optimal,-1,13.4330,37.8477,10.5310,9.159,39.873,60.127,13,14,0.0000,ACHIEVED,9,ok,applied,preserved,0,not_needed_target_reached,match,not_run,PASS,hard_safe/qualified
https://mattsfitchef.com/protein-ice-cream/,yogurt-mattsfitchef,yogurt,-11,optimal,0,15.1077,41.8853,9.5060,7.384,38.833,61.167,14,15,0.1077,NEAREST,9,diagnostic,iteration_cap_diagnostic,preserved,0,candidate_for_rescue,match,not_run,PASS,hard_safe/qualified/iteration_cap_diagnostic
https://mattsfitchef.com/protein-ice-cream/,yogurt-mattsfitchef,yogurt,-11,optimal,1,15.1077,41.8853,9.5060,7.384,38.833,61.167,15,16,0.0000,ACHIEVED,10,ok,applied,preserved,0,not_needed_target_reached,match,not_run,PASS,hard_safe/qualified
https://mattsfitchef.com/protein-ice-cream/,yogurt-mattsfitchef,yogurt,-11,optimal,2,15.1077,41.8853,9.5060,7.384,38.833,61.167,16,17,0.8923,NEAREST,9,diagnostic,iteration_cap_diagnostic,preserved,0,candidate_for_rescue,match,not_run,PASS,hard_safe/qualified/iteration_cap_diagnostic
https://mattsfitchef.com/protein-ice-cream/,yogurt-mattsfitchef,yogurt,-11,eco,-2,12.5281,40.7043,9.0046,6.906,35.640,64.360,12,13,0.0000,ACHIEVED,10,ok,applied,preserved,0,not_needed_target_reached,match,not_run,PASS,hard_safe/qualified
https://mattsfitchef.com/protein-ice-cream/,yogurt-mattsfitchef,yogurt,-11,eco,-1,13.4330,37.8477,10.5310,9.159,39.873,60.127,13,14,0.0000,ACHIEVED,9,ok,applied,preserved,0,not_needed_target_reached,match,not_run,PASS,hard_safe/qualified
https://mattsfitchef.com/protein-ice-cream/,yogurt-mattsfitchef,yogurt,-11,eco,0,15.1077,41.8853,9.5060,7.384,38.833,61.167,14,15,0.1077,NEAREST,9,diagnostic,iteration_cap_diagnostic,preserved,0,candidate_for_rescue,match,not_run,PASS,hard_safe/qualified/iteration_cap_diagnostic
https://mattsfitchef.com/protein-ice-cream/,yogurt-mattsfitchef,yogurt,-11,eco,1,15.1077,41.8853,9.5060,7.384,38.833,61.167,15,16,0.0000,ACHIEVED,10,ok,applied,preserved,0,not_needed_target_reached,match,not_run,PASS,hard_safe/qualified
https://mattsfitchef.com/protein-ice-cream/,yogurt-mattsfitchef,yogurt,-11,eco,2,15.1077,41.8853,9.5060,7.384,38.833,61.167,16,17,0.8923,NEAREST,9,diagnostic,iteration_cap_diagnostic,preserved,0,candidate_for_rescue,match,not_run,PASS,hard_safe/qualified/iteration_cap_diagnostic
https://mattsfitchef.com/protein-ice-cream/,yogurt-mattsfitchef,yogurt,-12,optimal,-2,12.6471,49.9119,9.0053,5.489,38.776,61.224,12,13,0.0000,ACHIEVED,10,ok,applied,preserved,0,not_needed_target_reached,match,not_run,PASS,hard_safe/qualified
https://mattsfitchef.com/protein-ice-cream/,yogurt-mattsfitchef,yogurt,-12,optimal,-1,13.4609,42.9321,8.9790,5.584,36.709,63.291,13,14,0.0000,ACHIEVED,10,ok,applied,preserved,0,not_needed_target_reached,match,not_run,PASS,hard_safe/qualified
https://mattsfitchef.com/protein-ice-cream/,yogurt-mattsfitchef,yogurt,-12,optimal,0,14.6791,49.9201,9.4777,5.440,41.112,58.888,14,15,0.0000,ACHIEVED,10,ok,applied,preserved,0,not_needed_target_reached,match,not_run,PASS,hard_safe/qualified
https://mattsfitchef.com/protein-ice-cream/,yogurt-mattsfitchef,yogurt,-12,optimal,1,15.1229,49.6365,9.5243,5.375,41.428,58.573,15,16,0.0000,ACHIEVED,10,ok,applied,preserved,0,not_needed_target_reached,match,not_run,PASS,hard_safe/qualified
https://mattsfitchef.com/protein-ice-cream/,yogurt-mattsfitchef,yogurt,-12,optimal,2,16.8786,46.8367,9.9840,5.697,40.470,59.530,16,17,0.0000,ACHIEVED,10,ok,applied,preserved,0,not_needed_target_reached,match,not_run,PASS,hard_safe/qualified
https://mattsfitchef.com/protein-ice-cream/,yogurt-mattsfitchef,yogurt,-12,eco,-2,12.0295,43.4612,8.9811,5.219,38.400,61.600,12,13,0.0000,ACHIEVED,10,ok,applied,preserved,0,not_needed_target_reached,match,not_run,PASS,hard_safe/qualified
https://mattsfitchef.com/protein-ice-cream/,yogurt-mattsfitchef,yogurt,-12,eco,-1,13.4947,42.0805,9.5039,6.598,38.313,61.687,13,14,0.0000,ACHIEVED,10,ok,applied,preserved,0,not_needed_target_reached,match,not_run,PASS,hard_safe/qualified
https://mattsfitchef.com/protein-ice-cream/,yogurt-mattsfitchef,yogurt,-12,eco,0,14.5072,43.8017,8.8981,5.886,37.501,62.499,14,15,0.0000,ACHIEVED,10,ok,applied,preserved,0,not_needed_target_reached,match,not_run,PASS,hard_safe/qualified
https://mattsfitchef.com/protein-ice-cream/,yogurt-mattsfitchef,yogurt,-12,eco,1,15.9385,46.1083,9.4890,5.269,41.702,58.298,15,16,0.0000,ACHIEVED,10,ok,applied,preserved,0,not_needed_target_reached,match,not_run,PASS,hard_safe/qualified
https://mattsfitchef.com/protein-ice-cream/,yogurt-mattsfitchef,yogurt,-12,eco,2,16.9572,45.8028,9.2700,5.087,40.066,59.934,16,17,0.0000,ACHIEVED,10,ok,applied,preserved,0,not_needed_target_reached,match,not_run,PASS,hard_safe/qualified
https://mattsfitchef.com/protein-ice-cream/,yogurt-mattsfitchef,yogurt,-13,optimal,-2,12.3842,54.5779,9.9850,6.768,41.317,58.683,12,13,0.0000,ACHIEVED,10,ok,applied,preserved,0,not_needed_target_reached,match,not_run,PASS,hard_safe/qualified
https://mattsfitchef.com/protein-ice-cream/,yogurt-mattsfitchef,yogurt,-13,optimal,-1,13.5146,52.7025,9.3244,5.574,38.605,61.395,13,14,0.0000,ACHIEVED,10,ok,applied,preserved,0,not_needed_target_reached,match,not_run,PASS,hard_safe/qualified
https://mattsfitchef.com/protein-ice-cream/,yogurt-mattsfitchef,yogurt,-13,optimal,0,14.9404,48.2676,9.9370,6.522,42.195,57.805,14,15,0.0000,ACHIEVED,10,ok,applied,preserved,0,not_needed_target_reached,match,not_run,PASS,hard_safe/qualified
https://mattsfitchef.com/protein-ice-cream/,yogurt-mattsfitchef,yogurt,-13,optimal,1,15.4423,54.0759,10.2181,5.100,44.069,55.931,15,16,0.0000,ACHIEVED,7,ok,applied,preserved,0,not_needed_target_reached,match,not_run,PASS,hard_safe/qualified
https://mattsfitchef.com/protein-ice-cream/,yogurt-mattsfitchef,yogurt,-13,optimal,2,16.8137,52.2754,10.5107,6.518,42.940,57.060,16,17,0.0000,ACHIEVED,9,ok,applied,preserved,0,not_needed_target_reached,match,not_run,PASS,hard_safe/qualified
https://mattsfitchef.com/protein-ice-cream/,yogurt-mattsfitchef,yogurt,-13,eco,-2,14.9324,48.0134,9.3446,5.217,42.898,57.102,12,13,1.9324,NEAREST,9,ok,applied,preserved,0,candidate_for_rescue,match,not_run,PASS,hard_safe/qualified
https://mattsfitchef.com/protein-ice-cream/,yogurt-mattsfitchef,yogurt,-13,eco,-1,14.9324,48.0134,9.3446,5.217,42.898,57.102,13,14,0.9324,NEAREST,9,ok,applied,preserved,0,candidate_for_rescue,match,not_run,PASS,hard_safe/qualified
https://mattsfitchef.com/protein-ice-cream/,yogurt-mattsfitchef,yogurt,-13,eco,0,14.9324,48.0134,9.3446,5.217,42.898,57.102,14,15,0.0000,ACHIEVED,10,ok,applied,preserved,0,not_needed_target_reached,match,not_run,PASS,hard_safe/qualified
https://mattsfitchef.com/protein-ice-cream/,yogurt-mattsfitchef,yogurt,-13,eco,1,15.9189,52.6445,9.9924,5.840,43.978,56.022,15,16,0.0000,ACHIEVED,10,ok,applied,preserved,0,not_needed_target_reached,match,not_run,PASS,hard_safe/qualified
https://mattsfitchef.com/protein-ice-cream/,yogurt-mattsfitchef,yogurt,-13,eco,2,16.9095,49.6507,9.5018,5.127,43.246,56.754,16,17,0.0000,ACHIEVED,10,ok,applied,preserved,0,not_needed_target_reached,match,not_run,PASS,hard_safe/qualified
https://www.tiktok.com/@icelandicprovisions/video/7442055216071003423,skyr-icelandicprovisions,skyr,-11,optimal,-2,12.5858,38.7774,7.5037,5.023,31.056,68.944,12,13,0.0000,ACHIEVED,10,ok,applied,preserved,0,not_needed_target_reached,match,not_run,PASS,hard_safe/qualified
https://www.tiktok.com/@icelandicprovisions/video/7442055216071003423,skyr-icelandicprovisions,skyr,-11,optimal,-1,13.2884,41.6932,8.5226,5.839,33.669,66.330,13,14,0.0000,ACHIEVED,10,ok,applied,preserved,0,not_needed_target_reached,match,not_run,PASS,hard_safe/qualified
https://www.tiktok.com/@icelandicprovisions/video/7442055216071003423,skyr-icelandicprovisions,skyr,-11,optimal,0,14.0471,41.7671,8.9974,5.972,36.937,63.063,14,15,0.0000,ACHIEVED,10,ok,applied,preserved,0,not_needed_target_reached,match,not_run,PASS,hard_safe/qualified
https://www.tiktok.com/@icelandicprovisions/video/7442055216071003423,skyr-icelandicprovisions,skyr,-11,optimal,1,15.0448,41.6089,9.4929,6.065,38.745,61.255,15,16,0.0000,ACHIEVED,10,ok,applied,preserved,0,not_needed_target_reached,match,not_run,PASS,hard_safe/qualified
https://www.tiktok.com/@icelandicprovisions/video/7442055216071003423,skyr-icelandicprovisions,skyr,-11,optimal,2,16.1636,41.8124,9.4943,6.174,39.352,60.648,16,17,0.0000,ACHIEVED,10,ok,applied,preserved,0,not_needed_target_reached,match,not_run,PASS,hard_safe/qualified
https://www.tiktok.com/@icelandicprovisions/video/7442055216071003423,skyr-icelandicprovisions,skyr,-11,eco,-2,12.5858,38.7774,7.5037,5.023,31.056,68.944,12,13,0.0000,ACHIEVED,10,ok,applied,preserved,0,not_needed_target_reached,match,not_run,PASS,hard_safe/qualified
https://www.tiktok.com/@icelandicprovisions/video/7442055216071003423,skyr-icelandicprovisions,skyr,-11,eco,-1,13.2884,41.6932,8.5226,5.839,33.669,66.330,13,14,0.0000,ACHIEVED,10,ok,applied,preserved,0,not_needed_target_reached,match,not_run,PASS,hard_safe/qualified
https://www.tiktok.com/@icelandicprovisions/video/7442055216071003423,skyr-icelandicprovisions,skyr,-11,eco,0,14.0471,41.7671,8.9974,5.972,36.937,63.063,14,15,0.0000,ACHIEVED,10,ok,applied,preserved,0,not_needed_target_reached,match,not_run,PASS,hard_safe/qualified
https://www.tiktok.com/@icelandicprovisions/video/7442055216071003423,skyr-icelandicprovisions,skyr,-11,eco,1,15.0448,41.6089,9.4929,6.065,38.745,61.255,15,16,0.0000,ACHIEVED,10,ok,applied,preserved,0,not_needed_target_reached,match,not_run,PASS,hard_safe/qualified
https://www.tiktok.com/@icelandicprovisions/video/7442055216071003423,skyr-icelandicprovisions,skyr,-11,eco,2,16.1636,41.8124,9.4943,6.174,39.352,60.648,16,17,0.0000,ACHIEVED,10,ok,applied,preserved,0,not_needed_target_reached,match,not_run,PASS,hard_safe/qualified
https://www.tiktok.com/@icelandicprovisions/video/7442055216071003423,skyr-icelandicprovisions,skyr,-12,optimal,-2,12.9349,42.3034,7.8312,5.051,33.499,66.501,12,13,0.0000,ACHIEVED,10,ok,applied,preserved,0,not_needed_target_reached,match,not_run,PASS,hard_safe/qualified
https://www.tiktok.com/@icelandicprovisions/video/7442055216071003423,skyr-icelandicprovisions,skyr,-12,optimal,-1,13.5557,47.6744,7.8948,5.005,33.691,66.309,13,14,0.0000,ACHIEVED,10,ok,applied,preserved,0,not_needed_target_reached,match,not_run,PASS,hard_safe/qualified
https://www.tiktok.com/@icelandicprovisions/video/7442055216071003423,skyr-icelandicprovisions,skyr,-12,optimal,0,14.7527,42.8883,8.6471,5.011,39.503,60.497,14,15,0.0000,ACHIEVED,10,ok,applied,preserved,0,not_needed_target_reached,match,not_run,PASS,hard_safe/qualified
https://www.tiktok.com/@icelandicprovisions/video/7442055216071003423,skyr-icelandicprovisions,skyr,-12,optimal,1,15.9688,42.0163,8.8482,4.081,34.853,65.147,15,16,0.0000,ACHIEVED,8,diagnostic,hard_residual_violations,preserved,0,not_needed_target_reached,match,not_run,PASS,hard_residual/qualified/hard_residual_violations
https://www.tiktok.com/@icelandicprovisions/video/7442055216071003423,skyr-icelandicprovisions,skyr,-12,optimal,2,16.1849,42.4008,8.3842,5.178,35.807,64.193,16,17,0.0000,ACHIEVED,10,ok,applied,preserved,0,not_needed_target_reached,match,not_run,PASS,hard_safe/qualified
https://www.tiktok.com/@icelandicprovisions/video/7442055216071003423,skyr-icelandicprovisions,skyr,-12,eco,-2,12.9349,42.3034,7.8312,5.051,33.499,66.501,12,13,0.0000,ACHIEVED,10,ok,applied,preserved,0,not_needed_target_reached,match,not_run,PASS,hard_safe/qualified
https://www.tiktok.com/@icelandicprovisions/video/7442055216071003423,skyr-icelandicprovisions,skyr,-12,eco,-1,13.5557,47.6744,7.8948,5.005,33.691,66.309,13,14,0.0000,ACHIEVED,10,ok,applied,preserved,0,not_needed_target_reached,match,not_run,PASS,hard_safe/qualified
https://www.tiktok.com/@icelandicprovisions/video/7442055216071003423,skyr-icelandicprovisions,skyr,-12,eco,0,14.7527,42.8883,8.6471,5.011,39.503,60.497,14,15,0.0000,ACHIEVED,10,ok,applied,preserved,0,not_needed_target_reached,match,not_run,PASS,hard_safe/qualified
https://www.tiktok.com/@icelandicprovisions/video/7442055216071003423,skyr-icelandicprovisions,skyr,-12,eco,1,15.9688,42.0163,8.8482,4.081,34.853,65.147,15,16,0.0000,ACHIEVED,8,diagnostic,hard_residual_violations,preserved,0,not_needed_target_reached,match,not_run,PASS,hard_residual/qualified/hard_residual_violations
https://www.tiktok.com/@icelandicprovisions/video/7442055216071003423,skyr-icelandicprovisions,skyr,-12,eco,2,16.1849,42.4008,8.3842,5.178,35.807,64.193,16,17,0.0000,ACHIEVED,10,ok,applied,preserved,0,not_needed_target_reached,match,not_run,PASS,hard_safe/qualified
https://www.tiktok.com/@icelandicprovisions/video/7442055216071003423,skyr-icelandicprovisions,skyr,-13,optimal,-2,12.8521,54.8601,9.5047,5.252,44.447,55.553,12,13,0.0000,ACHIEVED,10,ok,applied,preserved,0,not_needed_target_reached,match,not_run,PASS,hard_safe/qualified
https://www.tiktok.com/@icelandicprovisions/video/7442055216071003423,skyr-icelandicprovisions,skyr,-13,optimal,-1,13.1129,54.8322,9.4847,5.054,44.122,55.878,13,14,0.0000,ACHIEVED,10,ok,applied,preserved,0,not_needed_target_reached,match,not_run,PASS,hard_safe/qualified
https://www.tiktok.com/@icelandicprovisions/video/7442055216071003423,skyr-icelandicprovisions,skyr,-13,optimal,0,15.3837,48.2029,9.4870,5.284,41.650,58.350,14,15,0.3837,NEAREST,9,ok,applied,preserved,0,candidate_for_rescue,match,not_run,PASS,hard_safe/qualified
https://www.tiktok.com/@icelandicprovisions/video/7442055216071003423,skyr-icelandicprovisions,skyr,-13,optimal,1,15.9523,48.1545,9.4637,5.227,43.821,56.179,15,16,0.0000,ACHIEVED,10,ok,applied,preserved,0,not_needed_target_reached,match,not_run,PASS,hard_safe/qualified
https://www.tiktok.com/@icelandicprovisions/video/7442055216071003423,skyr-icelandicprovisions,skyr,-13,optimal,2,16.4963,49.6072,8.9425,5.015,36.675,63.325,16,17,0.0000,ACHIEVED,10,ok,applied,preserved,0,not_needed_target_reached,match,not_run,PASS,hard_safe/qualified
https://www.tiktok.com/@icelandicprovisions/video/7442055216071003423,skyr-icelandicprovisions,skyr,-13,eco,-2,12.8521,54.8601,9.5047,5.252,44.447,55.553,12,13,0.0000,ACHIEVED,10,ok,applied,preserved,0,not_needed_target_reached,match,not_run,PASS,hard_safe/qualified
https://www.tiktok.com/@icelandicprovisions/video/7442055216071003423,skyr-icelandicprovisions,skyr,-13,eco,-1,13.1129,54.8322,9.4847,5.054,44.122,55.878,13,14,0.0000,ACHIEVED,10,ok,applied,preserved,0,not_needed_target_reached,match,not_run,PASS,hard_safe/qualified
https://www.tiktok.com/@icelandicprovisions/video/7442055216071003423,skyr-icelandicprovisions,skyr,-13,eco,0,15.3837,48.2029,9.4870,5.284,41.650,58.350,14,15,0.3837,NEAREST,9,ok,applied,preserved,0,candidate_for_rescue,match,not_run,PASS,hard_safe/qualified
https://www.tiktok.com/@icelandicprovisions/video/7442055216071003423,skyr-icelandicprovisions,skyr,-13,eco,1,15.9523,48.1545,9.4637,5.227,43.821,56.179,15,16,0.0000,ACHIEVED,10,ok,applied,preserved,0,not_needed_target_reached,match,not_run,PASS,hard_safe/qualified
https://www.tiktok.com/@icelandicprovisions/video/7442055216071003423,skyr-icelandicprovisions,skyr,-13,eco,2,16.4963,49.6072,8.9425,5.015,36.675,63.325,16,17,0.0000,ACHIEVED,10,ok,applied,preserved,0,not_needed_target_reached,match,not_run,PASS,hard_safe/qualified
https://freegelatobalancing.app/blog/high-protein-gelato,whey-heavy-gelatobalancing,whey_heavy,-11,optimal,-2,12.4313,35.3373,9.4781,7.681,35.362,64.638,12,13,0.0000,ACHIEVED,10,ok,applied,preserved,0,not_needed_target_reached,match,not_run,PASS,hard_safe/qualified
https://freegelatobalancing.app/blog/high-protein-gelato,whey-heavy-gelatobalancing,whey_heavy,-11,optimal,-1,13.7070,38.3980,9.5006,7.387,36.810,63.190,13,14,0.0000,ACHIEVED,10,ok,applied,preserved,0,not_needed_target_reached,match,not_run,PASS,hard_safe/qualified
https://freegelatobalancing.app/blog/high-protein-gelato,whey-heavy-gelatobalancing,whey_heavy,-11,optimal,0,14.1563,39.3226,9.4928,7.350,37.198,62.802,14,15,0.0000,ACHIEVED,10,ok,applied,preserved,0,not_needed_target_reached,match,not_run,PASS,hard_safe/qualified
https://freegelatobalancing.app/blog/high-protein-gelato,whey-heavy-gelatobalancing,whey_heavy,-11,optimal,1,15.6168,41.7174,11.0059,9.315,42.257,57.743,15,16,0.0000,ACHIEVED,9,ok,applied,preserved,0,not_needed_target_reached,match,not_run,PASS,hard_safe/qualified
https://freegelatobalancing.app/blog/high-protein-gelato,whey-heavy-gelatobalancing,whey_heavy,-11,optimal,2,16.1975,41.8939,10.5147,8.576,41.799,58.201,16,17,0.0000,ACHIEVED,9,ok,applied,preserved,0,not_needed_target_reached,match,not_run,PASS,hard_safe/qualified
https://freegelatobalancing.app/blog/high-protein-gelato,whey-heavy-gelatobalancing,whey_heavy,-11,eco,-2,12.4313,35.3373,9.4781,7.681,35.362,64.638,12,13,0.0000,ACHIEVED,10,ok,applied,preserved,0,not_needed_target_reached,match,not_run,PASS,hard_safe/qualified
https://freegelatobalancing.app/blog/high-protein-gelato,whey-heavy-gelatobalancing,whey_heavy,-11,eco,-1,13.7070,38.3980,9.5006,7.387,36.810,63.190,13,14,0.0000,ACHIEVED,10,ok,applied,preserved,0,not_needed_target_reached,match,not_run,PASS,hard_safe/qualified
https://freegelatobalancing.app/blog/high-protein-gelato,whey-heavy-gelatobalancing,whey_heavy,-11,eco,0,14.1563,39.3226,9.4928,7.350,37.198,62.802,14,15,0.0000,ACHIEVED,10,ok,applied,preserved,0,not_needed_target_reached,match,not_run,PASS,hard_safe/qualified
https://freegelatobalancing.app/blog/high-protein-gelato,whey-heavy-gelatobalancing,whey_heavy,-11,eco,1,15.6168,41.7174,11.0059,9.315,42.257,57.743,15,16,0.0000,ACHIEVED,9,ok,applied,preserved,0,not_needed_target_reached,match,not_run,PASS,hard_safe/qualified
https://freegelatobalancing.app/blog/high-protein-gelato,whey-heavy-gelatobalancing,whey_heavy,-11,eco,2,16.1975,41.8939,10.5147,8.576,41.799,58.201,16,17,0.0000,ACHIEVED,9,ok,applied,preserved,0,not_needed_target_reached,match,not_run,PASS,hard_safe/qualified
https://freegelatobalancing.app/blog/high-protein-gelato,whey-heavy-gelatobalancing,whey_heavy,-12,optimal,-2,15.0933,42.2514,9.4819,5.040,42.720,57.280,12,13,2.0933,NEAREST,9,ok,applied,preserved,0,candidate_for_rescue,match,not_run,PASS,hard_safe/qualified
https://freegelatobalancing.app/blog/high-protein-gelato,whey-heavy-gelatobalancing,whey_heavy,-12,optimal,-1,14.0491,36.9371,9.4374,5.003,40.571,59.429,13,14,0.0491,NEAREST,7,diagnostic,hard_residual_violations,preserved,0,candidate_for_rescue,match,not_run,PASS,hard_residual/qualified/hard_residual_violations
https://freegelatobalancing.app/blog/high-protein-gelato,whey-heavy-gelatobalancing,whey_heavy,-12,optimal,0,16.0955,42.0972,9.5271,5.031,42.048,57.952,14,15,1.0955,NEAREST,9,ok,applied,preserved,0,candidate_for_rescue,match,not_run,PASS,hard_safe/qualified
https://freegelatobalancing.app/blog/high-protein-gelato,whey-heavy-gelatobalancing,whey_heavy,-12,optimal,1,15.7393,42.4974,9.3066,5.071,41.512,58.488,15,16,0.0000,ACHIEVED,10,ok,applied,preserved,0,not_needed_target_reached,match,not_run,PASS,hard_safe/qualified
https://freegelatobalancing.app/blog/high-protein-gelato,whey-heavy-gelatobalancing,whey_heavy,-12,optimal,2,16.6865,49.1090,9.4657,5.024,42.436,57.564,16,17,0.0000,ACHIEVED,10,ok,applied,preserved,0,not_needed_target_reached,match,not_run,PASS,hard_safe/qualified
https://freegelatobalancing.app/blog/high-protein-gelato,whey-heavy-gelatobalancing,whey_heavy,-12,eco,-2,15.0933,42.2514,9.4819,5.040,42.720,57.280,12,13,2.0933,NEAREST,9,ok,applied,preserved,0,candidate_for_rescue,match,not_run,PASS,hard_safe/qualified
https://freegelatobalancing.app/blog/high-protein-gelato,whey-heavy-gelatobalancing,whey_heavy,-12,eco,-1,14.0491,36.9371,9.4374,5.003,40.571,59.429,13,14,0.0491,NEAREST,7,diagnostic,hard_residual_violations,preserved,0,candidate_for_rescue,match,not_run,PASS,hard_residual/qualified/hard_residual_violations
https://freegelatobalancing.app/blog/high-protein-gelato,whey-heavy-gelatobalancing,whey_heavy,-12,eco,0,16.0955,42.0972,9.5271,5.031,42.048,57.952,14,15,1.0955,NEAREST,9,ok,applied,preserved,0,candidate_for_rescue,match,not_run,PASS,hard_safe/qualified
https://freegelatobalancing.app/blog/high-protein-gelato,whey-heavy-gelatobalancing,whey_heavy,-12,eco,1,15.7393,42.4974,9.3066,5.071,41.512,58.488,15,16,0.0000,ACHIEVED,10,ok,applied,preserved,0,not_needed_target_reached,match,not_run,PASS,hard_safe/qualified
https://freegelatobalancing.app/blog/high-protein-gelato,whey-heavy-gelatobalancing,whey_heavy,-12,eco,2,16.6865,49.1090,9.4657,5.024,42.436,57.564,16,17,0.0000,ACHIEVED,10,ok,applied,preserved,0,not_needed_target_reached,match,not_run,PASS,hard_safe/qualified
https://freegelatobalancing.app/blog/high-protein-gelato,whey-heavy-gelatobalancing,whey_heavy,-13,optimal,-2,15.9248,48.1481,9.9907,6.801,42.805,57.195,12,13,2.9248,NEAREST,9,ok,applied,preserved,0,candidate_for_rescue,match,not_run,PASS,hard_safe/qualified
https://freegelatobalancing.app/blog/high-protein-gelato,whey-heavy-gelatobalancing,whey_heavy,-13,optimal,-1,16.8562,48.0860,10.0189,6.776,43.998,56.002,13,14,2.8562,NEAREST,9,ok,applied,preserved,0,candidate_for_rescue,match,not_run,PASS,hard_safe/qualified
https://freegelatobalancing.app/blog/high-protein-gelato,whey-heavy-gelatobalancing,whey_heavy,-13,optimal,0,14.9086,45.9883,10.7305,6.657,44.998,55.002,14,15,0.0000,ACHIEVED,7,diagnostic,hard_residual_violations,preserved,0,not_needed_target_reached,match,not_run,PASS,hard_residual/qualified/hard_residual_violations
https://freegelatobalancing.app/blog/high-protein-gelato,whey-heavy-gelatobalancing,whey_heavy,-13,optimal,1,15.6824,49.4335,10.3697,6.871,43.983,56.017,15,16,0.0000,ACHIEVED,9,ok,applied,preserved,0,not_needed_target_reached,match,not_run,PASS,hard_safe/qualified
https://freegelatobalancing.app/blog/high-protein-gelato,whey-heavy-gelatobalancing,whey_heavy,-13,optimal,2,16.9419,54.5462,10.4773,6.961,42.988,57.012,16,17,0.0000,ACHIEVED,9,ok,applied,preserved,0,not_needed_target_reached,match,not_run,PASS,hard_safe/qualified
https://freegelatobalancing.app/blog/high-protein-gelato,whey-heavy-gelatobalancing,whey_heavy,-13,eco,-2,15.9248,48.1481,9.9907,6.801,42.805,57.195,12,13,2.9248,NEAREST,9,ok,applied,preserved,0,candidate_for_rescue,match,not_run,PASS,hard_safe/qualified
https://freegelatobalancing.app/blog/high-protein-gelato,whey-heavy-gelatobalancing,whey_heavy,-13,eco,-1,16.8562,48.0860,10.0189,6.776,43.998,56.002,13,14,2.8562,NEAREST,9,ok,applied,preserved,0,candidate_for_rescue,match,not_run,PASS,hard_safe/qualified
https://freegelatobalancing.app/blog/high-protein-gelato,whey-heavy-gelatobalancing,whey_heavy,-13,eco,0,14.9086,45.9883,10.7305,6.657,44.998,55.002,14,15,0.0000,ACHIEVED,7,diagnostic,hard_residual_violations,preserved,0,not_needed_target_reached,match,not_run,PASS,hard_residual/qualified/hard_residual_violations
https://freegelatobalancing.app/blog/high-protein-gelato,whey-heavy-gelatobalancing,whey_heavy,-13,eco,1,15.6824,49.4335,10.3697,6.871,43.983,56.017,15,16,0.0000,ACHIEVED,9,ok,applied,preserved,0,not_needed_target_reached,match,not_run,PASS,hard_safe/qualified
https://freegelatobalancing.app/blog/high-protein-gelato,whey-heavy-gelatobalancing,whey_heavy,-13,eco,2,16.9419,54.5462,10.4773,6.961,42.988,57.012,16,17,0.0000,ACHIEVED,9,ok,applied,preserved,0,not_needed_target_reached,match,not_run,PASS,hard_safe/qualified
https://freegelatobalancing.app/blog/high-protein-gelato,casein-heavy-gelatobalancing,casein_heavy,-11,optimal,-2,12.8480,35.8467,8.9745,7.391,36.778,63.222,12,13,0.0000,ACHIEVED,10,ok,applied,preserved,0,not_needed_target_reached,match,not_run,PASS,hard_safe/qualified
https://freegelatobalancing.app/blog/high-protein-gelato,casein-heavy-gelatobalancing,casein_heavy,-11,optimal,-1,13.8278,34.5814,9.5007,7.555,37.888,62.112,13,14,0.0000,ACHIEVED,10,ok,applied,preserved,0,not_needed_target_reached,match,not_run,PASS,hard_safe/qualified
https://freegelatobalancing.app/blog/high-protein-gelato,casein-heavy-gelatobalancing,casein_heavy,-11,optimal,0,14.5272,40.3402,10.2631,7.737,42.554,57.446,14,15,0.0000,ACHIEVED,9,ok,applied,preserved,0,not_needed_target_reached,match,not_run,PASS,hard_safe/qualified
https://freegelatobalancing.app/blog/high-protein-gelato,casein-heavy-gelatobalancing,casein_heavy,-11,optimal,1,14.5272,40.3402,10.2631,7.737,42.554,57.446,15,16,0.4728,NEAREST,9,diagnostic,iteration_cap_diagnostic,preserved,0,candidate_for_rescue,match,not_run,PASS,hard_safe/qualified/iteration_cap_diagnostic
https://freegelatobalancing.app/blog/high-protein-gelato,casein-heavy-gelatobalancing,casein_heavy,-11,optimal,2,16.8334,40.2630,9.9931,8.020,40.109,59.891,16,17,0.0000,ACHIEVED,10,ok,applied,preserved,0,not_needed_target_reached,match,not_run,PASS,hard_safe/qualified
https://freegelatobalancing.app/blog/high-protein-gelato,casein-heavy-gelatobalancing,casein_heavy,-11,eco,-2,12.8480,35.8467,8.9745,7.391,36.778,63.222,12,13,0.0000,ACHIEVED,10,ok,applied,preserved,0,not_needed_target_reached,match,not_run,PASS,hard_safe/qualified
https://freegelatobalancing.app/blog/high-protein-gelato,casein-heavy-gelatobalancing,casein_heavy,-11,eco,-1,13.8278,34.5814,9.5007,7.555,37.888,62.112,13,14,0.0000,ACHIEVED,10,ok,applied,preserved,0,not_needed_target_reached,match,not_run,PASS,hard_safe/qualified
https://freegelatobalancing.app/blog/high-protein-gelato,casein-heavy-gelatobalancing,casein_heavy,-11,eco,0,14.5272,40.3402,10.2631,7.737,42.554,57.446,14,15,0.0000,ACHIEVED,9,ok,applied,preserved,0,not_needed_target_reached,match,not_run,PASS,hard_safe/qualified
https://freegelatobalancing.app/blog/high-protein-gelato,casein-heavy-gelatobalancing,casein_heavy,-11,eco,1,14.5272,40.3402,10.2631,7.737,42.554,57.446,15,16,0.4728,NEAREST,9,diagnostic,iteration_cap_diagnostic,preserved,0,candidate_for_rescue,match,not_run,PASS,hard_safe/qualified/iteration_cap_diagnostic
https://freegelatobalancing.app/blog/high-protein-gelato,casein-heavy-gelatobalancing,casein_heavy,-11,eco,2,16.8334,40.2630,9.9931,8.020,40.109,59.891,16,17,0.0000,ACHIEVED,10,ok,applied,preserved,0,not_needed_target_reached,match,not_run,PASS,hard_safe/qualified
https://freegelatobalancing.app/blog/high-protein-gelato,casein-heavy-gelatobalancing,casein_heavy,-12,optimal,-2,13.6259,46.6502,9.5137,5.036,43.832,56.168,12,13,0.6259,NEAREST,9,ok,applied,preserved,0,candidate_for_rescue,match,not_run,PASS,hard_safe/qualified
https://freegelatobalancing.app/blog/high-protein-gelato,casein-heavy-gelatobalancing,casein_heavy,-12,optimal,-1,15.5446,42.2223,9.4988,6.007,43.308,56.692,13,14,1.5446,NEAREST,9,ok,applied,preserved,0,candidate_for_rescue,match,not_run,PASS,hard_safe/qualified
https://freegelatobalancing.app/blog/high-protein-gelato,casein-heavy-gelatobalancing,casein_heavy,-12,optimal,0,14.7600,44.2008,9.4806,6.771,40.596,59.404,14,15,0.0000,ACHIEVED,10,ok,applied,preserved,0,not_needed_target_reached,match,not_run,PASS,hard_safe/qualified
https://freegelatobalancing.app/blog/high-protein-gelato,casein-heavy-gelatobalancing,casein_heavy,-12,optimal,1,15.7778,47.1576,9.4908,7.728,38.775,61.225,15,16,0.0000,ACHIEVED,10,ok,applied,preserved,0,not_needed_target_reached,match,not_run,PASS,hard_safe/qualified
https://freegelatobalancing.app/blog/high-protein-gelato,casein-heavy-gelatobalancing,casein_heavy,-12,optimal,2,16.6754,48.1784,9.0068,6.318,37.762,62.238,16,17,0.0000,ACHIEVED,10,ok,applied,preserved,0,not_needed_target_reached,match,not_run,PASS,hard_safe/qualified
https://freegelatobalancing.app/blog/high-protein-gelato,casein-heavy-gelatobalancing,casein_heavy,-12,eco,-2,13.6259,46.6502,9.5137,5.036,43.832,56.168,12,13,0.6259,NEAREST,9,ok,applied,preserved,0,candidate_for_rescue,match,not_run,PASS,hard_safe/qualified
https://freegelatobalancing.app/blog/high-protein-gelato,casein-heavy-gelatobalancing,casein_heavy,-12,eco,-1,15.5446,42.2223,9.4988,6.007,43.308,56.692,13,14,1.5446,NEAREST,9,ok,applied,preserved,0,candidate_for_rescue,match,not_run,PASS,hard_safe/qualified
https://freegelatobalancing.app/blog/high-protein-gelato,casein-heavy-gelatobalancing,casein_heavy,-12,eco,0,14.7600,44.2008,9.4806,6.771,40.596,59.404,14,15,0.0000,ACHIEVED,10,ok,applied,preserved,0,not_needed_target_reached,match,not_run,PASS,hard_safe/qualified
https://freegelatobalancing.app/blog/high-protein-gelato,casein-heavy-gelatobalancing,casein_heavy,-12,eco,1,15.7778,47.1576,9.4908,7.728,38.775,61.225,15,16,0.0000,ACHIEVED,10,ok,applied,preserved,0,not_needed_target_reached,match,not_run,PASS,hard_safe/qualified
https://freegelatobalancing.app/blog/high-protein-gelato,casein-heavy-gelatobalancing,casein_heavy,-12,eco,2,16.6754,48.1784,9.0068,6.318,37.762,62.238,16,17,0.0000,ACHIEVED,10,ok,applied,preserved,0,not_needed_target_reached,match,not_run,PASS,hard_safe/qualified
https://freegelatobalancing.app/blog/high-protein-gelato,casein-heavy-gelatobalancing,casein_heavy,-13,optimal,-2,12.2900,45.8695,11.8594,9.077,44.945,55.055,12,13,0.0000,ACHIEVED,7,diagnostic,hard_residual_violations,preserved,0,not_needed_target_reached,match,not_run,PASS,hard_residual/qualified/hard_residual_violations
https://freegelatobalancing.app/blog/high-protein-gelato,casein-heavy-gelatobalancing,casein_heavy,-13,optimal,-1,13.8612,48.6126,10.5151,7.747,44.421,55.579,13,14,0.0000,ACHIEVED,9,ok,applied,preserved,0,not_needed_target_reached,match,not_run,PASS,hard_safe/qualified
https://freegelatobalancing.app/blog/high-protein-gelato,casein-heavy-gelatobalancing,casein_heavy,-13,optimal,0,14.7698,48.1534,10.7078,9.670,44.277,55.723,14,15,0.0000,ACHIEVED,9,ok,applied,preserved,0,not_needed_target_reached,match,not_run,PASS,hard_safe/qualified
https://freegelatobalancing.app/blog/high-protein-gelato,casein-heavy-gelatobalancing,casein_heavy,-13,optimal,1,15.9528,50.0069,9.9919,6.815,41.440,58.560,15,16,0.0000,ACHIEVED,10,ok,applied,preserved,0,not_needed_target_reached,match,not_run,PASS,hard_safe/qualified
https://freegelatobalancing.app/blog/high-protein-gelato,casein-heavy-gelatobalancing,casein_heavy,-13,optimal,2,16.9457,54.3470,9.0326,5.568,38.775,61.225,16,17,0.0000,ACHIEVED,10,ok,applied,preserved,0,not_needed_target_reached,match,not_run,PASS,hard_safe/qualified
https://freegelatobalancing.app/blog/high-protein-gelato,casein-heavy-gelatobalancing,casein_heavy,-13,eco,-2,12.2900,45.8695,11.8594,9.077,44.945,55.055,12,13,0.0000,ACHIEVED,7,diagnostic,hard_residual_violations,preserved,0,not_needed_target_reached,match,not_run,PASS,hard_residual/qualified/hard_residual_violations
https://freegelatobalancing.app/blog/high-protein-gelato,casein-heavy-gelatobalancing,casein_heavy,-13,eco,-1,13.8612,48.6126,10.5151,7.747,44.421,55.579,13,14,0.0000,ACHIEVED,9,ok,applied,preserved,0,not_needed_target_reached,match,not_run,PASS,hard_safe/qualified
https://freegelatobalancing.app/blog/high-protein-gelato,casein-heavy-gelatobalancing,casein_heavy,-13,eco,0,14.7698,48.1534,10.7078,9.670,44.277,55.723,14,15,0.0000,ACHIEVED,9,ok,applied,preserved,0,not_needed_target_reached,match,not_run,PASS,hard_safe/qualified
https://freegelatobalancing.app/blog/high-protein-gelato,casein-heavy-gelatobalancing,casein_heavy,-13,eco,1,15.9528,50.0069,9.9919,6.815,41.440,58.560,15,16,0.0000,ACHIEVED,10,ok,applied,preserved,0,not_needed_target_reached,match,not_run,PASS,hard_safe/qualified
https://freegelatobalancing.app/blog/high-protein-gelato,casein-heavy-gelatobalancing,casein_heavy,-13,eco,2,16.9457,54.3470,9.0326,5.568,38.775,61.225,16,17,0.0000,ACHIEVED,10,ok,applied,preserved,0,not_needed_target_reached,match,not_run,PASS,hard_safe/qualified
https://www.noaprotein.com/blogs/education/ninja-creami-protein-ice-cream,mixed-protein-noaprotein,mixed_protein,-11,optimal,-2,12.4826,34.1244,9.0315,7.402,34.590,65.410,12,13,0.0000,ACHIEVED,10,ok,applied,preserved,0,not_needed_target_reached,match,not_run,PASS,hard_safe/qualified
https://www.noaprotein.com/blogs/education/ninja-creami-protein-ice-cream,mixed-protein-noaprotein,mixed_protein,-11,optimal,-1,13.2051,34.1075,9.0514,7.342,34.660,65.340,13,14,0.0000,ACHIEVED,10,ok,applied,preserved,0,not_needed_target_reached,match,not_run,PASS,hard_safe/qualified
https://www.noaprotein.com/blogs/education/ninja-creami-protein-ice-cream,mixed-protein-noaprotein,mixed_protein,-11,optimal,0,14.4839,38.5625,9.4664,7.270,36.924,63.076,14,15,0.0000,ACHIEVED,10,ok,applied,preserved,0,not_needed_target_reached,match,not_run,PASS,hard_safe/qualified
https://www.noaprotein.com/blogs/education/ninja-creami-protein-ice-cream,mixed-protein-noaprotein,mixed_protein,-11,optimal,1,15.1716,41.9358,11.0005,9.779,42.740,57.260,15,16,0.0000,ACHIEVED,9,ok,applied,preserved,0,not_needed_target_reached,match,not_run,PASS,hard_safe/qualified
https://www.noaprotein.com/blogs/education/ninja-creami-protein-ice-cream,mixed-protein-noaprotein,mixed_protein,-11,optimal,2,16.3827,41.6523,10.4847,7.997,42.176,57.824,16,17,0.0000,ACHIEVED,9,ok,applied,preserved,0,not_needed_target_reached,match,not_run,PASS,hard_safe/qualified
https://www.noaprotein.com/blogs/education/ninja-creami-protein-ice-cream,mixed-protein-noaprotein,mixed_protein,-11,eco,-2,12.4826,34.1244,9.0315,7.402,34.590,65.410,12,13,0.0000,ACHIEVED,10,ok,applied,preserved,0,not_needed_target_reached,match,not_run,PASS,hard_safe/qualified
https://www.noaprotein.com/blogs/education/ninja-creami-protein-ice-cream,mixed-protein-noaprotein,mixed_protein,-11,eco,-1,13.2051,34.1075,9.0514,7.342,34.660,65.340,13,14,0.0000,ACHIEVED,10,ok,applied,preserved,0,not_needed_target_reached,match,not_run,PASS,hard_safe/qualified
https://www.noaprotein.com/blogs/education/ninja-creami-protein-ice-cream,mixed-protein-noaprotein,mixed_protein,-11,eco,0,14.4839,38.5625,9.4664,7.270,36.924,63.076,14,15,0.0000,ACHIEVED,10,ok,applied,preserved,0,not_needed_target_reached,match,not_run,PASS,hard_safe/qualified
https://www.noaprotein.com/blogs/education/ninja-creami-protein-ice-cream,mixed-protein-noaprotein,mixed_protein,-11,eco,1,15.1716,41.9358,11.0005,9.779,42.740,57.260,15,16,0.0000,ACHIEVED,9,ok,applied,preserved,0,not_needed_target_reached,match,not_run,PASS,hard_safe/qualified
https://www.noaprotein.com/blogs/education/ninja-creami-protein-ice-cream,mixed-protein-noaprotein,mixed_protein,-11,eco,2,16.3827,41.6523,10.4847,7.997,42.176,57.824,16,17,0.0000,ACHIEVED,9,ok,applied,preserved,0,not_needed_target_reached,match,not_run,PASS,hard_safe/qualified
https://www.noaprotein.com/blogs/education/ninja-creami-protein-ice-cream,mixed-protein-noaprotein,mixed_protein,-12,optimal,-2,14.4344,42.1188,10.3872,5.998,39.661,60.339,12,13,1.4344,NEAREST,9,ok,applied,preserved,0,candidate_for_rescue,match,not_run,PASS,hard_safe/qualified
https://www.noaprotein.com/blogs/education/ninja-creami-protein-ice-cream,mixed-protein-noaprotein,mixed_protein,-12,optimal,-1,13.9263,42.2825,9.9515,7.956,38.686,61.314,13,14,0.0000,ACHIEVED,10,ok,applied,preserved,0,not_needed_target_reached,match,not_run,PASS,hard_safe/qualified
https://www.noaprotein.com/blogs/education/ninja-creami-protein-ice-cream,mixed-protein-noaprotein,mixed_protein,-12,optimal,0,16.3052,42.2971,9.6221,5.249,38.824,61.176,14,15,1.3052,NEAREST,9,ok,applied,preserved,0,candidate_for_rescue,match,not_run,PASS,hard_safe/qualified
https://www.noaprotein.com/blogs/education/ninja-creami-protein-ice-cream,mixed-protein-noaprotein,mixed_protein,-12,optimal,1,15.8741,42.1274,9.4366,6.244,38.794,61.206,15,16,0.0000,ACHIEVED,10,ok,applied,preserved,0,not_needed_target_reached,match,not_run,PASS,hard_safe/qualified
https://www.noaprotein.com/blogs/education/ninja-creami-protein-ice-cream,mixed-protein-noaprotein,mixed_protein,-12,optimal,2,16.5604,43.4770,9.0710,5.329,38.433,61.567,16,17,0.0000,ACHIEVED,10,ok,applied,preserved,0,not_needed_target_reached,match,not_run,PASS,hard_safe/qualified
https://www.noaprotein.com/blogs/education/ninja-creami-protein-ice-cream,mixed-protein-noaprotein,mixed_protein,-12,eco,-2,14.4344,42.1188,10.3872,5.998,39.661,60.339,12,13,1.4344,NEAREST,9,ok,applied,preserved,0,candidate_for_rescue,match,not_run,PASS,hard_safe/qualified
https://www.noaprotein.com/blogs/education/ninja-creami-protein-ice-cream,mixed-protein-noaprotein,mixed_protein,-12,eco,-1,13.9263,42.2825,9.9515,7.956,38.686,61.314,13,14,0.0000,ACHIEVED,10,ok,applied,preserved,0,not_needed_target_reached,match,not_run,PASS,hard_safe/qualified
https://www.noaprotein.com/blogs/education/ninja-creami-protein-ice-cream,mixed-protein-noaprotein,mixed_protein,-12,eco,0,16.3052,42.2971,9.6221,5.249,38.824,61.176,14,15,1.3052,NEAREST,9,ok,applied,preserved,0,candidate_for_rescue,match,not_run,PASS,hard_safe/qualified
https://www.noaprotein.com/blogs/education/ninja-creami-protein-ice-cream,mixed-protein-noaprotein,mixed_protein,-12,eco,1,15.8741,42.1274,9.4366,6.244,38.794,61.206,15,16,0.0000,ACHIEVED,10,ok,applied,preserved,0,not_needed_target_reached,match,not_run,PASS,hard_safe/qualified
https://www.noaprotein.com/blogs/education/ninja-creami-protein-ice-cream,mixed-protein-noaprotein,mixed_protein,-12,eco,2,16.5604,43.4770,9.0710,5.329,38.433,61.567,16,17,0.0000,ACHIEVED,10,ok,applied,preserved,0,not_needed_target_reached,match,not_run,PASS,hard_safe/qualified
https://www.noaprotein.com/blogs/education/ninja-creami-protein-ice-cream,mixed-protein-noaprotein,mixed_protein,-13,optimal,-2,13.3395,54.8830,10.4855,5.879,44.002,55.998,12,13,0.3395,NEAREST,7,diagnostic,iteration_cap_diagnostic,preserved,0,candidate_for_rescue,match,not_run,PASS,hard_safe/qualified/iteration_cap_diagnostic
https://www.noaprotein.com/blogs/education/ninja-creami-protein-ice-cream,mixed-protein-noaprotein,mixed_protein,-13,optimal,-1,13.4002,48.0777,8.5210,5.494,35.014,64.986,13,14,0.0000,ACHIEVED,10,diagnostic,iteration_cap_diagnostic,preserved,0,not_needed_target_reached,match,not_run,PASS,hard_safe/qualified/iteration_cap_diagnostic
https://www.noaprotein.com/blogs/education/ninja-creami-protein-ice-cream,mixed-protein-noaprotein,mixed_protein,-13,optimal,0,14.8466,49.3575,10.4898,8.065,41.025,58.975,14,15,0.0000,ACHIEVED,9,ok,applied,preserved,0,not_needed_target_reached,match,not_run,PASS,hard_safe/qualified
https://www.noaprotein.com/blogs/education/ninja-creami-protein-ice-cream,mixed-protein-noaprotein,mixed_protein,-13,optimal,1,14.8466,49.3575,10.4898,8.065,41.025,58.975,15,16,0.1534,NEAREST,9,diagnostic,iteration_cap_diagnostic,preserved,0,candidate_for_rescue,match,not_run,PASS,hard_safe/qualified/iteration_cap_diagnostic
https://www.noaprotein.com/blogs/education/ninja-creami-protein-ice-cream,mixed-protein-noaprotein,mixed_protein,-13,optimal,2,16.4047,48.0437,9.4710,5.742,39.425,60.575,16,17,0.0000,ACHIEVED,10,ok,applied,preserved,0,not_needed_target_reached,match,not_run,PASS,hard_safe/qualified
https://www.noaprotein.com/blogs/education/ninja-creami-protein-ice-cream,mixed-protein-noaprotein,mixed_protein,-13,eco,-2,13.3395,54.8830,10.4855,5.879,44.002,55.998,12,13,0.3395,NEAREST,7,diagnostic,iteration_cap_diagnostic,preserved,0,candidate_for_rescue,match,not_run,PASS,hard_safe/qualified/iteration_cap_diagnostic
https://www.noaprotein.com/blogs/education/ninja-creami-protein-ice-cream,mixed-protein-noaprotein,mixed_protein,-13,eco,-1,13.4002,48.0777,8.5210,5.494,35.014,64.986,13,14,0.0000,ACHIEVED,10,diagnostic,iteration_cap_diagnostic,preserved,0,not_needed_target_reached,match,not_run,PASS,hard_safe/qualified/iteration_cap_diagnostic
https://www.noaprotein.com/blogs/education/ninja-creami-protein-ice-cream,mixed-protein-noaprotein,mixed_protein,-13,eco,0,14.8466,49.3575,10.4898,8.065,41.025,58.975,14,15,0.0000,ACHIEVED,9,ok,applied,preserved,0,not_needed_target_reached,match,not_run,PASS,hard_safe/qualified
https://www.noaprotein.com/blogs/education/ninja-creami-protein-ice-cream,mixed-protein-noaprotein,mixed_protein,-13,eco,1,14.8466,49.3575,10.4898,8.065,41.025,58.975,15,16,0.1534,NEAREST,9,diagnostic,iteration_cap_diagnostic,preserved,0,candidate_for_rescue,match,not_run,PASS,hard_safe/qualified/iteration_cap_diagnostic
https://www.noaprotein.com/blogs/education/ninja-creami-protein-ice-cream,mixed-protein-noaprotein,mixed_protein,-13,eco,2,16.4047,48.0437,9.4710,5.742,39.425,60.575,16,17,0.0000,ACHIEVED,10,ok,applied,preserved,0,not_needed_target_reached,match,not_run,PASS,hard_safe/qualified
https://tastesbetterfromscratch.com/protein-ice-cream/,low-fat-tastesbetter,low_fat,-11,optimal,-2,12.0407,38.1141,8.9728,6.392,36.455,63.545,12,13,0.0000,ACHIEVED,10,ok,applied,preserved,0,not_needed_target_reached,match,not_run,PASS,hard_safe/qualified
https://tastesbetterfromscratch.com/protein-ice-cream/,low-fat-tastesbetter,low_fat,-11,optimal,-1,13.0552,41.8354,9.5045,7.712,37.281,62.719,13,14,0.0000,ACHIEVED,10,ok,applied,preserved,0,not_needed_target_reached,match,not_run,PASS,hard_safe/qualified
https://tastesbetterfromscratch.com/protein-ice-cream/,low-fat-tastesbetter,low_fat,-11,optimal,0,14.3234,41.8176,10.0031,8.795,39.460,60.540,14,15,0.0000,ACHIEVED,9,ok,applied,preserved,0,not_needed_target_reached,match,not_run,PASS,hard_safe/qualified
https://tastesbetterfromscratch.com/protein-ice-cream/,low-fat-tastesbetter,low_fat,-11,optimal,1,15.2690,37.2708,10.2325,8.320,40.319,59.681,15,16,0.0000,ACHIEVED,9,ok,applied,preserved,0,not_needed_target_reached,match,not_run,PASS,hard_safe/qualified
https://tastesbetterfromscratch.com/protein-ice-cream/,low-fat-tastesbetter,low_fat,-11,optimal,2,15.2690,37.2708,10.2325,8.320,40.319,59.681,16,17,0.7310,NEAREST,9,diagnostic,iteration_cap_diagnostic,preserved,0,candidate_for_rescue,match,not_run,PASS,hard_safe/qualified/iteration_cap_diagnostic
https://tastesbetterfromscratch.com/protein-ice-cream/,low-fat-tastesbetter,low_fat,-11,eco,-2,12.0407,38.1141,8.9728,6.392,36.455,63.545,12,13,0.0000,ACHIEVED,10,ok,applied,preserved,0,not_needed_target_reached,match,not_run,PASS,hard_safe/qualified
https://tastesbetterfromscratch.com/protein-ice-cream/,low-fat-tastesbetter,low_fat,-11,eco,-1,13.0552,41.8354,9.5045,7.712,37.281,62.719,13,14,0.0000,ACHIEVED,10,ok,applied,preserved,0,not_needed_target_reached,match,not_run,PASS,hard_safe/qualified
https://tastesbetterfromscratch.com/protein-ice-cream/,low-fat-tastesbetter,low_fat,-11,eco,0,14.3234,41.8176,10.0031,8.795,39.460,60.540,14,15,0.0000,ACHIEVED,9,ok,applied,preserved,0,not_needed_target_reached,match,not_run,PASS,hard_safe/qualified
https://tastesbetterfromscratch.com/protein-ice-cream/,low-fat-tastesbetter,low_fat,-11,eco,1,15.2690,37.2708,10.2325,8.320,40.319,59.681,15,16,0.0000,ACHIEVED,9,ok,applied,preserved,0,not_needed_target_reached,match,not_run,PASS,hard_safe/qualified
https://tastesbetterfromscratch.com/protein-ice-cream/,low-fat-tastesbetter,low_fat,-11,eco,2,15.2690,37.2708,10.2325,8.320,40.319,59.681,16,17,0.7310,NEAREST,9,diagnostic,iteration_cap_diagnostic,preserved,0,candidate_for_rescue,match,not_run,PASS,hard_safe/qualified/iteration_cap_diagnostic
https://tastesbetterfromscratch.com/protein-ice-cream/,low-fat-tastesbetter,low_fat,-12,optimal,-2,12.8852,42.4119,8.4670,5.003,34.116,65.884,12,13,0.0000,ACHIEVED,10,ok,applied,preserved,0,not_needed_target_reached,match,not_run,PASS,hard_safe/qualified
https://tastesbetterfromscratch.com/protein-ice-cream/,low-fat-tastesbetter,low_fat,-12,optimal,-1,13.7787,42.0948,9.0459,6.683,35.423,64.577,13,14,0.0000,ACHIEVED,10,ok,applied,preserved,0,not_needed_target_reached,match,not_run,PASS,hard_safe/qualified
https://tastesbetterfromscratch.com/protein-ice-cream/,low-fat-tastesbetter,low_fat,-12,optimal,0,14.5420,42.3166,8.5347,5.999,34.971,65.029,14,15,0.0000,ACHIEVED,10,ok,applied,preserved,0,not_needed_target_reached,match,not_run,PASS,hard_safe/qualified
https://tastesbetterfromscratch.com/protein-ice-cream/,low-fat-tastesbetter,low_fat,-12,optimal,1,14.5420,42.3166,8.5347,5.999,34.971,65.029,15,16,0.4580,NEAREST,9,diagnostic,iteration_cap_diagnostic,preserved,0,candidate_for_rescue,match,not_run,PASS,hard_safe/qualified/iteration_cap_diagnostic
https://tastesbetterfromscratch.com/protein-ice-cream/,low-fat-tastesbetter,low_fat,-12,optimal,2,16.7066,42.1112,9.9976,7.292,38.941,61.059,16,17,0.0000,ACHIEVED,10,ok,applied,preserved,0,not_needed_target_reached,match,not_run,PASS,hard_safe/qualified
https://tastesbetterfromscratch.com/protein-ice-cream/,low-fat-tastesbetter,low_fat,-12,eco,-2,12.8852,42.4119,8.4670,5.003,34.116,65.884,12,13,0.0000,ACHIEVED,10,ok,applied,preserved,0,not_needed_target_reached,match,not_run,PASS,hard_safe/qualified
https://tastesbetterfromscratch.com/protein-ice-cream/,low-fat-tastesbetter,low_fat,-12,eco,-1,13.7787,42.0948,9.0459,6.683,35.423,64.577,13,14,0.0000,ACHIEVED,10,ok,applied,preserved,0,not_needed_target_reached,match,not_run,PASS,hard_safe/qualified
https://tastesbetterfromscratch.com/protein-ice-cream/,low-fat-tastesbetter,low_fat,-12,eco,0,14.5420,42.3166,8.5347,5.999,34.971,65.029,14,15,0.0000,ACHIEVED,10,ok,applied,preserved,0,not_needed_target_reached,match,not_run,PASS,hard_safe/qualified
https://tastesbetterfromscratch.com/protein-ice-cream/,low-fat-tastesbetter,low_fat,-12,eco,1,14.5420,42.3166,8.5347,5.999,34.971,65.029,15,16,0.4580,NEAREST,9,diagnostic,iteration_cap_diagnostic,preserved,0,candidate_for_rescue,match,not_run,PASS,hard_safe/qualified/iteration_cap_diagnostic
https://tastesbetterfromscratch.com/protein-ice-cream/,low-fat-tastesbetter,low_fat,-12,eco,2,16.7066,42.1112,9.9976,7.292,38.941,61.059,16,17,0.0000,ACHIEVED,10,ok,applied,preserved,0,not_needed_target_reached,match,not_run,PASS,hard_safe/qualified
https://tastesbetterfromscratch.com/protein-ice-cream/,low-fat-tastesbetter,low_fat,-13,optimal,-2,12.5305,52.1595,10.0070,6.490,43.509,56.491,12,13,0.0000,ACHIEVED,8,ok,applied,preserved,0,not_needed_target_reached,match,not_run,PASS,hard_safe/qualified
https://tastesbetterfromscratch.com/protein-ice-cream/,low-fat-tastesbetter,low_fat,-13,optimal,-1,13.3928,49.0787,9.4918,5.871,39.440,60.560,13,14,0.0000,ACHIEVED,10,ok,applied,preserved,0,not_needed_target_reached,match,not_run,PASS,hard_safe/qualified
https://tastesbetterfromscratch.com/protein-ice-cream/,low-fat-tastesbetter,low_fat,-13,optimal,0,14.4802,49.8392,9.5312,5.952,42.920,57.080,14,15,0.0000,ACHIEVED,10,ok,applied,preserved,0,not_needed_target_reached,match,not_run,PASS,hard_safe/qualified
https://tastesbetterfromscratch.com/protein-ice-cream/,low-fat-tastesbetter,low_fat,-13,optimal,1,15.5073,54.0534,10.1436,6.655,43.088,56.912,15,16,0.0000,ACHIEVED,5,diagnostic,unsafe_proposal,preserved,0,not_needed_target_reached,match,not_run,PASS,hard_safe/unqualified/unsafe_proposal
https://tastesbetterfromscratch.com/protein-ice-cream/,low-fat-tastesbetter,low_fat,-13,optimal,2,14.5889,53.2193,10.5006,6.663,42.984,57.016,16,17,1.4111,NEAREST,8,diagnostic,iteration_cap_diagnostic,preserved,0,candidate_for_rescue,match,not_run,PASS,hard_safe/qualified/iteration_cap_diagnostic
https://tastesbetterfromscratch.com/protein-ice-cream/,low-fat-tastesbetter,low_fat,-13,eco,-2,12.5305,52.1595,10.0070,6.490,43.509,56.491,12,13,0.0000,ACHIEVED,8,ok,applied,preserved,0,not_needed_target_reached,match,not_run,PASS,hard_safe/qualified
https://tastesbetterfromscratch.com/protein-ice-cream/,low-fat-tastesbetter,low_fat,-13,eco,-1,13.3928,49.0787,9.4918,5.871,39.440,60.560,13,14,0.0000,ACHIEVED,10,ok,applied,preserved,0,not_needed_target_reached,match,not_run,PASS,hard_safe/qualified
https://tastesbetterfromscratch.com/protein-ice-cream/,low-fat-tastesbetter,low_fat,-13,eco,0,14.4802,49.8392,9.5312,5.952,42.920,57.080,14,15,0.0000,ACHIEVED,10,ok,applied,preserved,0,not_needed_target_reached,match,not_run,PASS,hard_safe/qualified
https://tastesbetterfromscratch.com/protein-ice-cream/,low-fat-tastesbetter,low_fat,-13,eco,1,15.5073,54.0534,10.1436,6.655,43.088,56.912,15,16,0.0000,ACHIEVED,5,diagnostic,unsafe_proposal,preserved,0,not_needed_target_reached,match,not_run,PASS,hard_safe/unqualified/unsafe_proposal
https://tastesbetterfromscratch.com/protein-ice-cream/,low-fat-tastesbetter,low_fat,-13,eco,2,14.5889,53.2193,10.5006,6.663,42.984,57.016,16,17,1.4111,NEAREST,8,diagnostic,iteration_cap_diagnostic,preserved,0,candidate_for_rescue,match,not_run,PASS,hard_safe/qualified/iteration_cap_diagnostic
https://www.eatingbirdfood.com/protein-ice-cream/,high-fat-eatingbirdfood,high_fat,-11,optimal,-2,12.8069,40.3578,9.9673,8.865,39.404,60.596,12,13,0.0000,ACHIEVED,10,ok,applied,preserved,0,not_needed_target_reached,match,not_run,PASS,hard_safe/qualified
https://www.eatingbirdfood.com/protein-ice-cream/,high-fat-eatingbirdfood,high_fat,-11,optimal,-1,13.2539,41.8656,10.4818,8.780,40.821,59.179,13,14,0.0000,ACHIEVED,9,ok,applied,preserved,0,not_needed_target_reached,match,not_run,PASS,hard_safe/qualified
https://www.eatingbirdfood.com/protein-ice-cream/,high-fat-eatingbirdfood,high_fat,-11,optimal,0,14.8542,33.7016,9.4866,7.522,37.492,62.508,14,15,0.0000,ACHIEVED,10,ok,applied,preserved,0,not_needed_target_reached,match,not_run,PASS,hard_safe/qualified
https://www.eatingbirdfood.com/protein-ice-cream/,high-fat-eatingbirdfood,high_fat,-11,optimal,1,15.5432,35.2712,9.9906,7.862,39.198,60.802,15,16,0.0000,ACHIEVED,10,ok,applied,preserved,0,not_needed_target_reached,match,not_run,PASS,hard_safe/qualified
https://www.eatingbirdfood.com/protein-ice-cream/,high-fat-eatingbirdfood,high_fat,-11,optimal,2,16.8349,40.0495,9.4892,5.737,39.814,60.186,16,17,0.0000,ACHIEVED,10,ok,applied,preserved,0,not_needed_target_reached,match,not_run,PASS,hard_safe/qualified
https://www.eatingbirdfood.com/protein-ice-cream/,high-fat-eatingbirdfood,high_fat,-11,eco,-2,12.8069,40.3578,9.9673,8.865,39.404,60.596,12,13,0.0000,ACHIEVED,10,ok,applied,preserved,0,not_needed_target_reached,match,not_run,PASS,hard_safe/qualified
https://www.eatingbirdfood.com/protein-ice-cream/,high-fat-eatingbirdfood,high_fat,-11,eco,-1,13.2539,41.8656,10.4818,8.780,40.821,59.179,13,14,0.0000,ACHIEVED,9,ok,applied,preserved,0,not_needed_target_reached,match,not_run,PASS,hard_safe/qualified
https://www.eatingbirdfood.com/protein-ice-cream/,high-fat-eatingbirdfood,high_fat,-11,eco,0,14.8542,33.7016,9.4866,7.522,37.492,62.508,14,15,0.0000,ACHIEVED,10,ok,applied,preserved,0,not_needed_target_reached,match,not_run,PASS,hard_safe/qualified
https://www.eatingbirdfood.com/protein-ice-cream/,high-fat-eatingbirdfood,high_fat,-11,eco,1,15.5432,35.2712,9.9906,7.862,39.198,60.802,15,16,0.0000,ACHIEVED,10,ok,applied,preserved,0,not_needed_target_reached,match,not_run,PASS,hard_safe/qualified
https://www.eatingbirdfood.com/protein-ice-cream/,high-fat-eatingbirdfood,high_fat,-11,eco,2,16.8349,40.0495,9.4892,5.737,39.814,60.186,16,17,0.0000,ACHIEVED,10,ok,applied,preserved,0,not_needed_target_reached,match,not_run,PASS,hard_safe/qualified
https://www.eatingbirdfood.com/protein-ice-cream/,high-fat-eatingbirdfood,high_fat,-12,optimal,-2,14.4423,42.0617,10.4532,8.782,42.361,57.639,12,13,1.4423,NEAREST,9,ok,applied,preserved,0,candidate_for_rescue,match,not_run,PASS,hard_safe/qualified
https://www.eatingbirdfood.com/protein-ice-cream/,high-fat-eatingbirdfood,high_fat,-12,optimal,-1,14.9043,42.0860,9.5192,6.198,40.144,59.856,13,14,0.9043,NEAREST,9,ok,applied,preserved,0,candidate_for_rescue,match,not_run,PASS,hard_safe/qualified
https://www.eatingbirdfood.com/protein-ice-cream/,high-fat-eatingbirdfood,high_fat,-12,optimal,0,15.8273,42.2709,9.9669,6.615,41.137,58.863,14,15,0.8273,NEAREST,9,ok,applied,preserved,0,candidate_for_rescue,match,not_run,PASS,hard_safe/qualified
https://www.eatingbirdfood.com/protein-ice-cream/,high-fat-eatingbirdfood,high_fat,-12,optimal,1,16.4412,42.2610,9.9792,6.849,41.323,58.677,15,16,0.4412,NEAREST,9,ok,applied,preserved,0,candidate_for_rescue,match,not_run,PASS,hard_safe/qualified
https://www.eatingbirdfood.com/protein-ice-cream/,high-fat-eatingbirdfood,high_fat,-12,optimal,2,16.7412,49.8846,10.5331,6.849,43.939,56.061,16,17,0.0000,ACHIEVED,9,ok,applied,preserved,0,not_needed_target_reached,match,not_run,PASS,hard_safe/qualified
https://www.eatingbirdfood.com/protein-ice-cream/,high-fat-eatingbirdfood,high_fat,-12,eco,-2,14.4423,42.0617,10.4532,8.782,42.361,57.639,12,13,1.4423,NEAREST,9,ok,applied,preserved,0,candidate_for_rescue,match,not_run,PASS,hard_safe/qualified
https://www.eatingbirdfood.com/protein-ice-cream/,high-fat-eatingbirdfood,high_fat,-12,eco,-1,14.9043,42.0860,9.5192,6.198,40.144,59.856,13,14,0.9043,NEAREST,9,ok,applied,preserved,0,candidate_for_rescue,match,not_run,PASS,hard_safe/qualified
https://www.eatingbirdfood.com/protein-ice-cream/,high-fat-eatingbirdfood,high_fat,-12,eco,0,15.8273,42.2709,9.9669,6.615,41.137,58.863,14,15,0.8273,NEAREST,9,ok,applied,preserved,0,candidate_for_rescue,match,not_run,PASS,hard_safe/qualified
https://www.eatingbirdfood.com/protein-ice-cream/,high-fat-eatingbirdfood,high_fat,-12,eco,1,16.4412,42.2610,9.9792,6.849,41.323,58.677,15,16,0.4412,NEAREST,9,ok,applied,preserved,0,candidate_for_rescue,match,not_run,PASS,hard_safe/qualified
https://www.eatingbirdfood.com/protein-ice-cream/,high-fat-eatingbirdfood,high_fat,-12,eco,2,16.7412,49.8846,10.5331,6.849,43.939,56.061,16,17,0.0000,ACHIEVED,9,ok,applied,preserved,0,not_needed_target_reached,match,not_run,PASS,hard_safe/qualified
https://www.eatingbirdfood.com/protein-ice-cream/,high-fat-eatingbirdfood,high_fat,-13,optimal,-2,15.5390,48.1566,10.4572,7.961,43.274,56.726,12,13,2.5390,NEAREST,9,ok,applied,preserved,0,candidate_for_rescue,match,not_run,PASS,hard_safe/qualified
https://www.eatingbirdfood.com/protein-ice-cream/,high-fat-eatingbirdfood,high_fat,-13,optimal,-1,16.0171,48.2303,10.9802,8.690,44.292,55.708,13,14,2.0171,NEAREST,9,ok,applied,preserved,0,candidate_for_rescue,match,not_run,PASS,hard_safe/qualified
https://www.eatingbirdfood.com/protein-ice-cream/,high-fat-eatingbirdfood,high_fat,-13,optimal,0,14.9528,43.7561,12.5161,8.727,44.913,55.087,14,15,0.0000,ACHIEVED,7,diagnostic,hard_residual_violations,preserved,0,not_needed_target_reached,match,not_run,PASS,hard_residual/qualified/hard_residual_violations
https://www.eatingbirdfood.com/protein-ice-cream/,high-fat-eatingbirdfood,high_fat,-13,optimal,1,15.9036,48.1392,11.4363,8.728,44.765,55.235,15,16,0.0000,ACHIEVED,9,ok,applied,preserved,0,not_needed_target_reached,match,not_run,PASS,hard_safe/qualified
https://www.eatingbirdfood.com/protein-ice-cream/,high-fat-eatingbirdfood,high_fat,-13,optimal,2,16.0091,54.8779,10.5141,7.211,43.450,56.550,16,17,0.0000,ACHIEVED,9,ok,applied,preserved,0,not_needed_target_reached,match,not_run,PASS,hard_safe/qualified
https://www.eatingbirdfood.com/protein-ice-cream/,high-fat-eatingbirdfood,high_fat,-13,eco,-2,15.5390,48.1566,10.4572,7.961,43.274,56.726,12,13,2.5390,NEAREST,9,ok,applied,preserved,0,candidate_for_rescue,match,not_run,PASS,hard_safe/qualified
https://www.eatingbirdfood.com/protein-ice-cream/,high-fat-eatingbirdfood,high_fat,-13,eco,-1,16.0171,48.2303,10.9802,8.690,44.292,55.708,13,14,2.0171,NEAREST,9,ok,applied,preserved,0,candidate_for_rescue,match,not_run,PASS,hard_safe/qualified
https://www.eatingbirdfood.com/protein-ice-cream/,high-fat-eatingbirdfood,high_fat,-13,eco,0,14.9528,43.7561,12.5161,8.727,44.913,55.087,14,15,0.0000,ACHIEVED,7,diagnostic,hard_residual_violations,preserved,0,not_needed_target_reached,match,not_run,PASS,hard_residual/qualified/hard_residual_violations
https://www.eatingbirdfood.com/protein-ice-cream/,high-fat-eatingbirdfood,high_fat,-13,eco,1,15.9036,48.1392,11.4363,8.728,44.765,55.235,15,16,0.0000,ACHIEVED,9,ok,applied,preserved,0,not_needed_target_reached,match,not_run,PASS,hard_safe/qualified
https://www.eatingbirdfood.com/protein-ice-cream/,high-fat-eatingbirdfood,high_fat,-13,eco,2,16.0091,54.8779,10.5141,7.211,43.450,56.550,16,17,0.0000,ACHIEVED,9,ok,applied,preserved,0,not_needed_target_reached,match,not_run,PASS,hard_safe/qualified
