iso2,priority,role,ean,rcn_range,v7_status,product,verification_class,evidence_class,best_url,http,source_type,page_market,market_by,evidence_method,price_currency,ean_context,page_title,html_sha256_16,evidence_utc,urls_checked,hosts_carrying_ean
AU,★★★★★,MILK,9300639500041,NO,KANDYDAT_PR,Devondale Full Cream Long Life Milk 1 L,EAN_ON_MARKET_PAGE,CONFIRMED,https://www.thedistributorscairns.com.au/product/DEVONDALE_FULL_CREAM_1LIT_MILK,200,DIRECT,AU,CCTLD,RAW_HTML,, Unit Barcode :</td> <td> 9300639500041</td> </tr> ,DEVONDALE FULL CREAM 1LIT MILK,5658b8e271b0fcbc,2026-09-10T13:40:15Z,3,www.thedistributorscairns.com.au
AU,★★★★★,CREAM,9310036007296,NO,KANDYDAT_PR,Pauls Thickened Cream,MARKET_PAGE_WITHOUT_EAN,LEAD,https://mylactalis.com.au/pauls-thickened-cream-300ml-regular,200,DIRECT,AU,CCTLD,BROWSER_DOM,,,Pauls Thickened Cream 300ml - REGULAR,,2026-09-10T13:52Z,3,
AU,★★★★★,SMP,9300639999005,NO,KANDYDAT_PR,Devondale Instant Skim Milk Powder,MARKET_PAGE_WITHOUT_EAN,LEAD,https://www.devondale.com.au/en/products/milk/skim-milk-powder,200,DIRECT,AU,CCTLD,BROWSER_DOM,,,Skim Milk Powder | Devondale,,2026-09-10T13:52Z,3,
AU,★★★★★,SUCROSE,,,READY_PI,Biały cukier krystaliczny — 100% cukier,GENERIC_PI_NO_EAN,N/A,,,,,,,,,,,,0,
AU,★★★★★,DEXTROSE,9317127061786,NO,KANDYDAT_PR,Lotus Glucose Powder (Dextrose) 500g,EAN_ON_MARKET_PAGE,CONFIRMED,https://www.kadac.com.au/browser/product.php?sku=6178,200,DIRECT,AU,CCTLD,RAW_HTML,,"lass=""sub-title"">Barcode Number</li> <li>9317127061786</li> ",Lotus Glucose Powder (Dextrose) 500g | Kadac - Organic Natural Health,0f340d7ced36d256,2026-09-10T13:39:37Z,5,ecotraders.com.au;www.kadac.com.au
AU,★★★★★,TARA,8055728540170,NO,KANDYDAT_PR,Tara Gum 50gr. / Gomma di Tara E417,EAN_ON_GENERIC_TLD_PAGE,LEAD,https://saporepuro.myshopify.com/products/farina-di-semi-di-tara-gomma-di-tara-origine-peru-e417-confezionato-in-italia-1,200,DIRECT,,GENERIC_TLD,RAW_HTML,EUR,"0,""compare_at_price"":null,""inventory_management"":""shopify"",""barcode"":""8055728540170"",""featured_media"":{",Tara Seed Flour | SaporePuro,5f28b11dbdcd7cd4,2026-09-10T13:38:24Z,7,saporepuro.com;saporepuro.myshopify.com
AT,★★★★★,MILK,9066000164907,NO,KANDYDAT_PR,"Schärdinger Vollmilch 3,5% ESL 1 L",EAN_ON_MARKET_PAGE,CONFIRMED,https://dokumente.kastner.at/lmiv/kastner/222821.pdf,200,DIRECT,AT,CCTLD,RAW_HTML,,"kelbezeichnung: Sch.Vollmilch 3,5% ESL 1l Allgemein: Artikel GTIN: 9066000164907 / Anzahl Basiseinhe",,ef65d5ac87b73977,2026-09-10T13:37:27Z,3,dokumente.kastner.at;shop.kastner.at
AT,★★★★★,CREAM,9066000864401,NO,KANDYDAT_PR,Alpiland H-Schlagrahm 30% 1 L,EAN_ON_MARKET_PAGE,CONFIRMED,https://shop.kastner.at/222148.html,200,DIRECT,AT,CCTLD,RAW_HTML,,</td> <td>9066000864401</td> ,H-Schlagobers/rahm 30% 1 l - KASTNER WebShop,9b6206eaee2e88f0,2026-09-10T13:38:26Z,2,dokumente.kastner.at;shop.kastner.at
AT,★★★★★,SMP,,,WYMAGA_GTIN,Wild Thing Magermilchpulver 500 g,NO_EAN_IN_V7,BRAK,https://trinklusiv.at/products/wild-thing-magermilchpulver-500-g,200,DIRECT,AT,CCTLD,RAW_HTML,EUR,,Wild Thing Magermilchpulver 500 g,7a42da27a0db2528,2026-09-10T13:38:40Z,4,
AT,★★★★★,SUCROSE,,,READY_PI,Biały cukier krystaliczny — 100% cukier,GENERIC_PI_NO_EAN,N/A,,,,,,,,,,,,0,
AT,★★★★★,DEXTROSE,4250573301738,NO,KANDYDAT_PR,Dextrose monohydrat Pulver 5 kg,EAN_ON_FOREIGN_MARKET_PAGE,LEAD,https://www.golden-peanut.de/Dextrose-monohydrat-Pulver/11135-01,200,DIRECT,DE,CCTLD,RAW_HTML,EUR,"me"":""Dextrose monohydrat Pulver"",""productPrice"":""21.90"",""productEAN"":""4250573301738"",""productSku"":""1113",Dextrose monohydrat Pulver | für mehr Energie | zum Toppreis!,0ea2d79f0278d7d4,2026-09-10T13:39:22Z,2,www.golden-peanut.de
AT,★★★★★,TARA,8055728540170,NO,KANDYDAT_PR,SaporePuro Farina di Semi di Tara / Gomma di Tara E417,EAN_ON_GENERIC_TLD_PAGE,LEAD,https://saporepuro.com/products/farina-di-semi-di-tara-gomma-di-tara-origine-peru-e417-confezionato-in-italia-1,200,DIRECT,,GENERIC_TLD,RAW_HTML,EUR,"0,""compare_at_price"":null,""inventory_management"":""shopify"",""barcode"":""8055728540170"",""featured_media"":{",Tara Seed Flour | SaporePuro,41be4c71cd4a344d,2026-09-10T13:38:23Z,4,saporepuro.com
BE,★★★★★,MILK,54025059,NO,KANDYDAT_PR,Inex Lait entier UHT 1 L PET (art. 6013),EAN_ON_MARKET_PAGE,CONFIRMED,https://www.bruyerre.be/en/shop/00074227-inex-6013-whole-milk-uht-pet-6-x-1l-167269/document/27519,200,DIRECT,BE,CCTLD,RAW_HTML,,ervation limitée au réfrigérateur (max. +7 °C). CODE EAN Individuel: 54025059 Groupage: 541044111,,c847b5cb183e6282,2026-09-10T13:38:58Z,3,www.bruyerre.be
BE,★★★★★,CREAM,8718907237888,NO,KANDYDAT_PR,AH Slagroom houdbaar 30% 200 ml,EAN_ON_MARKET_PAGE,CONFIRMED,https://www.ah.be/producten/product/wi34471/ah-slagroom-houdbaar,200,DIRECT,BE,CCTLD,BROWSER_DOM,,"""value"":""200 ml""},""gtin13"":""8718907237888"",""image"":""",AH Slagroom houdbaar reserveren | Albert Heijn,,2026-09-10T13:52Z,1,www.ah.be
BE,★★★★★,SMP,3245413563040,NO,WYMAGA_ETYKIETY,Carrefour Classic' Lait Écrémé en Poudre 750 g,MARKET_PAGE_WITHOUT_EAN,LEAD,https://www.carrefour.be/fr/classic-lait-ecreme-en-poudre-7.5-l/07132606.html,200,DIRECT,BE,CCTLD,BROWSER_DOM,,,Carrefour - Classic' Lait Écrémé en Poudre 7.5 L - #07132606 | Carrefour Belgique,,2026-09-10T13:52Z,2,
BE,★★★★★,SUCROSE,,,READY_PI,Biały cukier krystaliczny — 100% cukier,GENERIC_PI_NO_EAN,N/A,,,,,,,,,,,,0,
BE,★★★★★,DEXTROSE,,,WYMAGA_GTIN,Glucopur 250 g (5 × 50 g),NO_EAN_IN_V7,BRAK,https://webshop.revogan.be/en/shop/1204-glucopur-250g-5x50g-14864,200,DIRECT,BE,CCTLD,RAW_HTML,,,Glucopur 250g (5x50g) | Revogan B2B,8c96c6082dd26243,2026-09-10T13:38:41Z,2,
BE,★★★★★,TARA,8055728540170,NO,KANDYDAT_PR,SaporePuro Farina di Semi di Tara / Gomma di Tara E417,EAN_ON_GENERIC_TLD_PAGE,LEAD,https://saporepuro.com/products/farina-di-semi-di-tara-gomma-di-tara-origine-peru-e417-confezionato-in-italia-1,200,DIRECT,,GENERIC_TLD,RAW_HTML,EUR,"0,""compare_at_price"":null,""inventory_management"":""shopify"",""barcode"":""8055728540170"",""featured_media"":{",Tara Seed Flour | SaporePuro,41be4c71cd4a344d,2026-09-10T13:38:23Z,4,saporepuro.com
DK,★★★★★,MILK,5709310050303,NO,KANDYDAT_PR,"Arla Sødmælk 3,5% UHT 1 L",EAN_ON_MARKET_PAGE,CONFIRMED,https://danfoods.dk/wp-content/uploads/data-sheets/700000/700000%20S%C3%98DM%C3%86LK%20UHT%20ARLA%201L%2088508.pdf,200,DIRECT,DK,CCTLD,RAW_HTML,,"ionelt navn Mælk Regulated Name Sødmælk 3,5% fedt 1 liter, UHT GTIN 05709310050303 Lev. nr. 77117 Op",,02c69749e15256b0,2026-09-10T13:37:23Z,3,danfoods.dk;www.sartorvet.com
DK,★★★★★,CREAM,5711953069291,NO,KANDYDAT_PR,Arla Piskefløde 35% UHT 200 ml,EAN_ON_MARKET_PAGE,CONFIRMED,https://www.arla.dk/produkter/arla/piskeflode-64625/,200,DIRECT,DK,CCTLD,RAW_HTML,,",""type"":""Product"",""name"":""Piskefløde 35% 200 ml"",""productID"":""barcode:5711953069291"",""url"":""https://www",Arla&#xAE; Piskefl&#xF8;de 35% 200 ml | Arla,881b2b0d8cb4eefb,2026-09-10T13:38:51Z,3,onlinebutikken.com;www.arla.dk
DK,★★★★★,SMP,5703161691012,NO,KANDYDAT_PR,EASIS Skummetmælkspulver 200 g,MARKET_PAGE_WITHOUT_EAN,LEAD,https://easis.dk/products/easis-skummetmaelkspulver,200,DIRECT,DK,CCTLD,BROWSER_DOM,,,Skummetmælkspulver - lavt fedtindhold og højt proteinindhold,,2026-09-10T13:52Z,3,
DK,★★★★★,SUCROSE,,,READY_PI,Biały cukier krystaliczny — 100% cukier,GENERIC_PI_NO_EAN,N/A,,,,,,,,,,,,0,
DK,★★★★★,DEXTROSE,5709286720064,NO,WYMAGA_ETYKIETY,Urtegaarden Druesukker 500 g,EAN_ON_MARKET_PAGE,CONFIRMED,https://www.helsebixen.dk/shop/urtegaarden-druesukker.html,200,DIRECT,DK,CCTLD,RAW_HTML,DKK,"1cb4067844f9c905ee1e067455f27""> <meta itemprop=""gtin13"" content=""5709286720064""> <meta itempr",Køb Urtegaarden Druesukker (500 gr) | Kun 32 kr - GRATIS FRAGT,e0fc4fc296cd497a,2026-09-10T13:39:24Z,3,www.cchobby.dk;www.helsebixen.dk;www.med24.dk
DK,★★★★★,TARA,,,WYMAGA_ETYKIETY,Gum tara 1 kg,NO_EAN_IN_V7,BRAK,https://condi.dk/da/tilsaetningsstoffer/gum-tara-1-kg,200,DIRECT,DK,CCTLD,RAW_HTML,,,K&#xF8;b Gum tara 1 kg hos Condi webshop,37c1c680fe5efdc1,2026-09-10T13:37:20Z,3,
FI,★★★★★,MILK,6408430000135,NO,KANDYDAT_PR,Valio täysmaito suomalaisilta maitotiloilta 1 L,EAN_ON_MARKET_PAGE,CONFIRMED,https://www.valio.fi/tuotteet/valio-taysmaito-suomalaisilta-maitotiloilta/,200,DIRECT,FI,CCTLD,RAW_HTML,,"7/valio-vapaan-lehman-taysmaito-13-800x800.png"" ], ""gtin13"": ""6408430000135"" } </script><style ",Valio täysmaito suomalaisilta maitotiloilta - Valio,fbadcc5ec3e4a5c5,2026-09-10T13:40:25Z,2,www.valio.fi
FI,★★★★★,CREAM,6413300015225,NO,KANDYDAT_PR,Arla Lempi Kuohukerma luomu 35% 2 dl,EAN_ON_MARKET_PAGE,CONFIRMED,https://www.s-kaupat.fi/tuote/arla-lempi-kuohukerma-luomu-2-dl/6413300015225,200,DIRECT,FI,CCTLD,BROWSER_DOM,,">EAN</h3><div class=""sc-ddc81c9d-2 esMhSy""><span>6413300015225</span></div>",Arla Lempi Kuohukerma luomu 2 dl | S-kaupat ruoan verkkokauppa,,2026-09-10T13:52Z,2,www.s-kaupat.fi
FI,★★★★★,SMP,6408430840625,NO,KANDYDAT_PR,Valio rasvaton maitojauhe instant 400 g,EAN_ON_MARKET_PAGE,CONFIRMED,https://www.valioaimo.fi/ammattilaistuotteet/valio-rasvaton-maitojauhe-instant/,200,DIRECT,FI,CCTLD,RAW_HTML,,"-rasvaton-maitojauhe-instant-84062-800x800.png"" ], ""gtin13"": ""6408430840625"" } </script><style ",Valio rasvaton maitojauhe instant - Valio Aimo,a3ccd89a3eb42410,2026-09-10T13:40:25Z,3,www.halpahalli.fi;www.valioaimo.fi
FI,★★★★★,SUCROSE,,,READY_PI,Biały cukier krystaliczny — 100% cukier,GENERIC_PI_NO_EAN,N/A,,,,,,,,,,,,0,
FI,★★★★★,DEXTROSE,,,WYMAGA_ETYKIETY,Dekstroosi monohydraatti 25 kg,NO_EAN_IN_V7,BRAK,https://store.leipurin.com/fi/product-details/-/o/cn/Muut-makeutusaineet/ecom-item/E22202,200,DIRECT,,GENERIC_TLD,RAW_HTML,,,Tuotteen tiedot - Leipurin Store,c9a0d771688bfc5f,2026-09-10T13:38:32Z,2,
FI,★★★★★,TARA,8055728540170,NO,KANDYDAT_PR,SaporePuro Farina di Semi di Tara / Gomma di Tara E417,EAN_ON_GENERIC_TLD_PAGE,LEAD,https://saporepuro.com/products/farina-di-semi-di-tara-gomma-di-tara-origine-peru-e417-confezionato-in-italia-1,200,DIRECT,,GENERIC_TLD,RAW_HTML,EUR,"0,""compare_at_price"":null,""inventory_management"":""shopify"",""barcode"":""8055728540170"",""featured_media"":{",Tara Seed Flour | SaporePuro,41be4c71cd4a344d,2026-09-10T13:38:23Z,4,saporepuro.com
FR,★★★★★,MILK,3262970109108,NO,READY_PR,"Alsace Lait Lait frais entier pasteurisé, brique 1 L",SOURCE_NOT_READABLE,LEAD,https://www.supermarchesmatch.fr/fr/p/1754550/alsace-lait-lait-frais-entier-brique-1l,BROWSER_INCONCLUSIVE,DIRECT,FR,CCTLD,BROWSER_DOM,,,"INCONCLUSIVE: generic page title — the drive shows a store-selection shell, product data n",4d179af1c48bd97c,2026-09-10T13:52Z,2,
FR,★★★★★,CREAM,3451790256745,NO,KANDYDAT_PR,Elle & Vire Crème UHT fluide entière 30% MG 2×25cl,EAN_ON_MARKET_PAGE,CONFIRMED,https://www.auchan.fr/elle-vire-creme-fluide-entiere-30-mg-uht/pr-C1178091,200,DIRECT,FR,CCTLD,RAW_HTML,,"alues""> 21864 / 3451790256745 ",ELLE &amp; VIRE Cr&#xE8;me fluide enti&#xE8;re 30%MG UHT 2x25cl pas cher - Auchan.fr,8418099360beb42e,2026-09-10T13:38:52Z,2,www.auchan.fr
FR,★★★★★,SMP,3043934232700,NO,KANDYDAT_PR,Lait écrémé en poudre,EAN_ON_MARKET_PAGE,CONFIRMED,https://www.auchan.fr/regilait-lait-ecreme-en-poudre/pr-C1274757,200,DIRECT,FR,CCTLD,RAW_HTML,,"alues""> 61039 / 3043934232700 ",REGILAIT Lait &#xE9;cr&#xE9;m&#xE9; en poudre 300g pas cher - Auchan.fr,467b7bc1e3e4fe35,2026-09-10T13:38:53Z,3,lafamilleatable.com;regilait.com;www.auchan.fr
FR,★★★★★,SUCROSE,,,READY_PI,Biały cukier krystaliczny — 100% cukier,GENERIC_PI_NO_EAN,N/A,,,,,,,,,,,,0,
FR,★★★★★,DEXTROSE,,,WYMAGA_GTIN,Dextrose Monohydrate,NO_EAN_IN_V7,BRAK,https://www.meilleurduchef.com/en/shop/baking-supplies/ingredients/sugar-sweetener/lfr-dextrose-monohydrate.html,200,DIRECT,,GENERIC_TLD,RAW_HTML,EUR,,Dextrose Monohydrate - 1kg - Louis François - Meilleur du Chef,0e3c6e9382a6ab93,2026-09-10T13:39:50Z,5,
FR,★★★★★,TARA,8055728540170,NO,KANDYDAT_PR,SaporePuro Farina di Semi di Tara / Gomma di Tara E417,EAN_ON_GENERIC_TLD_PAGE,LEAD,https://saporepuro.com/products/farina-di-semi-di-tara-gomma-di-tara-origine-peru-e417-confezionato-in-italia-1,200,DIRECT,,GENERIC_TLD,RAW_HTML,EUR,"0,""compare_at_price"":null,""inventory_management"":""shopify"",""barcode"":""8055728540170"",""featured_media"":{",Tara Seed Flour | SaporePuro,41be4c71cd4a344d,2026-09-10T13:38:23Z,6,saporepuro.com
ES,★★★★★,MILK,8410128010102,NO,KANDYDAT_PR,"Pascual Clásica Leche Entera UHT, 6 x1 L",EAN_ON_MARKET_PAGE,CONFIRMED,https://soria.e-leclerc.es/detalle/-/Producto/leche-entera-6x1l/8410128010102,200,DIRECT,ES,CCTLD,RAW_HTML,EUR,"#x2e;es&#x2f;detalle&#x2f;-&#x2f;Producto&#x2f;leche-entera-6x1l&#x2f;8410128010102"" rel=""canonical"" />",Leche entera 6x1l - E.leclerc Soria,f8e6b11722da8536,2026-09-10T13:38:30Z,2,soria.e-leclerc.es
ES,★★★★★,CREAM,8410379941019,NO,KANDYDAT_PR,Reny Picot Nata líquida especial para montar 30% 200 ml,EAN_ONLY_ECHOED_FROM_URL_OR_QUERY,LEAD,https://distribucionesplata.com/tienda/alimentacion-y-bebidas/21850-nata-reny-picot-liqmont-mg30-bk200m-8410379941019.html,200,DIRECT,,GENERIC_TLD,RAW_HTML,EUR,,Comprar Nata Líquida para Montar Reny Picot 30% Materia Grasa 200 ml,5b7dfa40fca3899d,2026-09-10T13:37:26Z,2,
ES,★★★★★,SMP,8410100002330,NO,KANDYDAT_PR,Leche desnatada en polvo rica en calcio,EAN_ON_MARKET_PAGE,CONFIRMED,https://www.online.bmsupermercados.es/es/p/leche-en-polvo-400-g/6029,200,DIRECT,ES,CCTLD,BROWSER_DOM,,"class=""product-info-name--ean""><span translate="""">EAN</span>: 8410100002330 </p>",Sveltesse Leche en polvo 400 g | BM Supermercados Online,,2026-09-10T13:56Z,3,www.online.bmsupermercados.es
ES,★★★★★,SUCROSE,,,READY_PI,Biały cukier krystaliczny — 100% cukier,GENERIC_PI_NO_EAN,N/A,,,,,,,,,,,,0,
ES,★★★★★,DEXTROSE,8437000514770,NO,WYMAGA_ETYKIETY,DAYELET DEXTROSA,EAN_ON_MARKET_PAGE,CONFIRMED,https://www.zonasin.es/producto/dextrosa-400-g-dayelet-l22027,200,DIRECT,ES,CCTLD,RAW_HTML,,"cia-producto"">Ref: L22027</div> <div class=""ean-producto"">EAN: 8437000514770</div> <div c",DEXTROSA DAYELET,53d0219b9d833751,2026-09-10T13:40:29Z,3,www.zonasin.es
ES,★★★★★,TARA,8055728540170,NO,KANDYDAT_PR,SaporePuro Farina di Semi di Tara / Gomma di Tara E417,EAN_ON_GENERIC_TLD_PAGE,LEAD,https://saporepuro.com/products/farina-di-semi-di-tara-gomma-di-tara-origine-peru-e417-confezionato-in-italia-1,200,DIRECT,,GENERIC_TLD,RAW_HTML,EUR,"0,""compare_at_price"":null,""inventory_management"":""shopify"",""barcode"":""8055728540170"",""featured_media"":{",Tara Seed Flour | SaporePuro,41be4c71cd4a344d,2026-09-10T13:38:23Z,5,saporepuro.com
NL,★★★★★,MILK,8712800147770,NO,KANDYDAT_PR,Campina Langlekker Volle Melk 1 L,EAN_ON_MARKET_PAGE,CONFIRMED,https://www.campina.nl/producten/campina-langlekker-volle-melk-1l,200,DIRECT,NL,CCTLD,RAW_HTML,,"aph"": [ { ""@type"": ""Product"", ""@id"": ""8712800147770"", ""name",Campina Langlekker Volle Melk 1L,abf068ec50f944f4,2026-09-10T13:38:58Z,3,www.campina.nl
NL,★★★★★,CREAM,8718907237888,NO,KANDYDAT_PR,AH Slagroom houdbaar 30% 200 ml,EAN_ON_MARKET_PAGE,CONFIRMED,https://www.ah.nl/producten/product/wi34471/ah-slagroom-houdbaar,200,DIRECT,NL,CCTLD,BROWSER_DOM,,"""weight"":{""@type"":""QuantitativeValue"",""value"":""200 ml""},""gtin13"":""8718907237888"",""image"":""",AH Slagroom houdbaar bestellen | Albert Heijn,,2026-09-10T13:52Z,1,www.ah.nl
NL,★★★★★,SMP,8717677967827,NO,KANDYDAT_PR,Mattisson Biologische Magere Melkpoeder 450 g,EAN_ON_MARKET_PAGE,CONFIRMED,https://www.mattisson.nl/biologische-magere-melkpoeder,200,DIRECT,NL,CCTLD,RAW_HTML,EUR,"2 text-left text-gray-900 product-attribute-value"" data-th=""EAN-code"">8717677967827</td> ",Magere Melkpoeder biologisch | Online bij Mattisson.nl,327c00a8de050dc5,2026-09-10T13:39:47Z,3,www.baktotaal.nl;www.leef.nl;www.mattisson.nl
NL,★★★★★,SUCROSE,,,READY_PI,Biały cukier krystaliczny — 100% cukier,GENERIC_PI_NO_EAN,N/A,,,,,,,,,,,,0,
NL,★★★★★,DEXTROSE,,,WYMAGA_GTIN,Dextrose 5 kg,NO_EAN_IN_V7,BRAK,https://www.naturalspices.nl/dextrose,200,DIRECT,NL,CCTLD,RAW_HTML,EUR,,Dextrose Kopen Online | Natuurlijke Druivensuiker Bestellen,f2f9d03c43a617b7,2026-09-10T13:39:54Z,1,
NL,★★★★★,TARA,8055728540170,NO,KANDYDAT_PR,SaporePuro Farina di Semi di Tara / Gomma di Tara E417,EAN_ON_GENERIC_TLD_PAGE,LEAD,https://saporepuro.com/products/farina-di-semi-di-tara-gomma-di-tara-origine-peru-e417-confezionato-in-italia-1,200,DIRECT,,GENERIC_TLD,RAW_HTML,EUR,"0,""compare_at_price"":null,""inventory_management"":""shopify"",""barcode"":""8055728540170"",""featured_media"":{",Tara Seed Flour | SaporePuro,41be4c71cd4a344d,2026-09-10T13:38:23Z,5,saporepuro.com
IE,★★★★★,MILK,5011056020053,NO,KANDYDAT_PR,Avonmore Fresh Whole Milk 2 Litre,EAN_ON_AGGREGATOR,LEAD,https://chompthis.com/product/?id=419344,200,AGGREGATOR,,GENERIC_TLD,RAW_HTML,,"or"" content=""Peter Merrill""> <!-- Title --> <title>Milk (5011056020053) - Is it Vegan, Veg","Milk (5011056020053) - Is it Vegan, Vegetarian, or Gluten-Free? - CHOMP",46e99370a9d29ddf,2026-09-10T13:37:18Z,5,chompthis.com
IE,★★★★★,CREAM,5900820000455,NO,KANDYDAT_PR,Łaciata Śmietanka UHT 30% 500 ml,EAN_ON_MARKET_PAGE,CONFIRMED,https://moldovastore.ie/products/114/8433,200,DIRECT,IE,CCTLD,RAW_HTML,, Fresh Cream 30% 500ml</h2><h4>Laciata - Fresh Cream 30% 500ml</h4><p>5900820000455</p><p></p><div id=',Laciata - Fresh Cream 30% 500ml | 5900820000455| Department products at Moldova Retail Sto,8bd5c9e8d8009c8c,2026-09-10T13:38:02Z,3,mlekpol.com.pl;moldovastore.ie
IE,★★★★★,SMP,5060113910714,NO,KANDYDAT_PR,Milfresh Gold Superior Granulated Skimmed Milk 500 g,EAN_ON_FOREIGN_MARKET_PAGE,LEAD,https://www.templemanrv.co.uk/nutrition-pdf/9501/,200,DIRECT,GB,CCTLD,RAW_HTML,,d7a9d35fe747fff699 Specification Type Drinks Inner Component GTIN 5060113910714 Manufacturer Compo,,c45e7e8b9fe39829,2026-09-10T13:40:14Z,3,www.templemanrv.co.uk
IE,★★★★★,SUCROSE,,,READY_PI,Biały cukier krystaliczny — 100% cukier,GENERIC_PI_NO_EAN,N/A,,,,,,,,,,,,0,
IE,★★★★★,DEXTROSE,,,WYMAGA_ETYKIETY,Dextrose Monohydrate 25 kg,NO_EAN_IN_V7,BRAK,https://kiernans.ie/product/dextrose-monohydrate/,200,DIRECT,IE,CCTLD,RAW_HTML,,,Dextrose Monohydrate - Kiernan&#039;s Food Ingredients,89355c5bb1894c07,2026-09-10T13:37:47Z,1,
IE,★★★★★,TARA,8055728540170,NO,KANDYDAT_PR,SaporePuro Farina di Semi di Tara / Gomma di Tara E417,EAN_ON_GENERIC_TLD_PAGE,LEAD,https://saporepuro.com/products/farina-di-semi-di-tara-gomma-di-tara-origine-peru-e417-confezionato-in-italia-1,200,DIRECT,,GENERIC_TLD,RAW_HTML,EUR,"0,""compare_at_price"":null,""inventory_management"":""shopify"",""barcode"":""8055728540170"",""featured_media"":{",Tara Seed Flour | SaporePuro,41be4c71cd4a344d,2026-09-10T13:38:23Z,5,saporepuro.com
CA,★★★★★,MILK,0064420010025,NO,KANDYDAT_PR,Natrel Fine-Filtered Homogenized Milk 3.25% M.F. 2 L,EAN_ON_MARKET_PAGE,CONFIRMED,https://www.agropursolutions.ca/fr/produits/lait/finement-filtre/2l-natrel-lait-finement-filtre-325,200,DIRECT,CA,CCTLD,RAW_HTML,,"lutions/files/2025-11/064420010025.png"" width=""360"" height=""826"" alt=""064420010025"" typeof=""foaf:Image","2L NATREL LAIT FINEMENT FILTRÉ 3,25% | Agropur Solutions",f44e5f7e3846cbf1,2026-09-10T13:38:43Z,4,dairyfarmersofcanada.ca;www.agropursolutions.ca
CA,★★★★★,CREAM,068700100451,NO,KANDYDAT_PR,Dairyland Whipping Cream 33% M.F.,MARKET_PAGE_WITHOUT_EAN,LEAD,https://www.dairyland.ca/en/products/cream/33-whipping-cream,200,DIRECT,CA,CCTLD,BROWSER_DOM,,,33% Whipping Cream | Dairyland,,2026-09-10T13:56Z,3,
CA,★★★★★,SMP,059000111322,NO,KANDYDAT_PR,Carnation Fat Free Instant Skim Milk Powder,EAN_ON_MARKET_PAGE,CONFIRMED,https://www.carnationmilk.ca/en/products/instant-skim,200,DIRECT,CA,CCTLD,RAW_HTML,,"dition to drinks and smoothies. Store in a cool dry place."",""gtin12"":""059000111322"",""gtin14"":""00059000",Instant Skim Milk Powder,d642c8d5c5cbe073,2026-09-10T13:38:59Z,3,www.amazon.ca;www.carnationmilk.ca
CA,★★★★★,SUCROSE,,,READY_PI,Biały cukier krystaliczny — 100% cukier,GENERIC_PI_NO_EAN,N/A,,,,,,,,,,,,0,
CA,★★★★★,DEXTROSE,700956300208,NO,WYMAGA_ETYKIETY,ProteinCo Dextrose Plain,EAN_ON_MARKET_PAGE,CONFIRMED,https://proteinco.ca/products/dextrose,200,DIRECT,CA,CCTLD,RAW_HTML,CAD,"0,""compare_at_price"":4495,""inventory_management"":""shopify"",""barcode"":""700956300208 \/ X002JSC1IB"",""fea",Dextrose - ProteinCo,c7e5a7fd4dc184cb,2026-09-10T13:38:20Z,3,proteinco.ca;www.amazon.ca
CA,★★★★★,TARA,,,WYMAGA_ETYKIETY,Louis François Tara Gum 1 kg,NO_EAN_IN_V7,BRAK,https://supplies.gusta.ca/products/louis-francois-tara-gum,200,DIRECT,CA,CCTLD,RAW_HTML,CAD,,"Louis Francois Tara Gum, Gluten-Free, Vegan Thickener &amp; Stabilizer &ndash; Gusta Suppl",82667b7eeb078b0a,2026-09-10T13:38:35Z,2,
DE,★★★★★,MILK,4045500011145,NO,KANDYDAT_PR,"frischli H-Vollmilch 3,5% 1 L",EAN_ON_MARKET_PAGE,CONFIRMED,https://www.frischli.de/produkte/index.htm?showproduct=67006&showrange=73333,200,DIRECT,DE,CCTLD,RAW_HTML,,"ce""><tr><th>Artikel-Nr.</th><th>1114</th><tbody><tr><td>GTIN:</td><td>4045500011145</td></tr><tr><td>Ge","frischli | H-Vollmilch 3,5 %",49d084372d04a3d3,2026-09-10T13:39:21Z,2,www.frischli.de
DE,★★★★★,CREAM,4070700003058,NO,KANDYDAT_PR,Hofgut Schlagsahne 30% 200 g,EAN_ON_MARKET_PAGE,CONFIRMED,https://www.hohenloher-molkerei.de/hubfs/website/produkte/Sahne/Datenblatt/35305_Hofgut_Schlagsahne_30_200g.pdf?hsLang=de,200,DIRECT,DE,CCTLD,RAW_HTML,,"ng Ø Becher in mm Höhe in mm Bruttogewicht pro Stück in g 35305 Euro 4070700003058 0,20 Stück Becher 7",,bb48535df7c44ee0,2026-09-10T13:39:26Z,2,edeka-foodservice.de;www.hohenloher-molkerei.de
DE,★★★★★,SMP,4008230010901,NO,KANDYDAT_PR,Saliter Magermilchpulver 250 g,MARKET_PAGE_WITHOUT_EAN,LEAD,https://saliter.de/milchprodukte/milchpulver/magermilchpulver/,200,DIRECT,DE,CCTLD,BROWSER_DOM,,,Magermilchpulver - Saliter,,2026-09-10T13:56Z,4,
DE,★★★★★,SUCROSE,,,READY_PI,Biały cukier krystaliczny — 100% cukier,GENERIC_PI_NO_EAN,N/A,,,,,,,,,,,,0,
DE,★★★★★,DEXTROSE,4250573301738,NO,KANDYDAT_PR,Dextrose monohydrat Pulver 5 kg,EAN_ON_MARKET_PAGE,CONFIRMED,https://www.golden-peanut.de/Dextrose-monohydrat-Pulver/11135-01,200,DIRECT,DE,CCTLD,RAW_HTML,EUR,"me"":""Dextrose monohydrat Pulver"",""productPrice"":""21.90"",""productEAN"":""4250573301738"",""productSku"":""1113",Dextrose monohydrat Pulver | für mehr Energie | zum Toppreis!,0ea2d79f0278d7d4,2026-09-10T13:39:22Z,1,www.golden-peanut.de
DE,★★★★★,TARA,8055728540170,NO,KANDYDAT_PR,SaporePuro Farina di Semi di Tara / Gomma di Tara E417,EAN_ON_GENERIC_TLD_PAGE,LEAD,https://saporepuro.com/products/farina-di-semi-di-tara-gomma-di-tara-origine-peru-e417-confezionato-in-italia-1,200,DIRECT,,GENERIC_TLD,RAW_HTML,EUR,"0,""compare_at_price"":null,""inventory_management"":""shopify"",""barcode"":""8055728540170"",""featured_media"":{",Tara Seed Flour | SaporePuro,41be4c71cd4a344d,2026-09-10T13:38:23Z,4,saporepuro.com
NO,★★★★★,MILK,7038010000065,NO,KANDYDAT_PR,"TINE Helmelk 3,5% fett 1 L",MARKET_PAGE_WITHOUT_EAN,LEAD,https://www.tine.no/merkevarer/tinemelk/produkter/tinemelk-helmelk-3-5-fett;,200,DIRECT,NO,CCTLD,BROWSER_DOM,,,"TINE® Helmelk 3,5 % fett",,2026-09-10T13:56Z,2,
NO,★★★★★,CREAM,7038010041914,NO,KANDYDAT_PR,TINE Kremfløte 37% 3 dl,SOURCE_NOT_READABLE,LEAD,https://meny.no/varer/meieri-egg/flote/kremflote/kremflote-37-7038010041914,BROWSER_INCONCLUSIVE,DIRECT,NO,CCTLD,BROWSER_DOM,,,"INCONCLUSIVE: retailer returned ""Service unavailable"" to the browser as well",5ed6356d605d2fce,2026-09-10T13:56Z,2,
NO,★★★★★,SMP,8445291393738,NO,KANDYDAT_PR,Nestlé Skimmed Milk Powder 500 g,EAN_ON_MARKET_PAGE,CONFIRMED,https://magnar-eikeland.emo.no/web/ePortal/ctrl?action=showiteminfo&itemNo=170806,200,DIRECT,NO,CCTLD,RAW_HTML,NOK," > Kaffe, te og kjeks - diverse "",""sku"":""170806"",""gtin13"":""8445291393738"",""mpn"":""12594687"",""",Kjøp Melkepulver NESTLÉ Skimmed Milk 500g,512d994803f936fa,2026-09-10T13:37:54Z,4,magnar-eikeland.emo.no;www.carepa.se;www.nestleprofessional.nl
NO,★★★★★,SUCROSE,,,READY_PI,Biały cukier krystaliczny — 100% cukier,GENERIC_PI_NO_EAN,N/A,,,,,,,,,,,,0,
NO,★★★★★,DEXTROSE,5709286720064,NO,WYMAGA_ETYKIETY,Urtegaarden Druesukker 500 g,EAN_ON_MARKET_PAGE,CONFIRMED,https://www.med24.no/matvarer/soetstoff/druesukker/urtegaarden-druesukker-500-g,200,DIRECT,NO,CCTLD,RAW_HTML,NOK,":\r\nF\u00f8lg anvisning i opskrift.\r\n\r\nInnhold: 500 g"",""gtin13"":""5709286720064"",""mpn"":""16980"",""bra",Urtegaarden Druesukker - 500 g - Med24.no,763c1a65951817b2,2026-09-10T13:39:49Z,4,www.cchobby.dk;www.helsebixen.dk;www.med24.dk;www.med24.no
NO,★★★★★,TARA,4251510635756,NO,WYMAGA_ETYKIETY,Tarakernmehl / Tara gum 100 g,EAN_ON_FOREIGN_MARKET_PAGE,LEAD,https://buxtrade.de/products/tarakernmehl,200,DIRECT,DE,CCTLD,RAW_HTML,EUR,"00,""compare_at_price"":399,""inventory_management"":""shopify"",""barcode"":""4251510635756"",""featured_media"":{",Tarakernmehl jetzt kaufen | Buxtrade,4a30cbba0855cc7e,2026-09-10T13:37:13Z,6,buxtrade.de;www.shop-apotheke.at
NZ,★★★★★,MILK,94152210,NO,KANDYDAT_PR,Anchor Blue Milk 2 L,EAN_ON_MARKET_PAGE,CONFIRMED,https://thegroceryhub.co.nz/products/anchor-blue-full-cream-milk-2l/,200,DIRECT,NZ,CCTLD,RAW_HTML,,"roduct_meta""> <span class=""sku_wrapper"">SKU: <span class=""sku"">94152210</span></span> <",Anchor Blue Full Cream Milk 2L &#8211; The Grocery Hub,e588ec93332f133c,2026-09-10T13:38:37Z,4,thegroceryhub.co.nz
NZ,★★★★★,CREAM,94150803,NO,KANDYDAT_PR,Anchor Long Life Dessert Cream Original,MARKET_PAGE_WITHOUT_EAN,LEAD,https://www.anchordairy.com/nz/en/products/cream-custard/anchor-longlife-dessert-cream-250ml.html,200,DIRECT,NZ,PATH_LOCALE,BROWSER_DOM,,,Anchor Long Life Dessert Cream,,2026-09-10T13:56Z,3,
NZ,★★★★★,SMP,9300633765712,NO,KANDYDAT_PR,Woolworths Milk Skim Powder,PAGE_WITHOUT_EAN,LEAD,https://assets.woolworths.com.au/images/2010/789358_1.jpg?impolicy=wowb2bgpkhx,200,DIRECT,AU,CCTLD,RAW_HTML,,,,4d8af85ffc219de8,2026-09-10T13:37:08Z,2,
NZ,★★★★★,SUCROSE,,,READY_PI,Biały cukier krystaliczny — 100% cukier,GENERIC_PI_NO_EAN,N/A,,,,,,,,,,,,0,
NZ,★★★★★,DEXTROSE,9317127061786,NO,KANDYDAT_PR,Lotus Glucose Powder (Dextrose) 500g,EAN_ON_FOREIGN_MARKET_PAGE,LEAD,https://www.kadac.com.au/browser/product.php?sku=6178,200,DIRECT,AU,CCTLD,RAW_HTML,,"lass=""sub-title"">Barcode Number</li> <li>9317127061786</li> ",Lotus Glucose Powder (Dextrose) 500g | Kadac - Organic Natural Health,0f340d7ced36d256,2026-09-10T13:39:37Z,5,ecotraders.com.au;www.kadac.com.au
NZ,★★★★★,TARA,8055728540170,NO,KANDYDAT_PR,Tara Gum 50gr. / Gomma di Tara E417,EAN_ON_GENERIC_TLD_PAGE,LEAD,https://saporepuro.myshopify.com/products/farina-di-semi-di-tara-gomma-di-tara-origine-peru-e417-confezionato-in-italia-1,200,DIRECT,,GENERIC_TLD,RAW_HTML,EUR,"0,""compare_at_price"":null,""inventory_management"":""shopify"",""barcode"":""8055728540170"",""featured_media"":{",Tara Seed Flour | SaporePuro,5f28b11dbdcd7cd4,2026-09-10T13:38:24Z,7,saporepuro.com;saporepuro.myshopify.com
PL,★★★★★,MILK,5900820016296,NO,KANDYDAT_PR,"Łaciate Mleko UHT 3,5%, 200 ml",EAN_ON_MARKET_PAGE,CONFIRMED,https://mlekpol.com.pl/index.php/en/produkt/laciate-uht-milk-35-2/,200,DIRECT,PL,CCTLD,RAW_HTML,, <table> <tbody> <tr> <td>Barcode</td> <td> <p>5900820016296</p> </td> </tr> <tr,"Łaciate UHT milk 3,5% &#8211; Mlekpol",18073b1a9f9fd71a,2026-09-10T13:38:01Z,3,mlekpol.com.pl
PL,★★★★★,CREAM,5900512300634,NO,KANDYDAT_PR,Śmietanka Polska 30% UHT 1 L,EAN_ON_MARKET_PAGE,CONFIRMED,https://mlekovita.com.pl/produkt/smietanka-uht-polska-30-tluszczu-1-l-491,200,DIRECT,PL,CCTLD,RAW_HTML,,wy jed.:</th> <td>5900512300634</td> ,Śmietanka Polska 30% UHT - Mlekovita,3431cfbe1630ba24,2026-09-10T13:38:01Z,1,mlekovita.com.pl
PL,★★★★★,SMP,5900512500546,NO,KANDYDAT_PR,Mleko w proszku odtłuszczone instant,EAN_ON_MARKET_PAGE,CONFIRMED,https://www.divinebody.pl/pl/p/Mlekovita-Mleko-w-proszku-odtluszczone-instant-250/3244,200,DIRECT,PL,CCTLD,RAW_HTML,," <meta itemprop=""gtin"" content=""5900512500546"" /> ",Mlekovita Mleko w proszku odtłuszczone instant 250 - Divine Body,85517d3b5e44676c,2026-09-10T13:39:15Z,3,torimpex.pl;www.divinebody.pl;www.polskisklep.de
PL,★★★★★,SUCROSE,,,READY_PI,Biały cukier krystaliczny — 100% cukier,GENERIC_PI_NO_EAN,N/A,,,,,,,,,,,,0,
PL,★★★★★,DEXTROSE,,,WYMAGA_GTIN,Dekstroza – glukoza spożywcza jednowodna 100g,NO_EAN_IN_V7,BRAK,https://kiccake.pl/pl/products/dekstroza-glukoza-spozywcza-jednowodna-100g-kiccake-109326.html,200,DIRECT,PL,CCTLD,RAW_HTML,PLN,,Dekstroza - glukoza spożywcza jednowodna 100g KicCake | KicCake.pl,195fefc14ef7c42a,2026-09-10T13:37:47Z,1,
PL,★★★★★,TARA,,,WYMAGA_GTIN,Guma Tara (E417) 130002 SEMPRE,NO_EAN_IN_V7,BRAK,https://www.cukieteria.pl/dodatki-funkcjonalne-do-lodow/13953-op-500-g-guma-tara-e417-130002-sempre-dodatek-do-zywnosci-o-wlasciwosciach-zageszczajacych-i-stabilizujacych.html,200,DIRECT,PL,CCTLD,RAW_HTML,PLN,,op. 500 g GUMA TARA (E417) - SUBSTANCJA ZAGĘSZCZAJĄCA,26d27c9c8b0dd079,2026-09-10T13:39:11Z,1,
PT,★★★★★,MILK,5601049131998,NO,KANDYDAT_PR,Leite Mimosa UHT Inteiro 1L,EAN_ON_MARKET_PAGE,CONFIRMED,https://www.auchan.pt/pt/alimentacao/produtos-lacteos/leites/leite-uht/leite-mimosa-uht-inteiro-1l/11864.html,200,DIRECT,PT,CCTLD,RAW_HTML,EUR,"NTEIRO 1L"",""description"":""LEITE UHT MIMOSA INT"",""sku"":""11864"",""gtin"":""5601049131998"",""brand"":{""@type"":""",Leite Mimosa Uht Inteiro 1l | Auchan,18ba6af7b8e31023,2026-09-10T13:38:53Z,2,www.auchan.pt
PT,★★★★★,CREAM,5603089007370,NO,KANDYDAT_PR,Parmalat Nata para Bater 30% 500 ml,EAN_ON_MARKET_PAGE,CONFIRMED,https://www.auchan.pt/pt/alimentacao/produtos-lacteos/natas-bechamel-e-chantilly/natas/nata-parmalat-para-bater-500ml/2307302.html,200,DIRECT,PT,CCTLD,RAW_HTML,EUR,"ER 500ML"",""description"":""NATA PARMALAT 500ML"",""sku"":""2307302"",""gtin"":""5603089007370"",""brand"":{""@type"":""",Nata Parmalat Para Bater 500ml | Auchan,13f268841ff4a9c6,2026-09-10T13:38:53Z,2,www.auchan.pt
PT,★★★★★,SMP,3043932663704,NO,KANDYDAT_PR,Leite Magro em Pó,EAN_ON_MARKET_PAGE,CONFIRMED,https://www.auchan.pt/pt/alimentacao/produtos-lacteos/leites/leite-em-po/leite-em-po-regilait-magro-250g/3717097.html,200,DIRECT,PT,CCTLD,RAW_HTML,EUR,"RO 250G"",""description"":""REGILAIT LEITE MAGRO"",""sku"":""3717097"",""gtin"":""3043932663704"",""brand"":{""@type"":""",Leite Em Pó Régilait Magro 250g | Auchan,70d038d6825204b6,2026-09-10T13:38:53Z,1,www.auchan.pt
PT,★★★★★,SUCROSE,,,READY_PI,Biały cukier krystaliczny — 100% cukier,GENERIC_PI_NO_EAN,N/A,,,,,,,,,,,,0,
PT,★★★★★,DEXTROSE,5600985800333,NO,KANDYDAT_PR,Zumub Dextrose 1kg,EAN_ON_MARKET_PAGE,CONFIRMED,https://www.zumub.com/PT/nutri-ao-desportiva/dextrose/dextrose-1kg-p-9210,200,DIRECT,PT,PATH_LOCALE,RAW_HTML,EUR,"> <td class=""ean-span""> 5600985800333 ",Dextrose Zumub na Zumub,ab7624924ef6a139,2026-09-10T13:40:29Z,1,www.zumub.com
PT,★★★★★,TARA,8055728540170,NO,KANDYDAT_PR,SaporePuro Farina di Semi di Tara / Gomma di Tara E417,EAN_ON_GENERIC_TLD_PAGE,LEAD,https://saporepuro.com/products/farina-di-semi-di-tara-gomma-di-tara-origine-peru-e417-confezionato-in-italia-1,200,DIRECT,,GENERIC_TLD,RAW_HTML,EUR,"0,""compare_at_price"":null,""inventory_management"":""shopify"",""barcode"":""8055728540170"",""featured_media"":{",Tara Seed Flour | SaporePuro,41be4c71cd4a344d,2026-09-10T13:38:23Z,5,saporepuro.com
US,★★★★★,MILK,0093966513004,NO,KANDYDAT_PR,Organic Valley Whole Milk Half Gallon,SOURCE_NOT_READABLE,LEAD,https://www.priceritemarketplace.com/sm/planning/rsid/377/product/organic-valley-whole-milk-half-gallon-id-00093966513004,BROWSER_INCONCLUSIVE,DIRECT,,GENERIC_TLD,BROWSER_DOM,,,INCONCLUSIVE: bot-challenge interstitial rendered instead of the product page,47edcfa57ef25a1f,2026-09-10T14:01Z,2,
US,★★★★★,CREAM,092825922230,NO,KANDYDAT_PR,"Brookshire’s Whipping Cream Ultra-Pasteurized, minimum36% milkfat",PAGE_WITHOUT_EAN,LEAD,https://delivery.brookshires.com/store/brookshires/products/18635421-brookshire-s-whipping-cream-ultra-pasteurized-30-milkfat-16-oz,200,DIRECT,,GENERIC_TLD,BROWSER_DOM,USD,,Brookshire's Whipping Cream Ultra-pasteurized 30% Milkfat,,2026-09-10T14:01Z,5,
US,★★★★★,SMP,039978115201,NO,KANDYDAT_PR,Bob's Red Mill Nonfat Dry Milk Powder,EAN_ON_GENERIC_TLD_PAGE,LEAD,https://www.vitacost.com/products/bob-s-red-mill-milk-powder-nonfat-dry-22-oz-624-g-97753,200,DIRECT,,GENERIC_TLD,RAW_HTML,USD,"03cdiv class=\""content-item\""\u003e \u003ch3\u003eUPC\u003c\/h3\u003e 039978115201 \u003c\/div\u003e \",Bob&#39;s Red Mill Milk Powder Nonfat Dry | 22 oz | Vitacost,76d4dc37add86d54,2026-09-10T13:40:27Z,3,www.vitacost.com
US,★★★★★,SUCROSE,,,READY_PI,Biały cukier krystaliczny — 100% cukier,GENERIC_PI_NO_EAN,N/A,,,,,,,,,,,,0,
US,★★★★★,DEXTROSE,843200100039,NO,WYMAGA_ETYKIETY,Brewmaster Corn Sugar / Dextrose Monohydrate,EAN_ON_GENERIC_TLD_PAGE,LEAD,https://morebeer.com/products/corn-sugar,200,DIRECT,,GENERIC_TLD,RAW_HTML,CONVERTED:EUR;EUR,"4,""compare_at_price"":null,""inventory_management"":""shopify"",""barcode"":""843200100039"",""requires_selling_",Corn Sugar (Premium Dextrose) | Non-GMO &amp; Domestic &ndash; MoreBeer!,1dd52acbb3da51bb,2026-09-10T13:38:03Z,2,morebeer.com
US,★★★★★,TARA,819543011967,NO,HOLD_US,Tara Gum — Home 50g,EAN_ON_GENERIC_TLD_PAGE,LEAD,https://modernistpantry.com/products/tara-gum.html,200,DIRECT,,GENERIC_TLD,RAW_HTML,USD,"y.com\u002fmodernist-pantry\u002f""},""attributes"":[],""mpn"":null,""upc"":""819543011967"",""options"":[{""id"":2","Tara Gum - Modernist Pantry, LLC",e93d1ba8441f8f2a,2026-09-10T13:38:02Z,3,modernistpantry.com
CH,★★★★★,MILK,7610900041589,NO,KANDYDAT_PR,Prima Vollmilch UHT 3.5% 1L Tetra Base,EAN_ON_MARKET_PAGE,CONFIRMED,https://ofrex.ch/products/1647201013,200,DIRECT,CH,CCTLD,BROWSER_DOM,,"class=""custom_specification_item_key"">EAN</p><p class=""custom_specification_item_value"">7610900041589</p>","Prima Vollmilch UHT, 3,5% Fett – 1 l – Essen & Getränke | ofrex.ch",,2026-09-10T13:56Z,3,ofrex.ch
CH,★★★★★,CREAM,7613269880585,NO,KANDYDAT_PR,Valflora Vollrahm UHT 35% 250 ml,SOURCE_NOT_READABLE,LEAD,https://migipedia.migros.ch/de/valflora-vollrahm-35-milchfett-uht-204111300000?community=details,BROWSER_INCONCLUSIVE,DIRECT,CH,CCTLD,BROWSER_DOM,,,INCONCLUSIVE: 186-byte empty document rendered (blocked or not hydrated),12a22880bc2e59f8,2026-09-10T13:56Z,3,
CH,★★★★★,SMP,,,WYMAGA_GTIN,Coop Magermilchpulver 350 g,NO_EAN_IN_V7,BRAK,https://www.coop.ch/de/lebensmittel/milchprodukte-eier/milch/spezialmilch/magermilchpulver/p/3080756,403,DIRECT,CH,CCTLD,RAW_HTML,,,coop.ch,c0ade521252d0aed,2026-09-10T13:39:07Z,1,
CH,★★★★★,SUCROSE,,,READY_PI,Biały cukier krystaliczny — 100% cukier,GENERIC_PI_NO_EAN,N/A,,,,,,,,,,,,0,
CH,★★★★★,DEXTROSE,7640153565938,NO,KANDYDAT_PR,Dextrose Pulver Neutral 1000 g,EAN_ON_MARKET_PAGE,CONFIRMED,https://whey-protein.ch/products/dextrose-pulver,200,DIRECT,CH,CCTLD,RAW_HTML,CHF,"ng"": ""1"" },""offers"" : [ { ""@type"" : ""Offer"" ,""gtin13"": ""7640153565938"", ""sku"": ""DEX",Dextrose Pulver = 100% Traubenzucker günstig kaufen! | Lee-Sport®,2642b7499586aa85,2026-09-10T13:38:42Z,2,whey-protein.ch
CH,★★★★★,TARA,8055728540170,NO,KANDYDAT_PR,SaporePuro Farina di Semi di Tara / Gomma di Tara E417,EAN_ON_GENERIC_TLD_PAGE,LEAD,https://saporepuro.com/products/farina-di-semi-di-tara-gomma-di-tara-origine-peru-e417-confezionato-in-italia-1,200,DIRECT,,GENERIC_TLD,RAW_HTML,EUR,"0,""compare_at_price"":null,""inventory_management"":""shopify"",""barcode"":""8055728540170"",""featured_media"":{",Tara Seed Flour | SaporePuro,41be4c71cd4a344d,2026-09-10T13:38:23Z,4,saporepuro.com
SE,★★★★★,MILK,5709310050303,NO,KANDYDAT_PR,"Arla Sødmælk / Mjölk 3,5% UHT 1 L",EAN_ON_MARKET_PAGE,CONFIRMED,https://www.chefsculinar.se/sv-se/mat-and-dryck/mejeri-and-gg/mj-lk/mj-lk-3-5-uht-1l-34231043,200,DIRECT,SE,CCTLD,RAW_HTML,," <div class=""product-information__description"">5709310050303</div> ","Mj&#xF6;lk 3,5%, UHT, 1l",c32451c385c7ea35,2026-09-10T13:39:03Z,2,danfoods.dk;www.chefsculinar.se
SE,★★★★★,CREAM,7311043021192,NO,KANDYDAT_PR,DairyFood Grädde Lång Hållbarhet 30% 2.5 dl,EAN_ON_MARKET_PAGE,CONFIRMED,https://www.delitea.se/dairy-food-gradde-lang-hallbarhet-30-25dl,200,DIRECT,SE,CCTLD,RAW_HTML,SEK,"rhet-30-25dl"",""brand"":{""@type"":""Brand"",""name"":""Dairy Food""},""gtin13"":""7311043021192"",""offers"":{""@type"":","K&#246;p Dairy Food Gr&#228;dde L&#229;ng H&#229;llbarhet 30% 2,5dl p&#229; delitea.se",40964af75a6bbc15,2026-09-10T13:39:13Z,1,www.delitea.se
SE,★★★★★,SMP,7310100318985,NO,KANDYDAT_PR,"Semper Mjölkpulver till bak, mat och dryck 480 g",EAN_ON_MARKET_PAGE,CONFIRMED,https://www.martinservera.se/produkter/633057/torrmjolk-fettfri-480g,200,DIRECT,SE,CCTLD,RAW_HTML,,"order-b border-b-base-80 py-2 last:border-b-0""><span>GTIN</span><span>07310100318985</span></div></div><",Torrmjölk fettfri 480g - Torrmjölk | Martin &amp; Servera,1b0473e4e3d76444,2026-09-10T13:39:46Z,3,www.dabas.com;www.martinservera.se
SE,★★★★★,SUCROSE,,,READY_PI,Biały cukier krystaliczny — 100% cukier,GENERIC_PI_NO_EAN,N/A,,,,,,,,,,,,0,
SE,★★★★★,DEXTROSE,5709286720064,NO,WYMAGA_ETYKIETY,Urtegaarden Druvsocker 500 g,EAN_ON_MARKET_PAGE,CONFIRMED,https://www.med24.se/matvaror/socker-sirap-honung/druvsocker/urtegaarden-druvsocker-500-g,200,DIRECT,SE,CCTLD,RAW_HTML,SEK,"u00f6lj instruktionerna i receptet\r\nInneh\u00e5ll: 500 g"",""gtin13"":""5709286720064"",""mpn"":""16980"",""bra",Köp Urtegaarden Druvsocker - 500 g hos Med24.se,84ca508961e4aeac,2026-09-10T13:39:49Z,4,www.cchobby.dk;www.helsebixen.dk;www.med24.dk;www.med24.se
SE,★★★★★,TARA,8055728540170,NO,KANDYDAT_PR,SaporePuro Farina di Semi di Tara / Gomma di Tara E417,EAN_ON_GENERIC_TLD_PAGE,LEAD,https://saporepuro.com/products/farina-di-semi-di-tara-gomma-di-tara-origine-peru-e417-confezionato-in-italia-1,200,DIRECT,,GENERIC_TLD,RAW_HTML,EUR,"0,""compare_at_price"":null,""inventory_management"":""shopify"",""barcode"":""8055728540170"",""featured_media"":{",Tara Seed Flour | SaporePuro,41be4c71cd4a344d,2026-09-10T13:38:23Z,4,saporepuro.com
GB,★★★★★,MILK,5000181024050,NO,KANDYDAT_PR,Arla Cravendale Whole Milk 2L,EAN_ON_MARKET_PAGE,CONFIRMED,https://www.arlafoods.co.uk/brands/arla-cravendale/cravendale-whole-milk-2l/,200,DIRECT,GB,CCTLD,RAW_HTML,,"ilk-2l/"",""type"":""Product"",""name"":""Whole Milk 2L"",""productID"":""barcode:5000181024050"",""url"":""https://www",Arla Cravendale&#xAE; Filtered Whole Milk 2L | Arla UK,fdb6e5b66ec40018,2026-09-10T13:38:51Z,1,www.arlafoods.co.uk
GB,★★★★★,CREAM,5900820000455,NO,KANDYDAT_PR,Łaciata Śmietanka UHT 30% 500 ml,EAN_ON_MARKET_PAGE,CONFIRMED,https://uk.foodplus.eu/en_GB/p/UHT-Laciata-30-Cream-500ml-Mlekpol/26418,200,DIRECT,GB,PATH_LOCALE,RAW_HTML,," <meta itemprop=""sku"" content=""5900820000455"" /> ",UHT Łaciata 30% Cream 500ml Mlekpol Food Plus Shop online,94bcf2501a8927c3,2026-09-10T13:38:40Z,3,mlekpol.com.pl;uk.foodplus.eu
GB,★★★★★,SMP,5060113910714,NO,KANDYDAT_PR,Milfresh Gold Superior Granulated Skimmed Milk 500 g,EAN_ON_MARKET_PAGE,CONFIRMED,https://www.templemanrv.co.uk/nutrition-pdf/9501/,200,DIRECT,GB,CCTLD,RAW_HTML,,d7a9d35fe747fff699 Specification Type Drinks Inner Component GTIN 5060113910714 Manufacturer Compo,,c45e7e8b9fe39829,2026-09-10T13:40:14Z,3,www.templemanrv.co.uk
GB,★★★★★,SUCROSE,,,READY_PI,Biały cukier krystaliczny — 100% cukier,GENERIC_PI_NO_EAN,N/A,,,,,,,,,,,,0,
GB,★★★★★,DEXTROSE,,,WYMAGA_ETYKIETY,Meritose 200 Dextrose Monohydrate 25 kg,NO_EAN_IN_V7,BRAK,https://www.kentfoodsdirect.co.uk/products/dextrose-monohydrate-m200-25kg,200,DIRECT,GB,CCTLD,RAW_HTML,GBP,,Meritose 200 Dextrose Monohydrate - 25KG &ndash; Kent Foods Direct,fb772c45531d8e02,2026-09-10T13:39:38Z,2,
GB,★★★★★,TARA,8055728540170,NO,KANDYDAT_PR,SaporePuro Farina di Semi di Tara / Gomma di Tara E417,EAN_ON_GENERIC_TLD_PAGE,LEAD,https://saporepuro.com/products/farina-di-semi-di-tara-gomma-di-tara-origine-peru-e417-confezionato-in-italia-1,200,DIRECT,,GENERIC_TLD,RAW_HTML,EUR,"0,""compare_at_price"":null,""inventory_management"":""shopify"",""barcode"":""8055728540170"",""featured_media"":{",Tara Seed Flour | SaporePuro,41be4c71cd4a344d,2026-09-10T13:38:23Z,5,saporepuro.com
IT,★★★★★,MILK,8002670169607,NO,KANDYDAT_PR,Granarolo Latte Intero UHT,EAN_ON_MARKET_PAGE,CONFIRMED,https://www.carrefour.it/p/granarolo-latte-intero-uht-a-lunga-conservazione-1-l/8002670169607.html,200,DIRECT,IT,CCTLD,RAW_HTML,EUR,"latte"",""p_category_level_3"":""latte-uht"",""p_category_depth"":3,""pr_id"":""8002670169607"",""product_type"":""fo",Granarolo Latte Intero UHT a Lunga Conservazione 1 L | Carrefour,729a217f46055bcf,2026-09-10T13:39:01Z,2,www.carrefour.it
IT,★★★★★,CREAM,4034900027405,NO,KANDYDAT_PR,Meggle Panna non zuccherata da montare e per cucinare UHT 30% 200 ml,EAN_ON_MARKET_PAGE,CONFIRMED,https://www.meggle.it/i-prodotti/panna/panna-da-montare,200,DIRECT,IT,CCTLD,RAW_HTML,,"ss=""recipe-inner-wrapper""><div class=""recipe-text""> Cod. EAN/Articolo 4034900027405<br /> Materiale del",Meggle panna da montare lunga conservazione uht,f0a7d317780174d9,2026-09-10T13:39:49Z,2,www.cosicomodo.it;www.meggle.it
IT,★★★★★,SMP,8004990133030,NO,KANDYDAT_PR,Latte scremato in polvere istantaneo,EAN_ON_MARKET_PAGE,CONFIRMED,https://www.bevandeistantanee.it/products/latte-scremato-in-polvere-ristora,200,DIRECT,IT,CCTLD,RAW_HTML,EUR," 20 mesi) senza bisogno di essere conservato in frigorifero."",""gtin"":""8004990133030"",""image"":""https:\/\",Latte Scremato In Polvere | Ristora &ndash; Bevande Istantanee,d259a1398494e11f,2026-09-10T13:38:55Z,3,sugros.com;www.bevandeistantanee.it;www.spesasicura.com
IT,★★★★★,SUCROSE,,,READY_PI,Biały cukier krystaliczny — 100% cukier,GENERIC_PI_NO_EAN,N/A,,,,,,,,,,,,0,
IT,★★★★★,DEXTROSE,8050246530061,NO,KANDYDAT_PR,Destrosio Monoidrato 1kg,EAN_ON_GENERIC_TLD_PAGE,LEAD,https://artegustando.com/products/destrosio-monoidrato,200,DIRECT,,GENERIC_TLD,RAW_HTML,EUR,"mation-template--28759894917468__main""><li> <b>EAN:</b> 8050246530061 </li><l",Destrosio Monoidrato in Polvere per Gelati e Dolci &ndash; Artegustando,327fe1dc611dee67,2026-09-10T13:37:08Z,1,artegustando.com
IT,★★★★★,TARA,8055728540170,NO,KANDYDAT_PR,SaporePuro Farina di Semi di Tara / Gomma di Tara E417,EAN_ON_GENERIC_TLD_PAGE,LEAD,https://saporepuro.com/products/farina-di-semi-di-tara-gomma-di-tara-origine-peru-e417-confezionato-in-italia-1,200,DIRECT,,GENERIC_TLD,RAW_HTML,EUR,"0,""compare_at_price"":null,""inventory_management"":""shopify"",""barcode"":""8055728540170"",""featured_media"":{",Tara Seed Flour | SaporePuro,41be4c71cd4a344d,2026-09-10T13:38:23Z,4,saporepuro.com
DZ,★★★★,MILK,6130760003592,NO,KANDYDAT_PR,Lait Entier Stérilisé UHT 1L,EAN_ON_MARKET_PAGE,CONFIRMED,https://www.taibaoline.com/product/soummam-lait-entier-1-litre/,200,DIRECT,DZ,CURRENCY,RAW_HTML,DZD,"""out of stock"" /> <meta property=""product:retailer_item_id"" content=""6130760003592"" /> <meta property",Soummam Lait Entier 1 Litre | سوبيرات طيبة Superette Taiba,055fdd3be174f6e8,2026-09-10T13:40:13Z,3,www.taibaoline.com
DZ,★★★★,CREAM,3412290032215,NO,KANDYDAT_WARUNKOWY,Paysan Breton La Crème Pâtisserie & Cuisine UHT 30%,PAGE_WITHOUT_EAN,LEAD,https://bf1af2.akinoncloudcdn.com/products/2025/03/28/87485/697134c3-73cd-408b-8a68-2100017edff8_size1920_cropCenter.jpg,200,DIRECT,,GENERIC_TLD,RAW_HTML,,,,9222f33f0d027bc7,2026-09-10T13:37:12Z,3,
DZ,★★★★,SMP,733739058324,NO,KANDYDAT_PR,NOW Real Food Organic Non-Fat Dry Milk Powder,EAN_ON_GENERIC_TLD_PAGE,LEAD,https://www.nowfoods.com/products/natural-foods/non-fat-dry-milk-powder-organic,200,DIRECT,,GENERIC_TLD,BROWSER_DOM,USD,"data-destini-association=""default"" data-destini-apo=""733739058324""",Milk Powder | Powdered Milk | Organic Dry Milk Powder | NOW Foods,,2026-09-10T14:01Z,3,www.nowfoods.com
DZ,★★★★,SUCROSE,,,READY_PI,Biały cukier krystaliczny — 100% cukier,GENERIC_PI_NO_EAN,N/A,,,,,,,,,,,,0,
DZ,★★★★,DEXTROSE,,,WYMAGA_ETYKIETY,Dextrose Monohydrate — food grade,NO_EAN_IN_V7,BRAK,https://chemstock.ae/industrial-chemicals/food-chemicals/dextrose-monohydrate-supplier-uae/,200,DIRECT,AE,CCTLD,RAW_HTML,,,Dextrose Monohydrate | High-Purity Glucose Powder Supplier in UAE,a39df571350b4c6e,2026-09-10T13:37:18Z,1,
DZ,★★★★,TARA,711221973065,NO,WYMAGA_DOSTAWY,Cape Crystal Brands Tara Gum Powder,EAN_ON_GENERIC_TLD_PAGE,LEAD,https://www.capecrystalbrands.com/products/tara-gum,200,DIRECT,,GENERIC_TLD,RAW_HTML,USD,"""inventory_management"":""shopify"",""inventory_policy"":""deny"",""barcode"":""711221973065"",""featured_media"":{","Tara Gum – Higher Thickness at Lower Usage, No Flavor Impact &ndash; Cape Crystal Brands",625c49dea11f5f5b,2026-09-10T13:38:58Z,2,www.capecrystalbrands.com
SA,★★★★,MILK,6281007040235,NO,KANDYDAT_PR,Almarai Fresh Milk Full Fat 1 L,EAN_ON_GENERIC_TLD_PAGE,LEAD,https://mohideensupermarket.com/product/almarai-milk-full-fat-3-1-ltr/,200,DIRECT,,GENERIC_TLD,RAW_HTML,," <span class=""sku"">SKU: 6281007040235</span> ",Mohideen Supermarket - Almarai Milk Full Fat 3% 1 Ltr. - Mohideen Supermarket,680307bd3a6d3ef1,2026-09-10T13:38:02Z,4,barcode-list.com;mohideensupermarket.com
SA,★★★★,CREAM,3412290032215,NO,KANDYDAT_PR,Paysan Breton La Crème Pâtisserie & Cuisine UHT 30%,PAGE_WITHOUT_EAN,LEAD,https://bf1af2.akinoncloudcdn.com/products/2025/03/28/87485/697134c3-73cd-408b-8a68-2100017edff8_size1920_cropCenter.jpg,200,DIRECT,,GENERIC_TLD,RAW_HTML,,,,9222f33f0d027bc7,2026-09-10T13:37:12Z,5,
SA,★★★★,SMP,3043931692415,NO,KANDYDAT_PR,Régilait Instant Skimmed Milk Powder 0% Fat,EAN_ON_FOREIGN_MARKET_PAGE,LEAD,https://www.amazon.ae/REGILAIT-NON-SKIMD-MILK-700G/dp/B07NF7B1H6,200,MARKETPLACE,AE,CCTLD,RAW_HTML,,"Number </th> <td class=""a-size-base voyager-ns-desktop-table-value""> 3043931692415 </td> </tr> ",REGILAIT NON FAT SKIMD MILK 700G: Buy Online at Best Price in UAE - Amazon.ae,d246a4d8d2174382,2026-09-10T13:38:46Z,3,www.amazon.ae
SA,★★★★,SUCROSE,,,READY_PI,Biały cukier krystaliczny — 100% cukier,GENERIC_PI_NO_EAN,N/A,,,,,,,,,,,,0,
SA,★★★★,DEXTROSE,,,WYMAGA_ETYKIETY,DEXTROSE MONOHYDRATE 25kg,NO_EAN_IN_V7,BRAK,https://bsaten-althuaq.com/en/products/dextrose-monohydrate-25kg-%D8%AF%D9%83%D8%B3%D8%AA%D8%B1%D9%88%D8%B2,200,DIRECT,SA,CURRENCY,RAW_HTML,SAR,,DEXTROSE MONOHYDRATE 25kg دكستروز,ae13c9e99034c6e3,2026-09-10T13:37:13Z,1,
SA,★★★★,TARA,711221973058,NO,WYMAGA_DOSTAWY,Cape Crystal Brands Tara Gum Powder,EAN_ON_GENERIC_TLD_PAGE,LEAD,https://www.capecrystalbrands.com/products/tara-gum,200,DIRECT,,GENERIC_TLD,RAW_HTML,USD,"""inventory_management"":""shopify"",""inventory_policy"":""deny"",""barcode"":""711221973058"",""featured_media"":{","Tara Gum – Higher Thickness at Lower Usage, No Flavor Impact &ndash; Cape Crystal Brands",625c49dea11f5f5b,2026-09-10T13:38:58Z,2,www.capecrystalbrands.com
AR,★★★★,MILK,7790742308801,NO,KANDYDAT_PR,La Serenísima Leche Larga Vida Clásica 3% 1 L,EAN_ON_MARKET_PAGE,CONFIRMED,https://www.coto.com.ar/productos/_/A-00253482-00253482-200/;,200,DIRECT,AR,CCTLD,BROWSER_DOM,,PLU: 253482 | EAN: 7790742308801 </span>,Leche Entera Clásica LA SERENISIMA Larga Vida 1l | Coto Digital,,2026-09-10T14:01Z,3,www.coto.com.ar
AR,★★★★,CREAM,7794820901670,NO,KANDYDAT_PR,Milkaut Profesional Crema de Leche 39%,EAN_ONLY_ECHOED_FROM_URL_OR_QUERY,LEAD,https://www.cocinaconvalentino.com.ar/cremas-de-leche/17213-crema-de-leche-milkaut-sachet-x-5-lts-39-7794820901670.html,200,DIRECT,AR,CCTLD,RAW_HTML,ARS,,Crema de Leche Milkaut Sachet 39% - 5 Lt - Valentino - Mercado pastelero,158c7b9ded25f1cd,2026-09-10T13:39:05Z,2,
AR,★★★★,SMP,7790742436405,NO,KANDYDAT_PR,La Serenísima Leche en Polvo Liviana / Descremada Instantánea 400 g,EAN_ON_MARKET_PAGE,CONFIRMED,https://www.jumbo.com.ar/leche-en-polvo-descremada-la-serenisima-400-gr/p,200,DIRECT,AR,CCTLD,RAW_HTML,ARS,"e vitaminas B9, C y E."",""mpn"":"""",""sku"":""322194"",""category"":"""",""gtin"":""7790742436405"",""offers"":{""@type"":",Leche en Polvo Descremada La Serenisima 400 Gr - Jumbo,da303255ab6a766c,2026-09-10T13:39:36Z,6,www.jumbo.com.ar
AR,★★★★,SUCROSE,,,READY_PI,Biały cukier krystaliczny — 100% cukier,GENERIC_PI_NO_EAN,N/A,,,,,,,,,,,,0,
AR,★★★★,DEXTROSE,,,WYMAGA_ETYKIETY,Dextrosa Monohidratada x 1kg,NO_EAN_IN_V7,BRAK,https://bioenzimtienda.com/productos/dextrosa-monohidratada-x-1kg-1j5jc/,200,DIRECT,AR,CURRENCY,RAW_HTML,ARS,,Dextrosa Monohidratada x 1kg - Comprar en Bioenzim,8246c5a32b6b872a,2026-09-10T13:37:12Z,1,
AR,★★★★,TARA,,,WYMAGA_ETYKIETY,Goma Tara Grado Alimenticio Calidad Premium,NO_EAN_IN_V7,BRAK,https://www.quimicapalumbo.com.ar/productos/goma-tara-grado-alimenticio-calidad-premium/,200,DIRECT,AR,CCTLD,RAW_HTML,ARS,,Goma Tara Grado Alimenticio Calidad Premium,c30a97259c91c1d4,2026-09-10T13:40:02Z,1,
BH,★★★★,MILK,5711953072352,NO,KANDYDAT_PR,Organic Milk Full Fat 200ml,EAN_ON_FOREIGN_MARKET_PAGE,LEAD,https://www.thefreshmarketdubai.com/products/arla-organic-milk-full-fat-200ml-5711953072352,200,DIRECT,AE,CURRENCY,RAW_HTML,AED,""" content=""AED"" /> <meta property=""product:retailer_item_id"" content=""5711953072352"" /> <meta name=""twi",Arla Organic Milk Full Fat 200ml - The Fresh Market,f8fd741d53c7a6f6,2026-09-10T13:40:15Z,3,www.thefreshmarketdubai.com
BH,★★★★,CREAM,5700426230177,NO,KANDYDAT_PR,Puck Whipping Cream UHT,EAN_ON_FOREIGN_MARKET_PAGE,LEAD,https://www.sharjahcoop.ae/en/puck-whipping-cream-200ml/p/5700426230177,200,DIRECT,AE,CCTLD,RAW_HTML,,""" href=""javascript:void('0');"" onclick=""javascript:addToWishList('5700426230177');"" title=""Add ",Puck Whipping Cream 200mL | Sharjah Co-operative Society,e3bf674f9698b937,2026-09-10T13:40:07Z,3,www.sharjahcoop.ae
BH,★★★★,SMP,3043931692415,NO,KANDYDAT_PR,Régilait Instant Skimmed Milk Powder 0% Fat,EAN_ON_FOREIGN_MARKET_PAGE,LEAD,https://www.amazon.ae/REGILAIT-NON-SKIMD-MILK-700G/dp/B07NF7B1H6,200,MARKETPLACE,AE,CCTLD,RAW_HTML,,"Number </th> <td class=""a-size-base voyager-ns-desktop-table-value""> 3043931692415 </td> </tr> ",REGILAIT NON FAT SKIMD MILK 700G: Buy Online at Best Price in UAE - Amazon.ae,d246a4d8d2174382,2026-09-10T13:38:46Z,3,www.amazon.ae
BH,★★★★,SUCROSE,,,READY_PI,Biały cukier krystaliczny — 100% cukier,GENERIC_PI_NO_EAN,N/A,,,,,,,,,,,,0,
BH,★★★★,DEXTROSE,,,WYMAGA_ETYKIETY,Dextrose Monohydrate – food applications,NO_EAN_IN_V7,BRAK,https://chemstock.ae/industrial-chemicals/food-chemicals/dextrose-monohydrate-supplier-uae/,200,DIRECT,AE,CCTLD,RAW_HTML,,,Dextrose Monohydrate | High-Purity Glucose Powder Supplier in UAE,a39df571350b4c6e,2026-09-10T13:37:18Z,1,
BH,★★★★,TARA,819543011967,NO,WYMAGA_DOSTAWY,Modernist Pantry Pure Tara Gum Powder,EAN_ON_GENERIC_TLD_PAGE,LEAD,https://modernistpantry.com/products/tara-gum.html,200,DIRECT,,GENERIC_TLD,RAW_HTML,USD,"y.com\u002fmodernist-pantry\u002f""},""attributes"":[],""mpn"":null,""upc"":""819543011967"",""options"":[{""id"":2","Tara Gum - Modernist Pantry, LLC",e93d1ba8441f8f2a,2026-09-10T13:38:02Z,3,modernistpantry.com
BD,★★★★,MILK,9311697100173,NO,KANDYDAT_PR,Harvey Fresh Full Cream Longlife Milk 1L,EAN_ON_FOREIGN_MARKET_PAGE,LEAD,https://online-price-watch.consumer.org.hk/opw/product/P000002592,200,DIRECT,HK,CCTLD,RAW_HTML,, <p> GTIN(EAN/UPC) 貨品條碼： 9311697100173 ,澳洲哈維 Harvey Fresh - Free Range 全脂牛奶 1公升,e14df5b4f64e9c8d,2026-09-10T13:38:12Z,4,online-price-watch.consumer.org.hk;www.daily.com.ph
BD,★★★★,CREAM,5701215046399,NO,KANDYDAT_PR,Emborg Natural Whipping Cream UHT 35.1% 1 L,EAN_ON_GENERIC_TLD_PAGE,LEAD,https://www.meatup.shop/products/cream-whipping,200,DIRECT,,GENERIC_TLD,RAW_HTML,USD,"hop\/cdn\/shop\/products\/1_WhippingCream1L.jpg?v=1757386403""},""sku"":""5701215046399"",""title"":""Unit"",""un",Emborg UHT Whipping Cream 1L &ndash; MeatUp.shop,352f31b1dc9c32d8,2026-09-10T13:39:48Z,6,www.meatup.shop
BD,★★★★,SMP,733739058324,NO,KANDYDAT_PR,Real Food Organic Non-Fat Dry Milk Powder,EAN_ON_GENERIC_TLD_PAGE,LEAD,https://www.nowfoods.com/products/natural-foods/non-fat-dry-milk-powder-organic,200,DIRECT,,GENERIC_TLD,BROWSER_DOM,USD,"data-destini-association=""default"" data-destini-apo=""733739058324""",Milk Powder | Powdered Milk | Organic Dry Milk Powder | NOW Foods,,2026-09-10T14:01Z,3,www.nowfoods.com
BD,★★★★,SUCROSE,,,READY_PI,Biały cukier krystaliczny — 100% cukier,GENERIC_PI_NO_EAN,N/A,,,,,,,,,,,,0,
BD,★★★★,DEXTROSE,,,WYMAGA_ETYKIETY,Unicorn Dextrose Monohydrate Food Grade,NO_EAN_IN_V7,BRAK,https://echem.com.bd/item/unicorn-dextrose-monohydrate-food-grade-34g0679qp7,200,DIRECT,BD,CCTLD,RAW_HTML,,,Bot Verification,9f77817562507a0c,2026-09-10T13:37:30Z,2,
BD,★★★★,TARA,819543011967,NO,WYMAGA_DOSTAWY,Tara Gum — Home 50g,EAN_ON_GENERIC_TLD_PAGE,LEAD,https://modernistpantry.com/products/tara-gum.html,200,DIRECT,,GENERIC_TLD,RAW_HTML,USD,"y.com\u002fmodernist-pantry\u002f""},""attributes"":[],""mpn"":null,""upc"":""819543011967"",""options"":[{""id"":2","Tara Gum - Modernist Pantry, LLC",e93d1ba8441f8f2a,2026-09-10T13:38:02Z,4,modernistpantry.com
BR,★★★★,MILK,7898215151708,NO,KANDYDAT_PR,Piracanjuba Leite Integral UHT 1 L,EAN_ON_MARKET_PAGE,CONFIRMED,https://www.covabra.com.br/leite-piracanjuba-integral-1l/p,200,DIRECT,BR,CCTLD,RAW_HTML,,"n><span class=""vtex-product-identifier-0-x-product-identifier__value"">7898215151708</span></span></div>",Leite Piracanjuba Integral 1l - Covabra,b10fdbf9f3daf44f,2026-09-10T13:39:09Z,4,www.covabra.com.br;www.imigrantesbebidas.com.br
BR,★★★★,CREAM,7898215151975,NO,KANDYDAT_PR,Piracanjuba Seleção Creme de Leite Gourmet 30%,EAN_ON_MARKET_PAGE,CONFIRMED,https://www.lojasantoantonio.com.br/69883-creme-de-leite-gourmet-30--gordura-200ml-piracanjuba/p,200,DIRECT,BR,CCTLD,RAW_HTML,BRL,"os e coberturas. Compre na Loja Santo Antônio!"",""sku"":""19571"",""gtin"":""7898215151975"",""mpn"":"""",""releaseD",Creme de Leite Gourmet 30% Gordura Seleção 200ml PIRACANJUBA I Loja Santo Antonio | FastSt,e5bd63c55a9df6e4,2026-09-10T13:39:43Z,4,www.lojasantoantonio.com.br
BR,★★★★,SMP,7891000101506,NO,KANDYDAT_PR,Molico Desnatado Leite em Pó,EAN_ON_MARKET_PAGE,CONFIRMED,https://compre.estreladistribuicao.com.br/leite-em-po-molico-desnatado-lata-280g-122947,200,DIRECT,BR,CCTLD,RAW_HTML,BRL," <li class=""product__features--ean"">Código de Barras do Produto: 7891000101506</li> ",LEITE EM PÓ MOLICO DESNATADO LATA 280G | Estrela Distribuição,94135079c5e08328,2026-09-10T13:37:20Z,3,compre.estreladistribuicao.com.br;www.covabra.com.br
BR,★★★★,SUCROSE,,,READY_PI,Biały cukier krystaliczny — 100% cukier,GENERIC_PI_NO_EAN,N/A,,,,,,,,,,,,0,
BR,★★★★,DEXTROSE,,,WYMAGA_ETYKIETY,Dextrose Monohidratada,NO_EAN_IN_V7,BRAK,https://www.allimentari.com.br/produto/dextrose-monohidratada-1-kg.html,403,DIRECT,BR,CCTLD,RAW_HTML,,,Ops :( Tente novamente,df28de243d9f6a0d,2026-09-10T13:38:45Z,1,
BR,★★★★,TARA,,,WYMAGA_ETYKIETY,Goma Tara INS 417 — 1 kg,NO_EAN_IN_V7,BRAK,https://www.allimentari.com.br/produto/goma-tara.html,403,DIRECT,BR,CCTLD,RAW_HTML,,,Ops :( Tente novamente,df28de243d9f6a0d,2026-09-10T13:38:45Z,1,
BG,★★★★,MILK,3228022980095,NO,KANDYDAT_PR,"Président UHT 3,5% / 3,6% 1 L",EAN_ONLY_ECHOED_FROM_URL_OR_QUERY,LEAD,https://shop24.bg/pryasno-mlyako/466-pryasno-mlyako-president-35-1l-3228022980095.html,200,DIRECT,BG,CCTLD,RAW_HTML,BGN,,Прясно мляко President 3.5% 1l,567c26d9ad994b1a,2026-09-10T13:38:28Z,1,
BG,★★★★,CREAM,8593803253053,NO,KANDYDAT_PR,Madeta Jihočeská smetana UHT 31%,EAN_ON_FOREIGN_MARKET_PAGE,LEAD,https://www.madeta.cz/produkty/jihoceska-smetana-trvanliva-31-250_ml,200,DIRECT,CZ,CCTLD,RAW_HTML,,r><td>Číslo artiklu</td><td>16425</td></tr><tr><td>Čárový kód</td><td>8593803253053</td></tr></table></,Jihočeská smetana trvanlivá 31% 250 ml | MADETA a.s.,4cc31cbb29019384,2026-09-10T13:39:45Z,3,www.madeta.cz
BG,★★★★,SMP,3800081460239,NO,KANDYDAT_PR,"Сухо обезмаслено мляко 1,5%",EAN_ON_MARKET_PAGE,CONFIRMED,https://randi.bg/suho-mliako-bioset-15-50gr,200,DIRECT,BG,CCTLD,RAW_HTML,EUR," ""name"": ""Сухо обезмаслено мляко Биосет 1.5% 50гр."", ""model"": ""3800081460239"", ""url"": ""https",Сухо мляко Bioset 1.5% 50гр. - Купи от Ранди,1f9562b9da1721fd,2026-09-10T13:38:21Z,3,randi.bg;tmarketonline.bg
BG,★★★★,SUCROSE,,,READY_PI,Biały cukier krystaliczny — 100% cukier,GENERIC_PI_NO_EAN,N/A,,,,,,,,,,,,0,
BG,★★★★,DEXTROSE,8588006139983,NO,KANDYDAT_PR,"Декстроза - GymBeam, bez dodatków smakowych",SOURCE_NOT_READABLE,LEAD,https://gymbeam.bg/dekstroza-1000-g-gymbeam.html,BROWSER_INCONCLUSIVE,DIRECT,BG,CCTLD,BROWSER_DOM,,,INCONCLUSIVE: bot-challenge interstitial rendered instead of the product page (interstitia,c4479ed1f4c14ab3,2026-09-10T14:01Z,1,
BG,★★★★,TARA,8055728540170,NO,KANDYDAT_PR,SaporePuro Farina di Semi di Tara / Gomma di Tara E417,EAN_ON_GENERIC_TLD_PAGE,LEAD,https://saporepuro.com/products/farina-di-semi-di-tara-gomma-di-tara-origine-peru-e417-confezionato-in-italia-1,200,DIRECT,,GENERIC_TLD,RAW_HTML,EUR,"0,""compare_at_price"":null,""inventory_management"":""shopify"",""barcode"":""8055728540170"",""featured_media"":{",Tara Seed Flour | SaporePuro,41be4c71cd4a344d,2026-09-10T13:38:23Z,4,saporepuro.com
CL,★★★★,MILK,7802920777542,NO,KANDYDAT_PR,"COLUN Leche Entera Natural 3,1% 1 L",EAN_ON_AGGREGATOR,LEAD,https://cl.openfoodfacts.org/producto/7802920777542/leche-entera-colun,200,AGGREGATOR,CL,SUBDOMAIN_LOCALE,RAW_HTML,,"ter external knowledge panels window.productData = { code: ""7802920777542"", categories:",Leche Entera – Colun – 1 l,25094b1df8d43019,2026-09-10T13:37:19Z,2,cl.openfoodfacts.org
CL,★★★★,CREAM,7802900107017,NO,KANDYDAT_PR,Soprole Crema para Batir Larga Vida 35%,EAN_ON_MARKET_PAGE,CONFIRMED,https://super.eltit.cl/products/crema-l-vida-soprole-1lt-p-batir,200,DIRECT,CL,CCTLD,RAW_HTML,CLP,""", ""brand"": { ""@type"": ""Brand"", ""name"": ""Soprole "" }, ""sku"": ""7802900107017"", ""offers"": { ",Crema De Leche Para Batir Soprole 1L - Supermercados Eltit,2dec2053de6f0a07,2026-09-10T13:38:34Z,3,super.eltit.cl;www.frozenter.cl
CL,★★★★,SMP,7802920009865,NO,KANDYDAT_PR,Colun Leche Descremada en Polvo,EAN_ON_MARKET_PAGE,CONFIRMED,https://www.colun.cl/productos/categoria/detalle/leche-colun-descremada-en-polvo-800gr,200,DIRECT,CL,CCTLD,RAW_HTML,,0000002801942</p> </div> <div> <p><b>EAN:&nbsp;</b>7802920009865</p> </div> ,Leche Colun Descremada en Polvo 800gr - Colun - Toda la magia del sur,104695f6114eef43,2026-09-10T13:39:05Z,3,www.colun.cl;www.santaisabel.cl
CL,★★★★,SUCROSE,,,READY_PI,Biały cukier krystaliczny — 100% cukier,GENERIC_PI_NO_EAN,N/A,,,,,,,,,,,,0,
CL,★★★★,DEXTROSE,,,WYMAGA_ETYKIETY,Dextrosa Monohidratada,NO_EAN_IN_V7,BRAK,https://www.sanoalimentos.cl/productos/dextrosa-monohidratada---1-kg,200,DIRECT,CL,CCTLD,RAW_HTML,CLP,,DEXTROSA MONOHIDRATADA - 1 Kg | SanoAlimentos,eb980f80583fdeed,2026-09-10T13:40:05Z,1,
CL,★★★★,TARA,,,WYMAGA_ETYKIETY,Goma Tara 100 Grs,NO_EAN_IN_V7,BRAK,https://www.nutrigood.cl/tara,200,DIRECT,CL,CCTLD,RAW_HTML,CLP,,Goma Tara 100 Grs.,3dc4ab6566ed5afe,2026-09-10T13:39:55Z,1,
CN,★★★★,MILK,4036300069450,NO,KANDYDAT_PR,Oldenburger UHT Full Cream Milk 3.5% fat — Chinese label SKU 14642,EAN_ON_GENERIC_TLD_PAGE,LEAD,https://www.oldenburger-professional.com/media/13/8d/af/1696234639/OLB%20Assortmentlist%202023_2024_combined.pdf,200,DIRECT,,GENERIC_TLD,RAW_HTML,,467 4036300669469 04012091 4007929450479 4007929057197 04012091 4036300069450 4036300669452 040,,6a26771c16329e69,2026-09-10T13:39:56Z,3,www.oldenburger-professional.com
CN,★★★★,CREAM,4036300066749,NO,KANDYDAT_PR,Oldenburger Whipping Cream 30% fat UHT,EAN_ON_GENERIC_TLD_PAGE,LEAD,https://www.oldenburger-professional.com/media/13/8d/af/1696234639/OLB%20Assortmentlist%202023_2024_combined.pdf,200,DIRECT,,GENERIC_TLD,RAW_HTML,," 120 x 80 x 126.1 approx. 778 kg approx. 835 kg EN, CN 04015031 4036300066749 4036300666741 150",,6a26771c16329e69,2026-09-10T13:39:56Z,4,www.oldenburger-professional.com
CN,★★★★,SMP,9300639999005,NO,KANDYDAT_PR,Devondale Instant Skim Milk Powder (德运脱脂奶粉),PAGE_WITHOUT_EAN,LEAD,https://www.devondale.com.au/en/products/milk/skim-milk-powder,200,DIRECT,AU,CCTLD,BROWSER_DOM,,,Skim Milk Powder | Devondale,,2026-09-10T13:52Z,4,
CN,★★★★,SUCROSE,,,READY_PI,Biały cukier krystaliczny — 100% cukier,GENERIC_PI_NO_EAN,N/A,,,,,,,,,,,,0,
CN,★★★★,DEXTROSE,,,WYMAGA_ETYKIETY,Dextrose monohydrate food grade,NO_EAN_IN_V7,BRAK,https://www.tnjchem.com/dextrose-monohydrate-food-grade-at-factory-price_p2824.html,302,DIRECT,,GENERIC_TLD,RAW_HTML,,,,,2026-09-10T13:40:18Z,1,
CN,★★★★,TARA,,,WYMAGA_ETYKIETY,"他拉胶 / 刺云实胶 / 塔拉胶 (Tara gum), food grade",NO_EAN_IN_V7,BRAK,https://www.dafengshou88.com/products/show13150638.html,200,DIRECT,,GENERIC_TLD,RAW_HTML,,,西安大丰收现货供应 他拉胶 刺云实胶 塔拉胶-西安大丰收生物科技有限公司,fd46bc177dfda3f7,2026-09-10T13:39:11Z,1,
HR,★★★★,MILK,3838800040578,NO,KANDYDAT_PR,"Alpsko trajno mlijeko 3,5% m.m. 1 l",MARKET_PAGE_WITHOUT_EAN,LEAD,https://www.konzum.hr/web/products/alpsko-trajno-mlijeko-3-5-m-m-1-l,200,DIRECT,HR,CCTLD,BROWSER_DOM,EUR,,"Alpsko Trajno mlijeko 3,5% m.m. 1 l - Konzum",,2026-09-10T14:01Z,3,
HR,★★★★,CREAM,3850354001348,NO,KANDYDAT_PR,Dukat Brzo & Fino Vrhnje za šlag 33%,EAN_ON_MARKET_PAGE,CONFIRMED,https://shop.birota.hr/Katalog/RobeView?g=4714,200,DIRECT,HR,CCTLD,RAW_HTML,,"lass=""fs-1_15""> <span>Barkod</span>: 3850354001348 ",mliječni proizvodi (117),f36f0f963c5c9ca6,2026-09-10T13:38:26Z,3,shop.birota.hr
HR,★★★★,SMP,3850355001132,NO,KANDYDAT_PR,Obrano mlijeko u prahu 1% m.m.,EAN_ON_AGGREGATOR,LEAD,https://www.cijene.hr/mlijeko/dukat-obrano-mlijeko-u-prahu-1-mm-1-kg-cijena-749180081,200,AGGREGATOR,HR,CCTLD,RAW_HTML,EUR,ane slike u potpunosti odgovaraju stvarnim proizvodima. (Barcode: 3850355001132) </div> ,Dukat obrano mlijeko u prahu 1% mm 1 kg,86218472988e0f4c,2026-09-10T13:39:04Z,3,www.cijene.hr
HR,★★★★,SUCROSE,,,READY_PI,Biały cukier krystaliczny — 100% cukier,GENERIC_PI_NO_EAN,N/A,,,,,,,,,,,,0,
HR,★★★★,DEXTROSE,8588006139983,NO,KANDYDAT_PR,"Dekstroza - GymBeam, bez dodatków smakowych",EAN_ON_MARKET_PAGE,CONFIRMED,https://gymbeam.hr/dekstroza-gymbeam.html,200,DIRECT,HR,CCTLD,RAW_HTML,EUR,"ewCondition"",""availability"":""https:\/\/schema.org\/InStock"",""gtin13"":""8588006139983"",""sku"":""5207""}],""pr",Dekstroza - GymBeam | GymBeam.hr,07f4eb074dda7522,2026-09-10T13:37:39Z,1,gymbeam.hr
HR,★★★★,TARA,8055728540170,NO,KANDYDAT_PR,SaporePuro Farina di Semi di Tara / Gomma di Tara E417,EAN_ON_GENERIC_TLD_PAGE,LEAD,https://saporepuro.com/products/farina-di-semi-di-tara-gomma-di-tara-origine-peru-e417-confezionato-in-italia-1,200,DIRECT,,GENERIC_TLD,RAW_HTML,EUR,"0,""compare_at_price"":null,""inventory_management"":""shopify"",""barcode"":""8055728540170"",""featured_media"":{",Tara Seed Flour | SaporePuro,41be4c71cd4a344d,2026-09-10T13:38:23Z,6,saporepuro.com
CY,★★★★,MILK,8585002504432,NO,KANDYDAT_PR,"MEGGLE UHT Whole Milk 3,5% 1 L",EAN_ON_MARKETPLACE_MARKET_PAGE,LEAD,https://wolt.com/en/cyp/ammochostos/venue/sklavenitis-paralimni/meggle-uht-whole-milk-3-5-fat-1lt-8585002504432-713974-itemid-2a4ee6410142efb41258dd27,200,MARKETPLACE,CY,ADDRESS_COUNTRY,RAW_HTML,EUR,".0""> <title data-rh=""true"">MEGGLE Uht Whole Milk 3.5% Fat 1lt 8585002504432 713974 | Sklaveniti",MEGGLE Uht Whole Milk 3.5% Fat 1lt 8585002504432 713974 | Sklavenitis Paralimni | Wolt,86a2c10287c66937,2026-09-10T13:38:43Z,1,wolt.com
CY,★★★★,CREAM,5290036002436,NO,KANDYDAT_PR,Charalambides Christis Dairy Whipping Cream 35% 500 ml,MARKET_PAGE_WITHOUT_EAN,LEAD,https://en.charalambideschristis.com.cy/products/manufactured/cream-en/whipping-cream-en/dairy-cream-en,200,DIRECT,CY,CCTLD,BROWSER_DOM,,,Dairy Cream | Manufactured | Charalambides Christis,,2026-09-10T14:01Z,3,
CY,★★★★,SMP,3043939531112,NO,KANDYDAT_PR,Instant Skimmed Milk Powder With 0% Fat,MARKET_PAGE_WITHOUT_EAN,LEAD,https://www.alphamega.com.cy/en/groceries/food-cupboard/coffee-tea-cocoa/coffee/instant-coffee/regilait-instant-skimmed-milk-powder-with-0-fat-300-g,200,DIRECT,CY,CCTLD,BROWSER_DOM,EUR,,Regilait Instant Skimmed Milk Powder With 0% Fat 300 g,,2026-09-10T14:01Z,2,
CY,★★★★,SUCROSE,,,READY_PI,Biały cukier krystaliczny — 100% cukier,GENERIC_PI_NO_EAN,N/A,,,,,,,,,,,,0,
CY,★★★★,DEXTROSE,,,WYMAGA_GTIN,Prozis Dextrose900g (3-pack),NO_EAN_IN_V7,BRAK,https://www.cycheapersupplements.com/muscle-mass/11699-3x-prozis-dextrose-900-g-22-servings-2700-g-66-servings.html,200,DIRECT,,GENERIC_TLD,RAW_HTML,EUR,,3x Prozis Dextrose 900 g - 22 Servings (2700 g - 66 Servings) - AE CY CHEAPER SUPPLEMENTS ,190748e2405b0c16,2026-09-10T13:39:11Z,1,
CY,★★★★,TARA,8055728540170,NO,KANDYDAT_PR,SaporePuro Farina di Semi di Tara / Gomma di Tara E417,EAN_ON_GENERIC_TLD_PAGE,LEAD,https://saporepuro.com/products/farina-di-semi-di-tara-gomma-di-tara-origine-peru-e417-confezionato-in-italia-1,200,DIRECT,,GENERIC_TLD,RAW_HTML,EUR,"0,""compare_at_price"":null,""inventory_management"":""shopify"",""barcode"":""8055728540170"",""featured_media"":{",Tara Seed Flour | SaporePuro,41be4c71cd4a344d,2026-09-10T13:38:23Z,4,saporepuro.com
CZ,★★★★,MILK,8593803224015,NO,KANDYDAT_PR,Madeta Jihočeské mléko trvanlivé plnotučné 3.5% 1L,EAN_ON_MARKET_PAGE,CONFIRMED,https://eshop.agrola.cz/trvanlive/800-mleko-trvanlive-plnot35-8593803224015.html,200,DIRECT,CZ,CCTLD,RAW_HTML,CZK,"é plnotučné 3,5% | AGROLA</title> <meta name=""description"" content=""8593803224015 | Jihočeské trvanli","Jihočeské mléko trvanlivé plnotučné 3,5% | AGROLA",888d2044c29b4f4c,2026-09-10T13:37:33Z,2,eshop.agrola.cz
CZ,★★★★,CREAM,8585002520043,NO,KANDYDAT_PR,Meggle Smetana ke šlehání 30%,EAN_ON_MARKET_PAGE,CONFIRMED,https://globusonline.cz/p/meggle-smetana-ke-slehani-30-tuku-250-ml,200,DIRECT,CZ,CCTLD,RAW_HTML,CZK,"y. Ideální pro studenou i teplou kuchyni."",""sku"":""00206064004"",""mpn"":""8585002520043"",""brand"":{""@type"":""",Meggle Smetana ke šlehání 30% tuku 250 ml | GlobusOnline.cz,cbad885e52eabe1d,2026-09-10T13:37:38Z,3,globusonline.cz
CZ,★★★★,SMP,8369921447533,NO,KANDYDAT_PR,Sušené odtučněné mléko ALMECO,EAN_ON_MARKET_PAGE,CONFIRMED,https://www.cukrar-shop.cz/Susene-mleko-plnotucne-400g-d2388.htm,200,DIRECT,CZ,CCTLD,RAW_HTML,CZK,"alytics"":""denied""},""product"":{""id"":""2388"",""productNumber"":null,""ean"":""8369921447533"",""name"":""Sušené odt","Sušené odtučněné mléko ALMECO 150g | Cukrář Shop – cukrářské potřeby, suroviny a pomůcky p",feeec0d567df9e88,2026-09-10T13:39:11Z,2,www.cukrar-shop.cz
CZ,★★★★,SUCROSE,,,READY_PI,Biały cukier krystaliczny — 100% cukier,GENERIC_PI_NO_EAN,N/A,,,,,,,,,,,,0,
CZ,★★★★,DEXTROSE,8588006139983,NO,KANDYDAT_PR,"Dextróza - GymBeam, bez dodatków smakowych",EAN_ON_MARKET_PAGE,CONFIRMED,https://gymbeam.cz/dextroza-1000-g-gym-beam.html,200,DIRECT,CZ,CCTLD,RAW_HTML,CZK,"ewCondition"",""availability"":""https:\/\/schema.org\/InStock"",""gtin13"":""8588006139983"",""sku"":""5207""}],""pr",Dextróza - GymBeam | GymBeam.cz,1bb5f7c0f9654561,2026-09-10T13:37:39Z,1,gymbeam.cz
CZ,★★★★,TARA,,,WYMAGA_ETYKIETY,Guma Tara Valknut / Tara guma Valknut,NO_EAN_IN_V7,BRAK,https://www.valknut.cz/guma-tara-valknut/,200,DIRECT,CZ,CCTLD,RAW_HTML,CZK,,Guma Tara Valknut - Valknut.cz,a7fb1f93e49eaf45,2026-09-10T13:40:25Z,2,
DO,★★★★,MILK,4100290023195,NO,KANDYDAT_PR,Milex Leche UHT Entera 1 L,EAN_ON_MARKET_PAGE,CONFIRMED,https://www.arla.com/es-do/productos/milex-leche-entera-1l-194976/,200,DIRECT,DO,PATH_LOCALE,RAW_HTML,,""":null,""type"":""Product"",""name"":""Leche Entera 1L"",""productID"":""barcode:4100290023195"",""url"":""https://www",Milex&#xAE; Leche Entera 1L | Arla Milex,a405fcdd8558a49f,2026-09-10T13:38:50Z,4,nuevo.lindomarket.com;www.arla.com
DO,★★★★,CREAM,30028777,NO,KANDYDAT_PR,Elle & Vire Crème Liquide Whipping Cream UHT 35% 200 ml,EAN_ON_GENERIC_TLD_PAGE,LEAD,https://savencia.kameleon-apps.com/storage/2022/09/26720909.pdf,200,DIRECT,,GENERIC_TLD,RAW_HTML,,neto (g) Nb d’unités/ Nb units/ Cantidad de unidades 200 ml 198 30028777 24 3x200 ml 59,,13b3d4c2e77002fd,2026-09-10T13:38:25Z,3,savencia.kameleon-apps.com
DO,★★★★,SMP,,,WYMAGA_ETYKIETY,Milex Polvo Descremada Slim,NO_EAN_IN_V7,BRAK,https://www.arla.com/es-do/productos/milex-polvo-descremada-194961/,200,DIRECT,DO,PATH_LOCALE,RAW_HTML,,,Milex&#xAE; Polvo Descremada | Arla Milex,d72f4e69b2df231b,2026-09-10T13:38:50Z,3,
DO,★★★★,SUCROSE,,,READY_PI,Biały cukier krystaliczny — 100% cukier,GENERIC_PI_NO_EAN,N/A,,,,,,,,,,,,0,
DO,★★★★,DEXTROSE,,,WYMAGA_ETYKIETY,Dextrosa Monohidratada,NO_EAN_IN_V7,BRAK,https://dgii.gov.do/cicloContribuyente/facturacion/comprobantesFiscalesElectronicosE-CF/Paginas/Implemantacion-FE-listado-grandes-contribuyentes-nacionales.aspx,200,DIRECT,DO,CCTLD,RAW_HTML,,,Grandes Contribuyentes Nacionales Obligados a Implementar Facturación Electrónica,3e40b256de82a1d8,2026-09-10T13:37:25Z,3,
DO,★★★★,TARA,819543011967,NO,WYMAGA_DOSTAWY,Tara Gum — Home 50g,EAN_ON_GENERIC_TLD_PAGE,LEAD,https://modernistpantry.com/products/tara-gum.html,200,DIRECT,,GENERIC_TLD,RAW_HTML,USD,"y.com\u002fmodernist-pantry\u002f""},""attributes"":[],""mpn"":null,""upc"":""819543011967"",""options"":[{""id"":2","Tara Gum - Modernist Pantry, LLC",e93d1ba8441f8f2a,2026-09-10T13:38:02Z,4,modernistpantry.com
EG,★★★★,MILK,6223000350065,NO,KANDYDAT_PR,"Juhayna Full Cream Milk UHT 3,0% 1 L",EAN_ON_MARKET_PAGE,CONFIRMED,https://www.carrefouregypt.com/mafegy/en/full-cream-milk/juhayna-full-cream-milk-1l/p/12721,200,DIRECT,EG,CURRENCY,BROWSER_DOM,EGP,"""productType"":""FOOD"",""isMarketPlaceProduct"":false,""barcode"":""6223000350065"",""analytics",Buy Juhayna Full Cream Milk - 1 Liter Online | Carrefour Egypt,,2026-09-10T14:05Z,3,www.carrefouregypt.com
EG,★★★★,CREAM,3161911703385,NO,KANDYDAT_PR,Elle & Vire Professionnel Excellence Whipping Cream UHT 35%,EAN_ONLY_ECHOED_FROM_URL_OR_QUERY,LEAD,https://www.elle-et-vire.com/int/en/pro/creams/products/excellence-whipping-cream-35fat/,200,DIRECT,,GENERIC_TLD,RAW_HTML,,,Excellence whipping cream 35% fat - Our creams - Elle &amp; Vire Professionnel,590b8e7a500195f1,2026-09-10T13:39:17Z,4,
EG,★★★★,SMP,733739058324,NO,KANDYDAT_PR,NOW Real Food Organic Non-Fat Dry Milk Powder,EAN_ON_GENERIC_TLD_PAGE,LEAD,https://www.nowfoods.com/products/natural-foods/non-fat-dry-milk-powder-organic,200,DIRECT,,GENERIC_TLD,BROWSER_DOM,USD,"data-destini-association=""default"" data-destini-apo=""733739058324""",Milk Powder | Powdered Milk | Organic Dry Milk Powder | NOW Foods,,2026-09-10T14:01Z,3,www.nowfoods.com
EG,★★★★,SUCROSE,,,READY_PI,Biały cukier krystaliczny — 100% cukier,GENERIC_PI_NO_EAN,N/A,,,,,,,,,,,,0,
EG,★★★★,DEXTROSE,,,WYMAGA_ETYKIETY,Dextrose Powder 100% Pure 250g,NO_EAN_IN_V7,BRAK,https://www.amazon.eg/-/en/Dextrose-Powder-100-Pure-250g/dp/B00NA1KQ28,200,MARKETPLACE,EG,CCTLD,RAW_HTML,,,Dextrose Powder 100% Pure (250g): Buy Online at Best Price in Egypt - Souq is now Amazon.e,eb6e63db70332995,2026-09-10T13:38:47Z,2,
EG,★★★★,TARA,,,WYMAGA_DOSTAWY,Cape Crystal Brands Tara Gum Powder,NO_EAN_IN_V7,BRAK,https://www.capecrystalbrands.com/products/tara-gum,200,DIRECT,,GENERIC_TLD,RAW_HTML,USD,,"Tara Gum – Higher Thickness at Lower Usage, No Flavor Impact &ndash; Cape Crystal Brands",625c49dea11f5f5b,2026-09-10T13:38:58Z,2,
EE,★★★★,MILK,4740036009085,NO,KANDYDAT_PR,"Tere Cappuccino UHT Milk 3,5% 1 L",MARKET_PAGE_WITHOUT_EAN,LEAD,https://www.rimi.ee/epood/en/products/dairy-products-eggs-cheese/milk/high-pasteurized-milk/piim-cappuccino-tere-3-5-1l/p/286625,200,DIRECT,EE,CCTLD,BROWSER_DOM,EUR,,"Piim Cappuccino Tere 3,5% 1l",,2026-09-10T14:01Z,2,
EE,★★★★,CREAM,4740125220049,NO,KANDYDAT_PR,Alma vahukoor 35%,EAN_ON_MARKET_PAGE,CONFIRMED,https://www.valio.ee/tooted/alma-vahukoor-35-400ml/,200,DIRECT,EE,CCTLD,RAW_HTML,,"files/6903b01e-a8d6-4ab8-b501-27dc6082af34"",""slug"":""400ml"",""eanCode"":""4740125220049"",""packageTitle"":""Al",Alma vahukoor 35% 400ml | Valio,96c8b6570b1846e2,2026-09-10T13:40:25Z,2,coophaapsalu.ee;www.valio.ee
EE,★★★★,SMP,6408430840625,NO,KANDYDAT_PR,Piimapulber rasvavaba / rasvaton maitojauhe instant,EAN_ON_FOREIGN_MARKET_PAGE,LEAD,https://www.valio.fi/tuotteet/valio-rasvaton-maitojauhe-instant/,200,DIRECT,FI,CCTLD,RAW_HTML,,"-rasvaton-maitojauhe-instant-84062-800x800.png"" ], ""gtin13"": ""6408430840625"" } </script><style ",Valio rasvaton maitojauhe instant - Valio,a13d508a95e517bf,2026-09-10T13:40:25Z,4,www.halpahalli.fi;www.valio.fi
EE,★★★★,SUCROSE,,,READY_PI,Biały cukier krystaliczny — 100% cukier,GENERIC_PI_NO_EAN,N/A,,,,,,,,,,,,0,
EE,★★★★,DEXTROSE,4744130012590,NO,WYMAGA_ETYKIETY,"ICONFIT Dextro, czysta dekstroza w proszku",EAN_ON_MARKET_PAGE,CONFIRMED,https://iconfit.ee/products/dextrose,200,DIRECT,EE,CCTLD,RAW_HTML,EUR,""" content=""EUR"" /> <meta property=""product:retailer_item_id"" content=""4744130012590"" /> <meta name=""twi",ICONFIT Dextro - ICONFIT,c57c13556412dcc5,2026-09-10T13:37:41Z,3,iconfit.ee;iconfit.lv;sportfit.ee
EE,★★★★,TARA,8055728540170,NO,KANDYDAT_PR,SaporePuro Farina di Semi di Tara / Gomma di Tara E417,EAN_ON_GENERIC_TLD_PAGE,LEAD,https://saporepuro.com/products/farina-di-semi-di-tara-gomma-di-tara-origine-peru-e417-confezionato-in-italia-1,200,DIRECT,,GENERIC_TLD,RAW_HTML,EUR,"0,""compare_at_price"":null,""inventory_management"":""shopify"",""barcode"":""8055728540170"",""featured_media"":{",Tara Seed Flour | SaporePuro,41be4c71cd4a344d,2026-09-10T13:38:23Z,4,saporepuro.com
PH,★★★★,MILK,5701215046832,NO,KANDYDAT_PR,Emborg Full Cream Milk 3.5% 1L,EAN_ON_GENERIC_TLD_PAGE,LEAD,https://maxmartonline.com/emborg-milk-full-cream-1ltr,200,DIRECT,,GENERIC_TLD,RAW_HTML,,"iew"");fbq(""track"",""ViewContent"",{content_category:""Milk"",content_ids:""5701215046832"",content_name:""Embo",MaxMart Online . Emborg Milk Full Cream 1ltr,05d18e68ed80df6b,2026-09-10T13:37:56Z,5,maxmartonline.com;www.meatup.shop
PH,★★★★,CREAM,5701215046375,NO,KANDYDAT_PR,Emborg Natural Whipping Cream UHT 35.1% 200 ml,EAN_ON_GENERIC_TLD_PAGE,LEAD,https://maxmartonline.com/emborg-whipping-cream-200ml,200,DIRECT,,GENERIC_TLD,RAW_HTML,,"bq(""track"",""ViewContent"",{content_category:""Fresh Cream"",content_ids:""5701215046375"",content_name:""Embo",MaxMart Online . Emborg Whipping Cream 200ml,c802d5b60a54e738,2026-09-10T13:37:56Z,6,maxmartonline.com
PH,★★★★,SMP,9300639999005,NO,KANDYDAT_PR,Devondale Instant Skim Milk Powder,MARKET_PAGE_WITHOUT_EAN,LEAD,https://shopee.ph/Devondale-Instant-Skim-Milk-Powder-1kg-i.82265567.23335805507,200,MARKETPLACE,PH,CCTLD,RAW_HTML,,,,fd885316235ea576,2026-09-10T13:38:29Z,6,
PH,★★★★,SUCROSE,,,READY_PI,Biały cukier krystaliczny — 100% cukier,GENERIC_PI_NO_EAN,N/A,,,,,,,,,,,,0,
PH,★★★★,DEXTROSE,,,WYMAGA_ETYKIETY,Purechem Dextrose Monohydrate,NO_EAN_IN_V7,BRAK,https://www.purechem.com.ph/shop/bakery/dextrose-monohydrate,200,DIRECT,PH,CCTLD,RAW_HTML,,,Dextrose Monohydrate &#8211; Purechem Corporation,9136d20ea726dce8,2026-09-10T13:40:02Z,1,
PH,★★★★,TARA,819543011967,NO,WYMAGA_DOSTAWY,Tara Gum — Home 50g,EAN_ON_GENERIC_TLD_PAGE,LEAD,https://modernistpantry.com/products/tara-gum.html,200,DIRECT,,GENERIC_TLD,RAW_HTML,USD,"y.com\u002fmodernist-pantry\u002f""},""attributes"":[],""mpn"":null,""upc"":""819543011967"",""options"":[{""id"":2","Tara Gum - Modernist Pantry, LLC",e93d1ba8441f8f2a,2026-09-10T13:38:02Z,5,modernistpantry.com
GH,★★★★,MILK,4100290099800,NO,KANDYDAT_PR,"Dano UHT Full Cream Milk 3,5% / 3,6% 1 L",SOURCE_NOT_READABLE,LEAD,https://www.arla.ng/brands/arla-dano-full-cream-uht-35pct-fat-1l-408775/;,404,DIRECT,NG,CCTLD,RAW_HTML,,,404,a06932c08b5117c8,2026-09-10T13:38:51Z,2,
GH,★★★★,CREAM,5701215046375,NO,KANDYDAT_PR,Emborg Natural Whipping Cream UHT 35%,EAN_ON_GENERIC_TLD_PAGE,LEAD,https://maxmartonline.com/emborg-whipping-cream-200ml,200,DIRECT,,GENERIC_TLD,RAW_HTML,,"bq(""track"",""ViewContent"",{content_category:""Fresh Cream"",content_ids:""5701215046375"",content_name:""Embo",MaxMart Online . Emborg Whipping Cream 200ml,c802d5b60a54e738,2026-09-10T13:37:56Z,3,maxmartonline.com
GH,★★★★,SMP,733739058324,NO,KANDYDAT_PR,NOW Real Food Organic Non-Fat Dry Milk Powder,EAN_ON_GENERIC_TLD_PAGE,LEAD,https://www.nowfoods.com/products/natural-foods/non-fat-dry-milk-powder-organic,200,DIRECT,,GENERIC_TLD,BROWSER_DOM,USD,"data-destini-association=""default"" data-destini-apo=""733739058324""",Milk Powder | Powdered Milk | Organic Dry Milk Powder | NOW Foods,,2026-09-10T14:01Z,3,www.nowfoods.com
GH,★★★★,SUCROSE,,,READY_PI,Biały cukier krystaliczny — 100% cukier,GENERIC_PI_NO_EAN,N/A,,,,,,,,,,,,0,
GH,★★★★,DEXTROSE,,,WYMAGA_ETYKIETY,Dextrose Monohydrate,NO_EAN_IN_V7,BRAK,https://www.maridav.com/hnh-product-description.php?p_id=67&prod_class=Pharmaceuticals,200,DIRECT,,GENERIC_TLD,RAW_HTML,,,Maridav | Home Page,4f561e6c2f4609dc,2026-09-10T13:39:46Z,1,
GH,★★★★,TARA,711221973058,NO,WYMAGA_DOSTAWY,Cape Crystal Brands Tara Gum Powder,EAN_ON_GENERIC_TLD_PAGE,LEAD,https://www.capecrystalbrands.com/products/tara-gum,200,DIRECT,,GENERIC_TLD,RAW_HTML,USD,"""inventory_management"":""shopify"",""inventory_policy"":""deny"",""barcode"":""711221973058"",""featured_media"":{","Tara Gum – Higher Thickness at Lower Usage, No Flavor Impact &ndash; Cape Crystal Brands",625c49dea11f5f5b,2026-09-10T13:38:58Z,3,www.capecrystalbrands.com
GR,★★★★,MILK,5201037509107,NO,KANDYDAT_PR,"DELTA mmmMilk Family High Pasteurized Full 3,5% 1,5 L",MARKET_PAGE_WITHOUT_EAN,LEAD,https://www.delta.gr/en/gala/milk-oikogeneiako-plires-15lt-2/;,200,DIRECT,GR,CCTLD,BROWSER_DOM,,,mmmMILK Family Full Fat - ΔΕΛΤΑ,,2026-09-10T14:01Z,2,
GR,★★★★,CREAM,5711953155949,NO,KANDYDAT_PR,Arla Κρέμα Γάλακτος UHT 35% 200 g,EAN_ON_MARKET_PAGE,CONFIRMED,https://www.arlafoods.gr/our-brands/arla/krema-galaktos-35-200g/,200,DIRECT,GR,CCTLD,RAW_HTML,,"ype"":""Product"",""name"":""Κρέμα Γάλακτος 35% 200 g"",""productID"":""barcode:5711953155949"",""url"":""https://www",Arla&#xAE; &#x39A;&#x3C1;&#x3AD;&#x3BC;&#x3B1; &#x393;&#x3AC;&#x3BB;&#x3B1;&#x3BA;&#x3C4;&,e7a155f189137494,2026-09-10T13:38:52Z,2,www.arlafoods.gr;www.thanopoulos.gr
GR,★★★★,SMP,3043932643706,NO,KANDYDAT_PR,Γάλα Αποβουτυρωμένο σε σκόνη,EAN_ON_MARKET_PAGE,CONFIRMED,https://www.bazaar-online.gr/regilait-250g-gala-se-skoni,200,DIRECT,GR,CCTLD,RAW_HTML,,"title""><b>Κωδικός Προϊόντος:</b></div> <div class=""model"">3043932643706</div> </d",REGILAIT 250G ΓΑΛΑ ΣΕ ΣΚΟΝΗ,27aeadff94335e97,2026-09-10T13:38:54Z,2,www.bazaar-online.gr
GR,★★★★,SUCROSE,,,READY_PI,Biały cukier krystaliczny — 100% cukier,GENERIC_PI_NO_EAN,N/A,,,,,,,,,,,,0,
GR,★★★★,DEXTROSE,,,WYMAGA_GTIN,Dextrose Powder,NO_EAN_IN_V7,BRAK,https://www.infusion.gr/en/bar-chef-e/sugar-polyols/dextrose-powder-5kg-louis-francois,200,DIRECT,GR,CCTLD,RAW_HTML,,,Browser verification,2fde896456294d5c,2026-09-10T13:39:34Z,5,
GR,★★★★,TARA,,,WYMAGA_ETYKIETY,Τάρα Γκαμ (Tara Gum) NoCarb 100 g,NO_EAN_IN_V7,BRAK,https://nocarb.gr/product/tara-gam-100g/,200,DIRECT,GR,CCTLD,RAW_HTML,EUR,,Τάρα Γκαμ (Tara Gum) 100g - No Carb,2a315eb98a861216,2026-09-10T13:38:06Z,2,
IN,★★★★,MILK,8901262152983,NO,KANDYDAT_PR,Amul Homogenised Cow Milk 1L Tetra Pak,EAN_ON_MARKET_PAGE,CONFIRMED,https://www.billclap.com/business/88521/pp-supermarket/products/1643849/amul-cow-milk-1l,200,DIRECT,IN,CURRENCY,RAW_HTML,INR,"KET ""},""image"":""https://www.billclap.com/default_product1.png"",""sku"":""8901262152983"",""mpn"":""89012621529","AMUL COW MILK 1L | PP SUPERMARKET in NADIA, West Bengal, INDIA | BillClap",0f81002797225696,2026-09-10T13:38:57Z,5,www.billclap.com
IN,★★★★,CREAM,3161911703385,NO,KANDYDAT_PR,Elle & Vire Professionnel Excellence Whipping Cream 35%,EAN_ONLY_ECHOED_FROM_URL_OR_QUERY,LEAD,https://www.elle-et-vire.com/int/en/pro/creams/products/excellence-whipping-cream-35fat/,200,DIRECT,,GENERIC_TLD,RAW_HTML,,,Excellence whipping cream 35% fat - Our creams - Elle &amp; Vire Professionnel,590b8e7a500195f1,2026-09-10T13:39:17Z,5,
IN,★★★★,SMP,8901262110068,NO,KANDYDAT_PR,Sagar Skimmed Milk Powder Pouch,EAN_ON_MARKET_PAGE,CONFIRMED,https://kiranamarket.com/amul-sagar-skim-milk-powder-500g/,200,DIRECT,IN,CURRENCY,RAW_HTML,INR," - KiranaMarket"" /><meta property=""og:description"" content=""Barcode : 8901262110068"" /><meta property=""","Amul Sagar Skim Milk Powder, 500g - KiranaMarket",cb461709dc76e72d,2026-09-10T13:37:47Z,3,kiranamarket.com
IN,★★★★,SUCROSE,,,READY_PI,Biały cukier krystaliczny — 100% cukier,GENERIC_PI_NO_EAN,N/A,,,,,,,,,,,,0,
IN,★★★★,DEXTROSE,,,WYMAGA_GTIN,Gujarat Ambuja Dextrose Monohydrate Powder,NO_EAN_IN_V7,BRAK,https://www.ambujagroup.com/assets/tds-file/tds-dextrose-monohydrate-powder.pdf,200,DIRECT,,GENERIC_TLD,RAW_HTML,,,,d8445a8c6ee35d37,2026-09-10T13:38:49Z,4,
IN,★★★★,TARA,,,WYMAGA_ETYKIETY,Tara Gum Food Grade,NO_EAN_IN_V7,BRAK,https://www.agaragar.in/gums.html,200,DIRECT,IN,CCTLD,RAW_HTML,,,Gums - Guar Gum Powder Food Grade Powder Manufacturer from Kochi,4739ef7718bc8889,2026-09-10T13:38:43Z,2,
ID,★★★★,MILK,8993351121307,NO,KANDYDAT_PR,Greenfields Full Cream UHT Milk 1L,EAN_ON_GENERIC_TLD_PAGE,LEAD,https://shopifull.com/product/greenfields-full-cream-uht-milk-1ltr/,200,DIRECT,,GENERIC_TLD,RAW_HTML,BND,"wrapper""> <span class=""meta-label""> SKU: </span> <span class=""sku""> 8993351121307 </span> </span></",Greenfields Full Cream UHT Milk 1Ltr &#8211; Shopifull,7f596d70f779942b,2026-09-10T13:38:30Z,5,shopifull.com
ID,★★★★,CREAM,5701215046375,NO,KANDYDAT_PR,Emborg Natural Whipping Cream UHT 35.1% 200 ml,EAN_ON_GENERIC_TLD_PAGE,LEAD,https://maxmartonline.com/emborg-whipping-cream-200ml,200,DIRECT,,GENERIC_TLD,RAW_HTML,,"bq(""track"",""ViewContent"",{content_category:""Fresh Cream"",content_ids:""5701215046375"",content_name:""Embo",MaxMart Online . Emborg Whipping Cream 200ml,c802d5b60a54e738,2026-09-10T13:37:56Z,5,maxmartonline.com
ID,★★★★,SMP,9556958338807,NO,WYMAGA_ETYKIETY,Sunlac Low Fat Instant Skim Milk Powder,EAN_ON_GENERIC_TLD_PAGE,LEAD,https://store18714.store.link/category/promo-susu-beli-1-lebih-murah?page=2,200,DIRECT,,GENERIC_TLD,RAW_HTML,,"4My7BwAAAAA&amp;pid=Api&amp;P=0&amp;h=180"" alt=""SUSU SUNLAC 700GRAM # 9556958338807"" class=""broken-imag",PROMO SUSU BELI 1 LEBIH MURAH | PROMO TOKO WIJAYA BSD,9a42e9748ac384d2,2026-09-10T13:38:33Z,6,megakulim.com.my;store18714.store.link
ID,★★★★,SUCROSE,,,READY_PI,Biały cukier krystaliczny — 100% cukier,GENERIC_PI_NO_EAN,N/A,,,,,,,,,,,,0,
ID,★★★★,DEXTROSE,,,WYMAGA_ETYKIETY,Dextrose Monohydrate – PT Lam Seng Hang Indonesia,NO_EAN_IN_V7,BRAK,https://www.lsh-indonesia.com/product/dextrose-monohydrate/,200,DIRECT,,GENERIC_TLD,RAW_HTML,,,Dextrose Monohydrate &#8211; PT. Lam Seng Hang Indonesia,483e635059170e75,2026-09-10T13:39:44Z,1,
ID,★★★★,TARA,,,WYMAGA_ETYKIETY,Tara Gum,NO_EAN_IN_V7,BRAK,https://sumberberkatingredia.com/produk/tara-gum/,200,DIRECT,,GENERIC_TLD,RAW_HTML,,,Tara Gum &#8211; PT Sumber Berkat Ingredia,419b323a2a82d051,2026-09-10T13:38:33Z,1,
IS,★★★★,MILK,5690527101011,NO,KANDYDAT_PR,MS Nýmjólk 1 l,EAN_ON_MARKET_PAGE,CONFIRMED,https://www.ms.is/vorur/vara/nymjolk-1-l,200,DIRECT,IS,CCTLD,RAW_HTML,,"703669134155"",""filename"":""0101.png""},""title"":""Nýmjólk 1 l"",""barcode"":""5690527101011"",""category"":"""",""obj",Nýmjólk 1 l – Mjólkursamsalan,cf04d4d576b8c3ab,2026-09-10T13:39:52Z,3,www.ms.is
IS,★★★★,CREAM,5690527172011,NO,KANDYDAT_PR,MS Rjómi 36% 500 ml,EAN_ON_MARKET_PAGE,CONFIRMED,https://www.ms.is/vorur/vara/rjomi-500-ml,200,DIRECT,IS,CCTLD,RAW_HTML,,"58745342380"",""filename"":""0172.png""},""title"":""Rjómi 500 ml"",""barcode"":""5690527172011"",""category"":"""",""obj",Rjómi 500 ml – Mjólkursamsalan,c93b9112b9440c1a,2026-09-10T13:39:52Z,1,www.ms.is
IS,★★★★,SMP,5690516075156,NO,KANDYDAT_PR,Undanrennuduft úða/iðn 25 kg,EAN_ON_MARKET_PAGE,CONFIRMED,https://www.ms.is/vorur/vara/undanrennuduft-uda-idn-25-kg,200,DIRECT,IS,CCTLD,RAW_HTML,,"lename"":""7515.png""},""title"":""Undanrennuduft úða/iðn 25 kg"",""barcode"":""5690516075156"",""category"":"""",""obj",Undanrennuduft úða/iðn 25 kg – Mjólkursamsalan,7d772834b52770b9,2026-09-10T13:39:53Z,1,www.ms.is
IS,★★★★,SUCROSE,,,READY_PI,Biały cukier krystaliczny — 100% cukier,GENERIC_PI_NO_EAN,N/A,,,,,,,,,,,,0,
IS,★★★★,DEXTROSE,5060326271725,NO,KANDYDAT_PR,Dextrose Powder Unflavoured 1 kg,PAGE_WITHOUT_EAN,LEAD,https://storage.googleapis.com/catalog-pictures-carrefour-es/catalog/pictures/hd_1500x_/5060326271725_3.jpg,200,DIRECT,,GENERIC_TLD,RAW_HTML,,,,6bd9c07d91ee1fcb,2026-09-10T13:38:32Z,4,
IS,★★★★,TARA,819543011967,NO,WYMAGA_DOSTAWY,Pure Tara Gum Powder 50 g,EAN_ON_GENERIC_TLD_PAGE,LEAD,https://modernistpantry.com/products/tara-gum.html,200,DIRECT,,GENERIC_TLD,RAW_HTML,USD,"y.com\u002fmodernist-pantry\u002f""},""attributes"":[],""mpn"":null,""upc"":""819543011967"",""options"":[{""id"":2","Tara Gum - Modernist Pantry, LLC",e93d1ba8441f8f2a,2026-09-10T13:38:02Z,4,modernistpantry.com
IL,★★★★,MILK,7290000051352,NO,KANDYDAT_PR,"Tnuva Milk with a Classic Taste 3,8% 1 L",EAN_ON_AGGREGATOR,LEAD,https://www.supercompare.co.il/en/product/7290000051352;,200,AGGREGATOR,IL,CCTLD,RAW_HTML,,"self.__next_f.push([1,""0:{\""P\"":null,\""c\"":[\""\"",\""en\"",\""product\"",\""7290000051352;\""],\""q\"":\""\"",\""i\",Compare Prices | SuperCompare,08333294d3e79fe6,2026-09-10T13:40:10Z,2,www.supercompare.co.il
IL,★★★★,CREAM,7290104728310,NO,KANDYDAT_PR,Yotvata Whipping Cream 38% 250 ml (שמנת להקצפה 38%),MARKET_PAGE_WITHOUT_EAN,LEAD,https://www.shuk-nachalat.co.il/product-details/29072/שמנת_להקצפה_38_יטבתה_250_מ_ל,200,DIRECT,IL,CCTLD,RAW_HTML,ILS,,שמנת להקצפה 38% יטבתה 250 מ&quot;ל | השוק של נחלת יצחק,69725534e1d527c3,2026-09-10T13:40:08Z,5,
IL,★★★★,SMP,,,WYMAGA_ETYKIETY,אבקת חלב רזה 0.8% שומן,NO_EAN_IN_V7,BRAK,https://sir-pele.co.il/items/677937-%D7%90%D7%91%D7%A7%D7%AA-%D7%97%D7%9C%D7%91-%D7%A8%D7%96%D7%94-0-8-%D7%A9%D7%95%D7%9E%D7%9F-200-%D7%92%D7%A8%D7%9D,200,DIRECT,IL,CCTLD,RAW_HTML,ILS,,אבקת חלב רזה 0.8% שומן 200 גרם - אבקות,a0383f05a6b1a39c,2026-09-10T13:38:30Z,2,
IL,★★★★,SUCROSE,,,READY_PI,Biały cukier krystaliczny — 100% cukier,GENERIC_PI_NO_EAN,N/A,,,,,,,,,,,,0,
IL,★★★★,DEXTROSE,,,WYMAGA_ETYKIETY,דקסטרוז שק / Dextrose Monohydrate,NO_EAN_IN_V7,BRAK,https://homebrewing.co.il/catalog.asp?page=newshowprod.asp&prodid=2998212,200,DIRECT,IL,CCTLD,RAW_HTML,,,דקסטרוז שק,ed602387eb4ff51c,2026-09-10T13:37:40Z,1,
IL,★★★★,TARA,819543011967,NO,WYMAGA_DOSTAWY,Modernist Pantry Tara Gum 50 g,EAN_ON_GENERIC_TLD_PAGE,LEAD,https://modernistpantry.com/products/tara-gum.html,200,DIRECT,,GENERIC_TLD,RAW_HTML,USD,"y.com\u002fmodernist-pantry\u002f""},""attributes"":[],""mpn"":null,""upc"":""819543011967"",""options"":[{""id"":2","Tara Gum - Modernist Pantry, LLC",e93d1ba8441f8f2a,2026-09-10T13:38:02Z,3,modernistpantry.com
JP,★★★★,MILK,4955447100416,NO,KANDYDAT_PR,Hokkaido Hidaka 3.6 Long Life Milk 200 ml,EAN_ON_GENERIC_TLD_PAGE,LEAD,https://www.tajimaya-cc.net/products/36120,200,DIRECT,,GENERIC_TLD,RAW_HTML,,l in One SEO 5.0.1.1 - aioseo.com --><title>北海道日高乳業 LL北海道3.6牛乳 200ml (4955447100416) の仕入れ・箱買いなら激安卸問屋【タジ,北海道日高乳業 LL北海道3.6牛乳 200ml (4955447100416) の仕入れ・箱買いなら激安卸問屋【タジマヤ】,429b25ef8b027572,2026-09-10T13:40:14Z,6,shop.use.com.tw;www.tajimaya-cc.net
JP,★★★★,CREAM,3252920035502,NO,KANDYDAT_WARUNKOWY,Le Gall Crème fleurette entière 30% MG,EAN_ON_FOREIGN_MARKET_PAGE,LEAD,https://www.auchan.fr/legall-creme-fleurette-entiere-30-mg/pr-C1176894,200,DIRECT,FR,CCTLD,RAW_HTML,,"alues""> 18869 / 3252920035502 ",LEGALL Cr&#xE8;me fleurette enti&#xE8;re 30% MG 25cl pas cher - Auchan.fr,abd447601b1921e6,2026-09-10T13:38:52Z,7,www.auchan.fr
JP,★★★★,SMP,4908013127805,NO,WYMAGA_ETYKIETY,よつ葉 北海道スキムミルク (Yotsuba Hokkaido Skim Milk),MARKET_PAGE_WITHOUT_EAN,LEAD,https://www.yotsuba.co.jp/product/milk-powder_12780.html,200,DIRECT,JP,CCTLD,BROWSER_DOM,,,北海道スキムミルク | よつ葉,,2026-09-10T14:01Z,3,
JP,★★★★,SUCROSE,,,READY_PI,Biały cukier krystaliczny — 100% cukier,GENERIC_PI_NO_EAN,N/A,,,,,,,,,,,,0,
JP,★★★★,DEXTROSE,,,WYMAGA_ETYKIETY,ブドウ糖 / 含水結晶ぶどう糖 1kg,NO_EAN_IN_V7,BRAK,https://item.rakuten.co.jp/nk/455447/,200,MARKETPLACE,JP,CCTLD,RAW_HTML,,,,46cf89bad7d1ff16,2026-09-10T13:37:44Z,2,
JP,★★★★,TARA,,,WYMAGA_ETYKIETY,"スピノガムD (Spinogum D), tara gum",NO_EAN_IN_V7,BRAK,https://sansho.co.jp/product/other-products/,200,DIRECT,JP,CCTLD,RAW_HTML,,,"タラガム | 三晶株式会社 Sansho Co., Ltd.",2fa7cb04fb4f680e,2026-09-10T13:38:23Z,2,
QA,★★★★,MILK,5711953072352,NO,KANDYDAT_PR,Organic Milk Full Fat 200ml,EAN_ON_FOREIGN_MARKET_PAGE,LEAD,https://www.thefreshmarketdubai.com/products/arla-organic-milk-full-fat-200ml-5711953072352,200,DIRECT,AE,CURRENCY,RAW_HTML,AED,""" content=""AED"" /> <meta property=""product:retailer_item_id"" content=""5711953072352"" /> <meta name=""twi",Arla Organic Milk Full Fat 200ml - The Fresh Market,f8fd741d53c7a6f6,2026-09-10T13:40:15Z,3,www.thefreshmarketdubai.com
QA,★★★★,CREAM,3412290032215,NO,KANDYDAT_PR,Paysan Breton La Crème Pâtisserie & Cuisine UHT 30%,PAGE_WITHOUT_EAN,LEAD,https://bf1af2.akinoncloudcdn.com/products/2025/03/28/87485/697134c3-73cd-408b-8a68-2100017edff8_size1920_cropCenter.jpg,200,DIRECT,,GENERIC_TLD,RAW_HTML,,,,9222f33f0d027bc7,2026-09-10T13:37:12Z,4,
QA,★★★★,SMP,3043931691418,NO,KANDYDAT_PR,Régilait Instant Skimmed Milk Powder 0% Fat,EAN_ON_MARKET_PAGE,CONFIRMED,https://thegrocer.com.qa/product/regilait-instant-skimmed-milk-powder-non-fat-300g/,200,DIRECT,QA,CCTLD,RAW_HTML,QAR,"livery with premium products delivered across Doha and Qatar."",""sku"":""3043931691418"",""category"":""Fresh ",REGILAIT INSTANT SKIMMED MILK POWDER NON FAT 300G | The Grocer Qatar,82b6527c57dcca6a,2026-09-10T13:38:37Z,3,thegrocer.com.qa
QA,★★★★,SUCROSE,,,READY_PI,Biały cukier krystaliczny — 100% cukier,GENERIC_PI_NO_EAN,N/A,,,,,,,,,,,,0,
QA,★★★★,DEXTROSE,,,WYMAGA_GTIN,Dextrose Monohydrate 1kg,NO_EAN_IN_V7,BRAK,https://www.chefmiddleeast.com/products/18224/,200,DIRECT,,GENERIC_TLD,RAW_HTML,,,,2548294760c55f83,2026-09-10T13:39:03Z,5,
QA,★★★★,TARA,819543011967,NO,KANDYDAT_PR,Modernist Pantry Pure Tara Gum Powder,EAN_ON_GENERIC_TLD_PAGE,LEAD,https://modernistpantry.com/products/tara-gum.html,200,DIRECT,,GENERIC_TLD,RAW_HTML,USD,"y.com\u002fmodernist-pantry\u002f""},""attributes"":[],""mpn"":null,""upc"":""819543011967"",""options"":[{""id"":2","Tara Gum - Modernist Pantry, LLC",e93d1ba8441f8f2a,2026-09-10T13:38:02Z,3,modernistpantry.com
KE,★★★★,MILK,6281007032568,NO,KANDYDAT_PR,Almarai Long Life Milk Full Fat 200 ml,EAN_ON_FOREIGN_MARKET_PAGE,LEAD,https://hungerstation.com/sa-en/supermarkets/regions/jeddah/az-zahra/branch/spinneys-178611/product/almarai-milk-full-fat-200ml-6281007032568,200,MARKETPLACE,SA,PATH_LOCALE,RAW_HTML,SAR,""":""Almarai Milk Full Fat 200ml, fresh milk with a rich taste."",""sku"":""6281007032568"",""category"":""Milk &",Buy Almarai Milk Full Fat 200Ml in Saudi Arabia | HungerStation,81a664b8c2cd2eeb,2026-09-10T13:37:40Z,5,hungerstation.com;shopatshams.com.pk
KE,★★★★,CREAM,5701215046375,NO,KANDYDAT_PR,Emborg Natural Whipping Cream UHT 35%,EAN_ON_MARKET_PAGE,CONFIRMED,https://artcaffemarket.co.ke/products/emborg-whipping-cream-fat-uht-35-200ml,200,DIRECT,KE,CCTLD,RAW_HTML,KES,"0,""compare_at_price"":null,""inventory_management"":""shopify"",""barcode"":""5701215046375"",""requires_selling_","Emborg Whipping Cream Fat Uht 35%, 200ml",452f30b006ccbd2f,2026-09-10T13:37:07Z,3,artcaffemarket.co.ke;maxmartonline.com
KE,★★★★,SMP,733739058324,NO,KANDYDAT_PR,NOW Real Food Organic Non-Fat Dry Milk Powder,EAN_ON_GENERIC_TLD_PAGE,LEAD,https://www.nowfoods.com/products/natural-foods/non-fat-dry-milk-powder-organic,200,DIRECT,,GENERIC_TLD,BROWSER_DOM,USD,"data-destini-association=""default"" data-destini-apo=""733739058324""",Milk Powder | Powdered Milk | Organic Dry Milk Powder | NOW Foods,,2026-09-10T14:01Z,3,www.nowfoods.com
KE,★★★★,SUCROSE,,,READY_PI,Biały cukier krystaliczny — 100% cukier,GENERIC_PI_NO_EAN,N/A,,,,,,,,,,,,0,
KE,★★★★,DEXTROSE,,,WYMAGA_ETYKIETY,Dextrose Monohydrate (food grade),NO_EAN_IN_V7,BRAK,https://zenithcoltd.com/product/dextrose-monohydrate-kenya/,200,DIRECT,,GENERIC_TLD,RAW_HTML,,,Dextrose Monohydrate | High Purity Supply - Zenco Systems Ltd,d0993ceb13fde128,2026-09-10T13:40:30Z,1,
KE,★★★★,TARA,,,WYMAGA_DOSTAWY,Modernist Pantry Pure Tara Gum Powder,NO_EAN_IN_V7,BRAK,https://modernistpantry.com/products/tara-gum.html,200,DIRECT,,GENERIC_TLD,RAW_HTML,USD,,"Tara Gum - Modernist Pantry, LLC",e93d1ba8441f8f2a,2026-09-10T13:38:02Z,2,
CO,★★★★,MILK,7702177022726,NO,KANDYDAT_PR,"Alquería Súper Cremosa Leche Entera 3,5% 1100 ml",SOURCE_NOT_READABLE,LEAD,https://www.alqueria.com.co/productos/leche-entera/super-cremosa;,404,DIRECT,,GENERIC_TLD,RAW_HTML,,,Alqueria,aeced7644ff05c27,2026-09-10T13:38:46Z,2,
CO,★★★★,CREAM,7702177022344,NO,KANDYDAT_PR,Alquería Crema de Leche Original (fórmula PEC) 400 g,EAN_ON_MARKET_PAGE,CONFIRMED,https://www.megatiendas.co/crema-de-leche-alqueria-semientera-x-400-g-7702177022344/p,200,DIRECT,CO,CURRENCY,RAW_HTML,COP,"n><span class=""vtex-product-identifier-0-x-product-identifier__value"">7702177022344</span></span></div>",Crema de Leche Alquería Semientera x 400 g - Supermercado Megatiendas,f4dde73cecd717e9,2026-09-10T13:39:49Z,6,www.megatiendas.co
CO,★★★★,SMP,7702129004572,NO,WYMAGA_ETYKIETY,Leche en Polvo Descremada Colanta Slight,EAN_ON_MARKET_PAGE,CONFIRMED,https://www.mercacentro.com/leche-colanta-en-polvo-descremada-slight-380--g/p,200,DIRECT,CO,CURRENCY,RAW_HTML,COP,"n><span class=""vtex-product-identifier-0-x-product-identifier__value"">7702129004572</span></span></div>",Leche Colanta En Polvo Descremada Slight 380 g - Mercacentro,5206bed2577ae1fb,2026-09-10T13:39:50Z,3,www.mercacentro.com
CO,★★★★,SUCROSE,,,READY_PI,Biały cukier krystaliczny — 100% cukier,GENERIC_PI_NO_EAN,N/A,,,,,,,,,,,,0,
CO,★★★★,DEXTROSE,,,WYMAGA_ETYKIETY,Dextrosa Monohidratada,NO_EAN_IN_V7,BRAK,https://tienda.essentiall.com.co/producto/dextrosa-monohidratada-x-1-kg/,200,DIRECT,CO,CURRENCY,RAW_HTML,COP,,Dextrosa Monohidratada x 1 Kg - Essentiall,e9e4a260db69584f,2026-09-10T13:38:38Z,1,
CO,★★★★,TARA,819543011967,NO,KANDYDAT_PR,Tara Gum — Home 50g,EAN_ON_GENERIC_TLD_PAGE,LEAD,https://modernistpantry.com/products/tara-gum.html,200,DIRECT,,GENERIC_TLD,RAW_HTML,USD,"y.com\u002fmodernist-pantry\u002f""},""attributes"":[],""mpn"":null,""upc"":""819543011967"",""options"":[{""id"":2","Tara Gum - Modernist Pantry, LLC",e93d1ba8441f8f2a,2026-09-10T13:38:02Z,3,modernistpantry.com
KR,★★★★,MILK,8801121772874,NO,KANDYDAT_PR,"Maeil Milk Original 3,6% 900 ml",EAN_ON_AGGREGATOR,LEAD,https://kr.openfoodfacts.org/produkt/8801121772874/original-3-6-milk-maeil,200,AGGREGATOR,KR,SUBDOMAIN_LOCALE,RAW_HTML,,"ter external knowledge panels window.productData = { code: ""8801121772874"", categories:",Original 3.6% Milk – Maeil,f04ee70eb991cd65,2026-09-10T13:37:47Z,2,kr.openfoodfacts.org
KR,★★★★,CREAM,3412290032215,NO,KANDYDAT_PR,Paysan Breton UHT Cooking & Whipping Cream 30%,EAN_ON_MARKET_PAGE,CONFIRMED,https://lottemartzetta.com/products/OS3412290032215/details,200,DIRECT,KR,CURRENCY,RAW_HTML,KRW,"=""width:20%;text-align:left;"">상품판매코드</th><td style=""text-align:left;"">3412290032215</td></tr><tr><th sc",페이장브레통 휘핑크림 (200ML)ㅣ롯데마트 제타 최상의 신선 식품과 다양한 간편식을 롯데마트 제타에서 만나보세요,aae156fcfd73beb0,2026-09-10T13:37:50Z,6,lottemartzetta.com
KR,★★★★,SMP,8801115421078,NO,KANDYDAT_PR,서울우유 탈지분유 (Seoul Skim Milk Powder),EAN_ON_MARKET_PAGE,CONFIRMED,https://lottemartzetta.com/products/OS8801115421078/details,200,DIRECT,KR,CURRENCY,RAW_HTML,KRW,"=""width:20%;text-align:left;"">상품판매코드</th><td style=""text-align:left;"">8801115421078</td></tr><tr><th sc",서울우유 탈지분유 (1KG)ㅣ롯데마트 제타 최상의 신선 식품과 다양한 간편식을 롯데마트 제타에서 만나보세요,c6e6183a48208f1a,2026-09-10T13:37:50Z,2,lottemartzetta.com
KR,★★★★,SUCROSE,,,READY_PI,Biały cukier krystaliczny — 100% cukier,GENERIC_PI_NO_EAN,N/A,,,,,,,,,,,,0,
KR,★★★★,DEXTROSE,,,WYMAGA_ETYKIETY,함수결정포도당 Dextrose Monohydrate 1kg,NO_EAN_IN_V7,BRAK,https://www.esfood.kr/goods/goods_view.php?goodsNo=186786072,200,DIRECT,KR,CCTLD,RAW_HTML,,,함수결정포도당 Dextrose Monohydrate,7c8adba23dda6856,2026-09-10T13:39:18Z,2,
KR,★★★★,TARA,8055728540170,NO,KANDYDAT_PR,Tara Gum 50gr. / Gomma di Tara E417,EAN_ON_GENERIC_TLD_PAGE,LEAD,https://saporepuro.myshopify.com/products/farina-di-semi-di-tara-gomma-di-tara-origine-peru-e417-confezionato-in-italia-1,200,DIRECT,,GENERIC_TLD,RAW_HTML,EUR,"0,""compare_at_price"":null,""inventory_management"":""shopify"",""barcode"":""8055728540170"",""featured_media"":{",Tara Seed Flour | SaporePuro,5f28b11dbdcd7cd4,2026-09-10T13:38:24Z,6,saporepuro.com;saporepuro.myshopify.com
CR,★★★★,MILK,7441001601071,NO,KANDYDAT_PR,"Dos Pinos Leche Entera UAT 3,5% 1 L",EAN_ON_GENERIC_TLD_PAGE,LEAD,https://www.superarias.com/leche-entera-3-5-grasa-dos-pinos-1l-tb/,200,DIRECT,,GENERIC_TLD,RAW_HTML,,"SHARE_BUTTONS(); });</script> <div class=""ficha_articulo"" data-ref=""7441001601071"" data-titulo=""Lec",ARIAS SUPERMERCADO SU COMERCIO LOCAL,baaf468fd81d7dc6,2026-09-10T13:40:10Z,2,www.superarias.com
CR,★★★★,CREAM,7441001604508,NO,KANDYDAT_PI_ESTIMATED,Dos Pinos Crema Dulce para Batir 35%,EAN_ON_MARKET_PAGE,CONFIRMED,https://www.megasuper.com/p/crema-dulce-dos-pinos-250ml-7441001604508,200,DIRECT,CR,CURRENCY,RAW_HTML,CRC,"0</span></p><p><b>Marca: </b><span>DOS PINOS</span></p></div>"",""sku"":""7441001604508"",""url"":""/p/crema-du",CREMA DULCE DOS PINOS 250ML,e8a2ca1be4531bb9,2026-09-10T13:39:49Z,4,www.megasuper.com
CR,★★★★,SMP,7441001612039,NO,WYMAGA_ETYKIETY,Dos Pinos Leche descremada en polvo instantánea 0% grasa 400 g,EAN_ON_MARKET_PAGE,CONFIRMED,https://www.walmart.co.cr/leche-dos-pinos-en-polvo-descremada-400-g-0/p,200,DIRECT,CR,CCTLD,RAW_HTML,CRC,"n><span class=""vtex-product-identifier-0-x-product-identifier__value"">7441001612039</span></span></div>",Leche Dos Pinos en Polvo Descremada - 400 g - Walmart | Costa Rica,e29f47c450a46b3f,2026-09-10T13:40:27Z,6,www.walmart.co.cr
CR,★★★★,SUCROSE,,,READY_PI,Biały cukier krystaliczny — 100% cukier,GENERIC_PI_NO_EAN,N/A,,,,,,,,,,,,0,
CR,★★★★,DEXTROSE,,,WYMAGA_ETYKIETY,Dextrosa Monohidratada,NO_EAN_IN_V7,BRAK,https://www.creafoods.com/dextrosa-monohidratada-1kg,200,DIRECT,,GENERIC_TLD,RAW_HTML,,,Creafoods. Dextrosa Monohidratada (1kg),cd6d4bbf7b1b448d,2026-09-10T13:39:10Z,2,
CR,★★★★,TARA,819543011967,NO,KANDYDAT_PR,Tara Gum — Home 50g,EAN_ON_GENERIC_TLD_PAGE,LEAD,https://modernistpantry.com/products/tara-gum.html,200,DIRECT,,GENERIC_TLD,RAW_HTML,USD,"y.com\u002fmodernist-pantry\u002f""},""attributes"":[],""mpn"":null,""upc"":""819543011967"",""options"":[{""id"":2","Tara Gum - Modernist Pantry, LLC",e93d1ba8441f8f2a,2026-09-10T13:38:02Z,3,modernistpantry.com
KW,★★★★,MILK,6281007040235,NO,KANDYDAT_PR,Fresh Milk Full Fat 1L,EAN_ON_GENERIC_TLD_PAGE,LEAD,https://mohideensupermarket.com/product/almarai-milk-full-fat-3-1-ltr/,200,DIRECT,,GENERIC_TLD,RAW_HTML,," <span class=""sku"">SKU: 6281007040235</span> ",Mohideen Supermarket - Almarai Milk Full Fat 3% 1 Ltr. - Mohideen Supermarket,680307bd3a6d3ef1,2026-09-10T13:38:02Z,3,mohideensupermarket.com
KW,★★★★,CREAM,3412290032215,NO,KANDYDAT_PR,Paysan Breton La Crème Pâtisserie & Cuisine UHT 30%,PAGE_WITHOUT_EAN,LEAD,https://bf1af2.akinoncloudcdn.com/products/2025/03/28/87485/697134c3-73cd-408b-8a68-2100017edff8_size1920_cropCenter.jpg,200,DIRECT,,GENERIC_TLD,RAW_HTML,,,,9222f33f0d027bc7,2026-09-10T13:37:12Z,4,
KW,★★★★,SMP,3043931691418,NO,KANDYDAT_PR,Régilait Instant Skimmed Milk Powder 0% Fat,EAN_ON_FOREIGN_MARKET_PAGE,LEAD,https://thegrocer.com.qa/product/regilait-instant-skimmed-milk-powder-non-fat-300g/,200,DIRECT,QA,CCTLD,RAW_HTML,QAR,"livery with premium products delivered across Doha and Qatar."",""sku"":""3043931691418"",""category"":""Fresh ",REGILAIT INSTANT SKIMMED MILK POWDER NON FAT 300G | The Grocer Qatar,82b6527c57dcca6a,2026-09-10T13:38:37Z,4,thegrocer.com.qa
KW,★★★★,SUCROSE,,,READY_PI,Biały cukier krystaliczny — 100% cukier,GENERIC_PI_NO_EAN,N/A,,,,,,,,,,,,0,
KW,★★★★,DEXTROSE,,,WYMAGA_ETYKIETY,Dextrose Monohydrate – food applications,NO_EAN_IN_V7,BRAK,https://chemstock.ae/industrial-chemicals/food-chemicals/dextrose-monohydrate-supplier-uae/,200,DIRECT,AE,CCTLD,RAW_HTML,,,Dextrose Monohydrate | High-Purity Glucose Powder Supplier in UAE,a39df571350b4c6e,2026-09-10T13:37:18Z,1,
KW,★★★★,TARA,819543011967,NO,WYMAGA_DOSTAWY,Modernist Pantry Pure Tara Gum Powder,EAN_ON_GENERIC_TLD_PAGE,LEAD,https://modernistpantry.com/products/tara-gum.html,200,DIRECT,,GENERIC_TLD,RAW_HTML,USD,"y.com\u002fmodernist-pantry\u002f""},""attributes"":[],""mpn"":null,""upc"":""819543011967"",""options"":[{""id"":2","Tara Gum - Modernist Pantry, LLC",e93d1ba8441f8f2a,2026-09-10T13:38:02Z,3,modernistpantry.com
LT,★★★★,MILK,4770265041259,NO,KANDYDAT_PR,"Pienas MŪ UAT 3,5% rieb. 1 l",EAN_ON_MARKET_PAGE,CONFIRMED,https://www.printera.lt/c/p/pienas-mu-3-5-riebumo-1-l--246813,200,DIRECT,LT,CCTLD,RAW_HTML,," </dt> <dd class=""description__data""> 4770265041259 ","Pienas M&#x16A; 3,5 % riebumo, 1 l | PRINTERA",42d5fb9bde57d349,2026-09-10T13:40:01Z,4,www.printera.lt
LT,★★★★,CREAM,5901432003261,NO,KANDYDAT_PR,Meadow Star UHT whipping cream 30%,MARKET_PAGE_WITHOUT_EAN,LEAD,https://www.rimi.lt/e-parduotuve/en/products/dairy-products-and-eggs/sour-and-sweet-cream-/cream/grietinele-meadow-star-uat-30-500-ml/p/4004128,200,DIRECT,LT,CCTLD,BROWSER_DOM,EUR,,"Grietinėlė MEADOW STAR UAT, 30 %, 500 ml",,2026-09-10T14:05Z,3,
LT,★★★★,SMP,,,WYMAGA_GTIN,Lieso pieno milteliai,NO_EAN_IN_V7,BRAK,https://aone.lt/produktas/lieso-pieno-milteliai-1000g/,200,DIRECT,LT,CCTLD,RAW_HTML,EUR,,Lieso pieno milteliai 1000g - Aone.lt,9537d3dac8eb0952,2026-09-10T13:37:06Z,2,
LT,★★★★,SUCROSE,,,READY_PI,Biały cukier krystaliczny — 100% cukier,GENERIC_PI_NO_EAN,N/A,,,,,,,,,,,,0,
LT,★★★★,DEXTROSE,4744130012590,NO,WYMAGA_ETYKIETY,"ICONFIT Dextro, czysta dekstroza w proszku",EAN_ON_MARKET_PAGE,CONFIRMED,https://iconfit.lt/en/products/dextrose,200,DIRECT,LT,CCTLD,RAW_HTML,EUR,""" content=""EUR"" /> <meta property=""product:retailer_item_id"" content=""4744130012590"" /> <meta name=""twi",ICONFIT Dextro (1 kg) - ICONFIT,f18f55ee509a2b95,2026-09-10T13:37:41Z,3,elvaistine.lt;iconfit.lt;sportfit.ee
LT,★★★★,TARA,,,WYMAGA_ETYKIETY,Tara guma,NO_EAN_IN_V7,BRAK,https://aone.lt/produktas/tara-guma-200g-400g-600g/,200,DIRECT,LT,CCTLD,RAW_HTML,EUR,,Tara guma 200g / 400g / 600g - Aone.lt,ef02e7e2326be0dd,2026-09-10T13:37:06Z,1,
LU,★★★★,MILK,5450168511507,NO,KANDYDAT_PR,"Luxlait UHT Whole Milk 3,5% 1 L",EAN_ON_MARKET_PAGE,CONFIRMED,https://www.luxlait.lu/en/product/uht-milk/pro,200,DIRECT,LU,CCTLD,RAW_HTML,,strong>Article EAN</strong> <span>5450168511507</span> ,Luxlait,79c22735485185f5,2026-09-10T13:39:44Z,1,www.luxlait.lu
LU,★★★★,CREAM,5450168531871,NO,KANDYDAT_PR,Luxlait Crème UHT L’entière 30% 200 ml,EAN_ON_MARKET_PAGE,CONFIRMED,https://www.luxlait.lu/de/produkt/uht-schlagsahne/pro,200,DIRECT,LU,CCTLD,RAW_HTML,,strong>Article EAN</strong> <span>5450168531871</span> ,Luxlait,7f57af3db44d9505,2026-09-10T13:39:44Z,3,www.luxlait.lu
LU,★★★★,SMP,3254560079519,NO,KANDYDAT_PR,Lait en poudre écrémé,EAN_ON_MARKET_PAGE,CONFIRMED,https://auchan.lu/lait-concentre-en-poudre/6749-lait-en-poudre-ecreme-300g-189847.html,200,DIRECT,LU,CCTLD,RAW_HTML,EUR,",""product_name"":""Lait en Poudre Ecr\u00e9m\u00e9 300g"",""product_ean"":""3254560079519"",""product_brand"":""A",Lait en Poudre Ecrémé 300g,7cd23cb217801782,2026-09-10T13:37:08Z,2,auchan.lu;www.auchan.fr
LU,★★★★,SUCROSE,,,READY_PI,Biały cukier krystaliczny — 100% cukier,GENERIC_PI_NO_EAN,N/A,,,,,,,,,,,,0,
LU,★★★★,DEXTROSE,,,WYMAGA_ETYKIETY,Dextrose Monohydraté,NO_EAN_IN_V7,BRAK,https://www.hobbyscuit.com/sucres/1268-dextrose-monohydrate.html,200,DIRECT,,GENERIC_TLD,RAW_HTML,EUR,,"Dextrose en poudre, dextrose, dextrose monohydraté, liant, sucre en poudre",df0d48617d802461,2026-09-10T13:39:26Z,2,
LU,★★★★,TARA,8055728540170,NO,KANDYDAT_PR,SaporePuro Farina di Semi di Tara / Gomma di Tara E417,EAN_ON_GENERIC_TLD_PAGE,LEAD,https://saporepuro.com/products/farina-di-semi-di-tara-gomma-di-tara-origine-peru-e417-confezionato-in-italia-1,200,DIRECT,,GENERIC_TLD,RAW_HTML,EUR,"0,""compare_at_price"":null,""inventory_management"":""shopify"",""barcode"":""8055728540170"",""featured_media"":{",Tara Seed Flour | SaporePuro,41be4c71cd4a344d,2026-09-10T13:38:23Z,4,saporepuro.com
LV,★★★★,MILK,4770265041259,NO,KANDYDAT_PR,"Piens MŪ 3,5% tauku 1 l",EAN_ON_FOREIGN_MARKET_PAGE,LEAD,https://www.printera.lt/c/p/pienas-mu-3-5-riebumo-1-l--246813,200,DIRECT,LT,CCTLD,RAW_HTML,," </dt> <dd class=""description__data""> 4770265041259 ","Pienas M&#x16A; 3,5 % riebumo, 1 l | PRINTERA",42d5fb9bde57d349,2026-09-10T13:40:01Z,4,www.printera.lt
LV,★★★★,CREAM,5901432003261,NO,KANDYDAT_PR,Meadow Star UHT whipping cream 30%,MARKET_PAGE_WITHOUT_EAN,LEAD,https://www.rimi.lv/e-veikals/en/products/dairy-and-eggs/cream/whipping-cream/saldais-krejums-meadow-star-uht-30-500ml/p/4004128,200,DIRECT,LV,CCTLD,BROWSER_DOM,EUR,,Saldais krējums Meadow Star UHT 30% 500ml,,2026-09-10T14:05Z,3,
LV,★★★★,SMP,,,WYMAGA_GTIN,Vājpiena pulveris,NO_EAN_IN_V7,BRAK,https://piens.lv/produkti/vajpiena-pulveris,200,DIRECT,LV,CCTLD,RAW_HTML,,,Vājpiena pulveris — AS „Rīgas piena kombināts”,4aacbe33a7e942d9,2026-09-10T13:38:17Z,2,
LV,★★★★,SUCROSE,,,READY_PI,Biały cukier krystaliczny — 100% cukier,GENERIC_PI_NO_EAN,N/A,,,,,,,,,,,,0,
LV,★★★★,DEXTROSE,4744130012590,NO,WYMAGA_ETYKIETY,"ICONFIT Dextro, czysta dekstroza w proszku",EAN_ON_MARKET_PAGE,CONFIRMED,https://iconfit.lv/products/dextrose,200,DIRECT,LV,CCTLD,RAW_HTML,EUR,""" content=""EUR"" /> <meta property=""product:retailer_item_id"" content=""4744130012590"" /> <meta name=""twi",ICONFIT Dextro - ICONFIT,f985dfe898e7b82f,2026-09-10T13:37:41Z,4,iconfit.ee;iconfit.lv;moonmart.lv;sportfit.ee
LV,★★★★,TARA,8055728540170,NO,KANDYDAT_PR,SaporePuro Farina di Semi di Tara / Gomma di Tara E417,EAN_ON_GENERIC_TLD_PAGE,LEAD,https://saporepuro.com/products/farina-di-semi-di-tara-gomma-di-tara-origine-peru-e417-confezionato-in-italia-1,200,DIRECT,,GENERIC_TLD,RAW_HTML,EUR,"0,""compare_at_price"":null,""inventory_management"":""shopify"",""barcode"":""8055728540170"",""featured_media"":{",Tara Seed Flour | SaporePuro,41be4c71cd4a344d,2026-09-10T13:38:23Z,4,saporepuro.com
MY,★★★★,MILK,5701215046832,NO,KANDYDAT_PR,"Emborg UHT Full Cream Milk 3,5% 1 L",EAN_ON_GENERIC_TLD_PAGE,LEAD,https://maxmartonline.com/emborg-milk-full-cream-1ltr,200,DIRECT,,GENERIC_TLD,RAW_HTML,,"iew"");fbq(""track"",""ViewContent"",{content_category:""Milk"",content_ids:""5701215046832"",content_name:""Embo",MaxMart Online . Emborg Milk Full Cream 1ltr,05d18e68ed80df6b,2026-09-10T13:37:56Z,6,maxmartonline.com;www.meatup.shop
MY,★★★★,CREAM,5701215046375,NO,KANDYDAT_PR,Emborg Natural Whipping Cream UHT 35.1% 200 ml,EAN_ON_GENERIC_TLD_PAGE,LEAD,https://maxmartonline.com/emborg-whipping-cream-200ml,200,DIRECT,,GENERIC_TLD,RAW_HTML,,"bq(""track"",""ViewContent"",{content_category:""Fresh Cream"",content_ids:""5701215046375"",content_name:""Embo",MaxMart Online . Emborg Whipping Cream 200ml,c802d5b60a54e738,2026-09-10T13:37:56Z,5,maxmartonline.com
MY,★★★★,SMP,9556958338807,NO,WYMAGA_ETYKIETY,Sunlac Low Fat Instant Skim Milk Powder,EAN_ON_MARKET_PAGE,CONFIRMED,https://megakulim.com.my/index.php?product_id=454&route=product%2Fproduct,200,DIRECT,MY,CCTLD,RAW_HTML,,"Barcode:</td> <td class=""product-info-value""><span id=""barcode"">9556958338807</span> </td> ",Sunlac Instant Skim Milk Powder (300g / 700g / 15's x 20g),df6a73a525d6c3e5,2026-09-10T13:37:58Z,4,aapharmacy.com.my;megakulim.com.my
MY,★★★★,SUCROSE,,,READY_PI,Biały cukier krystaliczny — 100% cukier,GENERIC_PI_NO_EAN,N/A,,,,,,,,,,,,0,
MY,★★★★,DEXTROSE,,,WYMAGA_ETYKIETY,Pastry Pro Dextrose Monohydrate Food Grade 1kg,NO_EAN_IN_V7,BRAK,https://pastrypro.com.my/products/dextrose-monohydrate-food-grade-1kg,200,DIRECT,MY,CCTLD,RAW_HTML,MYR,,"Pastry Pro, Dextrose Monohydrate Food Grade - 1kg",4ec5feaa64afbc93,2026-09-10T13:38:15Z,1,
MY,★★★★,TARA,,,WYMAGA_ETYKIETY,Tara Gum Powder / Serbuk Gam Tara,NO_EAN_IN_V7,BRAK,https://takeitglobal.my/products/tara-gum-powder-serbuk-gam-tara-caesalpinia-spinosa-gum-%E5%A1%94%E6%8B%89%E8%83%B6%E7%B2%89,200,DIRECT,MY,CCTLD,RAW_HTML,MYR,,Tara Gum Powder / Serbuk Gam Tara / Caesalpinia Spinosa Gum 塔拉胶粉,cc4ad3d819670383,2026-09-10T13:38:36Z,1,
MT,★★★★,MILK,5350066100042,NO,KANDYDAT_PR,"Benna Fresh Whole Milk 3,5% 1 L",EAN_ON_MARKET_PAGE,CONFIRMED,https://savemart.com.mt/product/3578/popup,200,DIRECT,MT,CCTLD,RAW_HTML,,"RESH MILK 1L</h1> <div class=""product-sku"">SKU: <span>5350066100042</span></div> ",,834a149bf9a80a62,2026-09-10T13:38:24Z,3,savemart.com.mt
MT,★★★★,CREAM,3155250367896,NO,KANDYDAT_PR,Président Crème UHT semi-épaisse entière 30% MG 2×25cl,EAN_ON_FOREIGN_MARKET_PAGE,LEAD,https://www.auchan.fr/president-creme-semi-epaisse-entiere-gastronomique-30-mg-uht/pr-C1174614,200,DIRECT,FR,CCTLD,RAW_HTML,,"alues""> 10936 / 3155250367896 ",PRESIDENT Cr&#xE8;me semi-&#xE9;paisse enti&#xE8;re gastronomique 30% MG UHT 2x25cl pas ch,8565932bd9f485fc,2026-09-10T13:38:52Z,3,www.auchan.fr
MT,★★★★,SMP,3043939531112,NO,KANDYDAT_PR,Skimmed Milk Powder,EAN_ON_MARKET_PAGE,CONFIRMED,https://savemart.com.mt/product/89655/popup,200,DIRECT,MT,CCTLD,RAW_HTML,,"DER SML 300G</h1> <div class=""product-sku"">SKU: <span>3043939531112</span></div> ",,df889775056bbf7e,2026-09-10T13:38:24Z,4,savemart.com.mt
MT,★★★★,SUCROSE,,,READY_PI,Biały cukier krystaliczny — 100% cukier,GENERIC_PI_NO_EAN,N/A,,,,,,,,,,,,0,
MT,★★★★,DEXTROSE,8050246530061,NO,KANDYDAT_PR,Destrosio Monoidrato 1kg,EAN_ON_GENERIC_TLD_PAGE,LEAD,https://artegustando.com/products/destrosio-monoidrato,200,DIRECT,,GENERIC_TLD,RAW_HTML,EUR,"mation-template--28759894917468__main""><li> <b>EAN:</b> 8050246530061 </li><l",Destrosio Monoidrato in Polvere per Gelati e Dolci &ndash; Artegustando,327fe1dc611dee67,2026-09-10T13:37:08Z,2,artegustando.com
MT,★★★★,TARA,8055728540170,NO,KANDYDAT_PR,SaporePuro Farina di Semi di Tara / Gomma di Tara E417,EAN_ON_GENERIC_TLD_PAGE,LEAD,https://saporepuro.com/products/farina-di-semi-di-tara-gomma-di-tara-origine-peru-e417-confezionato-in-italia-1,200,DIRECT,,GENERIC_TLD,RAW_HTML,EUR,"0,""compare_at_price"":null,""inventory_management"":""shopify"",""barcode"":""8055728540170"",""featured_media"":{",Tara Seed Flour | SaporePuro,41be4c71cd4a344d,2026-09-10T13:38:23Z,4,saporepuro.com
MA,★★★★,MILK,8410285127347,NO,KANDYDAT_PR,Lait de vache stérilisé UHT entier 3.5% M.G. 1L,EAN_ON_GENERIC_TLD_PAGE,LEAD,https://suatuoi.com/president/president-full-cream-1l-combo,200,DIRECT,,GENERIC_TLD,RAW_HTML,," <div class=""item""><i class=""icon-angle-right""></i> Barcode: <span>8410285127347</span></div> <di",Sữa tươi President nhập khẩu 100% từ Pháp - Combo 12 hộp,8a66f1f8fc2a5c82,2026-09-10T13:38:33Z,9,comercoo.com;suatuoi.com
MA,★★★★,CREAM,3155250367834,NO,KANDYDAT_PR,Bridélice Crème UHT entière fluide 30% MG,SOURCE_NOT_READABLE,LEAD,https://www.carrefour.fr/p/creme-uht-fluide-entiere-30-mg-bridelice-3155250367834,403,DIRECT,FR,CCTLD,RAW_HTML,,,Carrefour,3bf8e7433d70a515,2026-09-10T13:39:00Z,3,
MA,★★★★,SMP,733739058324,NO,KANDYDAT_PR,NOW Real Food Organic Non-Fat Dry Milk Powder,EAN_ON_GENERIC_TLD_PAGE,LEAD,https://www.nowfoods.com/products/natural-foods/non-fat-dry-milk-powder-organic,200,DIRECT,,GENERIC_TLD,BROWSER_DOM,USD,"data-destini-association=""default"" data-destini-apo=""733739058324""",Milk Powder | Powdered Milk | Organic Dry Milk Powder | NOW Foods,,2026-09-10T14:01Z,3,www.nowfoods.com
MA,★★★★,SUCROSE,,,READY_PI,Biały cukier krystaliczny — 100% cukier,GENERIC_PI_NO_EAN,N/A,,,,,,,,,,,,0,
MA,★★★★,DEXTROSE,,,WYMAGA_ETYKIETY,Dextrose Monohydrate 25kg,NO_EAN_IN_V7,BRAK,https://www.multitrade.ma/nos-produits/,200,DIRECT,MA,CCTLD,RAW_HTML,,,Nos produits - Multitrade,7f7517aba287728f,2026-09-10T13:39:53Z,2,
MA,★★★★,TARA,,,WYMAGA_ETYKIETY,E417 - Gomme de Tara / Tara Gum,NO_EAN_IN_V7,BRAK,https://catalogue.topnegoce.com/en/1221-999-e417-tara-gum-top-negoce.html,200,DIRECT,MA,CURRENCY,RAW_HTML,MAD,,E417 - Tara Gum - Top Negoce - Morocco,82253702c7c056e7,2026-09-10T13:37:14Z,3,
MX,★★★★,MILK,7501055900039,NO,KANDYDAT_PR,"Alpura Clásica Leche Entera UHT 3,4% 1 L",EAN_ON_MARKET_PAGE,CONFIRMED,https://onixsuper.com/producto/leche-up-alpura-clasica-1-0-lt/,200,DIRECT,MX,CURRENCY,RAW_HTML,MXN,"lass=""sku_wrapper""> <label>SKU:</label> <span class=""sku""> 7501055900039 </span> </span>",Leche Alpura Clásica Up 1 l &#8211; Onix,ee220a342cfbb347,2026-09-10T13:38:11Z,3,onixsuper.com
MX,★★★★,CREAM,7501092101031,NO,KANDYDAT_PR,Lyncott Crema para Batir 500 ml,EAN_ON_MARKET_PAGE,CONFIRMED,https://www.cucopanaderos.com.mx/tienda/cremas-/389-crema-p-batir-lyncott-20x500grs-5-0.html,200,DIRECT,MX,CCTLD,RAW_HTML,,"on"" content=""DISPONIBLE EN PRESENTACION DE: CAJA DE 20 PZ PZ CLAVE: 7501092101031 ""> <meta name=""ke",CREMA PARA BATIR LYNCOTT 20X500GRS,2a3d6d17eb81749d,2026-09-10T13:39:10Z,5,www.cucopanaderos.com.mx
MX,★★★★,SMP,733739058324,NO,KANDYDAT_PR,NOW Real Food Organic Non-Fat Dry Milk Powder,EAN_ON_GENERIC_TLD_PAGE,LEAD,https://www.nowfoods.com/products/natural-foods/non-fat-dry-milk-powder-organic,200,DIRECT,,GENERIC_TLD,BROWSER_DOM,USD,"data-destini-association=""default"" data-destini-apo=""733739058324""",Milk Powder | Powdered Milk | Organic Dry Milk Powder | NOW Foods,,2026-09-10T14:01Z,2,www.nowfoods.com
MX,★★★★,SUCROSE,,,READY_PI,Biały cukier krystaliczny — 100% cukier,GENERIC_PI_NO_EAN,N/A,,,,,,,,,,,,0,
MX,★★★★,DEXTROSE,,,WYMAGA_ETYKIETY,Dextrosa monohidratada,NO_EAN_IN_V7,BRAK,https://tienda.pochteca.net/products/dextrosa-monohidratada,200,DIRECT,MX,CURRENCY,RAW_HTML,MXN,,Dextrosa monohidratada &ndash; Pochteca Materias Primas,f1051db5d363f183,2026-09-10T13:38:38Z,2,
MX,★★★★,TARA,,,WYMAGA_ETYKIETY,Goma Tara — oferta spożywcza B2B,NO_EAN_IN_V7,BRAK,https://maprysa.com.mx/goma-de-konjac,200,DIRECT,MX,CCTLD,RAW_HTML,,,Goma de Konjac,21fd1489cb6bb86e,2026-09-10T13:37:56Z,2,
NG,★★★★,MILK,8716200612883,NO,KANDYDAT_PR,"Peak UHT Full Cream Milk 3,6% 1 L",MARKET_PAGE_WITHOUT_EAN,LEAD,https://www.peakmilk.com.ng/assortment/ready-to-drink/peak-uht-milk-full-cream/;,200,DIRECT,NG,CCTLD,BROWSER_DOM,,,Peak UHT Milk Full Cream 1L – Peakmilk,,2026-09-10T14:05Z,2,
NG,★★★★,CREAM,5701215046375,NO,KANDYDAT_PR,Emborg Natural Whipping Cream UHT 35%,EAN_ON_GENERIC_TLD_PAGE,LEAD,https://maxmartonline.com/emborg-whipping-cream-200ml,200,DIRECT,,GENERIC_TLD,RAW_HTML,,"bq(""track"",""ViewContent"",{content_category:""Fresh Cream"",content_ids:""5701215046375"",content_name:""Embo",MaxMart Online . Emborg Whipping Cream 200ml,c802d5b60a54e738,2026-09-10T13:37:56Z,3,maxmartonline.com
NG,★★★★,SMP,733739058324,NO,KANDYDAT_PR,NOW Real Food Organic Non-Fat Dry Milk Powder,EAN_ON_GENERIC_TLD_PAGE,LEAD,https://www.nowfoods.com/products/natural-foods/non-fat-dry-milk-powder-organic,200,DIRECT,,GENERIC_TLD,BROWSER_DOM,USD,"data-destini-association=""default"" data-destini-apo=""733739058324""",Milk Powder | Powdered Milk | Organic Dry Milk Powder | NOW Foods,,2026-09-10T14:01Z,3,www.nowfoods.com
NG,★★★★,SUCROSE,,,READY_PI,Biały cukier krystaliczny — 100% cukier,GENERIC_PI_NO_EAN,N/A,,,,,,,,,,,,0,
NG,★★★★,DEXTROSE,,,WYMAGA_ETYKIETY,Dextrose Monohydrate – Food Grade Glucose Powder,NO_EAN_IN_V7,BRAK,https://chemicalwarehouse.com.ng/product/dextrose-monohydrate/,200,DIRECT,NG,CCTLD,RAW_HTML,NGN,,Dextrose Monohydrate (Per kg) - A digital chemical warehouse for your chemicals and raw ma,3274c6ece7e6c3ca,2026-09-10T13:37:17Z,2,
NG,★★★★,TARA,711221973058,NO,WYMAGA_DOSTAWY,Cape Crystal Brands Tara Gum Powder,EAN_ON_GENERIC_TLD_PAGE,LEAD,https://www.capecrystalbrands.com/products/tara-gum,200,DIRECT,,GENERIC_TLD,RAW_HTML,USD,"""inventory_management"":""shopify"",""inventory_policy"":""deny"",""barcode"":""711221973058"",""featured_media"":{","Tara Gum – Higher Thickness at Lower Usage, No Flavor Impact &ndash; Cape Crystal Brands",625c49dea11f5f5b,2026-09-10T13:38:58Z,3,www.capecrystalbrands.com
OM,★★★★,MILK,6073000051499,NO,KANDYDAT_PR,Mazoon UHT Full Fat Milk 1 L,EAN_ON_MARKET_PAGE,CONFIRMED,https://youshopom.com/en/products/%D9%85%D8%B2%D9%88%D9%86-%D8%AD%D9%84%D9%8A%D8%A8-%D8%B7%D9%88%D9%8A%D9%84-%D8%A7%D9%84%D8%A3%D8%AC%D9%84-%D9%83%D8%A7%D9%85%D9%84-%D8%A7%D9%84%D8%AF%D8%B3%D9%85-1-%D9%84%D8%AA%D8%B1,200,DIRECT,OM,CURRENCY,RAW_HTML,OMR,"00x1000.png""], ""description"": """", ""sku"": ""6073000051499"" ,""ca",مزون حليب طويل الأجل كامل الدسم 1 لتر,67026ce74d4be50a,2026-09-10T13:40:29Z,3,youshopom.com
OM,★★★★,CREAM,5700426230177,NO,KANDYDAT_PR,Puck Whipping Cream UHT,EAN_ON_FOREIGN_MARKET_PAGE,LEAD,https://www.sharjahcoop.ae/en/puck-whipping-cream-200ml/p/5700426230177,200,DIRECT,AE,CCTLD,RAW_HTML,,""" href=""javascript:void('0');"" onclick=""javascript:addToWishList('5700426230177');"" title=""Add ",Puck Whipping Cream 200mL | Sharjah Co-operative Society,e3bf674f9698b937,2026-09-10T13:40:07Z,3,www.sharjahcoop.ae
OM,★★★★,SMP,733739058324,NO,KANDYDAT_PR,NOW Real Food Organic Non-Fat Dry Milk Powder,EAN_ON_GENERIC_TLD_PAGE,LEAD,https://www.nowfoods.com/products/natural-foods/non-fat-dry-milk-powder-organic,200,DIRECT,,GENERIC_TLD,BROWSER_DOM,USD,"data-destini-association=""default"" data-destini-apo=""733739058324""",Milk Powder | Powdered Milk | Organic Dry Milk Powder | NOW Foods,,2026-09-10T14:01Z,3,www.nowfoods.com
OM,★★★★,SUCROSE,,,READY_PI,Biały cukier krystaliczny — 100% cukier,GENERIC_PI_NO_EAN,N/A,,,,,,,,,,,,0,
OM,★★★★,DEXTROSE,,,WYMAGA_GTIN,Dextrose Monohydrate 1kg,NO_EAN_IN_V7,BRAK,https://www.chefmiddleeast.com/products/18224/,200,DIRECT,,GENERIC_TLD,RAW_HTML,,,,2548294760c55f83,2026-09-10T13:39:03Z,5,
OM,★★★★,TARA,819543011967,NO,KANDYDAT_PR,Modernist Pantry Pure Tara Gum Powder,EAN_ON_GENERIC_TLD_PAGE,LEAD,https://modernistpantry.com/products/tara-gum.html,200,DIRECT,,GENERIC_TLD,RAW_HTML,USD,"y.com\u002fmodernist-pantry\u002f""},""attributes"":[],""mpn"":null,""upc"":""819543011967"",""options"":[{""id"":2","Tara Gum - Modernist Pantry, LLC",e93d1ba8441f8f2a,2026-09-10T13:38:02Z,3,modernistpantry.com
PK,★★★★,MILK,8961008219561,NO,KANDYDAT_PR,Nestlé Milkpak Full Cream UHT Milk 1000ml,EAN_ON_MARKET_PAGE,CONFIRMED,https://zainabfamilymart.com/product/nestle-milk-pak-full-cream-milk-1-liter/,200,DIRECT,PK,CURRENCY,RAW_HTML,PKR,"wrapper""> <span class=""meta-label""> SKU: </span> <span class=""sku""> 8961008219561 </span> </span> <",Nestle Milk Pak Full Cream Milk 1 Liter - Zainab Family Mart,060b12a510a25c47,2026-09-10T13:40:30Z,4,zainabfamilymart.com
PK,★★★★,CREAM,3155253004699,NO,KANDYDAT_WARUNKOWY,Président Whipping Cream UHT 35.1%,EAN_ON_MARKET_PAGE,CONFIRMED,https://alfatah.pk/products/president-whipping-cream-200ml,200,DIRECT,PK,CCTLD,RAW_HTML,PKR,"""compare_at_price"":259500,""inventory_management"":""shopify"",""barcode"":""3155253004699"",""requires_selling_",PRESIDENT WHIPPING CREAM 200ML &ndash; Al-Fatah,d77324449fe7adb9,2026-09-10T13:37:06Z,6,alfatah.pk;world.openfoodfacts.org;www.auchan.sn
PK,★★★★,SMP,733739058324,NO,KANDYDAT_PR,Real Food Organic Non-Fat Dry Milk Powder,EAN_ON_GENERIC_TLD_PAGE,LEAD,https://www.nowfoods.com/products/natural-foods/non-fat-dry-milk-powder-organic,200,DIRECT,,GENERIC_TLD,BROWSER_DOM,USD,"data-destini-association=""default"" data-destini-apo=""733739058324""",Milk Powder | Powdered Milk | Organic Dry Milk Powder | NOW Foods,,2026-09-10T14:01Z,3,www.nowfoods.com
PK,★★★★,SUCROSE,,,READY_PI,Biały cukier krystaliczny — 100% cukier,GENERIC_PI_NO_EAN,N/A,,,,,,,,,,,,0,
PK,★★★★,DEXTROSE,,,WYMAGA_ETYKIETY,Confectoland Glucose Powder (Dextrose) – Premium Sweetener 250g,NO_EAN_IN_V7,BRAK,https://www.confectoland.com/products/glucose-powder-dextrose-baking-pakistan,200,DIRECT,PK,CURRENCY,RAW_HTML,PKR,,Buy Glucose Powder (Dextrose) in Pakistan | Confectoland &ndash; Confectoland,e1b93f43f79cafed,2026-09-10T13:39:06Z,2,
PK,★★★★,TARA,,,WYMAGA_DOSTAWY,Tara Gum [E417] 100% USP Food Grade Powder,NO_EAN_IN_V7,BRAK,https://www.ubuy.com.pk/en/product/5BVJX2NL2-tara-gum-e417-100-usp-food-grade-powder-1-lb-in-two-bottles-usa,403,DIRECT,PK,CCTLD,RAW_HTML,,,Just a moment...,8e050b19c0f9e900,2026-09-10T13:40:23Z,2,
PA,★★★★,MILK,0088209013366,NO,KANDYDAT_PR,Estrella Azul D'Oro Leche Entera 946ml,EAN_ON_GENERIC_TLD_PAGE,LEAD,https://www.super99.com/20046072-estrella-azul-d-oro-leche-entera-946ml,200,DIRECT,,GENERIC_TLD,RAW_HTML,USD," <strong class=""type"">UPC</strong> <div class=""value"" itemprop=""upc"">088209013366</div> - SKU 2004607",Estrella Azul D&#039;Oro Leche Entera 946 ml - Super 99,b6cc4ed916858eab,2026-09-10T13:40:10Z,2,www.super99.com
PA,★★★★,CREAM,5701215046375,NO,KANDYDAT_PR,Emborg Natural Whipping Cream UHT 35.1% 200 ml,EAN_ON_GENERIC_TLD_PAGE,LEAD,https://www.super99.com/20145110-emborg-crema-batir-200ml,200,DIRECT,,GENERIC_TLD,RAW_HTML,USD," <strong class=""type"">UPC</strong> <div class=""value"" itemprop=""upc"">5701215046375</div> - SKU 2014511",Emborg Crema Batir 200ml,784f7a06fc3116b8,2026-09-10T13:40:10Z,2,www.super99.com
PA,★★★★,SMP,733739058324,NO,KANDYDAT_PR,NOW Real Food Organic Non-Fat Dry Milk Powder,EAN_ON_GENERIC_TLD_PAGE,LEAD,https://www.nowfoods.com/products/natural-foods/non-fat-dry-milk-powder-organic,200,DIRECT,,GENERIC_TLD,BROWSER_DOM,USD,"data-destini-association=""default"" data-destini-apo=""733739058324""",Milk Powder | Powdered Milk | Organic Dry Milk Powder | NOW Foods,,2026-09-10T14:01Z,2,www.nowfoods.com
PA,★★★★,SUCROSE,,,READY_PI,Biały cukier krystaliczny — 100% cukier,GENERIC_PI_NO_EAN,N/A,,,,,,,,,,,,0,
PA,★★★★,DEXTROSE,,,WYMAGA_ETYKIETY,DEXTROSA MONOHIDRATADA BOLSA 1 Kg,NO_EAN_IN_V7,BRAK,https://delcaribeshop.com/pa/producto/dextrosa-monohidratada-bolsa-1-kg/,200,DIRECT,,GENERIC_TLD,RAW_HTML,USD,,"DEXTROSA MONOHIDRATADA BOLSA 1 Kg - Distribuidora del Caribe Panamá, S.A.",c9fcd886e4131465,2026-09-10T13:37:24Z,3,
PA,★★★★,TARA,819543011967,NO,WYMAGA_DOSTAWY,Tara Gum — Home 50g,EAN_ON_GENERIC_TLD_PAGE,LEAD,https://modernistpantry.com/products/tara-gum.html,200,DIRECT,,GENERIC_TLD,RAW_HTML,USD,"y.com\u002fmodernist-pantry\u002f""},""attributes"":[],""mpn"":null,""upc"":""819543011967"",""options"":[{""id"":2","Tara Gum - Modernist Pantry, LLC",e93d1ba8441f8f2a,2026-09-10T13:38:02Z,6,modernistpantry.com
ZA,★★★★,MILK,6001299016158,NO,KANDYDAT_PR,Ultra Pasteurised Full Cream Milk 2L,EAN_ON_MARKET_PAGE,CONFIRMED,https://www.checkers.co.za/product/clover-fresh-full-cream-milk-2l-10413121EA,200,DIRECT,ZA,CCTLD,RAW_HTML,ZAR,"."",""brand"":{""@type"":""Brand"",""name"":""Clover""},""sku"":""10413121"",""gtin"":""6001299016158"",""category"":""Milk, ",Checkers Sixty60 | Clover Fresh Full Cream Milk 2L,e1d0a59b9a73c123,2026-09-10T13:39:03Z,3,www.checkers.co.za
ZA,★★★★,CREAM,6001299012082,NO,KANDYDAT_PR,Clover Fresh Cream Ultra Pasteurised,EAN_ON_MARKET_PAGE,CONFIRMED,https://www.evergreenspta.co.za/cream/7455-clover-fresh-cream-250ml.html,200,DIRECT,ZA,CCTLD,RAW_HTML,ZAR," <label class=""label"">Reference </label> <span itemprop=""sku"">6001299012082</span> </div>",Clover Fresh Cream 250ml,59557b4f6a80d55e,2026-09-10T13:39:19Z,2,www.evergreenspta.co.za
ZA,★★★★,SMP,,,WYMAGA_GTIN,Clover Skimmed Milk Powder,NO_EAN_IN_V7,BRAK,https://www.clover.co.za/business/clover-skimmed-milk-powder/,200,DIRECT,ZA,CCTLD,RAW_HTML,,,Clover Skimmed Milk Powder | Clover Corporate,baa98737da191660,2026-09-10T13:39:05Z,1,
ZA,★★★★,SUCROSE,,,READY_PI,Biały cukier krystaliczny — 100% cukier,GENERIC_PI_NO_EAN,N/A,,,,,,,,,,,,0,
ZA,★★★★,DEXTROSE,6009705443239,NO,WYMAGA_ETYKIETY,Dextrose Monohydrate Powder 1kg,EAN_ON_MARKET_PAGE,CONFIRMED,https://my-whey.co.za/products/dextrose-monohydrate-powder,200,DIRECT,ZA,CCTLD,RAW_HTML,ZAR,"0,""compare_at_price"":null,""inventory_management"":""shopify"",""barcode"":""6009705443239"",""featured_media"":{",Dextrose Monohydrate Powder &ndash; My Whey | Bulk Supplements,31376676f7c5632f,2026-09-10T13:38:05Z,4,my-whey.co.za
ZA,★★★★,TARA,,,WYMAGA_ETYKIETY,UNIPEKTIN VIDOGUM SP native tara gum E417,NO_EAN_IN_V7,BRAK,https://danlink.com/product/gums-stabilizers/,200,DIRECT,,GENERIC_TLD,RAW_HTML,,,Gums &amp; Stabilizers - DanLink Ingredients,dee0b41967d18fda,2026-09-10T13:37:23Z,4,
RO,★★★★,MILK,5941355000688,NO,KANDYDAT_PR,"Zuzu lapte de consum integral 3,5% grăsime 1 l",EAN_ON_MARKET_PAGE,CONFIRMED,https://pacomarket.ro/product/lapte-zuzu-1l-3-5-grasime-2/,200,DIRECT,RO,CCTLD,RAW_HTML,RON,"""> <div class=""sku_produs""> <p>Cod produs: <span>5941355000688</span></p> <",LAPTE ZUZU 1L 3.5% &#8211; Paco Supermarket | Acum și online!,ce36398fe0c2800d,2026-09-10T13:38:14Z,4,pacomarket.ro
RO,★★★★,CREAM,8585002501837,NO,KANDYDAT_PR,Meggle Frișcă lichidă UHT 30%,EAN_ON_MARKET_PAGE,CONFIRMED,https://www.depozitcc.ro/delicatese/smantana-frisca-unt/frisca/frisca-lichida-30-meggle-uht-200ml-92327.html,200,DIRECT,RO,CCTLD,RAW_HTML,RON,"""><td class=""param-param Barcode"">Barcode</td><td class=""param-value"">8585002501837 <span></span></td><",Frisca FRISCA LICHIDA 30% MEGGLE UHT 200ML 92327 MEGGLE depo...,9ab39c4976c12c6a,2026-09-10T13:39:14Z,3,bevasarlas.tesco.hu;www.depozitcc.ro
RO,★★★★,SMP,6426309006538,NO,KANDYDAT_PR,"Lapte praf bio degresat, 1% grasime",EAN_ON_MARKET_PAGE,CONFIRMED,https://pronat.ro/products/lapte-praf-bio-degresat-1-grasime-250g-pronat,200,DIRECT,RO,CCTLD,RAW_HTML,RON,"0,""compare_at_price"":1790,""inventory_management"":""shopify"",""barcode"":""6426309006538"",""requires_selling_","Lapte praf bio degresat, 1% grasime, 250g Pronat &ndash; Pronat",a42780c29606f419,2026-09-10T13:38:19Z,3,pronat.ro;www.trada.ro
RO,★★★★,SUCROSE,,,READY_PI,Biały cukier krystaliczny — 100% cukier,GENERIC_PI_NO_EAN,N/A,,,,,,,,,,,,0,
RO,★★★★,DEXTROSE,8588006139983,NO,KANDYDAT_PR,"Dextroză - GymBeam, bez dodatków smakowych",EAN_ON_MARKET_PAGE,CONFIRMED,https://gymbeam.ro/dextroza-1000-g-gymbeam.html,200,DIRECT,RO,CCTLD,RAW_HTML,RON,"ewCondition"",""availability"":""https:\/\/schema.org\/InStock"",""gtin13"":""8588006139983"",""sku"":""5207""}],""pr",Dextroză - GymBeam | GymBeam.ro,f944765f2220a42c,2026-09-10T13:37:39Z,1,gymbeam.ro
RO,★★★★,TARA,8055728540170,NO,KANDYDAT_PR,SaporePuro Farina di Semi di Tara / Gomma di Tara E417,EAN_ON_GENERIC_TLD_PAGE,LEAD,https://saporepuro.com/products/farina-di-semi-di-tara-gomma-di-tara-origine-peru-e417-confezionato-in-italia-1,200,DIRECT,,GENERIC_TLD,RAW_HTML,EUR,"0,""compare_at_price"":null,""inventory_management"":""shopify"",""barcode"":""8055728540170"",""featured_media"":{",Tara Seed Flour | SaporePuro,41be4c71cd4a344d,2026-09-10T13:38:23Z,7,saporepuro.com
SG,★★★★,MILK,8888030300749,NO,KANDYDAT_PR,FairPrice UHT Kids Full Cream Packet Milk — Fresh Milk,MARKET_PAGE_WITHOUT_EAN,LEAD,https://www.fairprice.com.sg/product/fairprice-uht-kids-full-cream-packet-milk-fresh-milk-6-x-200ml-13165083,200,DIRECT,SG,CCTLD,BROWSER_DOM,SGD,,FairPrice UHT Kids Full Cream Packet Milk | NTUC FairPrice,,2026-09-10T14:05Z,3,
SG,★★★★,CREAM,3412290032215,NO,KANDYDAT_PR,Paysan Breton UHT Cooking & Whipping Cream 30%,MARKET_PAGE_WITHOUT_EAN,LEAD,https://redmart.lazada.sg/paysan-breton-164150/?m=redmart,200,MARKETPLACE,SG,CCTLD,RAW_HTML,,,- Buy at Best Price in Singapore | redmart.lazada.sg,f47559f2277b3bbe,2026-09-10T13:38:21Z,6,
SG,★★★★,SMP,8888030307090,NO,KANDYDAT_PR,FairPrice Adult Milk Powder - Skim,EAN_ON_MARKET_PAGE,CONFIRMED,https://www.fairprice.com.sg/product/fairprice-instant-skim-milk-powder-600g-13097040,200,DIRECT,SG,CCTLD,RAW_HTML,SGD,"tus"":""SUCCESS"",""data"":{""page"":{""entity"":{""barcodes"":[""8888030003503"",""8888030307090""],""brand"":{""clientI",FairPrice Adult Milk Powder - Skim | NTUC FairPrice,6909b0bc7f27504d,2026-09-10T13:39:19Z,2,www.fairprice.com.sg
SG,★★★★,SUCROSE,,,READY_PI,Biały cukier krystaliczny — 100% cukier,GENERIC_PI_NO_EAN,N/A,,,,,,,,,,,,0,
SG,★★★★,DEXTROSE,,,WYMAGA_ETYKIETY,[Bakelab] Dextrose 5kg,NO_EAN_IN_V7,BRAK,https://shop.bakelab.com.sg/dextrose.html,200,DIRECT,SG,CCTLD,RAW_HTML,SGD,,Dextrose | Food &amp; Beverage Ingredients Singapore | BakeLab,eb6f85648f088427,2026-09-10T13:38:25Z,2,
SG,★★★★,TARA,,,WYMAGA_ETYKIETY,Tara Gum (塔拉胶) - 50g,NO_EAN_IN_V7,BRAK,https://better4u.sg/edible-food-tech/244-tara-gum-50g.html,200,DIRECT,SG,CCTLD,RAW_HTML,SGD,,Tara Gum Buy Food Gelling Agent in Singapore,095e7bd173aa82a5,2026-09-10T13:37:11Z,3,
SK,★★★★,MILK,8585002510037,NO,KANDYDAT_PR,"Rajo Mlieko plnotučné UHT 3,5% 1 l",EAN_ON_MARKET_PAGE,CONFIRMED,https://www.office4u.sk/mlieka-a-smotany/19321-trvanlive-mlieko-rajo-plnotucne-35-1--8585002510037.html,200,DIRECT,SK,CCTLD,RAW_HTML,EUR,"-1-.jpg"", ""sku"": ""PT421008"", ""mpn"": ""PT421008"" ,""gtin13"": ""8585002510037"" , ""bra","Trvanlivé mlieko RAJO plnotučné 3,5% 1 ℓ",d17a8c4d6f269b0d,2026-09-10T13:39:56Z,4,www.factoryuse.com;www.office4u.sk;www.reflexke.sk
SK,★★★★,CREAM,8585002520036,NO,KANDYDAT_PR,Rajo Smotana na šľahanie UHT 30%,EAN_ON_MARKET_PAGE,CONFIRMED,https://lcsever.ijednota.sk/produkt/smotna-slah30-250ml,200,DIRECT,SK,CCTLD,RAW_HTML,,ku: </td> <td>8585002520036</td> ,Rajo Smotana na šľahanie 30 % 250 ml | COOP Jednota LC Sever - veľkoobchod,6eb278a7e56b36a9,2026-09-10T13:37:49Z,1,lcsever.ijednota.sk
SK,★★★★,SMP,,,WYMAGA_GTIN,Sušené mlieko odtučnené,NO_EAN_IN_V7,BRAK,https://www.milkagro.sk/sk/produkty/susene-vyrobky/susene-mlieko/susene-mlieko-odtucnene/product/80,200,DIRECT,SK,CCTLD,RAW_HTML,EUR,,"Sušené mlieko odtučnené, 400&amp;nbsp;g | Sušené mlieko | MILK-AGRO, spol. s r. o.",58c7a0bebbee53c1,2026-09-10T13:39:51Z,4,
SK,★★★★,SUCROSE,,,READY_PI,Biały cukier krystaliczny — 100% cukier,GENERIC_PI_NO_EAN,N/A,,,,,,,,,,,,0,
SK,★★★★,DEXTROSE,8588006139983,NO,KANDYDAT_PR,"Dextróza - GymBeam, bez dodatków smakowych",EAN_ON_MARKET_PAGE,CONFIRMED,https://gymbeam.sk/dextroza-gymbeam.html,200,DIRECT,SK,CCTLD,RAW_HTML,EUR,"ewCondition"",""availability"":""https:\/\/schema.org\/InStock"",""gtin13"":""8588006139983"",""sku"":""5207""}],""pr",Dextróza - GymBeam | GymBeam.sk,ee9aaf2a22cc3d66,2026-09-10T13:37:40Z,1,gymbeam.sk
SK,★★★★,TARA,,,WYMAGA_ETYKIETY,Guma Tara Valknut / Tara guma Valknut,NO_EAN_IN_V7,BRAK,https://www.valknut.sk/tara-guma-valknut/,200,DIRECT,SK,CCTLD,RAW_HTML,EUR,,Tara guma Valknut - Valknut.sk,9d51da955c36011d,2026-09-10T13:40:27Z,3,
SI,★★★★,MILK,3838800040578,NO,KANDYDAT_PR,"Alpsko mleko polnomastno 3,5% 1 L",EAN_ON_MARKET_PAGE,CONFIRMED,https://online.spar.si/p/alpsko-mleko-polnomastno-35-mm-1l-266388,200,DIRECT,SI,CCTLD,RAW_HTML,EUR,"03e\u003c/body\u003e\u003c/html\u003e\"",\""sku\"":\""266388\"",\""ean\"":[\""3838800040578\"",\""3838800040585\""","ALPSKO MLEKO POLNOMASTNO 3,5% M.M., 1L",757da7da31705894,2026-09-10T13:38:13Z,5,online.spar.si
SI,★★★★,CREAM,3838800033754,NO,KANDYDAT_PR,Mu Cuisine Alpska smetana za stepanje 33%,EAN_ON_MARKET_PAGE,CONFIRMED,https://mercatoronline.si/izdelek/5068345/alpska-smetana-za-stepanje-33-m-m-mu-cuisine-500-ml,200,DIRECT,SI,CCTLD,RAW_HTML,,"12 col-md-12 lib-cart"" data-item-id=""5068345"" data-gtin=""3838800033754""> <div ","Alpska smetana za stepanje, 33 % m.m., Mu Cuisine, 500 ml",de5ff4572d6068f4,2026-09-10T13:38:00Z,2,incomepro.si;mercatoronline.si
SI,★★★★,SMP,3831040010028,NO,KANDYDAT_PR,Posneto mleko v prahu,EAN_ON_MARKET_PAGE,CONFIRMED,https://www.pomurske-mlekarne.si/posneto-mleko-v-prahu/,200,DIRECT,SI,CCTLD,RAW_HTML,,"<td>1,1 g</td> </tr> </tbody> </table> <dl> <dt>Koda</dt> <dd>400 g - 3831040010028<br />25 kg - 383104",Posneto mleko v prahu - Pomurske mlekarne,1bb503ccefef2af5,2026-09-10T13:39:59Z,3,mercatoronline.si;www.pomurske-mlekarne.si
SI,★★★★,SUCROSE,,,READY_PI,Biały cukier krystaliczny — 100% cukier,GENERIC_PI_NO_EAN,N/A,,,,,,,,,,,,0,
SI,★★★★,DEXTROSE,8588006139983,NO,KANDYDAT_PR,"Dekstroza - GymBeam, bez dodatków smakowych",EAN_ON_MARKET_PAGE,CONFIRMED,https://gymbeam.si/dekstroza-gymbeam.html,200,DIRECT,SI,CCTLD,RAW_HTML,EUR,"ewCondition"",""availability"":""https:\/\/schema.org\/InStock"",""gtin13"":""8588006139983"",""sku"":""5207""}],""pr",Dekstroza - GymBeam | GymBeam.si,2bd54b1bb7976918,2026-09-10T13:37:40Z,1,gymbeam.si
SI,★★★★,TARA,8055728540170,NO,KANDYDAT_PR,SaporePuro Farina di Semi di Tara / Gomma di Tara E417,EAN_ON_GENERIC_TLD_PAGE,LEAD,https://saporepuro.com/products/farina-di-semi-di-tara-gomma-di-tara-origine-peru-e417-confezionato-in-italia-1,200,DIRECT,,GENERIC_TLD,RAW_HTML,EUR,"0,""compare_at_price"":null,""inventory_management"":""shopify"",""barcode"":""8055728540170"",""featured_media"":{",Tara Seed Flour | SaporePuro,41be4c71cd4a344d,2026-09-10T13:38:23Z,6,saporepuro.com
HK,★★★★,MILK,4036300110671,NO,KANDYDAT_PR,Oldenburger UHT Full Cream Milk 3.5% fat — SKU 11067,EAN_ON_GENERIC_TLD_PAGE,LEAD,https://www.oldenburger-professional.com/media/13/8d/af/1696234639/OLB%20Assortmentlist%202023_2024_combined.pdf,200,DIRECT,,GENERIC_TLD,RAW_HTML,,479 4007929057197 04012091 4036300069450 4036300669452 04012091 4036300110671 4036300669452 040,,6a26771c16329e69,2026-09-10T13:39:56Z,4,www.oldenburger-professional.com
HK,★★★★,CREAM,5701215046375,NO,KANDYDAT_PR,Emborg Natural Whipping Cream,MARKET_PAGE_WITHOUT_EAN,LEAD,https://www.twinsbakingsupplies.com/en/product-page/emborg%E6%B7%A1%E5%BF%8C%E5%BB%89-1,200,DIRECT,HK,CURRENCY,BROWSER_DOM,HKD,,Whipping Cream - Emborg/200mL | Twins Baking Supplies,,2026-09-10T14:01Z,3,
HK,★★★★,SMP,9300639999005,NO,KANDYDAT_PR,Devondale Instant Skim Milk Powder,EAN_ON_MARKETPLACE_MARKET_PAGE,LEAD,https://www.hktvmall.com/hktv/en/main/Longview/s/H7814001/Personal-Care-%26-Health/Personal-Care-%26-Health/Health/Milk-Powder/9300639999005-Instant-Skim-Milk-Powder-High-Calcium-1KG-Parallel-Import-Expiry-Date-032025/p/H7814001_S_AA28056000001,200,MARKETPLACE,HK,ADDRESS_COUNTRY,RAW_HTML,HKD,e/ns/fb# article: http://ogp.me/ns/article#'> <title>DEVONDALE | 9300639999005 Instant Skim Milk P,DEVONDALE | 9300639999005 Instant Skim Milk Powder High Calcium 1KG [Parallel Import] Expi,58fe9872fe1b350d,2026-09-10T13:39:25Z,4,www.hktvmall.com
HK,★★★★,SUCROSE,,,READY_PI,Biały cukier krystaliczny — 100% cukier,GENERIC_PI_NO_EAN,N/A,,,,,,,,,,,,0,
HK,★★★★,DEXTROSE,,,WYMAGA_ETYKIETY,Dextrose powder (Dextrose Monohydrate) 20kg,NO_EAN_IN_V7,BRAK,https://bakingwarehouse.com/products/dextrose-powder-dextrose-monohydrate-20kg,200,DIRECT,,GENERIC_TLD,RAW_HTML,CONVERTED:EUR;EUR,,Dextrose powder (Dextrose Monohydrate) 20kg | Bulk Dextrose | Bakingwarehouse - BakingWare,97ab05c0550fe23d,2026-09-10T13:37:09Z,2,
HK,★★★★,TARA,8055728540170,NO,KANDYDAT_PR,Tara Gum 50gr. / Gomma di Tara E417,EAN_ON_GENERIC_TLD_PAGE,LEAD,https://saporepuro.myshopify.com/products/farina-di-semi-di-tara-gomma-di-tara-origine-peru-e417-confezionato-in-italia-1,200,DIRECT,,GENERIC_TLD,RAW_HTML,EUR,"0,""compare_at_price"":null,""inventory_management"":""shopify"",""barcode"":""8055728540170"",""featured_media"":{",Tara Seed Flour | SaporePuro,5f28b11dbdcd7cd4,2026-09-10T13:38:24Z,6,saporepuro.com;saporepuro.myshopify.com
LK,★★★★,MILK,4792116211000,NO,KANDYDAT_PR,Ambewela Fresh Milk Full Cream UHT Treated 1000 ml,EAN_ON_MARKET_PAGE,CONFIRMED,https://mart.mrdeal.lk/product/ambewela-fresh-milk-full-cream-1l/4792116211000,200,DIRECT,LK,CCTLD,RAW_HTML,," <input class=""cart-plus-minus-box"" data-code=""'4792116211000'"" type=""number"" nam",AMBEWELA FRESH MILK FULL CREAM 1L | Mr. Deal Mart,da01fc787435a7d2,2026-09-10T13:37:56Z,5,mart.mrdeal.lk;world.openfoodfacts.org
LK,★★★★,CREAM,5700426230177,NO,KANDYDAT_PR,Puck Whipping Cream UHT 34% minimum fat,EAN_ON_FOREIGN_MARKET_PAGE,LEAD,https://www.grandiose.ae/puck-whipping-cream-200ml0177,200,DIRECT,AE,CCTLD,RAW_HTML,AED,"on towishlist"" data-product-id=""125363"" data-product-sku=""5700426230177"" ",Puck Whipping Cream - Grandiose.ae,72df85350e8f0a57,2026-09-10T13:39:23Z,7,www.grandiose.ae
LK,★★★★,SMP,733739058324,NO,KANDYDAT_PR,Real Food Organic Non-Fat Dry Milk Powder,EAN_ON_GENERIC_TLD_PAGE,LEAD,https://www.nowfoods.com/products/natural-foods/non-fat-dry-milk-powder-organic,200,DIRECT,,GENERIC_TLD,BROWSER_DOM,USD,"data-destini-association=""default"" data-destini-apo=""733739058324""",Milk Powder | Powdered Milk | Organic Dry Milk Powder | NOW Foods,,2026-09-10T14:01Z,3,www.nowfoods.com
LK,★★★★,SUCROSE,,,READY_PI,Biały cukier krystaliczny — 100% cukier,GENERIC_PI_NO_EAN,N/A,,,,,,,,,,,,0,
LK,★★★★,DEXTROSE,,,WYMAGA_ETYKIETY,Likemta Dextrose Monohydrate,NO_EAN_IN_V7,BRAK,https://www.likemta.com/food-ingredient/sweeteners/dextrose-monohydrate/,200,DIRECT,,GENERIC_TLD,RAW_HTML,,,Dextrose Monohydrate - Likemta Holdings,2d11d368313439b6,2026-09-10T13:39:42Z,1,
LK,★★★★,TARA,653981866129,NO,WYMAGA_ETYKIETY,Organic Tara Gum Powder,PAGE_WITHOUT_EAN,LEAD,https://www.happyandes-usa.com/products/organic-tara-gum/,200,DIRECT,,GENERIC_TLD,RAW_HTML,,,Organic Tara Gum &#8211; Happy Andes,2bae77d9483fbb07,2026-09-10T13:39:24Z,3,
TH,★★★★,MILK,8850329120116,NO,KANDYDAT_PR,Meiji Pasteurized Fresh Milk,EAN_ON_MARKET_PAGE,CONFIRMED,https://www.tops.co.th/th/meiji-pasteurized-milk-plain-200cc-8850329120116,200,DIRECT,TH,CCTLD,BROWSER_DOM,THB,"""sku"":""8850329120116"",""brand"":{""@type""",ซื้อ เมจินมสดรสจืด 200ซีซี ออนไลน์ | TOPS ONLINE,,2026-09-10T14:05Z,4,www.tops.co.th
TH,★★★★,CREAM,3412290032215,NO,KANDYDAT_PR,Paysan Breton UHT Cooking & Whipping Cream 30%,PAGE_WITHOUT_EAN,LEAD,https://cdn.shopify.com/s/files/1/1575/0603/files/afff2bdbe0c3a9dc388d388e7964416ea6e037cc_PAYC002_2.jpg?v=1786035968&width=1600,200,DIRECT,,GENERIC_TLD,RAW_HTML,,,,18cac736e5d46708,2026-09-10T13:37:16Z,3,
TH,★★★★,SMP,0733739058324,NO,KANDYDAT_PR,NOW Foods Real Food Organic Non-Fat Dry Milk Powder,EAN_ON_GENERIC_TLD_PAGE,LEAD,https://www.nowfoods.com/products/natural-foods/non-fat-dry-milk-powder-organic,200,DIRECT,,GENERIC_TLD,BROWSER_DOM,USD,"data-destini-association=""default"" data-destini-apo=""733739058324""",Milk Powder | Powdered Milk | Organic Dry Milk Powder | NOW Foods,,2026-09-10T14:01Z,3,www.nowfoods.com
TH,★★★★,SUCROSE,,,READY_PI,Biały cukier krystaliczny — 100% cukier,GENERIC_PI_NO_EAN,N/A,,,,,,,,,,,,0,
TH,★★★★,DEXTROSE,2055040011118,YES,WYMAGA_ETYKIETY,Dextrose Monohydrate 1kg,SOURCE_NOT_READABLE,LEAD,https://www.chemipan.com/a/index.php?Itemid=384&lang=en-gb&option=com_virtuemart&view=productdetails&virtuemart_category_id=0&virtuemart_product_id=6711,BROWSER_INCONCLUSIVE,DIRECT,,GENERIC_TLD,BROWSER_DOM,,,INCONCLUSIVE: bot-challenge interstitial rendered instead of the product page (interstitia,7c90425860e5b38b,2026-09-10T14:01Z,4,
TH,★★★★,TARA,2033200071103,YES,WYMAGA_ETYKIETY,Tara Gum (China) 25g. A M,SOURCE_NOT_READABLE,LEAD,https://www.chemipan.com/a/index.php?lang=en-gb&option=com_virtuemart&view=productdetails&virtuemart_category_id=126&virtuemart_product_id=17389,BROWSER_INCONCLUSIVE,DIRECT,,GENERIC_TLD,BROWSER_DOM,,,INCONCLUSIVE: bot-challenge interstitial rendered instead of the product page (interstitia,efc715e48723761a,2026-09-10T14:01Z,4,
TW,★★★★,MILK,4955447100416,NO,KANDYDAT_PR,Hokkaido Hidaka 3.6 Long Life Milk 200 ml,EAN_ON_MARKET_PAGE,CONFIRMED,https://shop.use.com.tw/products/%E5%8C%97%E6%B5%B7%E9%81%93%E6%97%A5%E9%AB%9836%E7%89%9B%E4%B9%B3,200,DIRECT,TW,CCTLD,RAW_HTML,TWD,"ha=4826fcadf86809cb"",""description"":"""",""brand"":""友士USE_pGallery"",""sku"":""4955447100416"",""offers"":{""@type"":",北海道日高3.6牛乳 友士USE_pGallery,64ca0f41d127d26e,2026-09-10T13:38:28Z,6,shop.use.com.tw;www.tajimaya-cc.net
TW,★★★★,CREAM,4036300003249,NO,KANDYDAT_PR,Oldenburger Whipping Cream 35% fat UHT (Shani),EAN_ON_GENERIC_TLD_PAGE,LEAD,https://www.oldenburger-professional.com/media/13/8d/af/1696234639/OLB%20Assortmentlist%202023_2024_combined.pdf,200,DIRECT,,GENERIC_TLD,RAW_HTML,," 120 x 80 x 111.6 approx. 583 kg approx. 632 kg EN, TW 04015031 4036300003249 4036300121974 Old",,6a26771c16329e69,2026-09-10T13:39:56Z,3,www.oldenburger-professional.com
TW,★★★★,SMP,4711257007419,NO,KANDYDAT_PR,克寧100%純脫脂奶粉 (KLIM 100% Pure Skimmed Milk Powder),MARKET_PAGE_WITHOUT_EAN,LEAD,https://www.etmall.com.tw/i/7872702,200,DIRECT,TW,CCTLD,BROWSER_DOM,TWD,,克寧100%純脫脂奶粉750g|ETMall東森購物網,,2026-09-10T14:05Z,3,
TW,★★★★,SUCROSE,,,READY_PI,Biały cukier krystaliczny — 100% cukier,GENERIC_PI_NO_EAN,N/A,,,,,,,,,,,,0,
TW,★★★★,DEXTROSE,,,WYMAGA_ETYKIETY,食品級 葡萄糖 (單水葡萄糖・一水葡萄糖) 1kg,NO_EAN_IN_V7,BRAK,https://www.sese.tw/product.php?pid_for_show=7262,200,DIRECT,TW,CCTLD,RAW_HTML,TWD,,食品級 葡萄糖 (單水葡萄糖.一水葡萄糖):順億化工,4be3a4d65d46b57a,2026-09-10T13:40:06Z,2,
TW,★★★★,TARA,8055728540170,NO,KANDYDAT_PR,Tara Gum 50gr. / Gomma di Tara E417,EAN_ON_GENERIC_TLD_PAGE,LEAD,https://saporepuro.myshopify.com/products/farina-di-semi-di-tara-gomma-di-tara-origine-peru-e417-confezionato-in-italia-1,200,DIRECT,,GENERIC_TLD,RAW_HTML,EUR,"0,""compare_at_price"":null,""inventory_management"":""shopify"",""barcode"":""8055728540170"",""featured_media"":{",Tara Seed Flour | SaporePuro,5f28b11dbdcd7cd4,2026-09-10T13:38:24Z,6,saporepuro.com;saporepuro.myshopify.com
TN,★★★★,MILK,8002670165395,NO,KANDYDAT_PR,Granarolo Bio Latte Biologico Intero 1 L,EAN_ON_FOREIGN_MARKET_PAGE,LEAD,https://www.tiportolaspesa.it/negozio/freschissimi/latticini/latte-e-panna-fresca/latte-fresco-intero-granarolo-bio-lt-1-2/,200,DIRECT,IT,CCTLD,RAW_HTML,EUR,"roduct_meta""> <span class=""sku_wrapper"">COD: <span class=""sku"">8002670165395</span></span> <",Latte fresco intero Granarolo BIO lt.1 - www.tiportolaspesa.it,3a35eb6191f9e6a8,2026-09-10T13:40:17Z,6,www.riboscuola.it;www.tiportolaspesa.it
TN,★★★★,CREAM,3412290032215,NO,KANDYDAT_PR,Paysan Breton La Crème Pâtisserie & Cuisine UHT 30%,PAGE_WITHOUT_EAN,LEAD,https://bf1af2.akinoncloudcdn.com/products/2025/03/28/87485/697134c3-73cd-408b-8a68-2100017edff8_size1920_cropCenter.jpg,200,DIRECT,,GENERIC_TLD,RAW_HTML,,,,9222f33f0d027bc7,2026-09-10T13:37:12Z,5,
TN,★★★★,SMP,733739058324,NO,KANDYDAT_PR,NOW Real Food Organic Non-Fat Dry Milk Powder,EAN_ON_GENERIC_TLD_PAGE,LEAD,https://www.nowfoods.com/products/natural-foods/non-fat-dry-milk-powder-organic,200,DIRECT,,GENERIC_TLD,BROWSER_DOM,USD,"data-destini-association=""default"" data-destini-apo=""733739058324""",Milk Powder | Powdered Milk | Organic Dry Milk Powder | NOW Foods,,2026-09-10T14:01Z,3,www.nowfoods.com
TN,★★★★,SUCROSE,,,READY_PI,Biały cukier krystaliczny — 100% cukier,GENERIC_PI_NO_EAN,N/A,,,,,,,,,,,,0,
TN,★★★★,DEXTROSE,,,WYMAGA_ETYKIETY,Dextrose en Poudre – Sucre Technique pour Glaces,NO_EAN_IN_V7,BRAK,https://ben-yaghlane.com/products/agar-agar-vegan-poudre-gelifiante-copie,200,DIRECT,TN,CURRENCY,RAW_HTML,TND,,"Dextrose en Poudre – Sucre Technique pour Glaces, Pâtisserie et Confis &ndash; Ben Yaghlan",0c9a7e073def602b,2026-09-10T13:37:11Z,1,
TN,★★★★,TARA,711221973058,NO,WYMAGA_DOSTAWY,Cape Crystal Brands Tara Gum Powder,EAN_ON_GENERIC_TLD_PAGE,LEAD,https://www.capecrystalbrands.com/products/tara-gum,200,DIRECT,,GENERIC_TLD,RAW_HTML,USD,"""inventory_management"":""shopify"",""inventory_policy"":""deny"",""barcode"":""711221973058"",""featured_media"":{","Tara Gum – Higher Thickness at Lower Usage, No Flavor Impact &ndash; Cape Crystal Brands",625c49dea11f5f5b,2026-09-10T13:38:58Z,2,www.capecrystalbrands.com
TR,★★★★,MILK,8681324005449,NO,KANDYDAT_PR,"Sütaş Whole Milk UHT 3,5% 1 L",MARKET_PAGE_WITHOUT_EAN,LEAD,https://sutas.market/urun/tam-yagli-sut-1-l,200,DIRECT,TR,CURRENCY,BROWSER_DOM,TRY,,Sütaş Tam Yağlı Süt 1 L - Sütaş Market,,2026-09-10T14:05Z,3,
TR,★★★★,CREAM,8690767670060,NO,KANDYDAT_PR,Sütaş Krema 30% Tatlılara ve Yemeklere 200 ml,EAN_ON_GENERIC_TLD_PAGE,LEAD,https://www.sariyermarket.com/sutas-krema-200-gr,200,DIRECT,,GENERIC_TLD,RAW_HTML,,s=gtin><span class=label>GTIN:</span> <span class=value id=gtin-40875>8690767670060</span></div></div><,Sar&#x131;yer Sanal Market - Keyifli Al&#x131;&#x15F;veri&#x15F;i Ke&#x15F;fet. S&#xFC;ta&,6908560cb15f065d,2026-09-10T13:40:06Z,2,www.sariyermarket.com
TR,★★★★,SMP,8681770071449,NO,WYMAGA_ETYKIETY,Yağsız Süt Tozu,EAN_ON_GENERIC_TLD_PAGE,LEAD,https://www.hammaddeler.com/urun/pinar-yagsiz-sut-tozu-25-kg,200,DIRECT,,GENERIC_TLD,RAW_HTML,,"pan> <meta itemprop=""Gtin13"" content=""8681770071449""/> ","Pınar Yağsız Süt Tozu 25 kg Fiyatı 13.224,34 TL",71188a2c699c0608,2026-09-10T13:39:24Z,3,www.hammaddeler.com
TR,★★★★,SUCROSE,,,READY_PI,Biały cukier krystaliczny — 100% cukier,GENERIC_PI_NO_EAN,N/A,,,,,,,,,,,,0,
TR,★★★★,DEXTROSE,,,WYMAGA_ETYKIETY,Parmor Dekstroz1kg,NO_EAN_IN_V7,BRAK,https://www.hepsiburada.com/parmor-dekstroz-1-kg-pm-HBC00002OYEF6,403,DIRECT,,GENERIC_TLD,RAW_HTML,,,Hepsiburada | Güvenlik,51b909f1102fff17,2026-09-10T13:39:25Z,2,
TR,★★★★,TARA,0795258101998,NO,WYMAGA_ETYKIETY,Benosen Tara Gum (E417) 200 g,SOURCE_NOT_READABLE,LEAD,https://www.trendyol.com/benosen/tara-gum-e417-dondurma-stabilizeri-kivam-verici-net-200-g-p-81504382,403,MARKETPLACE,,GENERIC_TLD,RAW_HTML,,,,,2026-09-10T13:40:19Z,2,
UY,★★★★,MILK,7790742335500,NO,KANDYDAT_PR,La Serenísima Leche Larga Vida Clásica 3% Botella 1 L,EAN_ON_MARKET_PAGE,CONFIRMED,https://www.eldorado.com.uy/leche-la-serenisima-larga-vida-entera-1lt/p,200,DIRECT,UY,CCTLD,RAW_HTML,UYU,"s-3-x-thumbImg--pdp-images w-100 h-auto db"" itemProp=""thumbnail"" alt=""7790742335500"" src=""https://eldor",Leche La Serenisima Larga Vida Entera 1lt - El Dorado,d577cd858ae9a920,2026-09-10T13:39:16Z,4,diaonline.supermercadosdia.com.ar;www.eldorado.com.uy
UY,★★★★,CREAM,7790742141309,NO,KANDYDAT_PI_ESTIMATED,La Serenísima Crema para Batir Larga Vida,EAN_ON_FOREIGN_MARKET_PAGE,LEAD,https://www.jumbo.com.ar/crema-uat-la-serenisima-batir-200ml/p,200,DIRECT,AR,CCTLD,RAW_HTML,ARS,"envío a domicilio.</p>"",""mpn"":"""",""sku"":""287835"",""category"":"""",""gtin"":""7790742141309"",""offers"":{""@type"":",Crema para Batir Larga Vida 200 Ml La Serenisima - Jumbo,e4a847e6bd0f861e,2026-09-10T13:39:36Z,4,www.jumbo.com.ar
UY,★★★★,SMP,7730105004155,NO,WYMAGA_ETYKIETY,Conaprole Leche en Polvo Descremada,EAN_ON_MARKET_PAGE,CONFIRMED,https://elnaranjo.com.uy/productos/leche-en-polvo-descremada-conaprole-200g,200,DIRECT,UY,CCTLD,RAW_HTML,,"ss=""barcode_wrapper""> <i class=""fa-light fa-barcode""></i> <span>7730105004155</span> </span>",LECHE EN POLVO DESCREMADA Conaprole 200g | El Naranjo,e25eed8b0319cb67,2026-09-10T13:37:31Z,3,elnaranjo.com.uy
UY,★★★★,SUCROSE,,,READY_PI,Biały cukier krystaliczny — 100% cukier,GENERIC_PI_NO_EAN,N/A,,,,,,,,,,,,0,
UY,★★★★,DEXTROSE,,,WYMAGA_ETYKIETY,Dextrosa Monohidratada,NO_EAN_IN_V7,BRAK,https://quimicasa.com.uy/catalogo/food/edulcorantes/dextrosa-monohidratada/,200,DIRECT,UY,CCTLD,RAW_HTML,,,DEXTROSA MONOHIDRATADA &#8211; Química SA,b01bd778f24d8b47,2026-09-10T13:38:20Z,1,
UY,★★★★,TARA,,,WYMAGA_ETYKIETY,Goma de Tara — oferta spożywcza B2B,NO_EAN_IN_V7,BRAK,https://www.kilmecor.com.uy/productos/,200,DIRECT,UY,CCTLD,RAW_HTML,,,Kilmecor S.A. | Productos,aa53e596c1648a85,2026-09-10T13:39:39Z,2,
HU,★★★★,MILK,5998200460166,NO,KANDYDAT_PR,"Mizo UHT teljes tej 3,5% 1 l",EAN_ON_MARKET_PAGE,CONFIRMED,https://www.papir-bolt.hu/Tej-MIZO-35-1L,200,DIRECT,HU,CCTLD,RAW_HTML,HUF,"ata__item-value""> 5998200460166 ","Tej MIZO UHT 3,5% 1L - papir-bolt.hu",df6b8cd50e9a2a9c,2026-09-10T13:39:57Z,5,cdn.metro-group.com;www.papir-bolt.hu
HU,★★★★,CREAM,8585002501837,NO,KANDYDAT_PR,Meggle UHT habtejszín 30%,EAN_ON_MARKET_PAGE,CONFIRMED,https://bevasarlas.tesco.hu/shop/hu-HU/products/210504341,200,DIRECT,HU,CCTLD,BROWSER_DOM,GBP,"""gtin13"":""08585002501837"",""sku"":""210504",Meggle UHT habtejszín 30% 200 ml - Tesco Groceries,,2026-09-10T14:01Z,2,bevasarlas.tesco.hu
HU,★★★★,SMP,5997176735995,NO,KANDYDAT_PR,Sovány tejpor porlasztva szárított,EAN_ON_MARKET_PAGE,CONFIRMED,https://alto.hu/tutti-sovany-tejpor-porlasztva-szaritott-90g,200,DIRECT,HU,CCTLD,RAW_HTML,HUF,"><div class=""font-weight-bold"">Tartalom: 90 g </div> <div>EAN:&nbsp; 5997176735995 </div> </div></div",Tutti sovány tejpor porlasztva szárított 90g - alto.hu,de54d40b8cb5b352,2026-09-10T13:37:06Z,4,ahuazurewebblob0.blob.core.windows.net;alto.hu;www.biobolt-webaruhaz.hu
HU,★★★★,SUCROSE,,,READY_PI,Biały cukier krystaliczny — 100% cukier,GENERIC_PI_NO_EAN,N/A,,,,,,,,,,,,0,
HU,★★★★,DEXTROSE,8588006139983,NO,KANDYDAT_PR,"Dextróz - GymBeam, bez dodatków smakowych",EAN_ON_MARKET_PAGE,CONFIRMED,https://gymbeam.hu/dextroz-gymbeam.html,200,DIRECT,HU,CCTLD,RAW_HTML,HUF,"ewCondition"",""availability"":""https:\/\/schema.org\/InStock"",""gtin13"":""8588006139983"",""sku"":""5207""}],""pr",Dextróz - GymBeam | GymBeam.hu,60311fbbb9c17603,2026-09-10T13:37:39Z,1,gymbeam.hu
HU,★★★★,TARA,8055728540170,NO,KANDYDAT_PR,SaporePuro Farina di Semi di Tara / Gomma di Tara E417,EAN_ON_GENERIC_TLD_PAGE,LEAD,https://saporepuro.com/products/farina-di-semi-di-tara-gomma-di-tara-origine-peru-e417-confezionato-in-italia-1,200,DIRECT,,GENERIC_TLD,RAW_HTML,EUR,"0,""compare_at_price"":null,""inventory_management"":""shopify"",""barcode"":""8055728540170"",""featured_media"":{",Tara Seed Flour | SaporePuro,41be4c71cd4a344d,2026-09-10T13:38:23Z,4,saporepuro.com
VN,★★★★,MILK,8410285127347,NO,KANDYDAT_PR,Président UHT Whole Milk 3.5% Fat 1 L,EAN_ON_GENERIC_TLD_PAGE,LEAD,https://suatuoi.com/president/president-full-cream-1l,200,DIRECT,,GENERIC_TLD,RAW_HTML,," <div class=""item""><i class=""icon-angle-right""></i> Barcode: <span>8410285127347</span></div> <di",Sữa tươi President nhập khẩu 100% từ Pháp,a4634df937be924b,2026-09-10T13:38:33Z,5,suatuoi.com
VN,★★★★,CREAM,5701215046375,NO,KANDYDAT_PR,Emborg Natural Whipping Cream UHT 35.1% 200 ml,EAN_ON_GENERIC_TLD_PAGE,LEAD,https://maxmartonline.com/emborg-whipping-cream-200ml,200,DIRECT,,GENERIC_TLD,RAW_HTML,,"bq(""track"",""ViewContent"",{content_category:""Fresh Cream"",content_ids:""5701215046375"",content_name:""Embo",MaxMart Online . Emborg Whipping Cream 200ml,c802d5b60a54e738,2026-09-10T13:37:56Z,4,maxmartonline.com
VN,★★★★,SMP,,,WYMAGA_ETYKIETY,NZMP Skim Milk Powder Low Heat / Sữa Bột Gầy Low Heat Fonterra,NO_EAN_IN_V7,BRAK,https://newviet.vn/san-pham/sua-bot-gay-low-heat-fonterra/,200,DIRECT,VN,CCTLD,RAW_HTML,VND,,Sữa Bột Gầy Low Heat Fonterra - New Viet Dairy,9f7b600488c6dc3c,2026-09-10T13:38:06Z,3,
VN,★★★★,SUCROSE,,,READY_PI,Biały cukier krystaliczny — 100% cukier,GENERIC_PI_NO_EAN,N/A,,,,,,,,,,,,0,
VN,★★★★,DEXTROSE,,,WYMAGA_ETYKIETY,Fufeng Đường Dextrose Monohydrate C6H12O6.H2O 25kg,NO_EAN_IN_V7,BRAK,https://hoachatphuthinh.vn/san-pham/duong-dextrose-monohydrate-c6h12o6h2o-fufeng.html,200,DIRECT,VN,CCTLD,RAW_HTML,,,Đường Dextrose Monohydrate C6H12O6.H2O (FUFENG) - hoachatphuthinh.vn - hoachatphuthinh.vn,872f0864fda6c061,2026-09-10T13:37:40Z,2,
VN,★★★★,TARA,,,WYMAGA_ETYKIETY,Tara Gum — food-use bulk raw material,NO_EAN_IN_V7,BRAK,https://camachem.com/vn/tara-gum.html,200,DIRECT,,GENERIC_TLD,RAW_HTML,USD,,Tara Gum,f95ec28c3016d5da,2026-09-10T13:37:14Z,2,
AE,★★★★,MILK,6291030200032,NO,KANDYDAT_PR,Al Rawabi Fresh Milk Full Cream 1 L,EAN_ON_MARKET_PAGE,CONFIRMED,https://www.sharjahcoop.ae/en/al-rawabi-fresh-milk-full-cream-1-l/p/6291030200032,200,DIRECT,AE,CCTLD,RAW_HTML,,""" href=""javascript:void('0');"" onclick=""javascript:addToWishList('6291030200032');"" title=""Add ",Al Rawabi Fresh Milk Full Cream 1 L | Sharjah Co-operative Society,1afec3b14babcc36,2026-09-10T13:40:07Z,3,www.sharjahcoop.ae
AE,★★★★,CREAM,3412290032215,NO,KANDYDAT_PR,Paysan Breton La Crème Pâtisserie & Cuisine UHT 30%,PAGE_WITHOUT_EAN,LEAD,https://bf1af2.akinoncloudcdn.com/products/2025/03/28/87485/697134c3-73cd-408b-8a68-2100017edff8_size1920_cropCenter.jpg,200,DIRECT,,GENERIC_TLD,RAW_HTML,,,,9222f33f0d027bc7,2026-09-10T13:37:12Z,4,
AE,★★★★,SMP,3043931692415,NO,KANDYDAT_PR,Régilait Instant Skimmed Milk Powder 0% Fat,EAN_ON_MARKETPLACE_MARKET_PAGE,LEAD,https://www.amazon.ae/REGILAIT-NON-SKIMD-MILK-700G/dp/B07NF7B1H6,200,MARKETPLACE,AE,CCTLD,RAW_HTML,,"Number </th> <td class=""a-size-base voyager-ns-desktop-table-value""> 3043931692415 </td> </tr> ",REGILAIT NON FAT SKIMD MILK 700G: Buy Online at Best Price in UAE - Amazon.ae,d246a4d8d2174382,2026-09-10T13:38:46Z,3,www.amazon.ae
AE,★★★★,SUCROSE,,,READY_PI,Biały cukier krystaliczny — 100% cukier,GENERIC_PI_NO_EAN,N/A,,,,,,,,,,,,0,
AE,★★★★,DEXTROSE,6297001119785,NO,WYMAGA_ETYKIETY,Trioxi Dextrose Monohydrate (Glucose-D) Natural Food Sweetener,EAN_ON_GENERIC_TLD_PAGE,LEAD,https://www.tricechemicals.com/food-and-beverage-chemicals-supplier-dubai-sharja-uae/food-and-beverages-sweeteners-trader-dubai-sharjah-uae/trioxi-dextrose-monohydrate-glucose-d-1kg,200,DIRECT,,GENERIC_TLD,RAW_HTML,, <tr> <td>Color</td> <td>White</td> </tr> <tr> <td>UPC</td> <td>6297001119785</td> </tr> </tbod,"Pharma Grade Chemical Supplier in UAE, Africa & Europe",b567851c9d1ac546,2026-09-10T13:40:20Z,1,www.tricechemicals.com
AE,★★★★,TARA,819543011967,NO,KANDYDAT_PR,Modernist Pantry Pure Tara Gum Powder,EAN_ON_GENERIC_TLD_PAGE,LEAD,https://modernistpantry.com/products/tara-gum.html,200,DIRECT,,GENERIC_TLD,RAW_HTML,USD,"y.com\u002fmodernist-pantry\u002f""},""attributes"":[],""mpn"":null,""upc"":""819543011967"",""options"":[{""id"":2","Tara Gum - Modernist Pantry, LLC",e93d1ba8441f8f2a,2026-09-10T13:38:02Z,3,modernistpantry.com
