url,http,effective_url,bytes,sha256,fetched_utc,dns
https://aapharmacy.com.my/products/sunlac-instant-skim-milk-700gm,200,https://aapharmacy.com.my/products/sunlac-instant-skim-milk-700gm,2126541,54bfc3a7f1ad0f92a93df0463480f88f64af3c2d8c75f7056e07e005907b1b92,2026-09-10T13:37:06Z,doh
https://ahuazurewebblob0.blob.core.windows.net/auchan/files/szmiklos0611.pdf,200,https://ahuazurewebblob0.blob.core.windows.net/auchan/files/szmiklos0611.pdf,1573147,6c09f1245dec1303c8014658368aea1064b54b9a83e2a95778afc28727c9620f,2026-09-10T13:37:06Z,doh
https://alfatah.pk/products/president-whipping-cream-200ml,200,https://alfatah.pk/products/president-whipping-cream-200ml,1264465,d77324449fe7adb9343cf6c1c684dac2e3581d1f3cce2cbd8203607098e67562,2026-09-10T13:37:06Z,doh
https://alfatah.pk/products/president-whipping-cream-200ml.js,200,https://alfatah.pk/products/president-whipping-cream-200ml.js,3144,fd9f0c5c060fef14cbd9675121807b45f18da0a7fb59b30d0e2ff5deb80d0356,2026-09-10T13:37:06Z,doh
https://allegro.cz/produkt/smetana-ke-slehani-30-meggle-250-ml-252646f2-06ef-4c3d-a617-7cd45a6f0944,403,https://allegro.cz/produkt/smetana-ke-slehani-30-meggle-250-ml-252646f2-06ef-4c3d-a617-7cd45a6f0944,781,553ab69218d39ed1e8eb74a730ed3815ae82c00dec9060da88389ef03f20e281,2026-09-10T13:37:06Z,doh
https://alpura.com/productos/leche-clasica/;,403,https://alpura.com/productos/leche-clasica/;,5731,13552e67126c08f2bc5e7e6773039a062c7eb577c1d7ca62c0479b951ef11d06,2026-09-10T13:37:06Z,doh
https://alrawabidairy.com/products/full-cream-milk/,200,https://alrawabidairy.com/products/full-cream-milk/,73452,7df683bf0deadb43409ce187323b27c73b9c16047f1a7f3fc5cda400477fc12f,2026-09-10T13:37:06Z,doh
https://alto.hu/tutti-sovany-tejpor-porlasztva-szaritott-90g,200,https://alto.hu/tutti-sovany-tejpor-porlasztva-szaritott-90g,39314,de54d40b8cb5b35276b671f86f9025c80ae75b19005fc841fac2d154660882e7,2026-09-10T13:37:06Z,doh
https://aone.lt/produktas/lieso-pieno-milteliai-1000g/,200,https://aone.lt/produktas/lieso-pieno-milteliai-1000g/,213658,9537d3dac8eb09529d74357458c9c54c3e06a7193d42b1eac656577a3e783811,2026-09-10T13:37:06Z,doh
https://aone.lt/produktas/tara-guma-200g-400g-600g/,200,https://aone.lt/produktas/tara-guma-200g-400g-600g/,228266,ef02e7e2326be0dd0076653aff38fc20cd03768be2ca68aca2fd63442b92f9f0,2026-09-10T13:37:06Z,doh
https://ardiaprod.vtexassets.com/arquivos/ids/343522-800-auto?aspect=true&height=auto&v=638882737237700000&width=800,200,https://ardiaprod.vtexassets.com/arquivos/ids/343522-800-auto?aspect=true&height=auto&v=638882737237700000&width=800,110677,90c631e77b74ca614c28e3c2f5be0d15056e81f09695a253c095a4e34e545b68,2026-09-10T13:37:07Z,doh
https://artcaffemarket.co.ke/products/emborg-whipping-cream-fat-uht-35-200ml,200,https://artcaffemarket.co.ke/products/emborg-whipping-cream-fat-uht-35-200ml,2452152,452f30b006ccbd2facd3695957f5b8af77ce5b984daea47e6144b557273c946d,2026-09-10T13:37:07Z,doh
https://artegustando.com/policies/shipping-policy,200,https://artegustando.com/policies/shipping-policy,251015,d47a865f6083133285cc3df0a18d9c50ddbafc128b119f14093269cc15daf66a,2026-09-10T13:37:07Z,doh
https://artegustando.com/products/destrosio-monoidrato,200,https://artegustando.com/products/destrosio-monoidrato,378048,327fe1dc611dee67c8d4720b04da129d8008fbf625d910a28e683906fa312991,2026-09-10T13:37:08Z,doh
https://asbajayaberkah.com/product/greenfields-full-cream-milk-1-l/,200,https://asbajayaberkah.com/product/greenfields-full-cream-milk-1-l/,89038,6c68854daad39b092a9707d5c152b1c1c5cc51784674f6124c31798fec0e8290,2026-09-10T13:37:08Z,doh
https://assets.woolworths.com.au/images/2010/789358_1.jpg?impolicy=wowb2bgpkhx,200,https://assets.woolworths.com.au/images/2010/789358_1.jpg?impolicy=wowb2bgpkhx,112273,4d8af85ffc219de84af67401684ec3aaec19cc0f31accf49182bf779d9438537,2026-09-10T13:37:08Z,doh
https://aswakassalam.com/produit/lait-uht-entier-1l-president/,200,https://aswakassalam.com/produit/lait-uht-entier-1l-president/,285438,f383458bed30333df448dcdd256fe66388c187e5a6687be09126b0552365d623,2026-09-10T13:37:08Z,doh
https://auchan.lu/lait-concentre-en-poudre/6749-lait-en-poudre-ecreme-300g-189847.html,200,https://auchan.lu/lait-concentre-en-poudre/6749-lait-en-poudre-ecreme-300g-189847.html,1977238,7cd23cb2178017821de1cdeab3219b30a91cb58e65851257a480bde82d57c9cb,2026-09-10T13:37:08Z,doh
https://auchan.lu/munsbach/cremes-liquides/98802910-creme-fluide-entiere-30mg-20cl-3629716.html,200,https://auchan.lu/munsbach/cremes-liquides/98802910-creme-fluide-entiere-30mg-20cl-3629716.html,1486301,685f4606c177584ba22b68e2d5f04779f3e2668dc43751b602abe745cd8dffcf,2026-09-10T13:37:08Z,doh
https://avonmore.ie/our-products/fresh-milk/,200,https://avonmore.ie/our-products/fresh-milk/,68363,3f286f560756655208762d1c75e706ca59ab45401c417a27cb90bc0f79e295d3,2026-09-10T13:37:09Z,doh
https://bahrain.sharafdg.com/product/regilait-fat-free-instant-skimmed-milk-powder-700gm/,403,https://bahrain.sharafdg.com/product/regilait-fat-free-instant-skimmed-milk-powder-700gm/,5979,a5948fd0d6b4ab0d66c82222cce245db6c9d83f2afbbf7f9cc36e21b9bc4d253,2026-09-10T13:37:09Z,doh
https://bakingwarehouse.com/pages/worldwide-shipping,200,https://bakingwarehouse.com/pages/worldwide-shipping,612148,80bbc5d28853c48b1e24bc7f4ae5acf557337d5cbd9d8e9bb6d61e50e4f08ca3,2026-09-10T13:37:09Z,doh
https://bakingwarehouse.com/products/dextrose-powder-dextrose-monohydrate-20kg,200,https://bakingwarehouse.com/products/dextrose-powder-dextrose-monohydrate-20kg,642072,97ab05c0550fe23d79252e1046b6532a9647e9b8e1102e913b58a4bbd82c8474,2026-09-10T13:37:09Z,doh
https://bakingwarehouse.com/products/tara-gum-50gr-saporepuro,200,https://bakingwarehouse.com/products/tara-gum-50gr-saporepuro,654253,28e8ebd8a6b8b7787e3a998669c415facbaa86bc6d86924a752909bde79ddba0,2026-09-10T13:37:10Z,doh
https://barbora.lt/produktai/uat-pienas-mu-3-5-proc-rieb-1-l,403,https://barbora.lt/produktai/uat-pienas-mu-3-5-proc-rieb-1-l,5801,6b59f595630d5ae79415926e021116d6ce6bb7909de4f6f7a94b420c00e88381,2026-09-10T13:37:10Z,doh
https://barcode-list.com/barcode/EN/barcode-6281007040235/Search.htm,200,https://barcode-list.com/barcode/EN/barcode-6281007040235/Search.htm,16760,4b43f8e94b4396d10da8faf706182b102a37d83cbcf0b787dc2fc5bd9bed46ac,2026-09-10T13:37:10Z,doh
https://bd.iherb.com/pr/now-foods-real-food-organic-non-fat-dry-milk-powder-12-oz-340-g/21134,403,https://bd.iherb.com/pr/now-foods-real-food-organic-non-fat-dry-milk-powder-12-oz-340-g/21134,5938,01340cdb46468fde679361b4c7e666aa43cfa67bbd00a2e830cb0ff7a554c971,2026-09-10T13:37:10Z,doh
https://ben-yaghlane.com/products/agar-agar-vegan-poudre-gelifiante-copie,200,https://ben-yaghlane.com/products/agar-agar-vegan-poudre-gelifiante-copie,432255,0c9a7e073def602beb99323f1d8d463a7dee3fc375168b5775629b95a64d0a5d,2026-09-10T13:37:11Z,doh
https://better4u.sg/,200,https://better4u.sg/,77400,2fda08376fb4b13b79db65cc6830127e75e89074a5e5fec852e0a21845559ad5,2026-09-10T13:37:11Z,doh
https://better4u.sg/content/6-promos-faq,200,https://better4u.sg/content/6-promos-faq,54038,f32dd33e6d1cc398dba84d9e061101edad322b3b065b006799dae29662eeeb6e,2026-09-10T13:37:11Z,doh
https://better4u.sg/edible-food-tech/244-tara-gum-50g.html,200,https://better4u.sg/edible-food-tech/244-tara-gum-50g.html,66286,095e7bd173aa82a5606c4381838822bcefab95a8c9a1604e1c67653521da3bdb,2026-09-10T13:37:11Z,doh
https://bevasarlas.tesco.hu/shop/en-HU/products/203170072,403,https://bevasarlas.tesco.hu/shop/en-HU/products/203170072,70822,22631aec2ed092ac13aaf6e219807239c0d9bc2097f3886df40b8d5d701db913,2026-09-10T13:37:11Z,doh
https://bevasarlas.tesco.hu/shop/hu-HU/products/210504341,403,https://bevasarlas.tesco.hu/shop/hu-HU/products/210504341,70773,8fddaf82a422730544ce5543a86dbd7635e425c3fa7f0fd2cb86a600d22fe364,2026-09-10T13:37:11Z,doh
https://bf1af2.akinoncloudcdn.com/products/2025/03/28/87485/4dd8e776-62e5-4b64-8b34-30e98d6b5a69_size1920_cropCenter.jpg,200,https://bf1af2.akinoncloudcdn.com/products/2025/03/28/87485/4dd8e776-62e5-4b64-8b34-30e98d6b5a69_size1920_cropCenter.jpg,308395,5d6247c254ab1041841d65fae3ef15136a5606e56f84947294d74a83a7b72dfa,2026-09-10T13:37:11Z,doh
https://bf1af2.akinoncloudcdn.com/products/2025/03/28/87485/697134c3-73cd-408b-8a68-2100017edff8_size1920_cropCenter.jpg,200,https://bf1af2.akinoncloudcdn.com/products/2025/03/28/87485/697134c3-73cd-408b-8a68-2100017edff8_size1920_cropCenter.jpg,195307,9222f33f0d027bc7e7c0629a5872f6780e8dbe8ba8401c3e27841bbb15ee9373,2026-09-10T13:37:12Z,doh
https://bics.n.my/m/index.php?cat=Emborg&products_id=5362960&subcat=Milk&ws=showproducts,200,https://bics.n.my/challenge.php?r=/m/index.php,663,6882f5a6cf28cff7b465b1ae50ac2da8203d73d6a822ad47f9614a2ffbb1ce9e,2026-09-10T13:37:12Z,doh
https://bioenzimtienda.com/productos/dextrosa-monohidratada-x-1kg-1j5jc/,200,https://bioenzimtienda.com/productos/dextrosa-monohidratada-x-1kg-1j5jc/,704307,8246c5a32b6b872a6faa16851eb5107e89a9612d25cdd4a844f8b7ebe711464c,2026-09-10T13:37:12Z,doh
https://botthucpham.vn/duong-dextrose-monohydrate-fufeng-trung-quoc.html,200,https://botthucpham.vn/duong-dextrose-monohydrate-fufeng-trung-quoc.html,81617,1258b8efc699d2c8dc0bdd2bca8ab5562de0c98e3a8a04a62d3d8ce819af44b7,2026-09-10T13:37:12Z,doh
https://bsaten-althuaq.com/en/products/dextrose-monohydrate-25kg-%D8%AF%D9%83%D8%B3%D8%AA%D8%B1%D9%88%D8%B2,200,https://bsaten-althuaq.com/en/products/dextrose-monohydrate-25kg-%D8%AF%D9%83%D8%B3%D8%AA%D8%B1%D9%88%D8%B2,234390,ae13c9e99034c6e3c5e52de2fc331dbfb2ad8ac6c7a71750a03eae770678757c,2026-09-10T13:37:13Z,doh
https://bulmag.org/product/suho-mlyako-bioset-1-5-50-gr,200,https://bulmag.org/product/suho-mlyako-bioset-1-5-50-gr,1065826,e6d543fcbf2a96a02b99b3716ed015a3f87b365f5ae5a008f3ac1122e0cd58eb,2026-09-10T13:37:13Z,doh
https://buxtrade.de/cdn/shop/files/MSDS_b695c2a4-95c7-4650-a107-bff1e83f7775-1764632025815.pdf?v=2205973867185397650,200,https://buxtrade.de/cdn/shop/files/MSDS_b695c2a4-95c7-4650-a107-bff1e83f7775-1764632025815.pdf?v=2205973867185397650,120264,32c8f737426eb86b3c756aec4e7c2e5d3052fd36cab396223f71307281ee0333,2026-09-10T13:37:13Z,doh
https://buxtrade.de/en/products/tara-gum?variant=47940326686994,200,https://buxtrade.de/en/products/tara-gum?variant=47940326686994,410198,33cab62e6faf40e777843c027e08c052a857443d49a2af04c74edb73d3573bde,2026-09-10T13:37:13Z,doh
https://buxtrade.de/pages/haufig-gestellte-fragen-faq,200,https://buxtrade.de/pages/haufig-gestellte-fragen-faq,261161,bc75cce2f7f414c5d1dcaadda1fe99899c2930adb91005552622618a5e687c22,2026-09-10T13:37:13Z,doh
https://buxtrade.de/pages/zahlung-und-versand,200,https://buxtrade.de/pages/zahlung-und-versand,241300,e7e1b260524af41c25d1dd6b4865a5c369198aa3abfbdca9dc2a271a10a1a265,2026-09-10T13:37:13Z,doh
https://buxtrade.de/products/tarakernmehl,200,https://buxtrade.de/products/tarakernmehl,403747,4a30cbba0855cc7e866f0174dad7dd61e6a042cd16cb46bf6ad18c57956a03cd,2026-09-10T13:37:13Z,doh
https://camachem.com/en/countries-we-supply-chemicals,200,https://camachem.com/en/countries-we-supply-chemicals,128067,bbbeab8f07b69089b9c98b9ed68fa5ba32af8c09fb8cae9fba835a1cb24d958d,2026-09-10T13:37:14Z,doh
https://camachem.com/vn/tara-gum.html,200,https://camachem.com/vn/tara-gum.html,140555,f95ec28c3016d5dae7910a23c1c148a58c5ab31d04b8bac6a46b2ddcd634a770,2026-09-10T13:37:14Z,doh
https://campbells.sorted.au/Open-Catalogue/PANTRY/LONG-LIFE-MILK/LONG-LIFE-POWDERED-MILK/SKIM-MILK-POWDERED/D-DALE-MILK-SKIM-INST-PDR-1KG/p/C1000003583,200,https://campbells.sorted.au/Open-Catalogue/PANTRY/LONG-LIFE-MILK/LONG-LIFE-POWDERED-MILK/SKIM-MILK-POWDERED/D-DALE-MILK-SKIM-INST-PDR-1KG/p/C1000003583,17510,6e86effc3cf8afacaa1a51034aee89e5a0d64a89edaf0a56548c82abb2077e4b,2026-09-10T13:37:14Z,doh
https://casinetto.com/products/cooking-and-whipping-cream-30/,403,https://casinetto.com/products/cooking-and-whipping-cream-30/,5845,207ff3e3f36b9bb1aa7303d5d41b32e63e9961f9124f3db52a8f54af4d927185,2026-09-10T13:37:14Z,doh
https://catalogue.topnegoce.com/en/1221-999-e417-tara-gum-top-negoce.html,200,https://catalogue.topnegoce.com/en/1221-999-e417-tara-gum-top-negoce.html,397438,82253702c7c056e7a5fcd8bfba7d3a680266db722dec2e174762c7f7dd762da4,2026-09-10T13:37:14Z,doh
https://catalogue.topnegoce.com/en/contact-us,200,https://catalogue.topnegoce.com/en/contact-us,192523,9d7661570b6a7c0ebd0d094998fdf2496009dbb18c169d3918f2f3f04e78bc4e,2026-09-10T13:37:15Z,doh
https://catalogue.topnegoce.com/fr/1221-e417-gomme-de-tara.html,200,https://catalogue.topnegoce.com/fr/1221-999-e417-gomme-de-tara.html,412571,8be4149652db4cc98f34031812780c854e55830dcab8380a449c3f4b61088ecd,2026-09-10T13:37:15Z,doh
https://cdn.metro-group.com/hu/hu_fir_117581001002_hu.pdf,200,https://cdn.metro-group.com/hu/hu_fir_117581001002_hu.pdf,70708,aec89bd26781574649a284c5ad7aed363341aa758efa4b6c92bac724b28ba004,2026-09-10T13:37:15Z,doh
https://cdn.shopify.com/s/files/1/0298/2861/2156/files/STA00014_-25KG_DEXTROSE_MONOHYDRATE_AAL_1.pdf?v=1736848511,200,https://cdn.shopify.com/s/files/1/0298/2861/2156/files/STA00014_-25KG_DEXTROSE_MONOHYDRATE_AAL_1.pdf?v=1736848511,45733,933f53206e3f74f921a40465032ca9b029cfdcf48aed2679f45a6fb2faf79f9e,2026-09-10T13:37:16Z,doh
https://cdn.shopify.com/s/files/1/1575/0603/files/afff2bdbe0c3a9dc388d388e7964416ea6e037cc_PAYC002_2.jpg?v=1786035968&width=1600,200,https://cdn.shopify.com/s/files/1/1575/0603/files/afff2bdbe0c3a9dc388d388e7964416ea6e037cc_PAYC002_2.jpg?v=1786035968&width=1600,161985,18cac736e5d46708e439a793c6f56700885619182c7255969255b6aa3efd33a4,2026-09-10T13:37:16Z,doh
https://cdn.suatuoi.com/files/congbo_chatluong/president/president-full-cream-1l-1701404546.pdf,200,https://cdn.suatuoi.com/files/congbo_chatluong/president/president-full-cream-1l-1701404546.pdf,3350437,9fd0910fc5f58a85dc4b24a22a8d57ee13a25ce6636a1017ee329f46d4c699c4,2026-09-10T13:37:16Z,doh
https://cdn.suatuoi.com/images/brand/president/president-full-cream-1l/2.webp,200,https://cdn.suatuoi.com/images/brand/president/president-full-cream-1l/2.webp,52678,70f71fd99862f06284b51edb43be7e19fb41fe9e6fed7538c3c0e0cc518ab683,2026-09-10T13:37:17Z,doh
https://cdn.suatuoi.com/images/brand/president/president-full-cream-1l/3.webp,200,https://cdn.suatuoi.com/images/brand/president/president-full-cream-1l/3.webp,53738,ee7105df573881de9250f114293069f3ab77cba59c321b5ba6889f4f721d3aee,2026-09-10T13:37:17Z,doh
https://cdn.suatuoi.com/images/brand/president/president-full-cream-1l/4.webp,200,https://cdn.suatuoi.com/images/brand/president/president-full-cream-1l/4.webp,84086,c46f339bab20244b5a541368d762c74f84a8e70f555d742e3ff74262b6c9479e,2026-09-10T13:37:17Z,doh
https://cdn11.bigcommerce.com/s-nu5wtrnr3h/images/stencil/1280x1280/products/507/1289/modernistpantry_taragum_50g_back__92203.1691090330.jpg?c=1,200,https://cdn11.bigcommerce.com/s-nu5wtrnr3h/images/stencil/1280x1280/products/507/1289/modernistpantry_taragum_50g_back__92203.1691090330.jpg?c=1,207979,8eb05bff2612d59f48778108f255c4c1d7a2e3d397004f02f7b7bc4728ebef07,2026-09-10T13:37:17Z,doh
https://cdn11.bigcommerce.com/s-nu5wtrnr3h/images/stencil/90x90/products/507/1289/modernistpantry_taragum_50g_back__92203.1691090330.jpg?c=1,200,https://cdn11.bigcommerce.com/s-nu5wtrnr3h/images/stencil/90x90/products/507/1289/modernistpantry_taragum_50g_back__92203.1691090330.jpg?c=1,1854,54c01122d0a87d58937f4806fa3076b177ffdc454c05d9e3572659dba78afe93,2026-09-10T13:37:17Z,doh
https://chamuze.com/product/peak-uht-full-cream-milk-1l/,404,https://chamuze.com/product/peak-uht-full-cream-milk-1l,78547,e86c5fd84060ca2c2bfc7bc894087adc39ff73f4e70eeba6e0cc820653df4caf,2026-09-10T13:37:17Z,doh
https://chemicalwarehouse.com.ng/product/dextrose-monohydrate/,200,https://chemicalwarehouse.com.ng/product/dextrose-monohydrate/,144285,3274c6ece7e6c3ca3ca0d60fae7e1c6094d6919636e23d510004ad619538e655,2026-09-10T13:37:17Z,doh
https://chemstock.ae/industrial-chemicals/food-chemicals/dextrose-monohydrate-supplier-uae/,200,https://chemstock.ae/industrial-chemicals/food-chemicals/dextrose-monohydrate-supplier-uae/,126318,a39df571350b4c6e06ee1482fe96b256c0b330c16f6b0d5a0586d466c54090c9,2026-09-10T13:37:18Z,doh
https://chompthis.com/product/?id=419344,200,https://chompthis.com/product/?id=419344,43723,46e99370a9d29ddfd4c73a5c19d4368a2c2460802ce049436b0f60de072fd670,2026-09-10T13:37:18Z,doh
https://cl.openfoodfacts.org/producto/7802920777542/leche-entera-colun,200,https://cl.openfoodfacts.org/producto/7802920777542/leche-entera-colun,215441,25094b1df8d43019bff2f483573406e103efa445a3c016a0c24f363f702a60c2,2026-09-10T13:37:19Z,doh
https://clientes.pascualprofesional.com/calidadpascual/es/L%C3%A1cteos-y-Bebidas-Vegetales/Leche-y-Bebidas-L%C3%A1cteas/Leche-Cl%C3%A1sica//p/30012361-8410128010102,200,https://clientes.pascualprofesional.com/calidadpascual/es/L%C3%A1cteos-y-Bebidas-Vegetales/Leche-y-Bebidas-L%C3%A1cteas/Leche-Cl%C3%A1sica//p/30012361-8410128010102,99199,d828a3ea564a8211ffa1c49a8f8f2b89863df304f71e4b37db59c28d08b06307,2026-09-10T13:37:20Z,doh
https://colanta.com/productos/leche-en-polvo-descremada-slight/,403,https://colanta.com/productos/leche-en-polvo-descremada-slight/,1602,64bd4102e17455bbff08435ca7ef87c2357d7ed802f602e80578f76e907ba44b,2026-09-10T13:37:20Z,doh
https://colanta.com/wp-content/uploads/LECHE-EN-POLVO-SLIGHT-380-G-tabla-1252-x-687-px-1.jpg,403,https://colanta.com/wp-content/uploads/LECHE-EN-POLVO-SLIGHT-380-G-tabla-1252-x-687-px-1.jpg,664,065bf8d1678deb52118fe090973251853e297af2f81c392448b9da8cc51d1b21,2026-09-10T13:37:20Z,doh
https://colombomall.lk/product/puck-whipping-cream-200ml-from-dubai-sam,200,https://colombomall.lk/product/puck-whipping-cream-200ml-from-dubai-sam,96881,459b74fa35d1124d8821a2bc93b1db180a876ec4e09d1d677feaa74aae44fe31,2026-09-10T13:37:20Z,doh
https://comercoo.com/produit/1598/lait-president-entier-1l/,200,https://comercoo.com/produit/1598/lait-president-entier-1l/,72113,c79f58d8c80fc267ff5d68feeb21cf5e50dc8a9aa8fb12714d0f5b71fcddb8b0,2026-09-10T13:37:20Z,doh
https://compre.estreladistribuicao.com.br/leite-em-po-molico-desnatado-lata-280g-122947,200,https://compre.estreladistribuicao.com.br/leite-em-po-molico-desnatado-lata-280g-122947,189104,94135079c5e083280175c18d0878ed93e2472fa2e0eaf76b75be7accb6c65f32,2026-09-10T13:37:20Z,doh
https://condi.dk/da/om-condi/levering,200,https://condi.dk/da/om-condi/levering,39573,348379dfe9402d6f08c00058f4f9126a7da60a068d665e568de276466882b2b8,2026-09-10T13:37:20Z,doh
https://condi.dk/da/tilsaetningsstoffer/gum-tara-1-kg,200,https://condi.dk/da/tilsaetningsstoffer/gum-tara-1-kg,42658,37c1c680fe5efdc139f5b3f89f5f7cabda3176c1c28faace522be345fa91b8ee,2026-09-10T13:37:20Z,doh
https://coophaapsalu.ee/toode/vahukoor-35-alma-400ml/,200,https://coophaapsalu.ee/toode/vahukoor-35-alma-400ml/,160438,f66ab7944f3aaed08954cc0eea01f717c3269b927940d726cce7ad8d50aeb633,2026-09-10T13:37:21Z,doh
https://coopshop.hu/termek/meggle-uht-habtejszin-30-200-ml/,000,https://coopshop.hu/termek/meggle-uht-habtejszin-30-200-ml/,0,,2026-09-10T13:37:21Z,system
https://coopshop.hu/termek/mizo-uht-teljes-tej-35-1-l/,000,https://coopshop.hu/termek/mizo-uht-teljes-tej-35-1-l/,0,,2026-09-10T13:37:21Z,system
https://copralim.ma/product/entier-1l/,000,https://copralim.ma/product/entier-1l/,0,,2026-09-10T13:37:21Z,system
https://copralim.ma/wp-content/uploads/2025/07/Design-sans-titre-3-5.png,000,https://copralim.ma/wp-content/uploads/2025/07/Design-sans-titre-3-5.png,0,,2026-09-10T13:37:21Z,system
https://costarica.yaxa.co/products/polvo-de-goma-de-mascar-pure-tara-no-transgenico-sin-gluten-vegano-certificado-kosher-ou-50-g-2-oz-colombia,200,https://costarica.yaxa.co/products/polvo-de-goma-de-mascar-pure-tara-no-transgenico-sin-gluten-vegano-certificado-kosher-ou-50-g-2-oz-colombia,269219,18a312ee83e678a18936e623a620bc08471257f2ef0b205e47174f1f58492400,2026-09-10T13:37:22Z,doh
https://cpmeiji-ebuddy.com/th/product/35,200,https://cpmeiji-ebuddy.com/th/product/35,231357,8f72c605de43046fe3145f72d5e8dd54c79308b9801516acd67e05bba8c46a16,2026-09-10T13:37:22Z,doh
https://ctown.jo/index.php/ctown_7th_ar/puckwhipcream200ml-5700426230177.html,403,https://ctown.jo/index.php/ctown_7th_ar/puckwhipcream200ml-5700426230177.html,5765,add5d55fc5f75c2b9110f8c492aeb8747ae0ebd38ed257e15fbf6f47eda2d08a,2026-09-10T13:37:22Z,doh
https://dailylac.com.my/product/sunlac-700g/,200,https://dailylac.com.my/product/sunlac-700g/,80804,a570e9161454a1834d41a2e1c27d913bbfd588fa541ad7d3c217b62f40aea1a9,2026-09-10T13:37:23Z,doh
https://dairyfarmersofcanada.ca/en/canadian-goodness/blue-cow-spotter/natrel-fine-filtered-homogenized-milk-325-mf-2l,200,https://dairyfarmersofcanada.ca/en/canadian-goodness/blue-cow-spotter/natrel-fine-filtered-homogenized-milk-325-mf-2l,115138,2f1e261aa0970148c265fd439637e0db20ad4c5ce70858a6297117b900ab037d,2026-09-10T13:37:23Z,doh
https://danfoods.dk/wp-content/uploads/data-sheets/700000/700000%20S%C3%98DM%C3%86LK%20UHT%20ARLA%201L%2088508.pdf,200,https://danfoods.dk/wp-content/uploads/data-sheets/700000/700000%20S%C3%98DM%C3%86LK%20UHT%20ARLA%201L%2088508.pdf,138006,02c69749e15256b0201a749c00e77b55754d86b318d7712b5e7261611be256d6,2026-09-10T13:37:23Z,doh
https://danlink.com/contact-us/,200,https://danlink.com/contact-us/,85581,3af5aaa434ef968118f471ad0bea85d4d6899b28e5da7bccc618fa067a567634,2026-09-10T13:37:23Z,doh
https://danlink.com/product/gums-stabilizers/,200,https://danlink.com/product/gums-stabilizers/,99963,dee0b41967d18fda639166efe353e38e60bd7b1589cf384df16e6f26a97ad1ba,2026-09-10T13:37:23Z,doh
https://delcaribeshop.com/pa/categoria/alimentos/bebidas/,200,https://delcaribeshop.com/pa/categoria/alimentos/bebidas/,213774,1fe5d536805f53f7b5f14f0a85b7c3928c23dffb40dae26eba2082291a019f95,2026-09-10T13:37:23Z,doh
https://delcaribeshop.com/pa/politica-privacidad/,200,https://delcaribeshop.com/pa/politica-privacidad/,186928,1548370c3915b24db98b7205694ffd536dc14aed43f48620d47cfb404e5fb7d4,2026-09-10T13:37:24Z,doh
https://delcaribeshop.com/pa/producto/dextrosa-monohidratada-bolsa-1-kg/,200,https://delcaribeshop.com/pa/producto/dextrosa-monohidratada-bolsa-1-kg/,252746,c9fcd886e41314652b48ac6aa4623b3585cf756a092fbd5c4189a322718222ed,2026-09-10T13:37:24Z,doh
https://delivery.brookshires.com/store/brookshires/products/18635421-brookshire-s-whipping-cream-ultra-pasteurized-30-milkfat-16-oz,200,https://delivery.brookshires.com/store/brookshires/products/18635421-brookshire-s-whipping-cream-ultra-pasteurized-30-milkfat-16-oz,542003,f58230e42afc3ad4098f8ec94e00c668dc1e917dfc6177af5310c399324bca3f,2026-09-10T13:37:25Z,doh
https://deltanutritives.com/elle-vire-professional-butter-84-fat/,200,https://deltanutritives.com/elle-vire-professional-butter-84-fat/,132610,3fa12c4344d7c4f22facb5487257dc3d8ed1bb2103a8ae2cfa6c7d965dcd2a5a,2026-09-10T13:37:25Z,doh
https://dgii.gov.do/cicloContribuyente/facturacion/comprobantesFiscalesElectronicosE-CF/Paginas/Implemantacion-FE-listado-grandes-contribuyentes-nacionales.aspx,200,https://dgii.gov.do/cicloContribuyente/facturacion/comprobantesFiscalesElectronicosE-CF/Paginas/Implemantacion-FE-listado-grandes-contribuyentes-nacionales.aspx,943834,3e40b256de82a1d805f0e137eb75866ceab34d6b335860cffdb217a10f4c0b20,2026-09-10T13:37:25Z,doh
https://diaonline.supermercadosdia.com.ar/leche-entera-clasica-la-serenisima-botella-larga-vida-1-lt-165870/p,200,https://diaonline.supermercadosdia.com.ar/leche-entera-clasica-la-serenisima-botella-larga-vida-1-lt-165870/p,1483693,455c347a84b38b5f8145fb7ba17b6f5ae5117d19e9344b4b7d82ac3840114e9d,2026-09-10T13:37:25Z,doh
https://dipiandistribuidora.uy/producto/leche-la-serenisima-3/,200,https://dipiandistribuidora.uy/producto/leche-la-serenisima-3/,136867,446f96bcc80fe036fb434152d3fa026113d086cbd7588bbb6b96f9025ee69238,2026-09-10T13:37:26Z,doh
https://distribucionesplata.com/tienda/alimentacion-y-bebidas/21850-nata-reny-picot-liqmont-mg30-bk200m-8410379941019.html,200,https://distribucionesplata.com/tienda/alimentacion-y-bebidas/21850-nata-reny-picot-liqmont-mg30-bk200m-8410379941019.html,194019,5b7dfa40fca3899d040e9800f5ac7c8da46335cfdcbab31684b7989d8b025ec1,2026-09-10T13:37:26Z,doh
https://distribuidoranicsa.com/producto/crema-para-batir-lyncott-500ml/,200,https://distribuidoranicsa.com/producto/crema-para-batir-lyncott-500ml/,77257,232741f266ae7611629c5376543a1aef3a7bae24f9b9ad0d1c337d985dceda26,2026-09-10T13:37:26Z,doh
https://doc.chemipan.com/pdf/catalogue/CHE_Catalogue_FS_Sweetener.pdf,403,https://doc.chemipan.com/pdf/catalogue/CHE_Catalogue_FS_Sweetener.pdf,5842,7cd5e0e4edd231f84cd57a75fc5788b31c2bd16c2f736150ea3122e26dc82ca0,2026-09-10T13:37:26Z,doh
https://doc.chemipan.org/home/images/chemipan/document/product/catalogue/pdf/CHE_Catalogue_FS_Sweetener.pdf,403,https://doc.chemipan.org/home/images/chemipan/document/product/catalogue/pdf/CHE_Catalogue_FS_Sweetener.pdf,4545,9e04c26a21f03aef03ea039abba561e19ee9e7c60d6deab9a5637f7dc8fd32a2,2026-09-10T13:37:26Z,doh
https://dokumente.kastner.at/lmiv/kastner/222148.pdf,200,https://dokumente.kastner.at/lmiv/kastner/222148.pdf,604316,94f3057b8c6e4919d638de0e034b388b9be2a542c75f14a43edc6d9d4934e1d5,2026-09-10T13:37:27Z,doh
https://dokumente.kastner.at/lmiv/kastner/222821.pdf,200,https://dokumente.kastner.at/lmiv/kastner/222821.pdf,604917,ef65d5ac87b73977e0417e71208c39f5dff4290016039d7cb862b6ec8809f3bf,2026-09-10T13:37:27Z,doh
https://dudhsagardairy.coop/dairy/products/sagar-skimmed-milk-powder/,200,https://dudhsagardairy.coop/dairy/products/sagar-skimmed-milk-powder/,185497,8c48d1787a59f7a5fcc591a4683cc80024dbb3e9c963799d0ab309bd9b50f6e7,2026-09-10T13:37:27Z,doh
https://dz.iherb.com/pr/now-foods-real-food-organic-non-fat-dry-milk-powder-12-oz-340-g/21134,403,https://dz.iherb.com/pr/now-foods-real-food-organic-non-fat-dry-milk-powder-12-oz-340-g/21134,5938,635e77a25867124984bdee764090fd9f2bc9d65c68af42447cc9db610faa6282,2026-09-10T13:37:28Z,doh
https://easis.dk/products/easis-skummetmaelkspulver,200,https://easis.dk/products/easis-skummetmaelkspulver,209282,031c02b3221fbb5fbbbad7260b415ab784bb4be5ed78a2530e49fda2e6987877,2026-09-10T13:37:29Z,doh
https://ebberup.spar.dk/produkter/arla-s%C3%B8dm%C3%A6lk-3%2C5%25-uht-5709310050303,200,https://ebberup.spar.dk/produkter/arla-s%C3%B8dm%C3%A6lk-3%2C5%25-uht-5709310050303,12909,87ae797a7c3b902b40968d3864b9271dac02678997cced4ef821fa666e16926b,2026-09-10T13:37:29Z,doh
https://echem.com.bd/item/unicorn-dextrose-monohydrate-food-grade-34g0679qp7,200,https://echem.com.bd/item/unicorn-dextrose-monohydrate-food-grade-34g0679qp7,1766,9f77817562507a0cde0298bb59d5a2bb0e0d525f7bb202dc1b92874bfb9e6451,2026-09-10T13:37:30Z,doh
https://ecotraders.com.au/cdn/shop/files/lotus-glucose-powder-dextrose--6178--rear.jpg?v=1785309893&width=1600,200,https://ecotraders.com.au/cdn/shop/files/lotus-glucose-powder-dextrose--6178--rear.jpg?v=1785309893&width=1600,89773,b7fbf7454a515b746303e981afe400597aa036d6f25449da1cbbebca8d6466bd,2026-09-10T13:37:30Z,doh
https://ecotraders.com.au/products/lotus-glucose-powder-dextrose,200,https://ecotraders.com.au/products/lotus-glucose-powder-dextrose,419239,17ed3a4dd4c74a1aee704bd4796c3d4a5ee700cc7df865ac8c8d334fa7f68d75,2026-09-10T13:37:30Z,doh
https://edeka-foodservice.de/eigenmarken/produkte/167982005/hofgut-schlagsahne-30-200g,200,https://edeka-foodservice.de/eigenmarken/produkte/167982005/hofgut-schlagsahne-30-200g,54561,7ff9c32695b4c36ec7c222f28382ffe4093260e2e679312dec3caeb941ed9ff5,2026-09-10T13:37:30Z,doh
https://eg.iherb.com/pr/now-foods-real-food-organic-non-fat-dry-milk-powder-12-oz-340-g/21134,403,https://eg.iherb.com/pr/now-foods-real-food-organic-non-fat-dry-milk-powder-12-oz-340-g/21134,5938,9e1c024b15c007d95b9551368e9303b9a2db9ee3c0a6ee65ca58be2524d81fd4,2026-09-10T13:37:30Z,doh
https://ejostores.com/products/puckwhipcream200ml-5700426230177-html,200,https://ejostores.com/products/puckwhipcream200ml-5700426230177-html,775830,861b5de3cb1e904567fb4eaedb4f0a234e2124b1c28622e53282986f668eae48,2026-09-10T13:37:31Z,doh
https://elnaranjo.com.uy/productos/leche-en-polvo-descremada-conaprole-200g,200,https://elnaranjo.com.uy/productos/leche-en-polvo-descremada-conaprole-200g,129539,e25eed8b0319cb67436b4e82d928fe3b0c24a9f6c0b30469c7edeea002d1187f,2026-09-10T13:37:31Z,doh
https://elvaistine.lt/vitaminai-ir-maisto-papildai/baltyminiai-ir-kiti-maisto-produktai/iconfit-dextro-dekstroze-1kg,200,https://elvaistine.lt/vitaminai-ir-maisto-papildai/baltyminiai-ir-kiti-maisto-produktai/iconfit-dextro-dekstroze-1kg,159975,a0163cfda9dda2619b16292d308c341fca8cece22b75fc1173a7e52347c7ecbd,2026-09-10T13:37:31Z,doh
https://en.charalambideschristis.com.cy/products/manufactured/cream-en/whipping-cream-en/dairy-cream-en,200,https://en.charalambideschristis.com.cy/products/manufactured/cream-en/whipping-cream-en/dairy-cream-en,64655,6171b1e519b78354bfed3d7b644750883c11c615a69177078e137eb8b1cb7be6,2026-09-10T13:37:31Z,doh
https://en.indotrading.com/jayautamasantikah/greenfields-uht-full-cream-1l-per-karton-isi-12-pcs-8993351121307-p1180454.aspx,403,https://en.indotrading.com/jayautamasantikah/greenfields-uht-full-cream-1l-per-karton-isi-12-pcs-8993351121307-p1180454.aspx,6084,be25a9b2b2060c9cb55d6aa5b97866f43cfe9bd57ae21b7101177a7c40375ed9,2026-09-10T13:37:31Z,doh
https://eng.pinar.com.tr/products/detail-milk/Milk-Powder/2492/2666/0,200,https://eng.pinar.com.tr/products/detail-milk/Milk-Powder/2492/2666/0,71437,9e72940be6fcf7071b6d8fe02a5adc5eefae4e3b85d205a85a3b9ab7027fa1ea,2026-09-10T13:37:31Z,doh
https://epromo.lv/en/product/dairy-products-and-eggs/sour-cream-cream/cream/sweet-cream-meadow-star-30-0.5-l-uht/x433344,403,https://epromo.lv/en/product/dairy-products-and-eggs/sour-cream-cream/cream/sweet-cream-meadow-star-30-0.5-l-uht/x433344,6127,cd08cbf964e6f098f2ddfe4e8c0bf176e39a28c650f0584c7f4a46ae9fcb4556,2026-09-10T13:37:32Z,doh
https://es.scribd.com/document/731212940/FT-Crema-leche-Alq-1,200,https://www.scribd.com/document/731212940/FT-Crema-leche-Alq-1,3038,32ed63159c77e21ee19ca1b9aa3213ccf0218eb59539560b132a8e68ef0e18ea,2026-09-10T13:37:32Z,doh
https://eshop.agrola.cz/trvanlive/800-mleko-trvanlive-plnot35-8593803224015.html,200,https://eshop.agrola.cz/trvanlive/800-mleko-trvanlive-plnot35-8593803224015.html,199766,888d2044c29b4f4ce0036c9161399fea6fb0571899e866428db50936e32110e0,2026-09-10T13:37:33Z,doh
https://eshop.deltanutritives.com/product/elle-vire-excellence-whipping-cream/,200,https://eshop.deltanutritives.com/product/elle-vire-excellence-whipping-cream/,164049,7951d7bee81e23e8a4924bca3a7aba8328d6b8326ffacaa5234b8b921215d617,2026-09-10T13:37:33Z,doh
https://eshop.libex.sk/?content=SHOP&nparams=typ_t%3B2505,200,https://eshop.libex.sk/?content=SHOP&nparams=typ_t%3B2505,95527,542e5bb843895a4c31b007f5500be0245e63b3d5bd97ede3aaa713a5500fb57c,2026-09-10T13:37:33Z,doh
https://evedd.hu/Mizo-Uht-Tej-1L-35,200,https://evedd.hu/tejtermekek,301191,8e3a42858af5bc902dc6b6a578c86e227fed4deff8a3ba3405fc27d65a952afc,2026-09-10T13:37:33Z,doh
https://express.dospinos.com/crema-dulce-250-ml-2,403,https://express.dospinos.com/crema-dulce-250-ml-2,4906,507118e00112e39cf05377bf6a513986ecbcd784a4163717cc9531d8beba2ed4,2026-09-10T13:37:33Z,doh
https://ferreralimentacion.com/pt-pt/producto/goma-tara/,200,https://ferreralimentacion.com/pt-pt/producto/goma-tara/,49772,1bb9116a03217a225364986380881072ddea69eaaa51cab88a80c61c08fd9867,2026-09-10T13:37:34Z,doh
https://fetch.com.cy/shop/spyros-supermarket/products/charalambides-christis-dairy-cream-35-500ml,410,https://fetch.com.cy/shop/spyros-supermarket/products/charalambides-christis-dairy-cream-35-500ml,192,8af0b2b7a33a7386f52c2272681be38090f2773ac35d4e29fcba6374de2368b9,2026-09-10T13:37:34Z,doh
https://files.meilleurduchef.com/mdc/pdf/product/lfr/dextrose-monohydrate/fiche_technique_dextrose.pdf,200,https://files.meilleurduchef.com/mdc/pdf/product/lfr/dextrose-monohydrate/fiche_technique_dextrose.pdf,79228,d2b142eb8e806a2c3aa84a25dc5a98d0fafac0f29ac36206368d8a852f6ce538,2026-09-10T13:37:34Z,doh
https://foodpanda.dhmedia.io/image/darkstores/nv-global-catalog/pk/d099bcab-eb07-44ee-b205-95f928b00681.png?height=1500,200,https://foodpanda.dhmedia.io/image/darkstores/nv-global-catalog/pk/d099bcab-eb07-44ee-b205-95f928b00681.png?height=1500,1650793,059d61810a8b02433e5bb0279ad686d81bbd1ebc36a35d77f8b6fffd32dcca00,2026-09-10T13:37:35Z,doh
https://freshmart.ph/products/emborg-uht-whipping-cream-200ml,200,https://freshmart.ph/products/emborg-uht-whipping-cream-200ml,104371,f68aaccebef0e30a3be4ac3a23d0b0831cfe6ac1e14ed0b30baaa5b205f29069,2026-09-10T13:37:35Z,doh
https://furdtk.com/en/shop/category/dairy-eggs-fresh-milk-3288,200,https://furdtk.com/en/shop/category/dairy-eggs-fresh-milk-3288,256188,2b3f3a8056c101c375319c44745fdbbee007c186bf19182a8c4a5dce8f40456b,2026-09-10T13:37:35Z,doh
https://fusokk.co.jp/lifescience-products/%E3%82%B9%E3%83%94%E3%83%8E%E3%82%AC%E3%83%A0%EF%BC%88%E3%82%BF%E3%83%A9%E3%82%AC%E3%83%A0%EF%BC%89,200,https://fusokk.co.jp/lifescience-products/%E3%82%B9%E3%83%94%E3%83%8E%E3%82%AC%E3%83%A0%EF%BC%88%E3%82%BF%E3%83%A9%E3%82%AC%E3%83%A0%EF%BC%89,58119,9d915975ea98b7cb4768c613ccf6fb01953469f33bbadf417223269a0ac0fa36,2026-09-10T13:37:35Z,doh
https://gcc.luluhypermarket.com/en-ae/regilait-0-fat-instant-skimmed-milk-powder-700-g/p/3706,403,https://gcc.luluhypermarket.com/en-ae/regilait-0-fat-instant-skimmed-milk-powder-700-g/p/3706,5490,5517322527c5848ff0d0a3c6bb6c811aa81a3045c577369a69bd72735cde94e2,2026-09-10T13:37:36Z,doh
https://gcc.luluhypermarket.com/en-bh/arla-organic-milk-full-fat-200-ml/p/1353021-ea,403,https://gcc.luluhypermarket.com/en-bh/arla-organic-milk-full-fat-200-ml/p/1353021-ea,5490,610d8add7c54936998fd6f060e642c6ffae6ceabd175bdf88620122c1b4cafe8,2026-09-10T13:37:36Z,doh
https://gcc.luluhypermarket.com/en-bh/puck-whipping-cream-200-ml/p/211342,403,https://gcc.luluhypermarket.com/en-bh/puck-whipping-cream-200-ml/p/211342,5490,82ffb5772c1f12cbf2add6d861bdc03f1d3171a71d825fd3d8dad8c4db85dab3,2026-09-10T13:37:36Z,doh
https://gcc.luluhypermarket.com/en-kw/paysan-breton-whipping-cooking-cream-200-ml/p/423673,403,https://gcc.luluhypermarket.com/en-kw/paysan-breton-whipping-cooking-cream-200-ml/p/423673,5490,745eaf18ccbcb636dba8135705aeff3390c5f8b99d6816b89bd10447d9a4d241,2026-09-10T13:37:36Z,doh
https://gcc.luluhypermarket.com/en-kw/regilait-0-fat-instant-skimmed-milk-powder-300-g/p/405103,403,https://gcc.luluhypermarket.com/en-kw/regilait-0-fat-instant-skimmed-milk-powder-300-g/p/405103,5490,d0f208903f3b833040ba03b29f2d2e8ad1327776944a1d202a93e181625f2138,2026-09-10T13:37:36Z,doh
https://gcc.luluhypermarket.com/en-om/mazoon-full-fat-long-life-milk-1litre/p/1703891-ea,403,https://gcc.luluhypermarket.com/en-om/mazoon-full-fat-long-life-milk-1litre/p/1703891-ea,5490,faf46d52cd6ab12328a149427feba4bae7f10b55bd657838cf3425c1d17c9c66,2026-09-10T13:37:37Z,doh
https://gcc.luluhypermarket.com/en-om/puck-whipping-cream-200-ml/p/211342,403,https://gcc.luluhypermarket.com/en-om/puck-whipping-cream-200-ml/p/211342,5490,d71163adc16d5a0bd67009fa006417b4f6456821e7ba26763c95687da332bbb1,2026-09-10T13:37:37Z,doh
https://gcc.luluhypermarket.com/en-qa/paysan-breton-whipping-cooking-cream-200-ml/p/423673,403,https://gcc.luluhypermarket.com/en-qa/paysan-breton-whipping-cooking-cream-200-ml/p/423673,5490,dc5cf6d2fac14dc1356ccbba85d4b7e21292b6139aadb0e874b99472d2290f3a,2026-09-10T13:37:37Z,doh
https://gcc.luluhypermarket.com/en-qa/regilait-0-fat-instant-skimmed-milk-powder-300-g/p/405103,403,https://gcc.luluhypermarket.com/en-qa/regilait-0-fat-instant-skimmed-milk-powder-300-g/p/405103,5490,94b03ba5d8758b873672f69c436b1c856605fe58736d8c458e7e8d5fabc8cad4,2026-09-10T13:37:37Z,doh
https://gcc.luluhypermarket.com/en-sa/regilait-0-fat-instant-skimmed-milk-powder-700-g/p/3706,403,https://gcc.luluhypermarket.com/en-sa/regilait-0-fat-instant-skimmed-milk-powder-700-g/p/3706,5490,56970f998ba7016f8dab0d86f1e4bd5e9f4a61219abebbd240d89660040c50ba,2026-09-10T13:37:37Z,doh
https://gh.iherb.com/pr/now-foods-real-food-organic-non-fat-dry-milk-powder-12-oz-340-g/21134,403,https://gh.iherb.com/pr/now-foods-real-food-organic-non-fat-dry-milk-powder-12-oz-340-g/21134,5938,e7b979d7eea5e08f26736fb0a668a204c5575aae34b3e41e557f338909439a75,2026-09-10T13:37:37Z,doh
https://globusonline.cz/p/meggle-smetana-ke-slehani-30-tuku-250-ml,200,https://globusonline.cz/p/meggle-smetana-ke-slehani-30-tuku-250-ml,382161,cbad885e52eabe1db9678ec303af5c9f261c71228d4265a0a2471eb2f51d017b,2026-09-10T13:37:38Z,doh
https://gourmetshop.hr/hrana/teksture/gelifikatori/tara-gumi-sosa,200,https://gourmetshop.hr/hrana/teksture/gelifikatori/tara-gumi-sosa,417245,cab9387fde585a5fab216fba2bf002ee5c178078244f7683895bf8c79a5d4ac6,2026-09-10T13:37:38Z,doh
https://gourmetshop.si/zivila/teksture/gelifikanti/tara-gumi-sosa,200,https://gourmetshop.si/zivila/teksture/gelifikanti/tara-gumi-sosa,427124,0cd0a2b82ab4c107b44e5c55a0e2a0c6c328b1c24ee824cdaa8c666efa01d728,2026-09-10T13:37:38Z,doh
https://greenfieldsdairy.com/en-SG/produk/uht-milk-en/full-cream-uht-milk-en,200,https://greenfieldsdairy.com/en-SG/produk/uht-milk-en/full-cream-uht-milk-en,63439,718ebf8ecfe6bafaa1cef5c567f9957f970df5775cdab3574005f8d7a5ba29f6,2026-09-10T13:37:38Z,doh
https://groceryclub.shop/products/detail/clover-ultra-pasteurised-fresh-full-cream-milk-2l,429,https://groceryclub.shop/products/detail/clover-ultra-pasteurised-fresh-full-cream-milk-2l,32188,f4330769e376ef074d6840fd6ef46b29f10cb1e2c334dc7822400f197ff91bf6,2026-09-10T13:37:38Z,doh
https://gymbeam.bg/dekstroza-1000-g-gymbeam.html,403,https://gymbeam.bg/dekstroza-1000-g-gymbeam.html,5743,c4479ed1f4c14ab327ac6bc665917329daaa7b7cba8b7590d6261e563ca7689a,2026-09-10T13:37:38Z,doh
https://gymbeam.cz/dextroza-1000-g-gym-beam.html,200,https://gymbeam.cz/dextroza-1000-g-gym-beam.html,1061894,1bb5f7c0f9654561b3c551c6d9ddac82c7f129c5ad5e4841ae89bf7fa6f30147,2026-09-10T13:37:39Z,doh
https://gymbeam.hr/dekstroza-gymbeam.html,200,https://gymbeam.hr/dekstroza-gymbeam.html,1036644,07f4eb074dda75223cb75991355e43295773e69345ff72a0ddd2441c61ff0f20,2026-09-10T13:37:39Z,doh
https://gymbeam.hu/dextroz-gymbeam.html,200,https://gymbeam.hu/dextroz-gymbeam.html,1055121,60311fbbb9c176032854904f591b4ec446976fd59ec2aec276fec86fd92ce89b,2026-09-10T13:37:39Z,doh
https://gymbeam.ro/dextroza-1000-g-gymbeam.html,200,https://gymbeam.ro/dextroza-1000-g-gymbeam.html,1068433,f944765f2220a42c7447bc9dca4ecbc12891d923bd8b8fccfe433e321df26286,2026-09-10T13:37:39Z,doh
https://gymbeam.si/dekstroza-gymbeam.html,200,https://gymbeam.si/dekstroza-gymbeam.html,1036712,2bd54b1bb79769184a2682162f8169f2aeacd39efd8f7ca9f0a9bb7b56616447,2026-09-10T13:37:40Z,doh
https://gymbeam.sk/dextroza-gymbeam.html,200,https://gymbeam.sk/dextroza-gymbeam.html,1083243,ee9aaf2a22cc3d66ba222e061706c663b8f603094dbeac44bf8e0e99f4c26410,2026-09-10T13:37:40Z,doh
https://hipermercadosiberia.com/producto/milex-leche-entera-1-lt/,200,https://hipermercadosiberia.com/producto/milex-leche-entera-1-lt/,132467,44c5249a345ca88c2a9a81d9a166f053eb8f084dfb9558467d97bc5c6e4ea4dd,2026-09-10T13:37:40Z,doh
https://hoachatphuthinh.vn/san-pham/duong-dextrose-monohydrate-c6h12o6h2o-fufeng.html,200,https://hoachatphuthinh.vn/san-pham/duong-dextrose-monohydrate-c6h12o6h2o-fufeng.html,39403,872f0864fda6c06112f145f4ce907d9bb3dd6daf6cade760a33c1ee35a143025,2026-09-10T13:37:40Z,doh
https://homebrewing.co.il/catalog.asp?page=newshowprod.asp&prodid=2998212,200,https://homebrewing.co.il/catalog.asp?page=newshowprod.asp&prodid=2998212,108782,ed602387eb4ff51ca0fe93f2385025f1e93db65bc4ab7799c1484b1edad1f895,2026-09-10T13:37:40Z,doh
https://hungerstation.com/sa-en/supermarkets/regions/jeddah/az-zahra/branch/spinneys-178611/product/almarai-milk-full-fat-200ml-6281007032568,200,https://hungerstation.com/sa-en/supermarkets/regions/jeddah/az-zahra/branch/spinneys-178611/product/almarai-milk-full-fat-200ml-6281007032568,45253,81a664b8c2cd2eebf70f65daf51877b04ec506c3b91d811bdb4d1c142d4270ba,2026-09-10T13:37:40Z,doh
https://iconfit.ee/products/dextrose,200,https://iconfit.ee/products/dextrose,324100,c57c13556412dcc58d52243482519b4617f8b564e553c0b3dd9ee52b2091a28a,2026-09-10T13:37:41Z,doh
https://iconfit.lt/en/products/dextrose,200,https://iconfit.lt/en/products/dextrose,316177,f18f55ee509a2b9541a62a1a0340f88cbd98a118110dc71ffe7eb4b9ee4283c4,2026-09-10T13:37:41Z,doh
https://iconfit.lv/products/dextrose,200,https://iconfit.lv/products/dextrose,326119,f985dfe898e7b82f650a4b9bba9f0f3f55fba9821f4fa4bf48cb2a7fbe4ce1ed,2026-09-10T13:37:41Z,doh
https://images.openfoodfacts.org/images/products/315/525/300/4699/5.jpg,200,https://images.openfoodfacts.org/images/products/315/525/300/4699/5.jpg,3434746,fc42cf8e91c1472d495bab5e8d173fab8efe2e00ad8b86d9c017cc6f0a3e875c,2026-09-10T13:37:41Z,doh
https://images.openfoodfacts.org/images/products/315/525/300/4699/nutrition_fr.17.full.jpg,200,https://images.openfoodfacts.org/images/products/315/525/300/4699/nutrition_fr.17.full.jpg,252876,1cad7b247e0dda2320a93daddcdfe620906f9fdf44af7e3507dc43d23f089f29,2026-09-10T13:37:42Z,doh
https://images.openfoodfacts.org/images/products/479/211/621/1000/8.jpg,200,https://images.openfoodfacts.org/images/products/479/211/621/1000/8.jpg,211148,7d7f2b209df033e3e79d66cd61bfb9c6bd27adc8c8990edb8d367874d01d8f39,2026-09-10T13:37:42Z,doh
https://images.openfoodfacts.org/images/products/479/211/621/1000/9.jpg,200,https://images.openfoodfacts.org/images/products/479/211/621/1000/9.jpg,249038,025388a34b0e8467f14392dc8b9cdd4980b621e9ea27ba79117bc3ca375fc19e,2026-09-10T13:37:42Z,doh
https://images.openfoodfacts.org/images/products/495/544/710/0416/1.jpg,200,https://images.openfoodfacts.org/images/products/495/544/710/0416/1.jpg,261005,15e66d76c599e8e855316a7f9d3ae928bcc53dd5475f6fe2e79408c9803dda2d,2026-09-10T13:37:42Z,doh
https://images.openfoodfacts.org/images/products/495/544/710/0416/2.jpg,200,https://images.openfoodfacts.org/images/products/495/544/710/0416/2.jpg,358771,ca74266cdbe6c988d9a7b3867b8df7d5c55e9391d0931e37986c72006d60e01a,2026-09-10T13:37:43Z,doh
https://images.openfoodfacts.org/images/products/628/100/703/2568/ingredients_en.24.full.jpg,200,https://images.openfoodfacts.org/images/products/628/100/703/2568/ingredients_en.24.full.jpg,137030,ecf3c9117e21499cdaccc9c2736cdca0811c556745dca931edb3b2714de1e1bb,2026-09-10T13:37:43Z,doh
https://img-cf.kurly.com/hdims/resize/%3E1010x/quality/90/src/shop/data/goodsview/20220304/gv30000286268_1.jpg,200,https://img-cf.kurly.com/hdims/resize/%3E1010x/quality/90/src/shop/data/goodsview/20220304/gv30000286268_1.jpg,96722,34630ae28aba659655acd2dab3b4fd2b567bfefe72dd8a8243245258b5eae364,2026-09-10T13:37:43Z,doh
https://importshopbd.com/product/emborg-whipping-cream-1l/,200,https://importshopbd.com/product/emborg-whipping-cream-1l/,174675,d283235ff18437680c95eb5a05068c9805ecde9b12704cb11fd7c6184ca100a5,2026-09-10T13:37:43Z,doh
https://incomepro.si/product/smetana-alpska-mu-05l/,200,https://incomepro.si/product/smetana-alpska-mu-05l/,137469,231a78ec3911a04594f124a4caca8c0f1013880167f6e7223be6615ac03d39a8,2026-09-10T13:37:44Z,doh
https://italiaintunisia.com/fr/612-granarolo-biologico-latte-bio-intero-1-lt.html,200,https://italiaintunisia.com/fr/612-granarolo-biologico-latte-bio-intero-1-lt.html,107308,17a829a3db28aa4899b41c5547f0c4727bf5fdf609df36e34a5509f75b0d636c,2026-09-10T13:37:44Z,doh
https://italiaintunisia.com/fr/content/1-livraison,200,https://italiaintunisia.com/fr/content/1-livraison,53144,70c2233befec826e83ea2abf3a877cf0ec0ec72da9a4d6649ba657cdb05e03d6,2026-09-10T13:37:44Z,doh
https://italiaintunisia.com/fr/content/4-qui-sommes-nous,200,https://italiaintunisia.com/fr/content/4-qui-sommes-nous,53678,c66d3d83293b903987e014639c9f03e3da8096078d9026015031d5aa16833797,2026-09-10T13:37:44Z,doh
https://item.jd.com/100051221729.html,200,https://item.jd.com/100051221729.html,39366,04ea2d50ea8cd0610344b25019c0951734680a00500798951ee112087dbea703,2026-09-10T13:37:44Z,doh
https://item.rakuten.co.jp/nk/455447/,200,https://item.rakuten.co.jp/nk/455447/,43,46cf89bad7d1ff16ac2537ea5d2c055c76f1a2c3d91be3d3473b375a51b1bc33,2026-09-10T13:37:44Z,doh
https://item.rakuten.co.jp/parisnodaidoko/tbl-lg07/,200,https://item.rakuten.co.jp/parisnodaidoko/tbl-lg07/,42,c7bfc346808f4789eb6b19590f344440be75085e98413d8f6e4b4c76437344ef,2026-09-10T13:37:45Z,doh
https://jiji.ng/isolo/manufacturing-materials-and-tools/dextrose-monohydrate-food-grade-glucose-powder-25kg-bag-hdkJ3SmQv7r8FxJdrjYHQVEM.html,403,https://jiji.ng/isolo/manufacturing-materials-and-tools/dextrose-monohydrate-food-grade-glucose-powder-25kg-bag-hdkJ3SmQv7r8FxJdrjYHQVEM.html,6156,79402e5cb32582f4de372ea0482a5a06cf1e4b10d99e5e5dd92d01630993a3e5,2026-09-10T13:37:46Z,doh
https://jumboargentina.vtexassets.com/arquivos/ids/869467/Leche-En-Polvo-Descremada-La-Serenisima-400-Gr-2-861793.jpg?v=638842269705070000,200,https://jumboargentina.vtexassets.com/arquivos/ids/869467/Leche-En-Polvo-Descremada-La-Serenisima-400-Gr-2-861793.jpg?v=638842269705070000,159978,e73107c249a0f76cd92ff8af9487b327e7376a4536b4c6c2488069c0709f57ae,2026-09-10T13:37:46Z,doh
https://jumboargentina.vteximg.com.br/arquivos/ids/869451/Crema-Uat-Ls-Batir-Slim-200ml-2-577835.jpg?v=638842269633900000,200,https://jumboargentina.vteximg.com.br/arquivos/ids/869451/Crema-Uat-Ls-Batir-Slim-200ml-2-577835.jpg?v=638842269633900000,133404,e4a11ba2443527fa44823bb0c9abe536f5c2d85d3f3efacc9073c70a94b125e8,2026-09-10T13:37:46Z,doh
https://ke.iherb.com/pr/now-foods-real-food-organic-non-fat-dry-milk-powder-12-oz-340-g/21134,403,https://ke.iherb.com/pr/now-foods-real-food-organic-non-fat-dry-milk-powder-12-oz-340-g/21134,5938,589b56768c2e37f572fef75bbebf6f09ebabb0634d045943854794deab7e7c0a,2026-09-10T13:37:46Z,doh
https://kiccake.pl/pl/products/dekstroza-glukoza-spozywcza-jednowodna-100g-kiccake-109326.html,200,https://kiccake.pl/pl/products/dekstroza-glukoza-spozywcza-jednowodna-100g-kiccake-109326.html,185729,195fefc14ef7c42ac1bb07e1c7394dcfad188c81b4dd1fe5aa0adab6a6b8b251,2026-09-10T13:37:47Z,doh
https://kiernans.ie/product/dextrose-monohydrate/,200,https://kiernans.ie/product/dextrose-monohydrate/,221828,89355c5bb1894c078c297d46c667b442bc5d70968760798c2aac7af726dc2135,2026-09-10T13:37:47Z,doh
https://kiranamarket.com/amul-sagar-skim-milk-powder-500g/,200,https://kiranamarket.com/product/amul-sagar-skim-milk-powder-500g/,71298,cb461709dc76e72db946ee3223b0004292d7749d4b26d44891f48831628c57ce,2026-09-10T13:37:47Z,doh
https://klim.nestle.com.tw/fullcream/products-fullcream,403,https://klim.nestle.com.tw/fullcream/products-fullcream,35327,ac7411da299aa0c0ce9d36f4f2275f7ed4c2d93a88f8e98ec937c43856815ce6,2026-09-10T13:37:47Z,doh
https://kr.openfoodfacts.org/produkt/8801121772874/original-3-6-milk-maeil,200,https://kr.openfoodfacts.org/produkt/8801121772874/original-3-6-milk-maeil,106051,f04ee70eb991cd655e889d875e7b5b175f8dc17f92283457c1d3bf4fa52c9b93,2026-09-10T13:37:47Z,doh
https://lafamilleatable.com/products/p-lait-en-poudre-ecreme-regilait-3043934232700,200,https://lafamilleatable.com/en/products/p-lait-en-poudre-ecreme-regilait-3043934232700,2331363,f8b2e6274ee859b1903a542ac51d2a680cd3f4e9feb714c0e68b17f99229af86,2026-09-10T13:37:48Z,doh
https://lcsever.ijednota.sk/produkt/smotna-slah30-250ml,200,https://lcsever.ijednota.sk/produkt/smotna-slah30-250ml,67747,6eb278a7e56b36a9b529557e7e6b1a680cb3370796bc1615268b02cfa50a153c,2026-09-10T13:37:49Z,doh
https://leclerc.com.pl/laciata-smietanka-30,403,https://leclerc.com.pl/laciata-smietanka-30,5742,c194ea574a6ff7adef2cc0e49aeaada9ff938783c04e89f907ca5391c5e25758,2026-09-10T13:37:49Z,doh
https://leclerc.com.pl/laciate-mleko-uht-35,403,https://leclerc.com.pl/laciate-mleko-uht-35,5742,50fdac058c508d7c3e9886dca069114df5e523af447e49f1e7ecaf3317697bda,2026-09-10T13:37:49Z,doh
https://leroma.de/api/v1/downloadData?pathName=cdn/seller1377/seller-skus/sellerSku3771/documents/63000_Dextrose_monohydrat_-_Spezifiaktion_Gujarat_Ambuja_Exports.pdf,200,https://leroma.de/api/v1/downloadData?pathName=cdn/seller1377/seller-skus/sellerSku3771/documents/63000_Dextrose_monohydrat_-_Spezifiaktion_Gujarat_Ambuja_Exports.pdf,63657,a337aec5a524b8e0ed1c566ea7fa0f2945cbafee74776a00535decd04e744eb6,2026-09-10T13:37:50Z,doh
https://lk.iherb.com/pr/now-foods-real-food-organic-non-fat-dry-milk-powder-12-oz-340-g/21134,403,https://lk.iherb.com/pr/now-foods-real-food-organic-non-fat-dry-milk-powder-12-oz-340-g/21134,5938,bcd8d13b267c1b595763918edf2a6076847de0b39e753759ff627b9e9cc6c797,2026-09-10T13:37:50Z,doh
https://lmfgroup.lk/ambewela-milk/,200,https://lmfgroup.lk/ambewela-milk/,187589,6f835e11edfb90f2c273a1603658e8f1cdf9c9d93cb99f12c2a9bfc986f66a42,2026-09-10T13:37:50Z,doh
https://lottemartzetta.com/products/OS3412290032215/details,200,https://lottemartzetta.com/products/OS3412290032215/details,585959,aae156fcfd73beb03b168528955398d98956be9199349a4205855d6cea81d6c6,2026-09-10T13:37:50Z,doh
https://lottemartzetta.com/products/OS8801115421078/details,200,https://lottemartzetta.com/products/OS8801115421078/details,587829,c6e6183a48208f1a8b00f168582e8f256cd102ea9334e1d3f1d2249369175ee0,2026-09-10T13:37:50Z,doh
https://louisfrancois.com/en/produit/dextrose/,200,https://louisfrancois.com/en/produit/dextrose/,140426,85baf9e17859a9802142b32a466bc52473fef1a4d371b57a49fb10d8f1bdec02,2026-09-10T13:37:50Z,doh
https://louisfrancois.com/produit/dextrose/,200,https://louisfrancois.com/produit/dextrose/,141538,15d4996bd4dac5849c12c2b18ae2a666a27924c6cba84dc4427d999ef344ec9d,2026-09-10T13:37:51Z,doh
https://luxcaddy.lu/lb/products/988/creme-uht-30,200,https://luxcaddy.lu/lb/products/988/creme-uht-30,396296,1e916ccd9718f4e08d8a27092ea0a9facb566af86280bb94a36d56a8681ddcf9,2026-09-10T13:37:51Z,doh
https://lyncott.mx/producto/crema-para-batir-500ml/,200,https://www.lyncott.mx/producto/crema-para-batir-500ml/,94249,407cd54e5d757788d5d9799f3e80eca4d887734c1db72e05b2fcbb3aeb328023,2026-09-10T13:37:52Z,doh
https://lyncott.mx/producto/crema-para-batir/,200,https://www.lyncott.mx/producto/crema-para-batir/,96344,dd07444427fc290c2704b5193b7e3e0e0c53db5efb2be73e8d890eb7ffbe489a,2026-09-10T13:37:53Z,doh
https://m.gmarket.co.kr/vi/product/3046148674,403,https://m.gmarket.co.kr/vi/product/3046148674,17825,2adfbe699bcac88283eb540aa97c8ec24172e94c51ce820ee832fe471416a6eb,2026-09-10T13:37:53Z,doh
https://m.media-amazon.com/images/I/81w%2B0T7f-RL.jpg,200,https://m.media-amazon.com/images/I/81w%2B0T7f-RL.jpg,345241,bc4237f547e39705dc5d6c15ff01597303fc599352aa8215411b5a993f6bf254,2026-09-10T13:37:53Z,doh
https://m.seoulmilk.co.kr/mobile/product/product_view.sm?gubun=&nmNo=10000000000506&page=1&subname=P11,200,https://m.seoulmilk.co.kr/mobile/product/product_view.sm?gubun=&nmNo=10000000000506&page=1&subname=P11,29850,2de919ff213387a8ad022558e7c11874ab273f8d0e8ec64329b53e974c3cbd0f,2026-09-10T13:37:53Z,doh
https://ma.iherb.com/pr/now-foods-real-food-organic-non-fat-dry-milk-powder-12-oz-340-g/21134,403,https://ma.iherb.com/pr/now-foods-real-food-organic-non-fat-dry-milk-powder-12-oz-340-g/21134,5938,e0e33b0e66d226e8e2e587150fdd22d76a9e05539fc2db65071cb7471a9d9805,2026-09-10T13:37:53Z,doh
https://magnar-eikeland.emo.no/web/ePortal/ctrl?action=showiteminfo&itemNo=170806,200,https://magnar-eikeland.emo.no/web/ePortal/ctrl?action=showiteminfo&itemNo=170806,98017,512d994803f936faafbd55c948171f58f1fd265a9a0994492f4ac40d2f4d81d8,2026-09-10T13:37:54Z,doh
https://makeshop-multi-images.akamaized.net/tabuluparis/shopimages/58/02/10_000000000258.jpg,200,https://makeshop-multi-images.akamaized.net/tabuluparis/shopimages/58/02/10_000000000258.jpg,317760,4373249df50e0674e7d9a4d188a69d84bd561343b3ce1bb236bf5ddad4225cf8,2026-09-10T13:37:54Z,doh
https://mantooj.net/index.php?controller=product&id=13821&lang=ar&layout=detail&option=com_gs1,000,https://mantooj.net/index.php?controller=product&id=13821&lang=ar&layout=detail&option=com_gs1,0,,2026-09-10T13:37:55Z,system
https://maprysa.com.mx/goma-de-konjac,200,https://maprysa.com.mx/goma-de-konjac,192408,21fd1489cb6bb86e16db41d4bc81857d379a8f5f9dfddb3049328fbc0688a0b3,2026-09-10T13:37:56Z,doh
https://maprysa.com.mx/inicio/f/goma-tara,200,https://maprysa.com.mx/inicio/f/goma-tara,254901,e778c573205f6d0c575789e6de5ed31de998bc8f4bbb088b286f7809bbe56fe4,2026-09-10T13:37:56Z,doh
https://mart.mrdeal.lk/product/ambewela-fresh-milk-full-cream-1l/4792116211000,200,https://mart.mrdeal.lk/product/ambewela-fresh-milk-full-cream-1l/4792116211000,156923,da01fc787435a7d20e5592cb4b20a436a7b45eb0327d1a65116f39f5d4fbff10,2026-09-10T13:37:56Z,doh
https://maxmartonline.com/emborg-milk-full-cream-1ltr,200,https://maxmartonline.com/emborg-milk-full-cream-1ltr,87158,05d18e68ed80df6b7e93afdff7857f66ed77c9a056092022f9546d48526c82ff,2026-09-10T13:37:56Z,doh
https://maxmartonline.com/emborg-whipping-cream-200ml,200,https://maxmartonline.com/emborg-whipping-cream-200ml,87224,c802d5b60a54e738cb4312f1c702166b822c33360ec4009502360c770e1ed880,2026-09-10T13:37:56Z,doh
https://mea.arla.com/product-overview/organicmilk/full-fat-200ml-3195/,200,https://mea.arla.com/product-overview/organicmilk/full-fat-200ml-3195/,59986,393713d584c5372646cd50ccea843e0e8758e99b6db79361756a7476f712325a,2026-09-10T13:37:57Z,doh
https://media.nedigital.sg/fairprice/fpol/media/images/product/XL/13097040_BXL1_20220308.jpg,200,https://media.nedigital.sg/fairprice/fpol/media/images/product/XL/13097040_BXL1_20220308.jpg,331905,b0b59139456a479b88a439662de8c19012b58673c32993a484a8af0b5e313d9d,2026-09-10T13:37:57Z,doh
https://media.nedigital.sg/fairprice/fpol/media/images/product/XL/13165083_LXL1_20231002.jpg,200,https://media.nedigital.sg/fairprice/fpol/media/images/product/XL/13165083_LXL1_20231002.jpg,505878,8d4814272f05dd58cf1b482863d27dcd0e40b926e96ae7f4602aa5147637acd1,2026-09-10T13:37:57Z,doh
https://media.nedigital.sg/fairprice/fpol/media/images/product/XL/13165083_RXL1_20231002.jpg,200,https://media.nedigital.sg/fairprice/fpol/media/images/product/XL/13165083_RXL1_20231002.jpg,426502,ac9221c35d503afe5325dbeaa8980ec41cbe2c5ac11207131bf71dc24c5cfdf9,2026-09-10T13:37:58Z,doh
https://megakulim.com.my/index.php?product_id=454&route=product%2Fproduct,200,https://megakulim.com.my/index.php?product_id=454&route=product%2Fproduct,122403,df6a73a525d6c3e51d0ba3c294d38c735789b5ac365d1b24cea8eb8a730a7576,2026-09-10T13:37:58Z,doh
https://meggle.cz/smetany/smetany-ke-slehani/smetana-ke-slehani-30-250-ml/,200,https://meggle.cz/smetany/smetany-ke-slehani/smetana-ke-slehani-30-250-ml/,24214,213aa80a6bfb1c5402d7705a26fdada4cdc53707b0c60f48c4982b101a6dfbd3,2026-09-10T13:37:58Z,doh
https://melcom.com/categories/food-beverages-toiletries/food-cupboard/dairy.html,307,https://melcom.com/categories/food-beverages-toiletries/food-cupboard/dairy.html,1331,2a3f02db8ba42261af44e15908c47004f4d6f8073f68c1d00214dc590b3c0e14,2026-09-10T13:37:58Z,doh
https://meny.no/varer/meieri-egg/flote/kremflote/kremflote-37-7038010041914,403,https://meny.no/varer/meieri-egg/flote/kremflote/kremflote-37-7038010041914,1484,5ed6356d605d2fce49679dc92d018481717b5af084d880df43d17304489f2bc8,2026-09-10T13:37:58Z,doh
https://meny.no/varer/meieri-egg/melk/helmelk/helmelk-7038010000065,403,https://meny.no/varer/meieri-egg/melk/helmelk/helmelk-7038010000065,1484,646ac8cc91212bb0022f915050cdc103d7f7ba941804782079991acdc313e4d0,2026-09-10T13:37:58Z,doh
https://mercaldas.vteximg.com.br/arquivos/ids/1362415/Crema-de-leche-ALQUERIA-semientera-x400-g_124699.jpg?v=639192268517630000,200,https://mercaldas.vteximg.com.br/arquivos/ids/1362415/Crema-de-leche-ALQUERIA-semientera-x400-g_124699.jpg?v=639192268517630000,97438,a7faf3d1d10c81dd1542b18e33588b8d1859bf818396cda045ab064bea2a2983,2026-09-10T13:37:59Z,doh
https://mercasid.com.do/productos/milex-descremada-slim-800g/,200,https://mercasid.com.do/productos/milex-descremada-slim-800g/,88409,b6671767e5955378c7ea9bb65c6f9bd4cfaeae0bc252e8e369cc0ee9ba5a2ca9,2026-09-10T13:37:59Z,doh
https://mercasid.com.do/productos/milex-leche-entera-1l-2/,200,https://mercasid.com.do/productos/milex-leche-entera-1l-2/,87441,96aac6528c1a89fd3fb67e3b551a8bcdeb26a15f6893ebde9e69476011c5cfdb,2026-09-10T13:37:59Z,doh
https://mercatoronline.si/izdelek/5068345/alpska-smetana-za-stepanje-33-m-m-mu-cuisine-500-ml,200,https://mercatoronline.si/izdelek/5068345/alpska-smetana-za-stepanje-33-m-m-mu-cuisine-500-ml,508616,de5ff4572d6068f409761d96c4e832181d47610708b8e53ddf012891e44b0b8b,2026-09-10T13:38:00Z,doh
https://mercatoronline.si/izdelek/5230380/posneto-mleko-v-prahu-pomurske-mlekarne-400-g,200,https://mercatoronline.si/izdelek/5230380/posneto-mleko-v-prahu-pomurske-mlekarne-400-g,509420,0c5eb420433daa1b002d21ef3fa882934e0b9d88d26f9e6f673e780332f15275,2026-09-10T13:38:00Z,doh
https://migipedia.migros.ch/de/valflora-vollrahm-35-milchfett-uht-204111300000?community=details,403,https://migipedia.migros.ch/de/valflora-vollrahm-35-milchfett-uht-204111300000?community=details,23,12a22880bc2e59f8278b4a5e547567f0aa14d020ea456598267fa00208cfebc5,2026-09-10T13:38:00Z,doh
https://migipedia.migros.ch/de/valflora-vollrahm-35-milchfett-uht-204111300000?community=details&message.id=1192594,403,https://migipedia.migros.ch/de/valflora-vollrahm-35-milchfett-uht-204111300000?community=details&message.id=1192594,23,12a22880bc2e59f8278b4a5e547567f0aa14d020ea456598267fa00208cfebc5,2026-09-10T13:38:00Z,doh
https://milkautprofesional.com.ar/productos/cremas/crema-39/,200,https://milkautprofesional.com.ar/productos/cremas/crema-39/,113881,dddbc796bd75f906eb1b48266d03ad96ec0354fe86eaa8b2b91e6d803a648b0d,2026-09-10T13:38:01Z,doh
https://mimosa.pt/produtos/leite/uht/,200,https://mimosa.pt/produtos/leite/uht/,40608,350ec812df03cbd7de26be88618efeb4731693a46825440e2465f55e1b199c97,2026-09-10T13:38:01Z,doh
https://mlekovita.com.pl/produkt/smietanka-uht-polska-30-tluszczu-1-l-491,200,https://mlekovita.com.pl/produkt/smietanka-uht-polska-30-tluszczu-1-l-491,320006,3431cfbe1630ba24266c0e6469102f4a8e744e76548d7d1fe52ced0347727cc5,2026-09-10T13:38:01Z,doh
https://mlekpol.com.pl/index.php/en/produkt/laciata-uht-cream-30/,200,https://mlekpol.com.pl/index.php/en/produkt/laciata-uht-cream-30/,90591,68be392e7d3e1ca7f1d0de3b42dc68e846604c84577185e22942d76f798224ab,2026-09-10T13:38:01Z,doh
https://mlekpol.com.pl/index.php/en/produkt/laciate-uht-milk-35-2/,200,https://mlekpol.com.pl/index.php/en/produkt/laciate-uht-milk-35-2/,90633,18073b1a9f9fd71afaef270af457a1056abb868c131a3ecda3792815048a75e9,2026-09-10T13:38:01Z,doh
https://modernistpantry.com/pages/international-shipping.html,200,https://modernistpantry.com/pages/international-shipping.html,193910,d5e54e51ef1bf7b293a86cfe66a7fc7bbf2114e475e3765a2c30f7151882de83,2026-09-10T13:38:02Z,doh
https://modernistpantry.com/products/tara-gum.html,200,https://modernistpantry.com/products/tara-gum.html,300281,e93d1ba8441f8f2aca3d1939197db2cab16c5a098f40495b0ec763747f1d43a0,2026-09-10T13:38:02Z,doh
https://mohideensupermarket.com/product/almarai-milk-full-fat-3-1-ltr/,200,https://mohideensupermarket.com/product/almarai-milk-full-fat-3-1-ltr/,237400,680307bd3a6d3ef1c9387254cf8fa7dc54b095f1f470ffae90a543e943687543,2026-09-10T13:38:02Z,doh
https://moldovastore.ie/products/114/8433,200,https://moldovastore.ie/products/114/8433,65391,8bd5c9e8d8009c8c3359926d9f083c39b59fa3a0d03d3d7f82d9cc1e029a5f38,2026-09-10T13:38:02Z,doh
https://moonmart.lv/p/iconfit-dextro-dextrose-pulveris-1000-g-1152298,200,https://moonmart.lv/p/iconfit-dextro-dextrose-pulveris-1000-g-1152298,474704,19d63e62b2e69eb950da769386ef8e40172bbde9a997c0d32b7c6954e8399fe7,2026-09-10T13:38:03Z,doh
https://morebeer.com/products/corn-sugar,200,https://morebeer.com/products/corn-sugar,485875,1dd52acbb3da51bbde349e1510af4e1ae505be4ab385185bdd75e8c47b5f0147,2026-09-10T13:38:03Z,doh
https://morebeer.com/products/corn-sugar.js,200,https://morebeer.com/products/corn-sugar.js,24553,191971969ae6c655eaf7b27a0847174f05b0f28497decb07a5b5f30f2adde90c,2026-09-10T13:38:03Z,doh
https://multiquimica.com/,403,https://multiquimica.com/,5748,e0c6ece7690bd91c64976805c5941a08cb58dfc0d3288e7463bf57cb6d3a084e,2026-09-10T13:38:03Z,doh
https://multiquimica.com/producto/dextrosa-monohidratada/,403,https://multiquimica.com/producto/dextrosa-monohidratada/,5887,a689317bd7bfa9c47a017bf6dde9ae74062bc772acc1f324437e32bb8d4ded1e,2026-09-10T13:38:04Z,doh
https://mx.iherb.com/pr/now-foods-real-food-organic-non-fat-dry-milk-powder-12-oz-340-g/21134,403,https://mx.iherb.com/pr/now-foods-real-food-organic-non-fat-dry-milk-powder-12-oz-340-g/21134,5938,745c91d965b43892d7508e0c5ae5c6db95afda3e0cc503548bde5676ea530136,2026-09-10T13:38:04Z,doh
https://my-whey.co.za/cdn/shop/files/COA_-_DEXTROSE_MONOHYDRATE.pdf?v=7456401352580777520,200,https://my-whey.co.za/cdn/shop/files/COA_-_DEXTROSE_MONOHYDRATE.pdf?v=7456401352580777520,230937,3385f72c29356b18cb46bf256dfb4039b6bf12e3dffef9bf50634ee0c1f01c09,2026-09-10T13:38:04Z,doh
https://my-whey.co.za/cdn/shop/files/Dextrose_Monohydrate_Powder_1kg_nutritional.jpg?v=1765133675&width=1440,200,https://my-whey.co.za/cdn/shop/files/Dextrose_Monohydrate_Powder_1kg_nutritional.jpg?v=1765133675&width=1440,225415,08189f916f38642a67e157178030095627ea78a722140ef5fc336c13fc40b707,2026-09-10T13:38:05Z,doh
https://my-whey.co.za/products/dextrose-monohydrate-powder,200,https://my-whey.co.za/products/dextrose-monohydrate-powder,465525,31376676f7c5632f1e1c6df2c6f96df0d63fc52b5fa2609f25ec42d5945adaf0,2026-09-10T13:38:05Z,doh
https://myaeon2go.com/product/5537/whipping-cream-uht,403,https://myaeon2go.com/product/5537/whipping-cream-uht,773,f91b4f3e116fe26a8071cbbd9c4822feb34dd5db0b8ca2a4bdfeede3861280b6,2026-09-10T13:38:05Z,doh
https://mylactalis.com.au/pauls-thickened-cream-300ml-regular,200,https://mylactalis.com.au/pauls-thickened-cream-300ml-regular,921,d781cd42ba7aa443cccbdd9fe5db23da0c4dfbd7131bce01de90222e6ef4884f,2026-09-10T13:38:05Z,doh
https://naestved.meny.dk/produkter/arla-piskefl%C3%B8de-36%25-uht-5711953069291,000,https://naestved.meny.dk/produkter/arla-piskefl%C3%B8de-36%25-uht-5711953069291,0,,2026-09-10T13:38:05Z,system
https://newviet.vn/san-pham/nguyen-lieu-sua/sua-bot/sua-bot-tach-beo-sua-bot-gay/,200,https://newviet.vn/san-pham/nguyen-lieu-sua/sua-bot/sua-bot-tach-beo-sua-bot-gay/,191899,e647227d4b6f7051ae86d81660398ab0521951914dcac552e4a6902b3555b732,2026-09-10T13:38:05Z,doh
https://newviet.vn/san-pham/sua-bot-gay-low-heat-fonterra/,200,https://newviet.vn/san-pham/sua-bot-gay-low-heat-fonterra/,174971,9f7b600488c6dc3c0ffd0b46c19322d3a7ca39bbc162a9d8ea47696985d30668,2026-09-10T13:38:06Z,doh
https://ng.iherb.com/pr/now-foods-real-food-organic-non-fat-dry-milk-powder-12-oz-340-g/21134,403,https://ng.iherb.com/pr/now-foods-real-food-organic-non-fat-dry-milk-powder-12-oz-340-g/21134,5938,c534711d88eb153aeb7c7ff75caac35b74f95439f2089ed527055446228d800b,2026-09-10T13:38:06Z,doh
https://nocarb.gr/product/tara-gam-100g/,200,https://nocarb.gr/product/tara-gam-100g/,94957,2a315eb98a8612165f4f30d5471dd6feacc6682124d5a273d45291acf74c271f,2026-09-10T13:38:06Z,doh
https://nocarb.gr/prostheta-zaxaroplastikis-mageirikis/,200,https://nocarb.gr/prostheta-zaxaroplastikis-mageirikis/,173906,b503f277469e24796f8af8d47c2e27e691155db35534558ff88b83ad0988ca55,2026-09-10T13:38:07Z,doh
https://nuevo.lindomarket.com/mobile/4100290023195,200,https://nuevo.lindomarket.com/mobile/4100290023195,22619,0685c96885c779f4061aaac636fbdee107a35b49a438070f23aef01640c20ea6,2026-09-10T13:38:07Z,doh
https://nutritionempire.net/en/product/regilait-skimmed-milk-powder-300g,000,https://nutritionempire.net/en/product/regilait-skimmed-milk-powder-300g,0,,2026-09-10T13:38:07Z,system
https://ofrex.ch/products/1647201013,200,https://ofrex.ch/en/products/1647201013,268085,33f041508c1dac11075ec5694c9646b9cec207bac080346914289221cc679036,2026-09-10T13:38:07Z,doh
https://oldenburger-dairy.com/oldenburger-fullcream-milk-3.5-uht-long-life-1l/11067,200,https://oldenburger-dairy.com/oldenburger-fullcream-milk-3.5-uht-long-life-1l/11067,217674,5f9560d80af31ffa77cb02d091c1b4ece2196ed4a84957e2eed0656552596fbc,2026-09-10T13:38:07Z,doh
https://oldenburger-dairy.com/oldenburger-whipping-cream-30-fat-uht-200g/22762,200,https://oldenburger-dairy.com/oldenburger-whipping-cream-30-fat-uht-200g/22762,212020,8eda107ba684d6754cd044b679581daf7b26b1aeaf6ba8947ace52fc0e3721b1,2026-09-10T13:38:09Z,doh
https://oldenburger-dairy.com/oldenburger-whipping-cream-35-fat-uht-200g/12197,200,https://oldenburger-dairy.com/oldenburger-whipping-cream-35-fat-uht-200g/12197,212265,547cb9410dcf4c658b3308c43f1acf6c224114dd39ab352cc1e13ef30b57bf2b,2026-09-10T13:38:09Z,doh
https://oliver.lt/pienas/4134-pienas-mu-35-riebumo-1-l-4770265041259.html,200,https://oliver.lt/pienas/4134-pienas-mu-35-riebumo-1-l-4770265041259.html,795731,224eac2196cc2e28188f402b3e449ee5e74378de74facb6ff0fd876141c46186,2026-09-10T13:38:09Z,doh
https://oliver24.lv/piens/4134-piens-mu-35-tauku-1-l-4770265041259.html,200,https://oliver24.lv/piens/4134-piens-mu-35-tauku-1-l-4770265041259.html,658309,0c272e34c07e6532bbb0f918840928755727b13a23b136f11a4ea7cff5217a86,2026-09-10T13:38:11Z,doh
https://om.iherb.com/pr/now-foods-real-food-organic-non-fat-dry-milk-powder-12-oz-340-g/21134,403,https://om.iherb.com/pr/now-foods-real-food-organic-non-fat-dry-milk-powder-12-oz-340-g/21134,5938,6db915d129f3977b46761f61e573c5f76d1328a76e14a60d965cc2a0de5b439a,2026-09-10T13:38:11Z,doh
https://onixsuper.com/producto/leche-up-alpura-clasica-1-0-lt/,200,https://onixsuper.com/producto/leche-up-alpura-clasica-1-0-lt/,141052,ee220a342cfbb34751be2e2a37224ac6476d07a7d57856b7b262699d71c1992e,2026-09-10T13:38:11Z,doh
https://online-price-watch.consumer.org.hk/opw/product/P000002592,200,https://online-price-watch.consumer.org.hk/opw/product/P000002592,347057,e14df5b4f64e9c8d39fcb6a6db328d2080bac517364e57a957010c53ff511560,2026-09-10T13:38:12Z,doh
https://online.sialchina.cn/en/productlist/18665,200,https://online.sialchina.cn/en/productlist/18665,328194,868fd2f20ccfad0f5a906a1393296b2473507431ee06c8ae0431042c27417e98,2026-09-10T13:38:13Z,doh
https://online.spar.si/p/alpsko-mleko-polnomastno-35-mm-1l-266388,200,https://online.spar.si/p/alpsko-mleko-polnomastno-35-mm-1l-266388,667047,757da7da317058944da9fb214db77411e63d94e3a2897ca9d1379be8ae8b5c5b,2026-09-10T13:38:13Z,doh
https://onlinebutikken.com/vare/piskefloede-35-uht,200,https://onlinebutikken.com/vare/piskefloede-35-uht?v=12470fe406d4,146050,3817cace486e0659f94dc3116db0a8cb48f0bd78f53562df3f71d14170d49a96,2026-09-10T13:38:13Z,doh
https://onlinekade.lk/product/puck-whipping-cream-tetra-200ml/,403,https://onlinekade.lk/product/puck-whipping-cream-tetra-200ml/,5822,f569176965d2088eb194c20cac4a0bb875976a48fa0cd00b48643455949c60fa,2026-09-10T13:38:13Z,doh
https://pa.iherb.com/pr/now-foods-real-food-organic-non-fat-dry-milk-powder-12-oz-340-g/21134,403,https://pa.iherb.com/pr/now-foods-real-food-organic-non-fat-dry-milk-powder-12-oz-340-g/21134,5938,f509c26f86ca807df1289c8b74e46970dc13f4ba2356d9b360b961421704e755,2026-09-10T13:38:13Z,doh
https://pacomarket.ro/product/lapte-zuzu-1l-3-5-grasime-2/,200,https://pacomarket.ro/product/lapte-zuzu-1l-3-5-grasime-2/,343823,ce36398fe0c2800d844cfccb613d594caf5bc6cea0e583b21e54638ba3d0bb4b,2026-09-10T13:38:14Z,doh
https://panama.yaxa.co/brand/modernist-pantry,200,https://panama.yaxa.co/brand/modernist-pantry,295995,ab722e0a520b616943de06506b23bedeea6332b211575f7346da1e75c44b8ecb,2026-09-10T13:38:14Z,doh
https://panama.yaxa.co/products/altra-para-hombre,200,https://panama.yaxa.co/products/altra-para-hombre,199863,b9047f9656eb79d9671cd1ae2dbdc6cf5ed9f15030a729e41967e3a895b79aed,2026-09-10T13:38:14Z,doh
https://panierdeschefs.eu/en/index.php?controller=attachment&id_attachment=338,200,https://panierdeschefs.eu/en/index.php?controller=attachment&id_attachment=338,106163,c76ffac28a3caacfacc77ab007ea9b380cab38f9244b2a47d974d50ce8d3ec07,2026-09-10T13:38:14Z,doh
https://parmalat.pt/produto/nata-para-bater-500-ml/,200,https://parmalat.pt/produto/nata-para-bater-500-ml/,518888,cc83c30b4723e349f244d8e7048a9e610fe54dd69eb1cdec4fc16e5d9d169c9f,2026-09-10T13:38:14Z,doh
https://pastrypro.com.my/products/dextrose-monohydrate-food-grade-1kg,200,https://pastrypro.com.my/products/dextrose-monohydrate-food-grade-1kg,282366,4ec5feaa64afbc932d30e7eab8e58b177677580ced16c75d374fe11ef72ea229,2026-09-10T13:38:15Z,doh
https://pcreativas.com/dospinos/index.php/producto/leche-descremada-0-grasa-en-polvo/,200,https://pcreativas.com/dospinos/index.php/producto/leche-descremada-0-grasa-en-polvo/,98156,676968a8f7207e2f102460e337816ba7d154d37a3708616072a05a8f58a535cb,2026-09-10T13:38:15Z,doh
https://peaksupps.co.uk/products/dextrose-glucose-powder,200,https://peaksupps.co.uk/products/dextrose-glucose-powder,2482253,6f2de1ebee2970512795ff44f9626af9131114f6b7fb48f9133518dae06c5ee0,2026-09-10T13:38:16Z,doh
https://pickaroo.com/builtamart/products/builtamart-pasig/product-detail/186822/921-emborg-whipping-cream,200,https://pickaroo.com/builtamart/products/builtamart-pasig/product-detail/186822/921-emborg-whipping-cream,101065,4f2c9ebada055dae055ce15149166ed1879a1a3212760e545b90dae0b0e967ce,2026-09-10T13:38:16Z,doh
https://piens.lv/produkti,200,https://piens.lv/produkti,154972,f87424b2952b95e04edbe301b5e86096443f66b2287bb7bcfa1633db83bc5038,2026-09-10T13:38:17Z,doh
https://piens.lv/produkti/vajpiena-pulveris,200,https://piens.lv/produkti/vajpiena-pulveris,41188,4aacbe33a7e942d9d9330afad0f92225106dfa1b13bf829763b0303d92d115b9,2026-09-10T13:38:17Z,doh
https://piracanjuba-institucional-prd.s3.sa-east-1.amazonaws.com/product_nutrition/image/cdl_200g_gourmet-189.webp,200,https://piracanjuba-institucional-prd.s3.sa-east-1.amazonaws.com/product_nutrition/image/cdl_200g_gourmet-189.webp,90328,7072034631e7b0bce98a59da365aa9325900c91e0d6ef07b16b0e47878e47999,2026-09-10T13:38:17Z,doh
https://piracanjuba-institucional-prd.s3.sa-east-1.amazonaws.com/product_nutrition/image/leite_uht_integral-113.webp,200,https://piracanjuba-institucional-prd.s3.sa-east-1.amazonaws.com/product_nutrition/image/leite_uht_integral-113.webp,87686,6d71dea1daedbf7646629957ce485ac77e453a2a540b4406d150753628b77b6c,2026-09-10T13:38:18Z,doh
https://pk.iherb.com/pr/now-foods-real-food-organic-non-fat-dry-milk-powder-12-oz-340-g/21134,403,https://pk.iherb.com/pr/now-foods-real-food-organic-non-fat-dry-milk-powder-12-oz-340-g/21134,5938,8f33e050d6afbd1752a4b218710d2460595e2a002e531ec58987b024b966ad50,2026-09-10T13:38:18Z,doh
https://potravinydomov.itesco.sk/shop/sk-SK/products/206593874,403,https://potravinydomov.itesco.sk/shop/sk-SK/products/206593874,70630,cc8109ff623dd2862f71cf1d4d4cf737809ba970f7cb9852e27b9242c6bb1446,2026-09-10T13:38:18Z,doh
https://produse.metro.ro/shop/pv/BTY-X701278/0032/0022/ZUZU-Lapte-Consum-3-5-1-L,200,https://produse.metro.ro/shop/pv/BTY-X701278/0032/0022/ZUZU-Lapte-Consum-3-5-1-L,3204,911138d25a95c0e98cf1d206b456c5fdbc310a281dd33d95dfcec5314184bbde,2026-09-10T13:38:18Z,doh
https://pronat.ro/cdn/shop/files/PRN20011-new-v.jpg?v=1784891211&width=1600,200,https://pronat.ro/cdn/shop/files/PRN20011-new-v.jpg?v=1784891211&width=1600,185688,0f13422b7c6569f0bb3ad0148edb6aab560ceefe3b94a5c67ff49e535e66cbad,2026-09-10T13:38:19Z,doh
https://pronat.ro/products/lapte-praf-bio-degresat-1-grasime-250g-pronat,200,https://pronat.ro/products/lapte-praf-bio-degresat-1-grasime-250g-pronat,463433,a42780c29606f4194729a8242ca25a8ff57ee2b5e25c6e9bb9624865e4ac49cc,2026-09-10T13:38:19Z,doh
https://proteinco.ca/cdn/shop/files/PCo-Dextrose-Left.png?v=1731532355,200,https://proteinco.ca/cdn/shop/files/PCo-Dextrose-Left.png?v=1731532355,6253422,4c13273210c69d3cdec9c2fad5557299b5d7ab25afd196b23c89b6c191d87bbb,2026-09-10T13:38:19Z,doh
https://proteinco.ca/products/dextrose,200,https://proteinco.ca/products/dextrose,520770,c7e5a7fd4dc184cbd6dc39915527aef5bcbd9ff121d0a6e92ec64f23153c2f99,2026-09-10T13:38:20Z,doh
https://ptccom.com.ph/products/dairy/milk/emborg-full-cream-milk/,200,https://ptccom.com.ph/products/dairy/milk/emborg-full-cream-milk/,118449,2d2c241c43c731e614808058097b867dd283f76e586fa8ae5c50993aa925759f,2026-09-10T13:38:20Z,doh
https://qatar.desertcart.com/products/742480838-pure-tara-gum-powder-non-gmo-gluten-free-vegan-ou,403,https://qatar.desertcart.com/products/742480838-pure-tara-gum-powder-non-gmo-gluten-free-vegan-ou,5978,4b81fe4985c94cf496064aa3023f44cf80803f3129f70ee0bd9b9f20ebc42012,2026-09-10T13:38:20Z,doh
https://quimicasa.com.uy/catalogo/food/edulcorantes/dextrosa-monohidratada/,200,https://quimicasa.com.uy/catalogo/food/edulcorantes/dextrosa-monohidratada/,95418,b01bd778f24d8b471cf1a885dfb7822aa3494f67c87ea0a45a4c9f3a83ab35cc,2026-09-10T13:38:20Z,doh
https://raisa.aeonstore.id/product-category/dairy-eggs/cheese-cream-butter/page/4/?column=2&perpage=60&shop_view=grid_view,200,https://raisa.aeonstore.id/product-category/dairy-eggs/cheese-cream-butter/page/4/?column=2&perpage=60&shop_view=grid_view,497334,437cf2bdcb9381b263bef362ff2bdb7fbeb2dfe69c739d6dc5433acd2d72c979,2026-09-10T13:38:21Z,doh
https://raisa.aeonstore.id/shop/dairy-eggs/cheese-cream-butter/emborg-whipping-cream-200ml/,200,https://raisa.aeonstore.id/shop/dairy-eggs/cheese-cream-butter/emborg-whipping-cream-200ml/,244165,1b24269c63b24897ab34b99026e4d5356a2995832c802aeda8ba5197ad1a71ff,2026-09-10T13:38:21Z,doh
https://randi.bg/suho-mliako-bioset-15-50gr,200,https://randi.bg/suho-mliako-bioset-15-50gr,735754,1f9562b9da1721fd3d15253ee1e9c92d850ceb4cdc536374ac49099a80d31dfe,2026-09-10T13:38:21Z,doh
https://razvoj.dukatshop.hr/mlijeko-u-prahu/830-dukat-obrano-mlijeko-u-prahu-1-mm-1-kg-3850355001132.html,503,https://razvoj.dukatshop.hr/mlijeko-u-prahu/830-dukat-obrano-mlijeko-u-prahu-1-mm-1-kg-3850355001132.html,2176,bbab525ab2d59c6f511894dd028aebb515570d2641c759275b617d190c32b364,2026-09-10T13:38:21Z,doh
https://razvoj.dukatshop.hr/mlijeko/72-alpsko-mleko-trajno-mlijeko-35-mm-1-l-3838800040578.html,503,https://razvoj.dukatshop.hr/mlijeko/72-alpsko-mleko-trajno-mlijeko-35-mm-1-l-3838800040578.html,2176,bbab525ab2d59c6f511894dd028aebb515570d2641c759275b617d190c32b364,2026-09-10T13:38:21Z,doh
https://razvoj.dukatshop.hr/vrhnje/188-brzo-fino-vrhnje-za-slag-500-g-3850354001348.html,503,https://razvoj.dukatshop.hr/vrhnje/188-brzo-fino-vrhnje-za-slag-500-g-3850354001348.html,2176,bbab525ab2d59c6f511894dd028aebb515570d2641c759275b617d190c32b364,2026-09-10T13:38:21Z,doh
https://redmart.lazada.sg/paysan-breton-164150/?m=redmart,200,https://redmart.lazada.sg/paysan-breton-164150/?m=redmart,61660,f47559f2277b3bbeb96a3b76ca25a4e09354dc479800899aff1a5745886168d5,2026-09-10T13:38:21Z,doh
https://regilait.com/en/products/powdered-milks/instant-skimmed-milk-powder-0-fat,200,https://regilait.com/en/products/powdered-milks/instant-skimmed-milk-powder-0-fat,60163,4a45f5940a9efc4bd017c89f95df9e51bb4d91249de805ba1c2c41130c5934cc,2026-09-10T13:38:21Z,doh
https://regilait.com/produits/laits-en-poudre/lait-ecreme,200,https://regilait.com/produits/laits-en-poudre/lait-ecreme,69648,d56e2a02c4f59b7f6c4bceede3098ce7922f7f82301668fe8069c539417d27b1,2026-09-10T13:38:22Z,doh
https://republicadominicana.yaxa.co/product-category/goma-guar,200,https://republicadominicana.yaxa.co/product-category/goma-guar,227711,67b6298305be1708280282bdabb2225df95f3217a5dc787e6dfc76f98955e8ce,2026-09-10T13:38:22Z,doh
https://saliter.de/milchprodukte/milchpulver/magermilchpulver/,200,https://saliter.de/milchprodukte/milchpulver/magermilchpulver/,246700,1b22b7c45759ff735e2704e5981a9fe5d20779cd528368f3a7ce2057f6d07515,2026-09-10T13:38:23Z,doh
https://saliter.de/wp-content/uploads/2024/10/2401-031_SAL_Produktdatenblaetter_Magermilchpulver_250g.pdf,200,https://saliter.de/wp-content/uploads/2024/10/2401-031_SAL_Produktdatenblaetter_Magermilchpulver_250g.pdf,1806010,86cc459a4df1207db611dcd9234b1401787b26680aa607d22c27282024da4135,2026-09-10T13:38:23Z,doh
https://sansho.co.jp/product/other-products/,200,https://sansho.co.jp/product/other-products/,47183,2fa7cb04fb4f680e80348a1eae31d1bea1a5c95ac1cde1a1e6b7fd209e87e328,2026-09-10T13:38:23Z,doh
https://saporepuro.com/cdn/shop/files/TDS_GOMMA_DI_TARA_SAPOREPURO_7ba2d8ce-553c-4b18-8d0a-b511a78af3f0.pdf?v=6266750854494086058,200,https://saporepuro.com/cdn/shop/files/TDS_GOMMA_DI_TARA_SAPOREPURO_7ba2d8ce-553c-4b18-8d0a-b511a78af3f0.pdf?v=6266750854494086058,318347,7c6fd1c0f98fd48aacece47cacb26482755017d69fcfb2929acdf621cba65ff8,2026-09-10T13:38:23Z,doh
https://saporepuro.com/policies/shipping-policy,200,https://saporepuro.com/en/policies/shipping-policy,359745,6d60821c47adc442bb29b0a5edb0b32add3b24c358c7fcfd1b6540fca6387fa9,2026-09-10T13:38:23Z,doh
https://saporepuro.com/products/farina-di-semi-di-tara-gomma-di-tara-origine-peru-e417-confezionato-in-italia-1,200,https://saporepuro.com/en/products/tara-seed-flour-tara-gum-origin-peru-e417-packaged-in-italy-1,689658,41be4c71cd4a344dabf351cfee9a2785a3d8233cc97cfb66cc64b273a504a9a9,2026-09-10T13:38:23Z,doh
https://saporepuro.com/products/farina-di-semi-di-tara-gomma-di-tara-origine-peru-e417-confezionato-in-italia-1.json,200,https://saporepuro.com/products/farina-di-semi-di-tara-gomma-di-tara-origine-peru-e417-confezionato-in-italia-1.json,17176,4431dfb17105616942a70562cf23f2382854184e2b6283c4634fa7a9da38e407,2026-09-10T13:38:24Z,doh
https://saporepuro.myshopify.com/cdn/shop/files/TDS_GOMMA_DI_TARA_SAPOREPURO_7ba2d8ce-553c-4b18-8d0a-b511a78af3f0.pdf?v=6266750854494086058,200,https://saporepuro.myshopify.com/cdn/shop/files/TDS_GOMMA_DI_TARA_SAPOREPURO_7ba2d8ce-553c-4b18-8d0a-b511a78af3f0.pdf?v=6266750854494086058,318347,7c6fd1c0f98fd48aacece47cacb26482755017d69fcfb2929acdf621cba65ff8,2026-09-10T13:38:24Z,doh
https://saporepuro.myshopify.com/products/farina-di-semi-di-tara-gomma-di-tara-origine-peru-e417-confezionato-in-italia-1,200,https://saporepuro.myshopify.com/en/products/tara-seed-flour-tara-gum-origin-peru-e417-packaged-in-italy-1,696458,5f28b11dbdcd7cd4d2e5b215b40ec527fcc53123ed98be67cb1830dbf64564a1,2026-09-10T13:38:24Z,doh
https://saporepuro.myshopify.com/products/farina-di-semi-di-tara-gomma-di-tara-origine-peru-e417-confezionato-in-italia-1.json,200,https://saporepuro.myshopify.com/products/farina-di-semi-di-tara-gomma-di-tara-origine-peru-e417-confezionato-in-italia-1.json,17176,4431dfb17105616942a70562cf23f2382854184e2b6283c4634fa7a9da38e407,2026-09-10T13:38:24Z,doh
https://savemart.com.mt/product/3578/popup,200,https://savemart.com.mt/product/3578/popup,3685,834a149bf9a80a62c5b8985d99449430d0c094ba1318b704bafb148fb98df61f,2026-09-10T13:38:24Z,doh
https://savemart.com.mt/product/89655/popup,200,https://savemart.com.mt/product/89655/popup,6066,df889775056bbf7e7c3cf8b88e97801b29c5097ff04b23a065f2ce025de15e42,2026-09-10T13:38:24Z,doh
https://savencia.kameleon-apps.com/storage/2022/09/26720909.pdf,200,https://savencia.kameleon-apps.com/storage/2022/09/26720909.pdf,1463039,13b3d4c2e77002fdb0d80b78dca7ec85aa08fb16fcc3c8101e161696f9d32b36,2026-09-10T13:38:25Z,doh
https://shop.amul.com/en/product/sagar-skimmed-milk-powder-pouch-500-g,200,https://shop.amul.com/en/product/sagar-skimmed-milk-powder-pouch-500-g,4768,e0801f3634df84d613ade8b78e249fde66f075ce5fd5bd71745ed2ae3fd9ad53,2026-09-10T13:38:25Z,doh
https://shop.annam-gourmet.com/hn-xd/emborg-whipping-cream-35-1-fat-uht-200ml.html,403,https://shop.annam-gourmet.com/hn-xd/emborg-whipping-cream-35-1-fat-uht-200ml.html,5928,539d8c56c6bb8b94dd357118aec2bf7b59d250ea51d1f097e7d2127f8f310faa,2026-09-10T13:38:25Z,doh
https://shop.bakelab.com.sg/dextrose.html,200,https://shop.bakelab.com.sg/dextrose.html,53047,eb6f85648f088427786b07be53d1b308b99d4e54174495128dca9e62d7171681,2026-09-10T13:38:25Z,doh
https://shop.birota.hr/Katalog/RobeView?g=4714,200,https://shop.birota.hr/Katalog/RobeView?g=4714,418718,f36f0f963c5c9ca690ab508fb375a941a0bb6949a471b2fd87531579d2cc68b9,2026-09-10T13:38:26Z,doh
https://shop.ehrmann.de/Saliter-Magermilchpulver/16051091,404,https://shop.ehrmann.de/Saliter-Magermilchpulver/16051091,183129,25acc3257cd7080b2e7bb60dfa082c367043a5fc3cfa0d6cc50de5ffdbe3d501,2026-09-10T13:38:26Z,doh
https://shop.kastner.at/222148.html,200,https://shop.kastner.at/222148.html,82282,9b6206eaee2e88f02dfb38044157035f90e9d2bb2c7e7e5921abfadc95dd040b,2026-09-10T13:38:26Z,doh
https://shop.kastner.at/222821.html,200,https://shop.kastner.at/222821.html,82663,efa5d6261ddc2ea7b25eb5584eeedd1322a581ed30f27407254127cf3ef49f84,2026-09-10T13:38:26Z,doh
https://shop.noahsark.com.tw/product/861,200,https://shop.noahsark.com.tw/product/861,79170,498f96e566300047c268056fc683a8129e7850f5d57fb311fc1cd49acd108db3,2026-09-10T13:38:26Z,doh
https://shop.pxgo.com.tw/hourArrive/goods/246464-33050016-4036300003249,403,https://shop.pxgo.com.tw/hourArrive/goods/246464-33050016-4036300003249,134,c996c0469ef05ff6fdd1f7cefbc3f7e109bb21969de42fcf591498a828a7ad5f,2026-09-10T13:38:26Z,doh
https://shop.pxgo.com.tw/hourArrive/goods/723125-29020192-4711257007419,403,https://shop.pxgo.com.tw/hourArrive/goods/723125-29020192-4711257007419,134,c996c0469ef05ff6fdd1f7cefbc3f7e109bb21969de42fcf591498a828a7ad5f,2026-09-10T13:38:27Z,doh
https://shop.redmanshop.com/products/000000000000066038,200,https://shop.redmanshop.com/products/000000000000066038,2066546,9aef531360f9278bc9530c4b0f7604916336c5327799500a668bf49503763e01,2026-09-10T13:38:28Z,doh
https://shop.redmed.co.id/product/greenfields-full-cream-milk-uht-fc-ba-1l/,200,https://shop.redmed.co.id/product/greenfields-full-cream-milk-uht-fc-ba-1l/,211108,14e1643c86c1cf38397b997a854b0e5dacbf89da6acbc22d14ee8f6215052f4a,2026-09-10T13:38:28Z,doh
https://shop.use.com.tw/products/%E5%8C%97%E6%B5%B7%E9%81%93%E6%97%A5%E9%AB%9836%E7%89%9B%E4%B9%B3,200,https://shop.use.com.tw/products/%E5%8C%97%E6%B5%B7%E9%81%93%E6%97%A5%E9%AB%9836%E7%89%9B%E4%B9%B3,150224,64ca0f41d127d26edcccdf5b8a12250d72fb91bc18815727bd285915496937b5,2026-09-10T13:38:28Z,doh
https://shop24.bg/pryasno-mlyako/466-pryasno-mlyako-president-35-1l-3228022980095.html,200,https://shop24.bg/pryasno-mlyako/466-pryasno-mlyako-president-35-1l-3228022980095.html,164525,567c26d9ad994b1ad3fdb443ec5e1e7e9842e29d9882926e595ac6a125c13791,2026-09-10T13:38:28Z,doh
https://shopatshams.com.pk/products/almarai-full-fat-milk-200ml,200,https://shopatshams.com.pk/products/almarai-full-fat-milk-200ml,953723,64291fa961dd9a392e4d4bd51de14857cc08c4afaefd24c2516e88e748f795f1,2026-09-10T13:38:28Z,doh
https://shopee.co.id/SUNLAC-Low-Fat-Susu-Tepung-Skim-700-gr-i.1642700743.49902841159,200,https://shopee.co.id/SUNLAC-Low-Fat-Susu-Tepung-Skim-700-gr-i.1642700743.49902841159,156855,82c1b464ac2459c51a262458d31233f174158b45255841a4784aa65bfab71573,2026-09-10T13:38:28Z,doh
https://shopee.co.id/SUNLAC-SKIM-MILK-POWDER-700-gram-i.287299970.26417712255,200,https://shopee.co.id/SUNLAC-SKIM-MILK-POWDER-700-gram-i.287299970.26417712255,156855,82c1b464ac2459c51a262458d31233f174158b45255841a4784aa65bfab71573,2026-09-10T13:38:29Z,doh
https://shopee.ph/Devondale-Instant-Skim-Milk-Powder-1kg-i.82265567.23335805507,200,https://shopee.ph/Devondale-Instant-Skim-Milk-Powder-1kg-i.82265567.23335805507,162840,fd885316235ea576a87990ce4dbfc0b14e48507d8697b478f48814a69d914d0e,2026-09-10T13:38:29Z,doh
https://shopee.sg/-BenMart-Chill-Paysan-Breton-Whipping-Cream-30-Fat-200ml-Halal-France-i.481487065.22084537297,200,https://shopee.sg/-BenMart-Chill-Paysan-Breton-Whipping-Cream-30-Fat-200ml-Halal-France-i.481487065.22084537297,162041,49a60819fe3ca4601219d07651637a7d9bea99d49d87dc43fe7574dd20f84139,2026-09-10T13:38:30Z,doh
https://shopifull.com/product/greenfields-full-cream-uht-milk-1ltr/,200,https://shopifull.com/product/greenfields-full-cream-uht-milk-1ltr/,445401,7f596d70f779942bcfad2fe37c30484cd63c7a4827d887a487f5cc1e1ae7afc1,2026-09-10T13:38:30Z,doh
https://sir-pele.co.il/items/677937-%D7%90%D7%91%D7%A7%D7%AA-%D7%97%D7%9C%D7%91-%D7%A8%D7%96%D7%94-0-8-%D7%A9%D7%95%D7%9E%D7%9F-200-%D7%92%D7%A8%D7%9D,200,https://sir-pele.co.il/items/677937-%D7%90%D7%91%D7%A7%D7%AA-%D7%97%D7%9C%D7%91-%D7%A8%D7%96%D7%94-0-8-%D7%A9%D7%95%D7%9E%D7%9F-200-%D7%92%D7%A8%D7%9D,269576,a0383f05a6b1a39c5a57cbb0ee0d4b298ffe76d1ee7155ec441098717590f544,2026-09-10T13:38:30Z,doh
https://soria.e-leclerc.es/detalle/-/Producto/leche-entera-6x1l/8410128010102,200,https://soria.e-leclerc.es/detalle/-/Producto/leche-entera-6x1l/8410128010102,102279,f8e6b11722da8536c6cc8fc5e5d7d31298d0468fdfb1b40b45a2a4ab0370f0a8,2026-09-10T13:38:30Z,doh
https://spar.no/varer/meieri-og-egg/flote/kremflote/kremflote-37-7038010041914,403,https://spar.no/varer/meieri-og-egg/flote/kremflote/kremflote-37-7038010041914,1484,cf09bd20a9817f4898a5dee1c006ec6564e99147289e770d8e47329e750c8fad,2026-09-10T13:38:30Z,doh
https://spinneys-egypt.com/en/juhayna-milk-full-cream-1-l;,404,https://spinneys-egypt.com/en/juhayna-milk-full-cream-1-l;,201124,5dd9ea0abec595edf993c5290c0d40a58d273671fed19040088b1191e47baad3,2026-09-10T13:38:31Z,doh
https://sportfit.ee/gb/sports-nutrition/iconfit-dextro-premium-dextrose-1kg,200,https://sportfit.ee/gb/sports-nutrition/iconfit-dextro-premium-dextrose-1kg,249702,772be7d90f10b04978b4ac181d77c919df0f70adf49b06b3a651e43f50943405,2026-09-10T13:38:31Z,doh
https://static.viking-direct.co.uk/is/content/odeu13/PDF/FRD_1185392_EN.pdf,200,https://static.viking-direct.co.uk/is/content/odeu13/PDF/FRD_1185392_EN.pdf,186445,642ec40940f263098ecbb51baccf74796230bbe967c3d87dc17794ca82adfe88,2026-09-10T13:38:31Z,doh
https://storage.googleapis.com/catalog-pictures-carrefour-es/catalog/pictures/hd_1500x_/5060326271725_3.jpg,200,https://storage.googleapis.com/catalog-pictures-carrefour-es/catalog/pictures/hd_1500x_/5060326271725_3.jpg,94369,6bd9c07d91ee1fcbb9490c07c40a1c9469eed398553a0d88c8e5ce68330d4b92,2026-09-10T13:38:32Z,doh
https://store.leipurin.com/fi/product-details/-/o/cn/Muut-makeutusaineet/ecom-item/E22202,200,https://store.leipurin.com/fi/product-details/-/o/cn/Muut-makeutusaineet/ecom-item/E22202,295534,c9a0d771688bfc5f9ddef25a24b4174250476c950190b0a42f42358c389541aa,2026-09-10T13:38:32Z,doh
https://store.leipurin.com/product-details/-/o/cn/Muut-makeutusaineet/ecom-item/E22202,200,https://store.leipurin.com/product-details/-/o/cn/Muut-makeutusaineet/ecom-item/E22202,294676,2641a228ccb63cf99d3005fe0f590c35b2ed04e2911e67e453cc28d0bc7d78c0,2026-09-10T13:38:32Z,doh
https://store.shopping.yahoo.co.jp/souvenir-chidoriya/4955447100416-cs.html,403,https://store.shopping.yahoo.co.jp/souvenir-chidoriya/4955447100416-cs.html,10051,ae97b45362096c079f51de99d60833ee729b9daca0d414bf20dd797395b4717b,2026-09-10T13:38:33Z,doh
https://store18714.store.link/category/promo-susu-beli-1-lebih-murah?page=2,200,https://store18714.store.link/category/promo-susu-beli-1-lebih-murah?page=2,327157,9a42e9748ac384d2cc2c3e14affb959c198ea40c9a699c2b4c890054cb829a0e,2026-09-10T13:38:33Z,doh
https://suatuoi.com/president/president-full-cream-1l,200,https://suatuoi.com/president/president-full-cream-1l,38469,a4634df937be924b4d066152ab03801f8e7fc5d0280646e50e79da4bf36f2afc,2026-09-10T13:38:33Z,doh
https://suatuoi.com/president/president-full-cream-1l-combo,200,https://suatuoi.com/president/president-full-cream-1l-combo,34344,8a66f1f8fc2a5c8284d913bbb9caa2bc129c1ecbca2776aa20cd04cf0ae1fa22,2026-09-10T13:38:33Z,doh
https://sugros.com/prodotto/ristora-latte-in-polvere-300-gr,200,https://sugros.com/prodotto/ristora-latte-in-polvere-300-gr,46984,08975326e04a89d72498cdb6dde73c7aa150d167dc9ea7dad64688c787807ce8,2026-09-10T13:38:33Z,doh
https://sumberberkatingredia.com/produk/tara-gum/,200,https://sumberberkatingredia.com/produk/tara-gum/,102311,419b323a2a82d05166a5d65ccf022a8a3844ea087ddab6846724a9de6d9e5ce3,2026-09-10T13:38:33Z,doh
https://super.eltit.cl/products/crema-l-vida-soprole-1lt-p-batir,200,https://super.eltit.cl/products/crema-l-vida-soprole-1lt-p-batir,379121,2dec2053de6f0a07354dbe992fb01fbe2cd3e51eb4be6bac4c252ccb3ee272b0,2026-09-10T13:38:34Z,doh
https://supermercadosnacional.com/crema-de-leche-35-grasa-elle-vire-20-cl-2066082,200,https://supermercadosnacional.com/crema-de-leche-35-grasa-elle-vire-20-cl-2066082,469218,8f4fb6120f0d77a6657cbfd76371ce794bf60df9d0f6defc3901635b5b3d801f,2026-09-10T13:38:34Z,doh
https://supermercadosnacional.com/leche-en-polvo-descremada-milex-800-gr-2190528,200,https://supermercadosnacional.com/leche-en-polvo-descremada-milex-800-gr-2190528,468823,041571cd26ac5757675eee338fc5a2360ae12e26180ad42dd4305c047ca7ec7e,2026-09-10T13:38:35Z,doh
https://supermercadosnacional.com/media/catalog/product/2/0/2066082-1.jpg,200,https://supermercadosnacional.com/media/catalog/product/2/0/2066082-1.jpg,67867,6fda91a483ed19b61e2ca7d14709f5c446d24356a96e0473c766357d80712b03,2026-09-10T13:38:35Z,doh
https://supplementworld.co.za/dextrose-monohydrate-powder.html,403,https://supplementworld.co.za/dextrose-monohydrate-powder.html,5492,647cf7a0e1b45439a69ce029c88319778f71a3b3d408d26319b8a4853fcbf6d7,2026-09-10T13:38:35Z,doh
https://supplies.gusta.ca/policies/shipping-policy,200,https://supplies.gusta.ca/policies/shipping-policy,304154,e5be4bdbf11b056684044efcc1552c22b4fd2cddfbc05f026c51d56b0f6a2923,2026-09-10T13:38:35Z,doh
https://supplies.gusta.ca/products/louis-francois-tara-gum,200,https://supplies.gusta.ca/products/louis-francois-tara-gum,535616,82667b7eeb078b0a2b35612bf1c70da136c0bfbad7e0b3ab2e44216a2bcab8c8,2026-09-10T13:38:35Z,doh
https://sutas.market/urun/tam-yagli-sut-1-l,200,https://sutas.market/urun/tam-yagli-sut-1-l,244009,985890e1d33694693f64fcdd83f0fb27a27eaf73c800879ba6c3e222c873cc51,2026-09-10T13:38:36Z,doh
https://takeitglobal.my/products/tara-gum-powder-serbuk-gam-tara-caesalpinia-spinosa-gum-%E5%A1%94%E6%8B%89%E8%83%B6%E7%B2%89,200,https://takeitglobal.my/products/tara-gum-powder-serbuk-gam-tara-caesalpinia-spinosa-gum-%E5%A1%94%E6%8B%89%E8%83%B6%E7%B2%89,432189,cc4ad3d819670383ba3ecdffa04ff1fb2c9f60a3926e73f8c3e20c7109136543,2026-09-10T13:38:36Z,doh
https://th.iherb.com/c/now-foods/powdered-milk,403,https://th.iherb.com/c/now-foods/powdered-milk,5733,033d34924fca1536bfd9ce44c04602d9789eaa98548b3e9f2b5a87a37f0cc46b,2026-09-10T13:38:37Z,doh
https://th.iherb.com/pr/now-foods-real-food-organic-non-fat-dry-milk-powder-12-oz-340-g/21134,403,https://th.iherb.com/pr/now-foods-real-food-organic-non-fat-dry-milk-powder-12-oz-340-g/21134,5938,e49ad3e103ecc992cc7e69c1644da9620af97d23d803c091ff6fe5fee737687d,2026-09-10T13:38:37Z,doh
https://thegrocer.com.qa/product/regilait-instant-skimmed-milk-powder-non-fat-300g/,200,https://thegrocer.com.qa/product/regilait-instant-skimmed-milk-powder-non-fat-300g/,284139,82b6527c57dcca6a0ef27a8ad81e1fe9593eee8320b727c0eb289d98bed99063,2026-09-10T13:38:37Z,doh
https://thegroceryhub.co.nz/products/anchor-blue-full-cream-milk-2l/,200,https://thegroceryhub.co.nz/products/anchor-blue-full-cream-milk-2l/,244361,e588ec93332f133ce47fbee8b79a9d50b2c2109ff643d9fe384e45550bda7d66,2026-09-10T13:38:37Z,doh
https://thesourcery.co.nz/products/tara-gum,200,https://thesourcery.co.nz/products/tara-gum,463429,4821a6ccdd05b444f8ff2509810f393ffad9da4c7cf0f80947e00e7a024110f9,2026-09-10T13:38:37Z,doh
https://tienda.essentiall.com.co/producto/dextrosa-monohidratada-x-1-kg/,200,https://tienda.essentiall.com.co/producto/dextrosa-monohidratada-x-1-kg/,193545,e9e4a260db69584f21e45020b14577c054c4b9abffcdf4e9dfafb364dea32b23,2026-09-10T13:38:38Z,doh
https://tienda.pochteca.net/products/dextrosa-monohidratada,200,https://tienda.pochteca.net/products/dextrosa-monohidratada,471880,f1051db5d363f18335c5cf0b87e6d0fb807e5eb5828dce635cbabf42c80c4ad3,2026-09-10T13:38:38Z,doh
https://tienda.pochteca.net/products/dextrosa-monohidratada.js,200,https://tienda.pochteca.net/products/dextrosa-monohidratada.js,2930,ed49f133b8159d4db6f510553c497c2acb06e49c2f0853cb757c453cd5a7cf14,2026-09-10T13:38:38Z,doh
https://tmarketonline.bg/product/suho-mlyako-bioset-15-50gr,200,https://tmarketonline.bg/product/suho-mlyako-bioset-15-50gr,291016,ccd91e256e3e011cb0225ca3718c381e5d8f30d443d438f7a4bdb7fb692f4ab5,2026-09-10T13:38:38Z,doh
https://tn.iherb.com/pr/now-foods-real-food-organic-non-fat-dry-milk-powder-12-oz-340-g/21134,403,https://tn.iherb.com/pr/now-foods-real-food-organic-non-fat-dry-milk-powder-12-oz-340-g/21134,5938,f61eb179b1b5cefcf514ecccfca544f445d971ad4d4619d49c4b5ab09cced665,2026-09-10T13:38:38Z,doh
https://torimpex.pl/produkt/mlekovita-mleko-w-proszku-odtluszczone-instant-250-g/,200,https://torimpex.pl/produkt/mlekovita-mleko-w-proszku-odtluszczone-instant-250-g/,359254,27bf79cfe42708521bd235a2635a230ff56a3fed8694a5a633f36990425e41ad,2026-09-10T13:38:39Z,doh
https://trinklusiv.at/products/wild-thing-magermilchpulver-500-g,200,https://trinklusiv.at/products/wild-thing-magermilchpulver-500-g,447125,7a42da27a0db2528178e1904df3f25c348f9b2632fee49ff62e96d3103d1ed55,2026-09-10T13:38:40Z,doh
https://uk.foodplus.eu/en_GB/p/UHT-Laciata-30-Cream-500ml-Mlekpol/26418,200,https://uk.foodplus.eu/en_GB/p/UHT-Laciata-30-Cream-500ml-Mlekpol/26418,438369,94bcf2501a8927c3f3f868e0c55c27650d70aae02615287d96af280381ac96ef,2026-09-10T13:38:40Z,doh
https://unipektin.ch/products/tara-gum/,200,https://unipektin.ch/products/tara-gum/,67208,3281f29de4558da4107ca3af9bc5a58886abc0a003abd08dee302b0e68c9c8b5,2026-09-10T13:38:40Z,doh
https://unipektin.ch/wp-content/uploads/2022/10/VIDOGUM-SP-v4-Oct2022.pdf,200,https://unipektin.ch/wp-content/uploads/2022/10/VIDOGUM-SP-v4-Oct2022.pdf,215780,da6f4cb744ae1fa328d1041187fc98471bfdc73c4a0e898ba92577c0ec30fc3a,2026-09-10T13:38:40Z,doh
https://verdlagseftirlit.is/dashboard/item/33/5690527101011/,200,https://verdlagseftirlit.is/item/33/5690527101011/,23947,9bacd581b3eb346a0cfebcb9acc639028d546d6cbc055a44601aff4d96ce54da,2026-09-10T13:38:40Z,doh
https://walmartcr.vtexassets.com/arquivos/ids/777064-1600-auto?width=1600&height=auto&aspect=true,200,https://walmartcr.vtexassets.com/arquivos/ids/777064-1600-auto?width=1600&height=auto&aspect=true,118994,185029ff13ac8c85e10314eb2776b4523d39c3f2805a29fefe0ee6e16e154b90,2026-09-10T13:38:41Z,doh
https://walmartni.vteximg.com.br/arquivos/ids/670349/7505_03.jpg?v=638881272276900000,200,https://walmartni.vteximg.com.br/arquivos/ids/670349/7505_03.jpg?v=638881272276900000,96337,381560310639417f0012952e14143613c794ae67336243dea955d7d938c3307e,2026-09-10T13:38:41Z,doh
https://walmartni.vteximg.com.br/arquivos/ids/670350/7505_04.jpg?v=638881272281100000,200,https://walmartni.vteximg.com.br/arquivos/ids/670350/7505_04.jpg?v=638881272281100000,108336,303f47eba170c80243663c799404faa7da5d92182f4094ac955b3bd631693bed,2026-09-10T13:38:41Z,doh
https://webshop.revogan.be/attachment/download?attachment_id=699278,200,https://webshop.revogan.be/attachment/download?attachment_id=699278,171047,0bc838ea86b4fa90d21b346b7ac85ebc42ab2112069c83d70a1d18faa981546a,2026-09-10T13:38:41Z,doh
https://webshop.revogan.be/en/shop/1204-glucopur-250g-5x50g-14864,200,https://webshop.revogan.be/en/shop/1204-glucopur-250g-5x50g-14864,38573,8c96c6082dd262434f0014ced6589449296c6021c00afd0a54e7269cf64d991c,2026-09-10T13:38:41Z,doh
https://whey-protein.ch/products/dextrose-pulver,200,https://whey-protein.ch/products/dextrose-pulver,205736,2642b7499586aa8522e0d29fb3447b70986dd70c04a9f8f478159f8d6e48f30e,2026-09-10T13:38:42Z,doh
https://whey-protein.ch/products/dextrose-pulver.js,200,https://whey-protein.ch/products/dextrose-pulver.js,5413,67b1e62d45db7b02e7e02a21a9e76a9bb659ce3e02e496feacfacb6ccdba7872,2026-09-10T13:38:42Z,doh
https://wholesomemarket.com.au/lotus-glucose-powder-dextrose-500g/,403,https://wholesomemarket.com.au/lotus-glucose-powder-dextrose-500g/,548,25fb23868ebf48348f9e438e00cb9b9d9b3a054f32482a781c762cc4f9cc6393,2026-09-10T13:38:42Z,doh
https://winenfood.co.kr/product/?bmode=view&idx=102391422,200,https://winenfood.co.kr/product/?bmode=view&idx=102391422,533309,a35b9aa57c4e9e4d3272f5914e79daeb24ac7f550befafc5d5efef5bd751c73c,2026-09-10T13:38:43Z,doh
https://wolt.com/en/cyp/ammochostos/venue/sklavenitis-paralimni/meggle-uht-whole-milk-3-5-fat-1lt-8585002504432-713974-itemid-2a4ee6410142efb41258dd27,200,https://wolt.com/en/cyp/ammochostos/venue/sklavenitis-paralimni/meggle-uht-whole-milk-3-5-fat-1lt-8585002504432-713974-itemid-2a4ee6410142efb41258dd27,1143002,86a2c10287c66937470c5b029303ed2b42a64ef9671b8d21ec778348837643db,2026-09-10T13:38:43Z,doh
https://world.openfoodfacts.org/api/v2/product/4792116211000.json,200,https://world.openfoodfacts.org/api/v2/product/4792116211000.json,29342,9e262bec18cef41f927770dd58bfeb15da3b74ca50ecead677b17f4ec93511f4,2026-09-10T13:38:43Z,doh
https://world.openfoodfacts.org/product/3155253004699,200,https://world.openfoodfacts.org/product/3155253004699/president-creme-fraiche,189954,6aaef04ce3a9c1cbdcbfff8a1c07a8111d482310975b1dde55d4de5d36d8816e,2026-09-10T13:38:43Z,doh
https://www.a.ubuy.com.kw/en/product/20BCUPO-pure-tara-gum-powder-non-gmo-gluten-free-vegan-ou-kosher-certified-50g-2oz,403,https://www.a.ubuy.com.kw/en/product/20BCUPO-pure-tara-gum-powder-non-gmo-gluten-free-vegan-ou-kosher-certified-50g-2oz,6114,b8b1e7ad024c9d4016e29f85eda2a4e7663878d96b707408c17dba4dd0de7e67,2026-09-10T13:38:43Z,doh
https://www.agaragar.co.in/tara-gum-12739350.html,200,https://www.agaragar.co.in/tara-gum-12739350.html,571694,eac5acf780a9684aad40d24072e982c981826c3703ef09092be45198d158108a,2026-09-10T13:38:43Z,doh
https://www.agaragar.in/gums.html,200,https://www.agaragar.in/gums.html,289380,4739ef7718bc8889c1daa7a1e5a3f5e1f042254158ee528fec88046b760a219d,2026-09-10T13:38:43Z,doh
https://www.agropursolutions.ca/fr/produits/lait/finement-filtre/2l-natrel-lait-finement-filtre-325,200,https://www.agropursolutions.ca/fr/produits/lait/finement-filtre/2l-natrel-lait-finement-filtre-325,68734,f44e5f7e3846cbf186e9aa34fd90a9615ffaa52498a7ad0912b797e21b616b0d,2026-09-10T13:38:43Z,doh
https://www.ah.be/producten/product/wi34471/ah-slagroom-houdbaar,403,https://www.ah.be/producten/product/wi34471/ah-slagroom-houdbaar,142,cf2c287a02849898454f51889de53f05abbfb18b359a8f7d795b9af39ab9c21b,2026-09-10T13:38:44Z,doh
https://www.ah.nl/producten/product/wi34471/ah-slagroom-houdbaar,403,https://www.ah.nl/producten/product/wi34471/ah-slagroom-houdbaar,143,f983795430167d321e62e0244b09e3bd617f64debc1f0bd3dbb36b32763dda22,2026-09-10T13:38:44Z,doh
https://www.ah.nl/producten/product/wi469256/campina-langlekker-volle-melk,403,https://www.ah.nl/producten/product/wi469256/campina-langlekker-volle-melk,143,3ef4d2e3986cbc8b95944c94ae6aa04103e16d2d399cc5acd958311ad46d3424,2026-09-10T13:38:44Z,doh
https://www.aksharchemicals.in/dextrose-monohydrate.html,200,https://www.aksharchemicals.in/dextrose-monohydrate.html,163286,a600c36798a3116508e0c2885cf1af741f19e3f5a7ad16a3c9ba1b8124d233d9,2026-09-10T13:38:44Z,doh
https://www.albalact.ro/produse/zuzu-lapte-integral-1l/,200,https://www.albalact.ro/produse/zuzu-lapte-integral-1l/,95213,7427ef535ea25991930ed987288e892777964defdbe6959a86e08466ee606653,2026-09-10T13:38:44Z,doh
https://www.allimentari.com.br/produto/dextrose-monohidratada-1-kg.html,403,https://www.allimentari.com.br/produto/dextrose-monohidratada-1-kg.html,1163,df28de243d9f6a0d8664d5c277186799b115a422d7f97863b83251fec8febcf6,2026-09-10T13:38:45Z,doh
https://www.allimentari.com.br/produto/goma-tara.html,403,https://www.allimentari.com.br/produto/goma-tara.html,1163,df28de243d9f6a0d8664d5c277186799b115a422d7f97863b83251fec8febcf6,2026-09-10T13:38:45Z,doh
https://www.almarai.com/en/brands/almarai/liquid-dairy/fresh-milk/fresh-milk-full-fat,200,https://www.almarai.com/en/brands/almarai/liquid-dairy/fresh-milk/fresh-milk-full-fat,123917,3abadf36f4b823282a2d13f5ab8d87ef5248e19d213e751cf96bd30aa88d9a6c,2026-09-10T13:38:45Z,doh
https://www.almarai.com/en/brands/almarai/liquid-dairy/long-life-milk/long-life-milk-full-fat,200,https://www.almarai.com/en/brands/almarai/liquid-dairy/long-life-milk/long-life-milk-full-fat,121070,4b98c0b69a3b8e88f7483e9e4d4f8aa1c7ff1c130b6593942c934eb24a951c0d,2026-09-10T13:38:45Z,doh
https://www.alphamega.com.cy/en/groceries/food-cupboard/coffee-tea-cocoa/coffee/instant-coffee/regilait-instant-skimmed-milk-powder-with-0-fat-300-g,403,https://www.alphamega.com.cy/en/groceries/food-cupboard/coffee-tea-cocoa/coffee/instant-coffee/regilait-instant-skimmed-milk-powder-with-0-fat-300-g,6216,24332345956105d2909e513176aaf9f2bc2bf327bf1c11c3f6b832a207a0ceff,2026-09-10T13:38:46Z,doh
https://www.alqueria.com.co/productos/cremas/crema-de-leche,200,https://www.alqueria.com.co/productos/cremas/crema-de-leche,157740,8a788d3123355a8a0f23f0055d965d103a0ae8bdce8bcb136644ec28c6bcecb9,2026-09-10T13:38:46Z,doh
https://www.alqueria.com.co/productos/leche-entera/super-cremosa;,404,https://www.alqueria.com.co/productos/leche-entera/super-cremosa;,35227,aeced7644ff05c27f5c860675451b1a02949b229ea6e53643fe75f33276ab935,2026-09-10T13:38:46Z,doh
https://www.amazon.ae/REGILAIT-NON-SKIMD-MILK-700G/dp/B07NF7B1H6,200,https://www.amazon.ae/REGILAIT-NON-SKIMD-MILK-700G/dp/B07NF7B1H6,973832,d246a4d8d21743828af86f77b786850dbb4a9ca1079e4d8087f337086983ad33,2026-09-10T13:38:46Z,doh
https://www.amazon.ca/Carnation-Powdered-Skim-Milk-500g/dp/B01EYBIU9S,200,https://www.amazon.ca/Carnation-Powdered-Skim-Milk-500g/dp/B01EYBIU9S,2401856,5032c0faddf24a9b7ac1e13ded4f40e585c1b6c8aa2dd1025349265591abe8c5,2026-09-10T13:38:47Z,doh
https://www.amazon.ca/Dextrose-Powder-Anytime-Supplement-Lbs/dp/B00FAT57QI,200,https://www.amazon.ca/Dextrose-Powder-Anytime-Supplement-Lbs/dp/B00FAT57QI,2230380,936ba50a1adfbfc8fccb5ddb33ddbd38d1829457f12c768551a959f3c7f60833,2026-09-10T13:38:47Z,doh
https://www.amazon.de/frischli-H-Vollmilch-3-5-Fett-12er/dp/B0FJLQYXXX,200,https://www.amazon.de/frischli-H-Vollmilch-3-5-Fett-12er/dp/B0FJLQYXXX,1287966,e6b0e8268693989c397d3e76dc797c35d4744e08ef0df725166808c6fc4a7f82,2026-09-10T13:38:47Z,doh
https://www.amazon.eg/-/en/Dextrose-Powder-100-Pure-250g/dp/B00NA1KQ28,200,https://www.amazon.eg/-/en/Dextrose-Powder-100-Pure-250g/dp/B00NA1KQ28,775471,eb6e63db703329952442cf6d004699cb477b50b069470c2b007b2e181618135e,2026-09-10T13:38:47Z,doh
https://www.amazon.eg/-/en/Elle-Vire-Excellence-Whipping-Cream/dp/B087KF9CTW,200,https://www.amazon.eg/-/en/Elle-Vire-Excellence-Whipping-Cream/dp/B087KF9CTW,777854,d71f607e692e7e3c5db2309dd3ccfef9afc0f95c788aeeaf021b59a32cbc6b40,2026-09-10T13:38:47Z,doh
https://www.ambujagroup.com/assets/tds-file/tds-dextrose-monohydrate-powder.pdf,200,https://www.ambujagroup.com/assets/tds-file/tds-dextrose-monohydrate-powder.pdf,1099980,d8445a8c6ee35d37d307366d833d3877f105af2556ac9e7e6113aadf5a402d97,2026-09-10T13:38:49Z,doh
https://www.ambujagroup.com/dextrose-monohydrate-powder,307,https://www.ambujagroup.com/dextrose-monohydrate-powder,1359,035c6e96d1d8e9e90d108835a33cf9880885cf4fba88f5c8c22b26620294e0ff,2026-09-10T13:38:49Z,doh
https://www.anchordairy.com/nz/en/products/cream-custard/anchor-longlife-dessert-cream-250ml.html,200,https://www.anchordairy.com/nz/en/products/cream-custard/anchor-longlife-dessert-cream-250ml.html,80702,8c833e6e329c2ad6cf83738ae4f8704acd044f397683b259906df3263e1b0083,2026-09-10T13:38:49Z,doh
https://www.anchordairy.com/nz/en/products/fresh-milk/anchor-blue-top-milk-2l.html,200,https://www.anchordairy.com/nz/en/products/fresh-milk/anchor-blue-top-milk-2l.html,271554,48905f9e8a7e454e3ce22cf48f10fe2e7430e51de6a4e02499595ffdd3b16fd6,2026-09-10T13:38:49Z,doh
https://www.anchorfoodprofessionals.com/nz/en/our-products/milk/anchor-blue-top-milk.html,200,https://www.anchorfoodprofessionals.com/nz/en/our-products/milk/anchor-blue-top-milk.html,70877,bff663473ea947769682e7bb9a3c32f3bf5af82571b8d2889db678258cea7dc0,2026-09-10T13:38:49Z,doh
https://www.anwfood.com/hk/products/%E5%A5%B6%E9%A1%9E%E7%94%A2%E5%93%81-%E9%AE%AE%E5%A5%B6%2C-%E4%B9%B3%E9%85%AA-%E5%8F%8A%E5%BF%8C%E5%BB%89/533-89271018-oldenburger-uht-full-cream-milk,200,https://www.anwfood.com/hk/products/%E5%A5%B6%E9%A1%9E%E7%94%A2%E5%93%81-%E9%AE%AE%E5%A5%B6%2C-%E4%B9%B3%E9%85%AA-%E5%8F%8A%E5%BF%8C%E5%BB%89/533-89271018-oldenburger-uht-full-cream-milk,23951,dded7b87308d7cfd0635d998232391d5feb1eeab78602606f4f7d06d32155303,2026-09-10T13:38:50Z,doh
https://www.arla.com/es-do/productos/milex-leche-entera-1l-194976/,200,https://www.arla.com/es-do/productos/milex-leche-entera-1l-194976/,58293,a405fcdd8558a49ff310e2ef5f536f3f9672be84cab3ead6d492fe14f12b0126,2026-09-10T13:38:50Z,doh
https://www.arla.com/es-do/productos/milex-polvo-descremada-194961/,200,https://www.arla.com/es-do/productos/milex-polvo-descremada-194961/,57677,d72f4e69b2df231b37e75e8608a40f7b7c420d82bac15dc06aa6b5d0613b1dae,2026-09-10T13:38:50Z,doh
https://www.arla.dk/produkter/arla/piskeflode-64625/,200,https://www.arla.dk/produkter/arla/piskeflode-64625/,313994,881b2b0d8cb4eefb633487984595084c7d1625d0526465811ccbf4c7978a4037,2026-09-10T13:38:51Z,doh
https://www.arla.fi/tuotteet/arla-lempi/kuohukerma-luomu-2dl-652156/,404,https://www.arla.fi/tuotteet/arla-lempi/kuohukerma-luomu-2dl-652156/,48172,e7822dc5e015687186dac95386fcd17a3fd4f12db75f6949348a2b58f75dc232,2026-09-10T13:38:51Z,doh
https://www.arla.ng/brands/arla-dano-full-cream-uht-35pct-fat-1l-408775/;,404,https://www.arla.ng/brands/arla-dano-full-cream-uht-35pct-fat-1l-408775/;/,27324,a06932c08b5117c828d7bd8c1f9b835af2ff86808de0c9756be0299cbc0b83d2,2026-09-10T13:38:51Z,doh
https://www.arlafoods.co.uk/brands/arla-cravendale/cravendale-whole-milk-2l/,200,https://www.arlafoods.co.uk/brands/arla-cravendale/cravendale-whole-milk-2l/,111761,fdb6e5b66ec4001808879ac44dffa725aaf4e96f70d0120843666aea32425cbc,2026-09-10T13:38:51Z,doh
https://www.arlafoods.gr/our-brands/arla/krema-galaktos-35-200g/,200,https://www.arlafoods.gr/our-brands/arla/krema-galaktos-35-200g/,131296,e7a155f189137494969f838664fc4e2cfeac1604ef0723cf15c3cf336b76540c,2026-09-10T13:38:52Z,doh
https://www.askul.co.jp/p/RR46225/,403,https://www.askul.co.jp/p/RR46225/,5098,8ce5dc9f89677e342b1e1823f440a100744e2073be316c06f65a112308e36499,2026-09-10T13:38:52Z,doh
https://www.asyasanalmarket.com/sutas-sut-1-lt-tam-yagli-uzun-omurlu-sut-25224;,403,https://www.asyasanalmarket.com/sutas-sut-1-lt-tam-yagli-uzun-omurlu-sut-25224;,5918,b5831a7409fe580ae2cdb6783e741d2670dd9475dd9cb69ef412e41e763d7332,2026-09-10T13:38:52Z,doh
https://www.auchan.fr/auchan-lait-en-poudre-ecreme-origine-france/pr-C1260223,200,https://www.auchan.fr/auchan-lait-en-poudre-ecreme-origine-france/pr-C1260223,260988,9a1eb731177d1aae68501a303f42d73b5df0d56212e60da4400ec2a13f9e68be,2026-09-10T13:38:52Z,doh
https://www.auchan.fr/elle-vire-creme-fluide-entiere-30-mg-uht/pr-C1178091,200,https://www.auchan.fr/elle-vire-creme-fluide-entiere-30-mg-uht/pr-C1178091,244341,8418099360beb42e992cf43d106e95bf87783310ec969bce8bd5c8438e86739e,2026-09-10T13:38:52Z,doh
https://www.auchan.fr/legall-creme-fleurette-entiere-30-mg/pr-C1176894,200,https://www.auchan.fr/legall-creme-fleurette-entiere-30-mg/pr-C1176894,242650,abd447601b1921e6481b01552339a66b97d2b321d7a42110a2d8c0d34c599438,2026-09-10T13:38:52Z,doh
https://www.auchan.fr/president-creme-semi-epaisse-entiere-gastronomique-30-mg-uht/pr-C1174614,200,https://www.auchan.fr/president-creme-semi-epaisse-entiere-gastronomique-30-mg-uht/pr-C1174614,270710,8565932bd9f485fcd9bc5806ebc9f25a0b962db49ed20c26bcc46aa2f66e4b41,2026-09-10T13:38:52Z,doh
https://www.auchan.fr/regilait-lait-ecreme-en-poudre/pr-C1274757,200,https://www.auchan.fr/regilait-lait-ecreme-en-poudre/pr-C1274757,249078,467b7bc1e3e4fe356fdb8ccd685fdbf7891a6c2b284c083ac853e6ab83a53626,2026-09-10T13:38:53Z,doh
https://www.auchan.pt/pt/alimentacao/produtos-lacteos/leites/leite-em-po/leite-em-po-regilait-magro-250g/3717097.html,200,https://www.auchan.pt/pt/alimentacao/produtos-lacteos/leites/leite-em-po/leite-em-po-regilait-magro-250g/3717097.html,132154,70d038d6825204b68609693b8534603d3b563dd69d073aa523e18aba5c391dae,2026-09-10T13:38:53Z,doh
https://www.auchan.pt/pt/alimentacao/produtos-lacteos/leites/leite-uht/leite-mimosa-uht-inteiro-1l/11864.html,200,https://www.auchan.pt/pt/alimentacao/produtos-lacteos/leites/leite-uht/leite-mimosa-uht-inteiro-1l/11864.html,132857,18ba6af7b8e31023fff804cff6ac34a6f8489d77860dd33f85533025aff9af80,2026-09-10T13:38:53Z,doh
https://www.auchan.pt/pt/alimentacao/produtos-lacteos/natas-bechamel-e-chantilly/natas/nata-parmalat-para-bater-500ml/2307302.html,200,https://www.auchan.pt/pt/alimentacao/produtos-lacteos/natas-bechamel-e-chantilly/natas/nata-parmalat-para-bater-500ml/2307302.html,123044,13f268841ff4a9c6af5e33fa6f9a6ce03239345ae3a5af3508a88e5906dc651a,2026-09-10T13:38:53Z,doh
https://www.auchan.sn/cremerie-fromage/6295-president-creme-liquide-sterilisee-uht-351-mg-20cl-3155253004699.html,200,https://www.auchan.sn/cremerie-fromage/6295-president-creme-liquide-sterilisee-uht-351-mg-20cl-3155253004699.html,148084,792c602b6c516d94d1b74daa34287846ffac6e9bc586b3aefa508915566ee344,2026-09-10T13:38:53Z,doh
https://www.baktotaal.nl/mattisson-magere-melkpoeder-biologisch-450g,200,https://www.baktotaal.nl/mattisson-magere-melkpoeder-biologisch-450g,325952,6ab590bdeda88275141f9f8141fb318e531f6ca38ad4d9ec291ff333dbb9b7e4,2026-09-10T13:38:54Z,doh
https://www.baktotaal.nl/sosa-tara-gum-700g,200,https://www.baktotaal.nl/sosa-tara-gum-700g,293056,d026595131dd3c7ce226aca303f90fdaa29baab73a0acc7812f106cef91c5e72,2026-09-10T13:38:54Z,doh
https://www.basicos.mx/leche-alpura-clasica-1-lts;,403,https://www.basicos.mx/leche-alpura-clasica-1-lts;,5749,05537adae7a3517776519746942716350d04751816e97dddd8d3dc20d6a0ebfe,2026-09-10T13:38:54Z,doh
https://www.bazaar-online.gr/regilait-250g-gala-se-skoni,200,https://www.bazaar-online.gr/regilait-250g-gala-se-skoni,1408740,27aeadff94335e977e035c00fb0dc52e3af0632189dbdbf2757fa3f8b32b4c9a,2026-09-10T13:38:54Z,doh
https://www.bbassets.com/media/uploads/p/l/40248006-3_1-amul-cow-milk-homogenised-35-fat-no-preservatives.jpg,200,https://www.bbassets.com/media/uploads/p/l/40248006-3_1-amul-cow-milk-homogenised-35-fat-no-preservatives.jpg,33160,4278f3b414d3a2015718ff9a142e0569ddb2f836b4f65c93bd7a5102bc4d9f38,2026-09-10T13:38:54Z,doh
https://www.bbassets.com/media/uploads/p/l/40248006-4_1-amul-cow-milk-homogenised-35-fat-no-preservatives.jpg,200,https://www.bbassets.com/media/uploads/p/l/40248006-4_1-amul-cow-milk-homogenised-35-fat-no-preservatives.jpg,15145,af0e2c2d0c591818be10b300cb9b002d097ee7fc42aabc9c13b17a9da1bad6c8,2026-09-10T13:38:54Z,doh
https://www.bbassets.com/media/uploads/p/l/40248006-5_1-amul-cow-milk-homogenised-35-fat-no-preservatives.jpg,200,https://www.bbassets.com/media/uploads/p/l/40248006-5_1-amul-cow-milk-homogenised-35-fat-no-preservatives.jpg,36319,15c102e17112a651479d7de6028018ff369f32f693370315bcbad27d11b8e9c5,2026-09-10T13:38:55Z,doh
https://www.benmart.com.sg/product/paysan-breton-whipping-cream-200ml/,307,https://www.benmart.com.sg/product/paysan-breton-whipping-cream-200ml/,1439,cd550f975d6ce6c55f2bb0b2e45049baa0c1495f6bfcd89b6e28dff353c9b20c,2026-09-10T13:38:55Z,doh
https://www.benna.com.mt/products/whole-milk/;,200,https://www.benna.com.mt/products/whole-milk/,199803,736c584eb7743d0738ccb695d5257cb6780350aee82ff2b72f77191f1fb3be7b,2026-09-10T13:38:55Z,doh
https://www.bevandeistantanee.it/products/latte-scremato-in-polvere-ristora,200,https://www.bevandeistantanee.it/products/latte-scremato-in-polvere-ristora,252057,d259a1398494e11f63c3864ac6bd52f7bbbfaaec5bd33f07dcfe27c3015605f5,2026-09-10T13:38:55Z,doh
https://www.bienmanger.com/1F36603_Gomme_Tara_E417_Louis_Francois.html,200,https://www.bienmanger.com/1F36603_Gomme_Tara_E417_Louis_Francois.html,113697,89df15aee32be95ae97d7d392f2d9beb940dda04c950470a1d077cb71812e885,2026-09-10T13:38:56Z,doh
https://www.bienmanger.com/2F36603_Tara_Gum_E417_Louis_Francois.html,200,https://www.bienmanger.com/2F36603_Tara_Gum_E417_Louis_Francois.html,101985,0702f9632c4eb314dbbd4e0aa284f463caea99c4fad847797a8e4254c73bfa7b,2026-09-10T13:38:56Z,doh
https://www.bigbasket.com/pd/40248006/amul-cow-milk-homogenised-35-fat-no-preservatives-1-l-tetra-pack/,200,https://www.bigbasket.com/pd/40248006/amul-cow-milk-homogenised-35-fat-no-preservatives-1-l-tetra-pack/,96495,d98b1e526f40ec960ce4273734984d0b5aa8bee02a0ac1482f2b5eec09de39c0,2026-09-10T13:38:57Z,doh
https://www.bilkatogo.dk/produkt/easis-skummetmaelkspulver/16936/,200,https://www.bilkatogo.dk/produkt/easis-skummetmaelkspulver/16936/,5748,7e64d653e904f296b2f25bd3504a7dc8e77e4c6121403b5839e07d823b785e99,2026-09-10T13:38:57Z,doh
https://www.billclap.com/business/88521/pp-supermarket/products/1643849/amul-cow-milk-1l,200,https://www.billclap.com/business/88521/pp-supermarket/products/1643849/amul-cow-milk-1l,86833,0f8100279722569679449fda6b454b4542122a817a08ecc92f7f8f6d53af49a2,2026-09-10T13:38:57Z,doh
https://www.biobolt-webaruhaz.hu/termekek/tutti-sovany-tejpor-90g,200,https://www.biobolt-webaruhaz.hu/termekek/tutti-sovany-tejpor-90g,344693,c0d90e514ef014dfe90f3638889ad3a5b3fbb17df19354dd8cc2a724451c27d1,2026-09-10T13:38:57Z,doh
https://www.bobsredmill.com/product/non-fat-dry-milk-powder,200,https://www.bobsredmill.com/product/non-fat-dry-milk-powder,458465,93578ea261302f539a921c2cc6b0e812e26d59454fc76caba1a20ab6a3021970,2026-09-10T13:38:57Z,doh
https://www.brake.co.uk/dairy/milk/powder/bulk/milfresh-gold-superior-granulated-skimmed-milk/p/28375,200,https://www.brake.co.uk/dairy/milk/powder/bulk/milfresh-gold-superior-granulated-skimmed-milk/p/28375,1019388,b05ba6de0c868179e6d0a93fc69a2b25fecc8ae3099d6b2e59a5ab3fe706bdd5,2026-09-10T13:38:57Z,doh
https://www.bringo.ma/fr_MA/stores/carrefour-hypermarket/lait-entier-5/products/lait-uht-entier-president-1l-vendor-2-15602/17539,200,https://www.bringo.ma/fr_MA/stores/carrefour-hypermarket/lait-entier-5/products/lait-uht-entier-president-1l-vendor-2-15602/17539,132576,f5644c4640f542538d9099526339b53ffaec5f7d1515c9ff3003a2955f3b844d,2026-09-10T13:38:57Z,doh
https://www.bringo.ma/fr_MA/stores/carrefour-supermarket/creme-fluide/products/creme-fraiche-uht-entiere-fluid-30-mg-bridelice-2x25cl-vendor-1-710622/433938,200,https://www.bringo.ma/fr_MA/stores/carrefour-supermarket/creme-fluide/products/creme-fraiche-uht-entiere-fluid-30-mg-bridelice-2x25cl-vendor-1-710622/433938,101629,f8ded48befb53577516fbbf04dde6aaa41a8c63b8225ec85df8d530d84819f25,2026-09-10T13:38:58Z,doh
https://www.bruyerre.be/en/shop/00074227-inex-6013-whole-milk-uht-pet-6-x-1l-167269/document/27519,200,https://www.bruyerre.be/en/shop/00074227-inex-6013-whole-milk-uht-pet-6-x-1l-167269/document/27519,153047,c847b5cb183e6282bba4b5523f7ca1ab422994cd76d92f52202e040c6f3d1453,2026-09-10T13:38:58Z,doh
https://www.campina.nl/producten/campina-langlekker-volle-melk-1l,200,https://www.campina.nl/producten/campina-langlekker-volle-melk-1l,67492,abf068ec50f944f45ff691f7c206a27fff9037f745bb913a982f9f10cf2232ce,2026-09-10T13:38:58Z,doh
https://www.capecrystalbrands.com/products/tara-gum,200,https://www.capecrystalbrands.com/products/tara-gum,475272,625c49dea11f5f5b080c7c33f3e96044e715d8e9e3d3fb9e3ff44c744a33cf98,2026-09-10T13:38:58Z,doh
https://www.capraboacasa.com/es/productdetail/574939-leche-en-polvo-desnatada-sveltesse-lata-400-g/,200,https://www.capraboacasa.com/es/productdetail/574939-leche-en-polvo-desnatada-sveltesse-lata-400-g/,616022,d27371187da615e25af87afb62ababe501668ae894bf1764698e5e37cc0e8479,2026-09-10T13:38:59Z,doh
https://www.carepa.se/globalassets/connect-media/dokument/33/334638_12594687_2025-02-04_livs.pdf,200,https://www.carepa.se/globalassets/connect-media/dokument/33/334638_12594687_2025-02-04_livs.pdf,337385,23f8839eae5dd0a1a7583df615f24f015357d2a6a10879da805b2c845e65a339,2026-09-10T13:38:59Z,doh
https://www.carnationmilk.ca/carnationmilk/products/instant-skim/91333/image-thumb__91333__responsive_960_JPEG/Extra%20Large-00059000111322_L2_PIM.236a8482.jpg,200,https://www.carnationmilk.ca/carnationmilk/products/instant-skim/91333/image-thumb__91333__responsive_960_JPEG/Extra%20Large-00059000111322_L2_PIM.236a8482.jpg,126625,3ed07b9a3ac96a0cd8a2a9aee82a38945584f557fab8d57c33f8cfe2eeb0a7a5,2026-09-10T13:38:59Z,doh
https://www.carnationmilk.ca/en/products/instant-skim,200,https://www.carnationmilk.ca/en/products/instant-skim,33826,d642c8d5c5cbe073587619f6c0132a60822c664d840187b7a8226b65751f313b,2026-09-10T13:38:59Z,doh
https://www.carrefour.be/fr/classic-lait-ecreme-en-poudre-7.5-l/07132606.html,403,https://www.carrefour.be/fr/classic-lait-ecreme-en-poudre-7.5-l/07132606.html,5483,c3910a3f14f6584b75bfc90218e35f0f6d8fcff10612021d9ba98c51ca7602b3,2026-09-10T13:39:00Z,doh
https://www.carrefour.com.ar/leche-entera-larga-vida-la-serenisima-3-1-l/p;,404,https://www.carrefour.com.ar/leche-entera-larga-vida-la-serenisima-3-1-l/p;,1465298,0affbb3198eb60edca2def2fb3dd6b39343acc692da623ecd1a0400ca9121820,2026-09-10T13:39:00Z,doh
https://www.carrefour.es/dextrosa-de-hsn-sin-sabor-1-kg-20-tomas-por-envase-100-pura-dextrosa-en-polvo-sin-anadidos-ni-excipientes-carbohidratos-de-alto-indice-glucemico-no-gmo-vegano-sin-gluten/5060326271725/p,403,https://www.carrefour.es/dextrosa-de-hsn-sin-sabor-1-kg-20-tomas-por-envase-100-pura-dextrosa-en-polvo-sin-anadidos-ni-excipientes-carbohidratos-de-alto-indice-glucemico-no-gmo-vegano-sin-gluten/5060326271725/p,5848,942bff12e52072cae3c8355c631f1e41badae1c6645188dda50a22579b700421,2026-09-10T13:39:00Z,doh
https://www.carrefour.fr/p/creme-uht-fluide-entiere-30-mg-bridelice-3155250367834,403,https://www.carrefour.fr/p/creme-uht-fluide-entiere-30-mg-bridelice-3155250367834,573998,3bf8e7433d70a515ddddb737ccf0054d60b743616cac929f3fc477624dab7b91,2026-09-10T13:39:00Z,doh
https://www.carrefour.fr/p/creme-uht-fluide-entiere-30-mg-elle-vire-3451790256745,403,https://www.carrefour.fr/p/creme-uht-fluide-entiere-30-mg-elle-vire-3451790256745,573998,8ddec795b81c6d02f63b74c351fd42365b38b956503eb86468b8b84f5bc35eab,2026-09-10T13:39:00Z,doh
https://www.carrefour.fr/p/creme-uht-semi-epaisse-entiere-30-mg-president-3155250367896,403,https://www.carrefour.fr/p/creme-uht-semi-epaisse-entiere-30-mg-president-3155250367896,574016,bb638c2b2f96d945e957da5a1c262a73515760426a6e2b0c5a97015e7995dcc6,2026-09-10T13:39:00Z,doh
https://www.carrefour.fr/p/lait-ecreme-en-poudre-carrefour-classic-3245413563040,403,https://www.carrefour.fr/p/lait-ecreme-en-poudre-carrefour-classic-3245413563040,573995,1969c8680052f903ccc1896c7c7b3c578a7a66998262ce63e1553747ec7d086e,2026-09-10T13:39:01Z,doh
https://www.carrefour.fr/p/lait-en-poudre-demi-ecreme-regilait-3043933232701,403,https://www.carrefour.fr/p/lait-en-poudre-demi-ecreme-regilait-3043933232701,573983,f01cb96483b23af3b84344267c8641d5fd877b280fcfadcbaeb05b2feb6855f7,2026-09-10T13:39:01Z,doh
https://www.carrefour.it/p/granarolo-latte-intero-uht-a-lunga-conservazione-1-l/8002670169607.html,200,https://www.carrefour.it/p/granarolo-latte-intero-uht-a-lunga-conservazione-1-l/8002670169607.html,189690,729a217f46055bcfc7106b6a100bb5bd90b846e3a03691b7adc346426a6ef416,2026-09-10T13:39:01Z,doh
https://www.carrefour.pl/napoje/mleko-napoje-mleczne-i-roslinne/mleko-uht/laciate-mleko-uht-35-200-ml,403,https://www.carrefour.pl/napoje/mleko-napoje-mleczne-i-roslinne/mleko-uht/laciate-mleko-uht-35-200-ml,5769,06055aa995300b778c7c6a667f41d4c155f4e0957c85a6bb1ab5159bf80e7239,2026-09-10T13:39:01Z,doh
https://www.carrefour.tn/creme-fraiche-la-dosette-3412290032215.html,200,https://www.carrefour.tn/creme-fraiche-la-dosette-3412290032215.html,8973,c3e3741551e90f2ea920cbe42e161fc6cbc8a5a38464636b8de5ca8fb526ba27,2026-09-10T13:39:01Z,doh
https://www.carrefouregypt.com/mafegy/en/full-cream-milk/juhayna-full-cream-milk-1l/p/12721,200,https://www.carrefouregypt.com/mafegy/en/full-cream-milk/juhayna-full-cream-milk-1l/p/12721,53,c08f14bec6a54917e29f9436c082359fd43f2fde31f8998b8ae2c5e5c8020094,2026-09-10T13:39:02Z,doh
https://www.carrefourksa.com/mafsau/en/fresh-cream/pb-cooking-cream-uht-20cl/p/595748,200,https://www.carrefourksa.com/mafsau/en/fresh-cream/pb-cooking-cream-uht-20cl/p/595748,53,c08f14bec6a54917e29f9436c082359fd43f2fde31f8998b8ae2c5e5c8020094,2026-09-10T13:39:02Z,doh
https://www.carrefouruae.com/mafuae/en/full-fat-milk/al-rawabi-milk-ff-1l/p/11509,200,https://www.carrefouruae.com/mafuae/en/full-fat-milk/al-rawabi-milk-ff-1l/p/11509,53,c08f14bec6a54917e29f9436c082359fd43f2fde31f8998b8ae2c5e5c8020094,2026-09-10T13:39:02Z,doh
https://www.caterite.co.uk/louis-francois-dextrose/,403,https://www.caterite.co.uk/louis-francois-dextrose/,1635,3a47b872efda77a22f2dd24620088ef9ebca18d2eb0c1d4b88029a3822272864,2026-09-10T13:39:02Z,doh
https://www.cchobby.dk/druesukker-500-g-1-ps,200,https://www.cchobby.dk/druesukker-500-g-1-ps,257126,ba878927a2aa821d53ebc876f65fb3ae5bf0277c3f5f354c6137cfdac6bf013a,2026-09-10T13:39:02Z,doh
https://www.checkers.co.za/product/clover-fresh-full-cream-milk-2l-10413121EA,200,https://www.checkers.co.za/product/clover-fresh-full-cream-milk-2l-10413121EA,52024,e1d0a59b9a73c123eca5c54e115195b5fbaa4b3dd8cb45d4ead744371d07f27d,2026-09-10T13:39:03Z,doh
https://www.chefgourmet.ch/ftp/pgiArticle/LF4550B/LF4550B_Dextrose_5kg_FT_CG_EN_20240108.pdf,200,https://www.chefgourmet.ch/ftp/pgiArticle/LF4550B/LF4550B_Dextrose_5kg_FT_CG_EN_20240108.pdf,541659,38385948acf1c6c7628408b8cd5a3d64a35f52306d662757688534ebf5e95d5d,2026-09-10T13:39:03Z,doh
https://www.chefmiddleeast.com/cme-products/pastry/technical-ingredients/sugar-and-derivatives/,200,https://www.chefmiddleeast.com/cme-products/pastry/technical-ingredients/sugar-and-derivatives/,139265,2548294760c55f83a655b37883e9028db294141f2ce5dd89eb5d6ea87e6d204a,2026-09-10T13:39:03Z,doh
https://www.chefmiddleeast.com/products/18224/,200,https://www.chefmiddleeast.com/products/18224/,139265,2548294760c55f83a655b37883e9028db294141f2ce5dd89eb5d6ea87e6d204a,2026-09-10T13:39:03Z,doh
https://www.chefsculinar.se/sv-se/mat-and-dryck/mejeri-and-gg/mj-lk/mj-lk-3-5-uht-1l-34231043,200,https://www.chefsculinar.se/sv-se/mat-and-dryck/mejeri-and-gg/mj-lk/mj-lk-3-5-uht-1l-34231043,245062,c32451c385c7ea35ff17e760ab6ddeb3949eebac2e5a48e43cab261b4a6b168f,2026-09-10T13:39:03Z,doh
https://www.chemipan.com/,403,https://www.chemipan.com/,5646,af9f94f3ddcc33618f1286cc9d4c04f416072ce2567fe3ad4583392909380b15,2026-09-10T13:39:04Z,doh
https://www.chemipan.com/a/index.php?Itemid=377&lang=en-gb&option=com_virtuemart&view=productdetails&virtuemart_category_id=0&virtuemart_product_id=17390,403,https://www.chemipan.com/a/index.php?Itemid=377&lang=en-gb&option=com_virtuemart&view=productdetails&virtuemart_category_id=0&virtuemart_product_id=17390,6290,1c00df1b339410d33843d3239e0854a4011ed4fa396e022107579d792c6467a0,2026-09-10T13:39:04Z,doh
https://www.chemipan.com/a/index.php?Itemid=384&lang=en-gb&option=com_virtuemart&view=productdetails&virtuemart_category_id=0&virtuemart_product_id=6711,403,https://www.chemipan.com/a/index.php?Itemid=384&lang=en-gb&option=com_virtuemart&view=productdetails&virtuemart_category_id=0&virtuemart_product_id=6711,6287,7c90425860e5b38b332e4d10b38af8ff48f353291cdfbb6ea93f65047e376eef,2026-09-10T13:39:04Z,doh
https://www.chemipan.com/a/index.php?Itemid=384&lang=en-gb&option=com_virtuemart&view=productdetails&virtuemart_category_id=116&virtuemart_product_id=1037,403,https://www.chemipan.com/a/index.php?Itemid=384&lang=en-gb&option=com_virtuemart&view=productdetails&virtuemart_category_id=116&virtuemart_product_id=1037,6293,ee6225da142eb9282172ae37e4d861f7c3e6a7d471c5f3433c6c1f885640b979,2026-09-10T13:39:04Z,doh
https://www.chemipan.com/a/index.php?catid=26&id=8%3A8-general-questions&lang=en-gb&option=com_contact&view=contact,403,https://www.chemipan.com/a/index.php?catid=26&id=8%3A8-general-questions&lang=en-gb&option=com_contact&view=contact,6097,43701131fd8725b3ca82442a10448404624c585cc1e6092b8035d8bee5d38272,2026-09-10T13:39:04Z,doh
https://www.chemipan.com/a/index.php?lang=en-gb&option=com_virtuemart&view=productdetails&virtuemart_category_id=126&virtuemart_product_id=17389,403,https://www.chemipan.com/a/index.php?lang=en-gb&option=com_virtuemart&view=productdetails&virtuemart_category_id=126&virtuemart_product_id=17389,6248,efc715e48723761aa6ec3cdbf5e660413ebfde12bf447358119631752b158899,2026-09-10T13:39:04Z,doh
https://www.ciceksepeti.com/parmor-dekstroz-1kg-mensei-uzakdogu-kcm50793387,403,https://www.ciceksepeti.com/parmor-dekstroz-1kg-mensei-uzakdogu-kcm50793387,5892,2ca438a5d731a9148954f0372f365efd802aa0ff78e80f3d59291b16cfbe8280,2026-09-10T13:39:04Z,doh
https://www.cijene.hr/mlijeko/dukat-obrano-mlijeko-u-prahu-1-mm-1-kg-cijena-749180081,200,https://www.cijene.hr/mlijeko/dukat-obrano-mlijeko-u-prahu-1-mm-1-kg-cijena-749180081,276625,86218472988e0f4ca794f26f081d94cdf9d3180206f1d416f10b5b0ce66a5384,2026-09-10T13:39:04Z,doh
https://www.civo.nl/artikel/46171/campina-langlekker-volle-melk-pak-1ltr-1-liter.html,403,https://www.civo.nl/artikel/46171/campina-langlekker-volle-melk-pak-1ltr-1-liter.html,5942,08007d955ed2dab7678190be5d9f9f8eddfca4306ab253836781e52544a19a81,2026-09-10T13:39:05Z,doh
https://www.clover.co.za/business/clover-skimmed-milk-powder/,200,https://www.clover.co.za/business/clover-skimmed-milk-powder/,207084,baa98737da191660e99adcfee1fcfd0831fb466007346d17586fa44f5c2b73da,2026-09-10T13:39:05Z,doh
https://www.clover.co.za/product/dairy/cream/clover-cream-250ml/,200,https://www.clover.co.za/product/dairy/cream/clover-cream-250ml/,188284,cd8db20f1e1f6ead00d5cf50db2dad23f7adbc894d03bbd24fe7c00f7be7e243,2026-09-10T13:39:05Z,doh
https://www.clover.co.za/product/dairy/milk/ultra-pasteurised-full-cream-milk-2l/,200,https://www.clover.co.za/product/dairy/milk/ultra-pasteurised-full-cream-milk-2l/,189010,af7069014ab335478ea119a65d4454aa823d19e1a5256a218f53b50bcad48a0f,2026-09-10T13:39:05Z,doh
https://www.cocinaconvalentino.com.ar/cremas-de-leche/17213-crema-de-leche-milkaut-sachet-x-5-lts-39-7794820901670.html,200,https://www.cocinaconvalentino.com.ar/cremas-de-leche/17213-crema-de-leche-milkaut-sachet-x-5-lts-39-7794820901670.html,59039,158c7b9ded25f1cdbe6599b74ebd59401adf927f396f1745dbcf3256bd549fba,2026-09-10T13:39:05Z,doh
https://www.coles.com.au/product/pauls-thickened-cream-300ml-110472,200,https://www.coles.com.au/product/pauls-thickened-cream-300ml-110472,212,d02032286070b4dd9d8fbd985a7bdca8af8edf52b89ff177db3bfcb2c8a9c43d,2026-09-10T13:39:05Z,doh
https://www.colun.cl/productos/categoria/detalle/leche-colun-descremada-en-polvo-800gr,200,https://www.colun.cl/productos/categoria/detalle/leche-colun-descremada-en-polvo-800gr,36775,104695f6114eef43c4e54c598fedb8368a8f73ae30c04d6cedfe1c0354e5613f,2026-09-10T13:39:05Z,doh
https://www.colun.cl/productos/categoria/detalle/leche-colun-entera-1-lt;,400,https://www.colun.cl/productos/categoria/detalle/leche-colun-entera-1-lt;,1179,9eccfc1293cdb58e3df379ed57814e8d1e4da87943be7b21cde204e7a16a8c8d,2026-09-10T13:39:05Z,system
https://www.conaprole.uy/producto/producto-leche-leche-polvo-descremada-200g/,200,https://www.conaprole.uy/producto/producto-leche-leche-polvo-descremada-200g/,211756,f06c39659b9e71fb333c5c2cea8f3157ebf213005afd23ac9f259e78cfda519e,2026-09-10T13:39:06Z,doh
https://www.confectoland.com/products/glucose-powder-dextrose-baking-pakistan,200,https://www.confectoland.com/products/glucose-powder-dextrose-baking-pakistan,899132,e1b93f43f79cafed6b20f6c70d655a43d372ac1447f8729e62a94aa948356a3e,2026-09-10T13:39:06Z,doh
https://www.confectoland.com/products/glucose-powder-dextrose-baking-pakistan.js,200,https://www.confectoland.com/products/glucose-powder-dextrose-baking-pakistan.js,12683,e7936e7af42dceb55a17364ee7409ad229158365c1ec907e33c4564e451afc5a,2026-09-10T13:39:07Z,doh
https://www.coop.ch/de/lebensmittel/milchprodukte-eier/milch/spezialmilch/magermilchpulver/p/3080756,403,https://www.coop.ch/de/lebensmittel/milchprodukte-eier/milch/spezialmilch/magermilchpulver/p/3080756,770,c0ade521252d0aedf76d02196c7e13ff27b69bbda68f61bba967d176b992ffb3,2026-09-10T13:39:07Z,doh
https://www.cosicomodo.it/italmark/flero/Panna-e-besciamella/Meggle-Panna-Non-Zuccherata%2A-200-ml/p/4034900027405,200,https://www.cosicomodo.it/italmark/flero/Panna-e-besciamella/Meggle-Panna-Non-Zuccherata%2A-200-ml/p/4034900027405,428885,981ec0dc08a833193dbffba1164916009fdb792f3faba96b4c57fe5e06eedc40,2026-09-10T13:39:07Z,doh
https://www.costco.com.au/Business-Delivery/Dairy-Eggs/Milk/Devondale-Instant-Skim-Milk-Powder-1kg/p/22239_BD,200,https://www.costco.com.au/Business-Delivery/Dairy-Eggs/Milk/Devondale-Instant-Skim-Milk-Powder-1kg/p/22239_BD,1101250,510f5f561ab0915d4208dc9630269fda3fb8197eddbacc3936fb1e6bdb8011d2,2026-09-10T13:39:08Z,doh
https://www.coto.com.ar/productos/_/A-00253482-00253482-200/;,200,https://www.coto.com.ar/productos/_/A-00253482-00253482-200/;,4475,c3f26eef2909966943e04a45c9ee27e3bbaf478b11db04df0bf5b90dfc7bcd70,2026-09-10T13:39:08Z,doh
https://www.coursesu.com/p/creme-fraiche-fleurette-30mg-le-gall---25cl/4886201.html,403,https://www.coursesu.com/p/creme-fraiche-fleurette-30mg-le-gall---25cl/4886201.html,5483,0780be898dedb4c8f09992daf19b2ae08be93a0e8dba5f53e1acf2b06b81d351,2026-09-10T13:39:08Z,doh
https://www.coursesu.com/p/creme-uht-entiere-fluide-30mg-bridelice-2x25cl/5678915.html,403,https://www.coursesu.com/p/creme-uht-entiere-fluide-30mg-bridelice-2x25cl/5678915.html,5483,d860c6726c8bf384e0c7633dafa404945e01cdbc432e3006651a4ccbf2869456,2026-09-10T13:39:09Z,doh
https://www.covabra.com.br/leite-em-po-molico-desnatado-280g/p,200,https://www.covabra.com.br/leite-em-po-molico-desnatado-280g/p,4454740,fb92e15e9d43054981ae51f8542559f799f0f0b428eaa546b3e780bada16941f,2026-09-10T13:39:09Z,doh
https://www.covabra.com.br/leite-piracanjuba-integral-1l/p,200,https://www.covabra.com.br/leite-piracanjuba-integral-1l/p,4433651,b10fdbf9f3daf44f93729da3e877bb21f0b91d8e3f19432bedacb227f6e34e38,2026-09-10T13:39:09Z,doh
https://www.cpmeiji.com/attachment/product/nutrition/81a95eb3ef18cc7be37ec8d0d8b4be6e0_Nutrition_Fresh.png,200,https://www.cpmeiji.com/attachment/product/nutrition/81a95eb3ef18cc7be37ec8d0d8b4be6e0_Nutrition_Fresh.png,57594,4e52128e8c994ae348c5346660cc8bf37b039ae06338f12bbcb4ae550cc98a1a,2026-09-10T13:39:09Z,doh
https://www.cpmeiji.com/en/product/view/Meiji-Pasteurized-Fresh-Milk-200ml,200,https://www.cpmeiji.com/en/product/view/Meiji-Pasteurized-Fresh-Milk-200ml,87512,afde126360160af0d0452637770d53dce2e04eb147a0b49efece735fb4df09a4,2026-09-10T13:39:09Z,doh
https://www.creafoods.com/dextrosa-monohidratada-1kg,200,https://www.creafoods.com/dextrosa-monohidratada-1kg,40187,cd6d4bbf7b1b448d687cdff36f0b73091d53a85e21a037d328990b1dfdde0404,2026-09-10T13:39:10Z,doh
https://www.creafoods.com/download/sample/53,200,https://www.creafoods.com/download/sample/53,184711,fb76c11998d5ae02abd590e700e7fa2cfc1a49b1c05cf0fd15064760bff50ebd,2026-09-10T13:39:10Z,doh
https://www.cucopanaderos.com.mx/tienda/cremas-/389-crema-p-batir-lyncott-20x500grs-5-0.html,200,https://www.cucopanaderos.com.mx/tienda/cremas-/389-crema-p-batir-lyncott-20x500grs-5-0.html,181260,2a3d6d17eb81749d00d783d6bf1a15fef5faf69664660f24147fae71a114a887,2026-09-10T13:39:10Z,doh
https://www.cukieteria.pl/dodatki-funkcjonalne-do-lodow/13953-op-500-g-guma-tara-e417-130002-sempre-dodatek-do-zywnosci-o-wlasciwosciach-zageszczajacych-i-stabilizujacych.html,200,https://www.cukieteria.pl/dodatki-funkcjonalne-do-lodow/13953-op-500-g-guma-tara-e417-130002-sempre-dodatek-do-zywnosci-o-wlasciwosciach-zageszczajacych-i-stabilizujacych.html,205472,26d27c9c8b0dd079bbe6d21b85e9c75b3b5c5f178c9dc829883a16c86b470d20,2026-09-10T13:39:11Z,doh
https://www.cukrar-shop.cz/Susene-mleko-plnotucne-400g-d2388.htm,200,https://www.cukrar-shop.cz/Susene-mleko-plnotucne-400g-d2388.htm,94024,feeec0d567df9e88373d83e51c0e9d6e50dc3b99dc3a34310a8ca9232fbcd70d,2026-09-10T13:39:11Z,doh
https://www.cycheapersupplements.com/muscle-mass/11699-3x-prozis-dextrose-900-g-22-servings-2700-g-66-servings.html,200,https://www.cycheapersupplements.com/muscle-mass/11699-3x-prozis-dextrose-900-g-22-servings-2700-g-66-servings.html,69747,190748e2405b0c16c4e7988f05e33341b60f83f37cb85d092b082a71c823ddec,2026-09-10T13:39:11Z,doh
https://www.dabas.com/productsheet/07310100318985,200,https://www.dabas.com/productsheet/07310100318985,230756,663533feb0176366f38ba419fc8a9ba00ae5dbfc219abb7849755d805b0e815b,2026-09-10T13:39:11Z,doh
https://www.dafengshou88.com/products/show13150638.html,200,https://www.dafengshou88.com/products/show13150638.html,30203,fd46bc177dfda3f750219397178285eee13ed0671d7940865c50f73de70a0669,2026-09-10T13:39:11Z,doh
https://www.daily.com.ph/categories/p/2821-harveyfresh-full-cream-milk-1l.html,200,https://www.daily.com.ph/categories/p/2821-harveyfresh-full-cream-milk-1l.html,21885,18f9cac7108ac8ee770db5f38c7d16aa58d796e6489472dcb5ec2b72e44b70c6,2026-09-10T13:39:12Z,doh
https://www.dairyland.ca/en/products/cream/33-whipping-cream,200,https://www.dairyland.ca/en/products/cream/33-whipping-cream,45265,dda46b4de97f61e51214f248e00414fbf73e6f76c89a6dbc27e2be2f4f3e6cee,2026-09-10T13:39:12Z,doh
https://www.daraz.lk/products/puck-whipping-cream-200ml-from-dubai-sam-i267894886.html,200,https://www.daraz.lk/products/puck-whipping-cream-200ml-from-dubai-sam-i267894886.html,227416,679e25a2e0eb838fa466d03407ac9125a5d2cc36e526de725c90ede8ca5ad491,2026-09-10T13:39:13Z,doh
https://www.dayelet.com/dextrosa/,200,https://www.dayelet.com/dextrosa/,322631,c45e661563bf5b9b9bf86489f3ff4ea5825b08d60741c9e5fb7f213b4f22ab69,2026-09-10T13:39:13Z,doh
https://www.dayelet.com/pdfs/esp/DAYELET%20DEXTROSA.pdf,404,https://www.dayelet.com/pdfs/esp/DAYELET%20DEXTROSA.pdf,180524,fa6af99f3c21f114ec93a2bf38715e5a33c57725812c08a343369bcbadf98fdb,2026-09-10T13:39:13Z,doh
https://www.dccbazar.com.bd/grocery-en/baking-needs/emborg-whipping-cream-200ml-clone/,403,https://www.dccbazar.com.bd/grocery-en/baking-needs/emborg-whipping-cream-200ml-clone/,5819,1df677057f239f8adf0a500c27e372658f306b216b51d2a9b6047b0210ab7cff,2026-09-10T13:39:13Z,doh
https://www.delitea.se/dairy-food-gradde-lang-hallbarhet-30-25dl,200,https://www.delitea.se/dairy-food-gradde-lang-hallbarhet-30-25dl,250209,40964af75a6bbc159fbf6c9513f6973a1b629b4e7dd24d4a1f9c5c65d8a3f8c6,2026-09-10T13:39:13Z,doh
https://www.delta.gr/en/gala/milk-oikogeneiako-plires-15lt-2/;,200,https://www.delta.gr/en/gala/milk-oikogeneiako-plires-15lt-2/,78929,bfbeb6d7a9ffff3b97647ab2c4abeaf15768dc7a4e4eeeaa34f609bed605c3d4,2026-09-10T13:39:13Z,doh
https://www.depozitcc.ro/delicatese/smantana-frisca-unt/frisca/frisca-lichida-30-meggle-uht-200ml-92327.html,200,https://www.depozitcc.ro/delicatese/smantana-frisca-unt/frisca/frisca-lichida-30-meggle-uht-200ml-92327.html,245493,9ab39c4976c12c6a8e8e256b86826034102e2081b1ade0d4d398d1c1bce4bd1a,2026-09-10T13:39:14Z,doh
https://www.desertcart.ae/products/170075471-pure-tara-gum-powder-non-gmo-gluten-free-vegan-ou,403,https://www.desertcart.ae/products/170075471-pure-tara-gum-powder-non-gmo-gluten-free-vegan-ou,5975,3f8ccb05dff711d2977c96751738cbf8738696cb290d84faf0a49e7bf2876254,2026-09-10T13:39:14Z,doh
https://www.desertcart.com.om/products/170075471-pure-tara-gum-powder-non-gmo-gluten-free-vegan-ou,403,https://www.desertcart.com.om/products/170075471-pure-tara-gum-powder-non-gmo-gluten-free-vegan-ou,5979,7e3d29685fd80efbe187cfab57264cdb59bb9170108a913f86766e796fc9bd93,2026-09-10T13:39:14Z,doh
https://www.desertcart.lk/products/139343876-happy-andes-organic-tara-gum-powder-all-natural-thickening-agent,403,https://www.desertcart.lk/products/139343876-happy-andes-organic-tara-gum-powder-all-natural-thickening-agent,6041,95a155119d168301de6d9518c96a4ba2c68137161fc0ee7a26f3d49044de3048,2026-09-10T13:39:14Z,doh
https://www.devondale.com.au/en/products/milk/full-cream-long-life-milk,200,https://www.devondale.com.au/en/products/milk/full-cream-long-life-milk,24655,f7d2bf6994e24c60cff9509ece2a64f3ccb02d9a7d0eed6ffdc38cfb1797a6a4,2026-09-10T13:39:15Z,doh
https://www.devondale.com.au/en/products/milk/skim-milk-powder,200,https://www.devondale.com.au/en/products/milk/skim-milk-powder,24569,b1ab461842c686ede3cc18a9673c8d84693c7bc13be53c7c1a7931f79eb96432,2026-09-10T13:39:15Z,doh
https://www.divinebody.pl/pl/p/Mlekovita-Mleko-w-proszku-odtluszczone-instant-250/3244,200,https://www.divinebody.pl/pl/p/Mlekovita-Mleko-w-proszku-odtluszczone-instant-250/3244,132710,85517d3b5e44676c714903fd3d87a9d35abf1349bb205288c00ccbc5d322c9ac,2026-09-10T13:39:15Z,doh
https://www.dukat.hr/media/4754/ni-kaufland-pravila-nagradne-igre.pdf,200,https://www.dukat.hr/media/4754/ni-kaufland-pravila-nagradne-igre.pdf,4155299,b5a79c7e45036d20513be587b683e7d7d9b8edba2717d73aa96a89c5a80f8fad,2026-09-10T13:39:15Z,doh
https://www.dunnesstoresgrocery.com/product/avonmore-fresh-milk-2l-id-100130059,403,https://www.dunnesstoresgrocery.com/product/avonmore-fresh-milk-2l-id-100130059,5914,4df331c4741304c35d45615c6e247f1edac1e014b0f02ff4aad1e229646b3052,2026-09-10T13:39:15Z,doh
https://www.ebag.bg/en/cream-madeta-dairy-31-uht/535345,200,https://www.ebag.bg/en/cream-madeta-dairy-31-uht/535345,10447,0a7619c7eac778979c9458633cbf700bbe1acddbf4efa38c4d049c929e39c515,2026-09-10T13:39:15Z,doh
https://www.elcorteingles.es/supermercado/B001020615800032-nestle-sveltesse-leche-desnatada-en-polvo-rica-en-calcio-bote-400-g/,403,https://www.elcorteingles.es/supermercado/B001020615800032-nestle-sveltesse-leche-desnatada-en-polvo-rica-en-calcio-bote-400-g/,528,ae64196dc966fd0f4e3510266c784ce2f06c6117530d4441622b7df49d5fd7e6,2026-09-10T13:39:15Z,doh
https://www.elcorteingles.es/supermercado/B001020616300164-reny-picot-nata-liquida-especial-para-montar-brik-200-ml/,403,https://www.elcorteingles.es/supermercado/B001020616300164-reny-picot-nata-liquida-especial-para-montar-brik-200-ml/,509,882ffd6c42cfd72df42a465e321c0cf7bc64180b123d00b00cfa1fdeaff62b5c,2026-09-10T13:39:15Z,doh
https://www.eldorado.com.uy/leche-la-serenisima-larga-vida-entera-1lt/p,200,https://www.eldorado.com.uy/leche-la-serenisima-larga-vida-entera-1lt/p,897995,d577cd858ae9a920b77e3ca7e8d2d510711f34deebd2e6cc4cbe2629bb3be1d6,2026-09-10T13:39:16Z,doh
https://www.elle-et-vire.com/int/en/pro/creams/products/excellence-whipping-cream-35fat/,200,https://www.elle-et-vire.com/int/en/pro/creams/products/excellence-whipping-cream-35fat/,68718,590b8e7a500195f116b73ef44db327eb233e170993ea2b7261341f1f70634e25,2026-09-10T13:39:17Z,doh
https://www.elle-et-vire.com/uploads/recip/product_translation/78/5ea58365eac52_excellence-whipping-hors-asie.pdf,200,https://www.elle-et-vire.com/uploads/recip/product_translation/78/5ea58365eac52_excellence-whipping-hors-asie.pdf,776465,c18f0d2c762993e741df8d75bbb76e4b715c706568cd13b33fbaf58cbebbf967,2026-09-10T13:39:17Z,doh
https://www.elle-et-vire.com/uploads/recip/product_translation/78/5ee9d5be316b9_tvn-excellence-whipping.pdf,200,https://www.elle-et-vire.com/uploads/recip/product_translation/78/5ee9d5be316b9_tvn-excellence-whipping.pdf,365203,35a564fc690261784d64be1d959eb31e661a5ebcfb536930d2d010c92346baba,2026-09-10T13:39:17Z,doh
https://www.emag.ro/guma-tara-pudra-700g-sosa-58050058/pd/DZ5CW2MBM/,200,https://www.emag.ro/guma-tara-pudra-700g-sosa-58050058/pd/DZ5CW2MBM/,198553,0ea6bc2a7487416db98fe5206ac2ee3e1c7d2479aed659974131ac38cda4e4ca,2026-09-10T13:39:17Z,doh
https://www.emborg.com/my/product/whipping-cream/,200,https://www.emborg.com/my/product/whipping-cream/,206207,6dabba79a14431825b4416701d61ca5b28b5372f17ea7a6926aa0a1d82344fee,2026-09-10T13:39:17Z,doh
https://www.emborg.com/ph/product/natural-whipping-cream/,200,https://www.emborg.com/ph/product/natural-whipping-cream/,205743,4d15313f6dec92dff965875a30929d5706ea7dec00bf7d4c8f697436a4272ae8,2026-09-10T13:39:17Z,doh
https://www.emborg.com/product/full-cream-milk/,200,https://www.emborg.com/product/full-cream-milk/,204493,930c31f8bab5e45e36464207ef42f4bb32c8b43ca27ef0ac02abd0fa7854956f,2026-09-10T13:39:17Z,doh
https://www.emborg.com/product/whipping-cream/,200,https://www.emborg.com/product/whipping-cream/,204532,319936cd1bdb23f2db6e0352b8a6c78edab88dcdc0b649c8b5b60f7024d760e8,2026-09-10T13:39:17Z,doh
https://www.emmi-food-service.ch/che/de/genusswelten/milch-nachhaltigkeit/produktdetailseiten/prima-vollmilch,406,https://www.emmi-food-service.ch/che/de/genusswelten/milch-nachhaltigkeit/produktdetailseiten/prima-vollmilch,0,,2026-09-10T13:39:18Z,doh
https://www.emmi-food-service.ch/dam/jcr:5fc3bd05-f1c4-4744-a604-870057e1b92b/1140855_prima-vollmilch_12x1l.2024-11-19-13-02-57.pdf,406,https://www.emmi-food-service.ch/dam/jcr:5fc3bd05-f1c4-4744-a604-870057e1b92b/1140855_prima-vollmilch_12x1l.2024-11-19-13-02-57.pdf,0,,2026-09-10T13:39:18Z,doh
https://www.esfood.kr/goods/goods_view.php?goodsNo=186786072,200,https://www.esfood.kr/goods/goods_view.php?goodsNo=186786072,235838,7c8adba23dda6856da14c500f8d78de9bdf98b0d831e8620b3d17a82b0584605,2026-09-10T13:39:18Z,doh
https://www.etiqueteando.com/shop/lacteos/leches/dos-pinos-leche-descremada-en-polvo/,200,https://www.etiqueteando.com/shop/lacteos/leches/dos-pinos-leche-descremada-en-polvo/,138659,4b2b16860128734f9e4b449caf9cfbaf0707b3fc6fc1c0cbdcc3233133a1ba7e,2026-09-10T13:39:18Z,doh
https://www.etmall.com.tw/i/7872702,200,https://www.etmall.com.tw/i/7872702,309633,5567b3a44400e69809e36f1d5ed3e830aa1e1841790adbd4d7106a0f83ab074d,2026-09-10T13:39:18Z,doh
https://www.evergreenspta.co.za/cream/7455-clover-fresh-cream-250ml.html,200,https://www.evergreenspta.co.za/cream/7455-clover-fresh-cream-250ml.html,145004,59557b4f6a80d55e3b2012cfb99bb596b8e618db1d2cbafce82fd9e8240adddc,2026-09-10T13:39:19Z,doh
https://www.exito.com/leche-entera-super-cremosa-unidad-alqueria-1100-ml-3121825/p,403,https://www.exito.com/leche-entera-super-cremosa-unidad-alqueria-1100-ml-3121825/p,5925,414e30607ea762d3c86815c5f5bc94a0d1a5bd1dbf9f3ac81abcad71bc9e1633,2026-09-10T13:39:19Z,doh
https://www.facebook.com/milkagrovranov/posts/-su%C5%A1en%C3%A9-mlieko-sabi-odtu%C4%8Dnen%C3%A9-400g-len-450-eur/1445455320920919/,400,https://www.facebook.com/milkagrovranov/posts/-su%C5%A1en%C3%A9-mlieko-sabi-odtu%C4%8Dnen%C3%A9-400g-len-450-eur/1445455320920919/,1542,cbfb6d16587c4d449bb6dd5fc2f4e03505a69eb11f5f72ae82e9b9c3b88414c5,2026-09-10T13:39:19Z,doh
https://www.facebook.com/savinghomenairobi/posts/saving-home-nairobi-kenya-branch-almarai-full-fat-milk-pure-goodness-pure-you-st/122236476026179029/,400,https://www.facebook.com/savinghomenairobi/posts/saving-home-nairobi-kenya-branch-almarai-full-fat-milk-pure-goodness-pure-you-st/122236476026179029/,1542,03971ad8b2ce5997a7051496ea14ce7d31d9b266ccfd77461d485268d77eb79c,2026-09-10T13:39:19Z,doh
https://www.factoryuse.com/sk/trvanlive-mlieko-rajo-plnotucne-3-5--1/,200,https://www.factoryuse.com/sk/trvanlive-mlieko-rajo-plnotucne-3-5--1/,332938,033ce344275a30418df4074b20896ca81f790a77f5172eedc48c3524326748c7,2026-09-10T13:39:19Z,doh
https://www.fairprice.com.sg/product/fairprice-instant-skim-milk-powder-600g-13097040,200,https://www.fairprice.com.sg/product/fairprice-instant-skim-milk-powder-600g-13097040,380372,6909b0bc7f27504d865a7a7784550c470b6e5d84f8a88cf3c52cd3d42c991a64,2026-09-10T13:39:19Z,doh
https://www.fairprice.com.sg/product/fairprice-uht-kids-full-cream-packet-milk-fresh-milk-6-x-200ml-13165083,200,https://www.fairprice.com.sg/product/fairprice-uht-kids-full-cream-packet-milk-fresh-milk-6-x-200ml-13165083,380047,e337f45eb095ce55e2d6c4001e284c0d37c310639287e18fdc7bc930451a403e,2026-09-10T13:39:19Z,doh
https://www.fda.gov/media/178582/download,200,https://www.fda.gov/media/178582/download,305916,d46a436a6d49c262c9cb650286f395bf9ebf0e29aaa45f2d233146832ece8cc7,2026-09-10T13:39:20Z,doh
https://www.foodpanda.com.bd/groceries/product/FYL67N/harvey-fresh-full-cream-milk-1l,200,https://www.foodpanda.com.bd/groceries/product/FYL67N/harvey-fresh-full-cream-milk-1l,1219653,159825e2728c532b88df3d63b2b2c5a4f150fb4e53dda4098f22cc278d2a1fdf,2026-09-10T13:39:20Z,doh
https://www.foodpanda.pk/groceries/product/B55L20/nestle-milkpak-full-cream-uht-milk-1000ml,200,https://www.foodpanda.pk/darkstore/zj7v/pandamart-pechs-khi,1501770,3923cf946def0908de1f126ff376e0f783bae8e8921c62959f2dff5f66213107,2026-09-10T13:39:20Z,doh
https://www.foodplusph.com/products/emborg-full-cream-milk-uht-3-5-l,200,https://www.foodplusph.com/products/emborg-full-cream-milk-uht-3-5-l,174136,ce2c9c27c3f630b3467d4c06c0404c7710a3bc3badf831ebcd6047512266dfee,2026-09-10T13:39:21Z,doh
https://www.fortinos.ca/en/fine-filtered-3-25-homogenized-milk/p/20130890_EA,403,https://www.fortinos.ca/en/fine-filtered-3-25-homogenized-milk/p/20130890_EA,457,e45707f23c070163c847fb66e586626ffa6f37cd85ad9754d4392051b62f6fbd,2026-09-10T13:39:21Z,doh
https://www.freshbybrookshires.com/product/brookshires-whipping-cream-1-pint-id-00092825922230,403,https://www.freshbybrookshires.com/product/brookshires-whipping-cream-1-pint-id-00092825922230,4555,ec19e48fea9080ef68a4cd7f54d6f77a502cdd69b1803f42f9ba767e2f79f4f7,2026-09-10T13:39:21Z,doh
https://www.freshstmarket.com/product/dairyland-whipping-cream-33-mf-473ml-id-00006870010045,403,https://www.freshstmarket.com/product/dairyland-whipping-cream-33-mf-473ml-id-00006870010045,4550,5e52a6ca49b207ed404f9727f87c83a01b95c7edad9b2cec82d2714105a04ce1,2026-09-10T13:39:21Z,doh
https://www.frischli.de/produkte/index.htm?showproduct=67006&showrange=73333,200,https://www.frischli.de/produkte/index.htm?showproduct=67006&showrange=73333,13308,49d084372d04a3d3904da39fe6cacdf3c01150be8c6f55d9c2063a938c6ae0aa,2026-09-10T13:39:21Z,doh
https://www.frozenter.cl/product/crema-de-leche-para-batir-1-lt-soprole,200,https://www.frozenter.cl/product/crema-de-leche-para-batir-1-lt-soprole,63699,8c0e6eae652e494ddc0eca8612489face2e24ae8a12168c1a17b6941815f01b1,2026-09-10T13:39:22Z,doh
https://www.frysfood.com/p/organic-valley-whole-milk-half-gallon/0009396651300,000,https://www.frysfood.com/p/organic-valley-whole-milk-half-gallon/0009396651300,0,,2026-09-10T13:39:22Z,system
https://www.ft-shop.ro/guma-tara-700-g-sosa.html,200,https://www.ft-shop.ro/guma-tara-700-g-sosa.html,579557,4f962cc547f6ea93bcdfe1d9671818076ccea030da813c7334cd11fdefe94950,2026-09-10T13:39:22Z,doh
https://www.golden-peanut.de/Dextrose-monohydrat-Pulver/11135-01,200,https://www.golden-peanut.de/Dextrose-monohydrat-Pulver/11135-01,606576,0ea2d79f0278d7d4024983dadc65b40cd7c75104c6b66aff1e8172eeea470142,2026-09-10T13:39:22Z,doh
https://www.golden-peanut.de/versand-und-zahlungsbedingungen,200,https://www.golden-peanut.de/versand-und-zahlungsbedingungen,283106,be9583c98a36f0c1fb0886a7c1e5994d623c44559995750b53cb2316f54e5ec6,2026-09-10T13:39:22Z,doh
https://www.granarolo.it/marchi/linea-granarolo/latte/latte-intero-da-latte-alta-qualita-granarolo-uht,200,https://www.granarolo.it/marchi/linea-granarolo/latte/latte-intero-da-latte-alta-qualita-granarolo-uht,43025,c3836c4ae6f3f673dcc13f26cc1c18bf91bf4ffead8d60389d4f7167aef0e82a,2026-09-10T13:39:23Z,doh
https://www.grandiose.ae/puck-whipping-cream-200ml0177,200,https://www.grandiose.ae/puck-whipping-cream-200ml0177,382891,72df85350e8f0a57d4c75e25002f026fb925aee2776983fb97ccba016d5364a2,2026-09-10T13:39:23Z,doh
https://www.greens.com.mt/productdetails?loc=MH&pid=5350066100042;,200,https://www.greens.com.mt/home?action=invalidproduct,213453,26ab0705b8522ed7c42d252756047afd985042c5e8a4513e30d99498a07d3f2f,2026-09-10T13:39:23Z,doh
https://www.greens.com.mt/productdetails?pid=3043939531112,200,https://www.greens.com.mt/productdetails?pid=3043939531112,205251,fd8eba9678da4f0fb1ae71a996f8638598b9b05b9eb2f800aaa6bf594108a603,2026-09-10T13:39:23Z,doh
https://www.greens.com.mt/productdetails?pid=3155250367896,200,https://www.greens.com.mt/productdetails?pid=3155250367896,205460,bb6a414304a3fd35cc3024f051c4b5deb93e14a487f25fe53b6a2dbdd7b6ff7c,2026-09-10T13:39:24Z,doh
https://www.halpahalli.fi/valio-rasvaton-maitojauhe-instant-400-g.html,200,https://www.halpahalli.fi/valio-rasvaton-maitojauhe-instant-400-g.html,697961,f1a376adef7e7d9312eb50500fcab50f3f122a04c8f859f8181059d8e9ea0b96,2026-09-10T13:39:24Z,doh
https://www.hammaddeler.com/urun/pinar-yagsiz-sut-tozu-25-kg,200,https://www.hammaddeler.com/urun/pinar-yagsiz-sut-tozu-25-kg,881012,71188a2c699c0608759e53716f5c33ae6f2496a28771d9ff4627235016f3db5f,2026-09-10T13:39:24Z,doh
https://www.happyandes-usa.com/products/organic-tara-gum/,200,https://www.happyandes-usa.com/products/organic-tara-gum/,49115,2bae77d9483fbb07be8e27db7d2ed631faff2291c4d7d289053078c0b26af77c,2026-09-10T13:39:24Z,doh
https://www.harveyfresh.com.au/our-products/milk/long-life-milk/uht-full-cream-milk-1-litre,200,https://www.harveyfresh.com.au/our-products/milk/long-life-milk/uht-full-cream-milk-1-litre,212,d02032286070b4dd9d8fbd985a7bdca8af8edf52b89ff177db3bfcb2c8a9c43d,2026-09-10T13:39:24Z,doh
https://www.helsebixen.dk/shop/urtegaarden-druesukker.html,200,https://www.helsebixen.dk/shop/urtegaarden-druesukker.html,293237,e0fc4fc296cd497aaaa480fe2535caa6003e7cf0a009be7817196412106c4a88,2026-09-10T13:39:24Z,doh
https://www.hepsiburada.com/benosen-tara-gum-e417-taragam-keciboynuzu-muadili-tara-gam-taragum-200-gr-pm-HBC000001Z25C,403,https://www.hepsiburada.com/benosen-tara-gum-e417-taragam-keciboynuzu-muadili-tara-gam-taragum-200-gr-pm-HBC000001Z25C,1753,4b8def785c69cc941a7d8f1a18a58b05f4600186e65481ca255adfead1998e24,2026-09-10T13:39:25Z,doh
https://www.hepsiburada.com/parmor-dekstroz-1-kg-pm-HBC00002OYEF6,403,https://www.hepsiburada.com/parmor-dekstroz-1-kg-pm-HBC00002OYEF6,1753,51b909f1102fff177ab42d84f601db6064961b9191c98cb0805cc88fc27e567a,2026-09-10T13:39:25Z,doh
https://www.hktvmall.com/hktv/en/main/A-%26-W-Food-Service/s/H8360001/Supermarket/Supermarket/Beverages/Milk-%26-Soy-Milk/Full-Case-UHT-Full-Cream-Milk-12-x-1L/p/H8360001_S_89271018,200,https://www.hktvmall.com/hktv/en/main/A-%26-W-Food-Service/s/H8360001/Supermarket/Supermarket/Beverages/Milk-%26-Soy-Milk/Full-Case-UHT-Full-Cream-Milk-12-x-1L/p/H8360001_S_89271018,723726,c82a5fda4e0165d21bc5f1faaf89ef493d3c076498cfce1911e9a50ec612e947,2026-09-10T13:39:25Z,doh
https://www.hktvmall.com/hktv/en/main/Ching-Long/s/H9564001/Supermarket/Supermarket/Beverages/Energy-Drinks/Dextrosol-%EF%BC%A4Glucose-Powder-400g-4046802222666/p/H9564001_S_DE02DG400,200,https://www.hktvmall.com/hktv/en/main/Ching-Long/s/H9564001/Supermarket/Supermarket/Beverages/Energy-Drinks/Dextrosol-%EF%BC%A4Glucose-Powder-400g-4046802222666/p/H9564001_S_DE02DG400,751274,41c79de08b988e62d58a9cc7981bf69be65ea9de1711fdd5020c4aca3203777e,2026-09-10T13:39:25Z,doh
https://www.hktvmall.com/hktv/en/main/Longview/s/H7814001/Personal-Care-%26-Health/Personal-Care-%26-Health/Health/Milk-Powder/9300639999005-Instant-Skim-Milk-Powder-High-Calcium-1KG-Parallel-Import-Expiry-Date-032025/p/H7814001_S_AA28056000001,200,https://www.hktvmall.com/hktv/en/main/Longview/s/H7814001/Personal-Care-%26-Health/Personal-Care-%26-Health/Health/Milk-Powder/9300639999005-Instant-Skim-Milk-Powder-High-Calcium-1KG-Parallel-Import-Expiry-Date-032025/p/H7814001_S_AA28056000001,416010,58fe9872fe1b350d6cea866c30fd4de4c7e9c53393721c4dea8fc1d19002eaf8,2026-09-10T13:39:25Z,doh
https://www.hktvmall.com/hktv/en/main/SIUFUNG-HEALTHY/s/S6258001/Personal-Care-%26-Health/Personal-Care-%26-Health/Health/Milk-Powder/Instant-Skim-Milk-Powder-1kg-Parallel-import/p/S6258001_S_DEV9005P,200,https://www.hktvmall.com/hktv/en/main/SIUFUNG-HEALTHY/s/S6258001/Personal-Care-%26-Health/Personal-Care-%26-Health/Health/Milk-Powder/Instant-Skim-Milk-Powder-1kg-Parallel-import/p/S6258001_S_DEV9005P,459814,e93c6e32dd08bbb1db5ed0296147c28976c5787ff080a8bd19ae9b990f4897bf,2026-09-10T13:39:25Z,doh
https://www.hobbyscuit.com/3553-large_default/dextrose-monohydrate.jpg,200,https://www.hobbyscuit.com/3553-large_default/dextrose-monohydrate.jpg,39068,65c40c2abb1ff82205695034e61c90383646ea3173a9d21896476a245dd1738f,2026-09-10T13:39:26Z,doh
https://www.hobbyscuit.com/sucres/1268-dextrose-monohydrate.html,200,https://www.hobbyscuit.com/sucres/1268-dextrose-monohydrate.html,85004,df0d48617d802461bcc8f13f58a99b970fa1d4642ceb96d8cc0bb2450dd45bd9,2026-09-10T13:39:26Z,doh
https://www.hohenloher-molkerei.de/hubfs/website/produkte/Sahne/Datenblatt/35305_Hofgut_Schlagsahne_30_200g.pdf?hsLang=de,200,https://www.hohenloher-molkerei.de/hubfs/website/produkte/Sahne/Datenblatt/35305_Hofgut_Schlagsahne_30_200g.pdf?hsLang=de,111150,bb48535df7c44ee059d0e3bf45b8d9b870c827db81a92fbd53eed30d6b89a5c7,2026-09-10T13:39:26Z,doh
https://www.hotbel.com.br/wp-content/uploads/2020/11/PIRACANJUBA-HB-2020.pdf,200,https://www.hotbel.com.br/wp-content/uploads/2020/11/PIRACANJUBA-HB-2020.pdf,6830488,b9997649698d97dfe354ea60b4364a5be3db4de56a9e78f9d7c25b4934557603,2026-09-10T13:39:27Z,doh
https://www.hsnstore.eu/brands/raw-series/dextrose-powder,403,https://www.hsnstore.eu/brands/raw-series/dextrose-powder,5482,46761b196c02515777ca8d4c675dbb5017fa68eddff8d230489e1470b52aaf71,2026-09-10T13:39:27Z,doh
https://www.hsnstore.eu/international-shipping-costs,403,https://www.hsnstore.eu/international-shipping-costs,5482,2bf8cacf0d4442c84d8d9d213054c2cefbece652d6ab0c421c090301c657158d,2026-09-10T13:39:27Z,doh
https://www.hug.com.tw/product/detail/drx8eizjgp5c,200,https://www.hug.com.tw/product/detail/drx8eizjgp5c,95772,12ead6ed0fe120ad5745bcdb221a984ff70b1c6b103f5edd5b379013f98894e6,2026-09-10T13:39:28Z,doh
https://www.ife.co.uk/exhibitors/wart-milk,200,https://www.ife.co.uk/exhibitors/wart-milk,406017,6a89745c4679b0d9cc4560cb2166af59f4da3b35304714cb5b9491de4f2797c5,2026-09-10T13:39:28Z,doh
https://www.iherb.com/shipping/bd,200,https://es.iherb.com/shipping/bd,1937287,e91e82f7228f5c34515e3370b57f1be71b09d4598f89eaab001253ae730ab3fc,2026-09-10T13:39:28Z,doh
https://www.iherb.com/shipping/dz,200,https://es.iherb.com/shipping/dz,1937433,822c9a8052eb35b9891b8f9d7bb451f9729c0df2a4108c62a248db044cb468d1,2026-09-10T13:39:28Z,doh
https://www.iherb.com/shipping/eg,200,https://es.iherb.com/shipping/eg,1937363,b40682107266877c45b196e8f4d26af507de1480d285df697127ce64b5e23abc,2026-09-10T13:39:29Z,doh
https://www.iherb.com/shipping/gh,200,https://es.iherb.com/shipping/gh,1937169,d3542edc9d1e2a43cc403f19aea320c9c60750c1b16c36d086039c82afb52548,2026-09-10T13:39:29Z,doh
https://www.iherb.com/shipping/ke,200,https://es.iherb.com/shipping/ke,1937175,3ebead280a45e2eee3b9e30ede953bc515a3962a68bd119c45f2cb09113a02a3,2026-09-10T13:39:30Z,doh
https://www.iherb.com/shipping/lk,200,https://es.iherb.com/shipping/lk,1937567,0f87771b64bef2414468cdda331511fce4faa6b9e4eef6b3324a845ff1dd043c,2026-09-10T13:39:31Z,doh
https://www.iherb.com/shipping/ma,200,https://es.iherb.com/shipping/ma,1937807,efef403c2a538858258d9a2493057289499a0db6853822320ce0684767d72f9e,2026-09-10T13:39:31Z,doh
https://www.iherb.com/shipping/ng,200,https://es.iherb.com/shipping/ng,1938400,916d8eb0425ac2402b7640c3e46df10ef08eca9b64e99a8e9cdbee30459c391c,2026-09-10T13:39:31Z,doh
https://www.iherb.com/shipping/om,200,https://es.iherb.com/shipping/om,1937544,ee919089e8c0410ec392372322ee94a17e1df1920e7a01460a1282d8458fff18,2026-09-10T13:39:32Z,doh
https://www.iherb.com/shipping/pk,200,https://es.iherb.com/shipping/pk,1937824,aa659e50e08c52d0119af48f47b9a3687550128d49ca61fae76fae0220e0295e,2026-09-10T13:39:32Z,doh
https://www.iherb.com/shipping/tn,200,https://es.iherb.com/shipping/tn,1937098,50a6eeb67725a5b21c801a3efccb1c75b131b4f0ae7292c0dce148a63f6d8d06,2026-09-10T13:39:32Z,doh
https://www.imigrantesbebidas.com.br/leite-integral-piracanjuba-1l,200,https://www.imigrantesbebidas.com.br/leite-integral-piracanjuba-1l,471708,20a165bb4c2a43844ea0cb59917f4238173f20087ac0d593868eec66e4bf5ccb,2026-09-10T13:39:33Z,doh
https://www.indianstarch.com/food-chemicals.html,200,https://www.indianstarch.com/food-chemicals.html,78608,5c179eb5fff8457e9f4f7ecdf0f4180314ae38ced9f9e3e71b00afb6a9654615,2026-09-10T13:39:33Z,doh
https://www.inex.be/en/inex_product_category/milk/,200,https://www.inex.be/en/inex_product_category/milk/,175707,eb63479abedf5e19c432165c53983c240c128eecad593649f488a83a8db931b9,2026-09-10T13:39:34Z,doh
https://www.infusion.gr/en/bar-chef-e/sugar-polyols/dextrose-powder-5kg-louis-francois,200,https://www.infusion.gr/__browser-challenge?token=a59fa712f7ec77f4f0bc697d15677869,1460,2fde896456294d5ccc1c3fc98f3a8bf244846376c225779ae55428169c6cea6e,2026-09-10T13:39:34Z,doh
https://www.instacart.com/assets/domains/product-image/file/large_446fe81a-4801-4126-9156-250638e72b98.jpeg,200,https://www.instacart.com/assets/domains/product-image/file/large_446fe81a-4801-4126-9156-250638e72b98.jpeg,87442,026606a517305de0ab453039e49aa835f4683705df107487d52816d0cf9109b6,2026-09-10T13:39:34Z,doh
https://www.instacart.com/assets/domains/product-image/file/large_4993032d-f5b6-490b-a3ac-171923323bd1.jpeg,200,https://www.instacart.com/assets/domains/product-image/file/large_4993032d-f5b6-490b-a3ac-171923323bd1.jpeg,81212,c9dafc017d2b80374ed98552bcb6ebd2a5aa5cc10a3bf08fed8378c49102de9f,2026-09-10T13:39:34Z,doh
https://www.instacart.com/assets/domains/product-image/file/large_eddfdad2-9574-467a-a2ac-f65b99b930e5.jpeg,200,https://www.instacart.com/assets/domains/product-image/file/large_eddfdad2-9574-467a-a2ac-f65b99b930e5.jpeg,82288,20ef0401e8fae6c5cf421b24a90e66cfa15a66cf8e58b362d314fd066c48db7e,2026-09-10T13:39:34Z,doh
https://www.intermarche.com/produit/lait-frais-pasteurise-entier/3262970109108,403,https://www.intermarche.com/produit/lait-frais-pasteurise-entier/3262970109108,777,f95e1eedef85e0c37c9e098535f9afac2a66ae8bd6e165569e58a880476f4e6e,2026-09-10T13:39:35Z,doh
https://www.irelandteaandcoffee.com/milfresh-gold-skimmed-milk-granules-100-percent-500g,200,https://www.irelandteaandcoffee.com/milfresh-gold-skimmed-milk-granules-100-percent-500g,618479,98a0b6f60dd0661450bd9f6745fadf43870f24dd59a10748dcac733781b49720,2026-09-10T13:39:35Z,doh
https://www.jbmetro.com.au/1l-devondale-full-cream-milk-4848.html,405,https://www.jbmetro.com.au/1l-devondale-full-cream-milk-4848.html,426,a7252ba075d574a167764ddaf16071bc18e9724d83cf0da3a210bda52ccda78b,2026-09-10T13:39:35Z,doh
https://www.jd.com/brand/13200805b243170dfdc9.html,200,https://www.jd.com/brand/13200805b243170dfdc9.html,43751,34de2af08dfcd2d4c19b0f8f25835cb46422d64922ce8af6ea4a2f1fc27c5ac5,2026-09-10T13:39:35Z,doh
https://www.jd.com/hprm/1320012e02e891835fb6.html,200,https://www.jd.com/hprm/1320012e02e891835fb6.html,223851,5e164389fcc7f1e7556ca1be83dac2e10bb6e7bd3ecbad5be94130a2eacc4bb9,2026-09-10T13:39:35Z,doh
https://www.juhayna.com/brands-category/juhayna-dairy/;,200,https://www.juhayna.com/brands-category/juhayna-dairy/,96299,9894d553716f758a88849aa27ab9d3b6b5148c031148aa5d3272780dfddb0ba1,2026-09-10T13:39:35Z,doh
https://www.jumbo.com.ar/api/catalog_system/pub/products/search?fq=alternateIds_Ean:7790742141309,200,https://www.jumbo.com.ar/api/catalog_system/pub/products/search?fq=alternateIds_Ean:7790742141309,30901,89dfa0c34c1345224af1e5f3d3e39774f19f191dc3fb3d8684e19eee87440bbe,2026-09-10T13:39:36Z,doh
https://www.jumbo.com.ar/api/catalog_system/pub/products/search?fq=alternateIds_RefId:11240102004,200,https://www.jumbo.com.ar/api/catalog_system/pub/products/search?fq=alternateIds_RefId:11240102004,28945,c53094f665d911c7fcf6fab9c9f83fbd447673a44b1fe1beeb022d38c0dea828,2026-09-10T13:39:36Z,doh
https://www.jumbo.com.ar/crema-uat-la-serenisima-batir-200ml/p,200,https://www.jumbo.com.ar/crema-uat-la-serenisima-batir-200ml/p,2387121,e4a847e6bd0f861e7d7796d847ab7125b48c7397153f287d926e78b9d8354862,2026-09-10T13:39:36Z,doh
https://www.jumbo.com.ar/leche-en-polvo-descremada-la-serenisima-400-gr/p,200,https://www.jumbo.com.ar/leche-en-polvo-descremada-la-serenisima-400-gr/p,2382017,da303255ab6a766c30f567ce95f5d60ede2ac5d6a727d93ec36e231dbed3af7b,2026-09-10T13:39:36Z,doh
https://www.jurastore.at/produkt/wild-thing-magermilchpulver,200,https://www.jurastore.at/produkt/wild-thing-magermilchpulver,32057,7d3cffb16b10ddf363069456dc6b0b34eb1278041e0c1cc411144834feb532d0,2026-09-10T13:39:36Z,doh
https://www.k-ruoka.fi/kauppa/tuote/valio-taysmaito-suomal-maitotil-1l-6408430000135,403,https://www.k-ruoka.fi/kauppa/tuote/valio-taysmaito-suomal-maitotil-1l-6408430000135,84530,cd1a6de59aaa6b3c0976f7c134f9444c10bbd546b1607fab5fd6788f01b61948,2026-09-10T13:39:37Z,doh
https://www.kadac.com.au/browser/product.php?sku=6178,200,https://www.kadac.com.au/browser/product.php?sku=6178,23975,0f340d7ced36d256cd8b0cf2c117bee7caf407bd9226049bd1fa9b4a9d82feb9,2026-09-10T13:39:37Z,doh
https://www.kaffee-welt24.de/wild-thing-100-agglomeriertes-magermilchpulver-500g,200,https://www.kaffee-welt24.de/wild-thing-100-agglomeriertes-magermilchpulver-500g,119095,29716d4e9318cfc5a941123a51c1d9c39da156e58643e10bd608f39abb92df22,2026-09-10T13:39:37Z,doh
https://www.katokagaku.co.jp/products/product-list.html,200,https://www.katokagaku.co.jp/products/product-list.html,17912,fd9f1f4ec1642e7e97a60901162517e3c87e01a8118f4b6c3f7e4b57823e155c,2026-09-10T13:39:37Z,doh
https://www.kaupmees.ee/products/?query=6408430840625,200,https://www.kaupmees.ee/products/?query=6408430840625,100509,fd8536cb27f6be77821c239dd387e18c5070a56bab730d491c1ef53b133cec09,2026-09-10T13:39:37Z,doh
https://www.kentfoodsdirect.co.uk/products/dextrose-monohydrate-m200-25kg,200,https://www.kentfoodsdirect.co.uk/products/dextrose-monohydrate-m200-25kg,428496,fb772c45531d8e028e5f171b7fdc2eb072e428a7cdc66026fba735b8e540132a,2026-09-10T13:39:38Z,doh
https://www.kfi.co.il/product/%D7%90%D7%91%D7%A7%D7%AA-%D7%97%D7%9C%D7%91-%D7%A8%D7%96%D7%94/,200,https://www.kfi.co.il/product/%D7%90%D7%91%D7%A7%D7%AA-%D7%97%D7%9C%D7%91-%D7%A8%D7%96%D7%94/,217489,60bd48c6d2962da4467077e9c6a2399977e9020eb7b0e714a128e4f6aef600bc,2026-09-10T13:39:38Z,doh
https://www.kilmecor.com.uy/contacto/,200,https://www.kilmecor.com.uy/contacto/,30320,d32b13af628b0a7e3f64f188844c89c8e2a60e1d9ef87b016b5e331912c76434,2026-09-10T13:39:38Z,doh
https://www.kilmecor.com.uy/productos/,200,https://www.kilmecor.com.uy/productos/,33340,aa53e596c1648a85a243eed40f897761dcea3f0d53f5cfc953f82338d3a75a2a,2026-09-10T13:39:39Z,doh
https://www.konzum.hr/web/products/alpsko-trajno-mlijeko-3-5-m-m-1-l,200,https://www.konzum.hr/web/products/alpsko-trajno-mlijeko-3-5-m-m-1-l,215928,6f2dfb2d002554186aecfe1b0a87964ac4334da023d7811d2e9596bb64baf582,2026-09-10T13:39:39Z,doh
https://www.konzum.hr/web/products/brzo-fino-vrhnje-za-slag-500-g,200,https://www.konzum.hr/web/products/brzo-fino-vrhnje-za-slag-500-g,221637,0b0856b64649626d51bb4c184e187836093f0ce187216dffb6d83a7dc0ef2d9d,2026-09-10T13:39:39Z,doh
https://www.kurly.com/goods/5006054,200,https://www.kurly.com/goods/5006054,130205,b3f9460bc20f6768de4c4bb6606ec2aad659f5321461ca57e0480019c80c39cd,2026-09-10T13:39:40Z,doh
https://www.l-m.si/en/produkti/alpsko-mleko-with-35-milk-fat/,200,https://www.l-m.si/en/produkti/alpsko-mleko-with-35-milk-fat/,45913,5117fa28704feef05127464e9bf9998d86b8632218fc1e6634f537957eb6b9d0,2026-09-10T13:39:40Z,doh
https://www.laiterie-legall.fr/fr/creme-fleurette-entiere-30-mg-25cl/,200,https://www.laiterie-legall.fr/fr/creme-fleurette-entiere-30-mg-25cl/,100242,5f0ee8a332281f32a731100abfc1447719129ed70d32dd3d06b22cd42e779c82,2026-09-10T13:39:40Z,doh
https://www.lamonjaras.com/index.php?product_id=103&view=producto,200,https://www.lamonjaras.com/index.php?product_id=103&view=producto,80114,eae17015c1ae7d622938e2260475336e685a1f5784bfabe1e90ac36bd8f8b83b,2026-09-10T13:39:41Z,doh
https://www.laserenisima.com.ar/ajax/getinfo.php?seccion=getProductos&categoria=X&subcat=2,200,https://www.laserenisima.com.ar/ajax/getinfo.php?seccion=getProductos&categoria=X&subcat=2,4912,84e107ff041bf9b1fa527773d6bab8f4b1c041ff6d4561af99bf0210d8d37031,2026-09-10T13:39:41Z,doh
https://www.laserenisima.com.ar/leches3210/,200,https://www.laserenisima.com.ar/leches3210/,17417,8fd273e15c307bfdf41b7befbdc977245db5d87d58c58f44cfb096f0285d9049,2026-09-10T13:39:42Z,doh
https://www.laserenisima.com.ar/productos.php,200,https://www.laserenisima.com.ar/productos.php,92641,e4d546c8b32b28df1db122fa345755a79a67c2c66afc5b264d113fa0af7cdaf1,2026-09-10T13:39:42Z,doh
https://www.leef.nl/mattisson-magere-melkpoeder-bio-930680,200,https://www.leef.nl/mattisson-magere-melkpoeder-bio-930680,235583,bd4b2db61f7984344ae0a33c36b059dad1688d91ddbcf67a45558fe87bfb7dcf,2026-09-10T13:39:42Z,doh
https://www.liana.sk/tovar-5111-mlieko-susene-odtucnene-sabi-400g,200,https://www.liana.sk/tovar-5111-mlieko-susene-odtucnene-sabi-400g,118574,64bf8e926343d0bef6ca38f1ce105bbc90333f32ab04e24707ab979d7d5e5519,2026-09-10T13:39:42Z,doh
https://www.likemta.com/food-ingredient/sweeteners/dextrose-monohydrate/,200,https://www.likemta.com/food-ingredient/sweeteners/dextrose-monohydrate/,550442,2d11d368313439b603d46e76a3eb414511d6f4b72db8ff33cacbab967534a192,2026-09-10T13:39:42Z,doh
https://www.lipsker.net/specials?catalogProduct=1318,403,https://www.lipsker.net/specials?catalogProduct=1318,5825,67a5bd759572813595c60e286fb10dd714e5d630d3638b312c72fc8ba044710f,2026-09-10T13:39:43Z,doh
https://www.lojafamilynes.com.br/molico-desnatado-lata-280g,403,https://www.lojafamilynes.com.br/molico-desnatado-lata-280g,35326,948f3bd44c47a639ba6990527e18403fcec9eecc7f162388ffa10304e706bf94,2026-09-10T13:39:43Z,doh
https://www.lojasantoantonio.com.br/69883-creme-de-leite-gourmet-30--gordura-200ml-piracanjuba/p,200,https://www.lojasantoantonio.com.br/69883-creme-de-leite-gourmet-30--gordura-200ml-piracanjuba/p,358558,e5bd63c55a9df6e48d3c370fb3962f6375bff240a368a29a9b21dec0ee27d5c3,2026-09-10T13:39:43Z,doh
https://www.lottemart.vn/en-dni/product/sua-tuoi-tiet-trung-nguyen-kem-president-3-5-beo-1l-8410285127347-p236999,200,https://www.lottemart.vn/en-dni/disabled-product/sua-tuoi-tiet-trung-nguyen-kem-president-3-5-beo-1l-8410285127347-p236999,20796,8248cb6c2276165a1c78eff12b88ecd3842d48b8af92b877987d0614518f0cd3,2026-09-10T13:39:44Z,doh
https://www.lsh-indonesia.com/product/dextrose-monohydrate/,200,https://www.lsh-indonesia.com/product/dextrose-monohydrate/,96578,483e635059170e7594e019440e6ba00651f6a5e2ea5be954a1f7533835ed2fcc,2026-09-10T13:39:44Z,doh
https://www.luxlait.lu/de/produkt/uht-schlagsahne/pro,200,https://www.luxlait.lu/de/produkt/uht-schlagsahne/pro,68344,7f57af3db44d9505fbe8bcd306f37b436d2f8b7206d1fb73b5c16ebff3d152c3,2026-09-10T13:39:44Z,doh
https://www.luxlait.lu/en/product/uht-milk/pro,200,https://www.luxlait.lu/en/product/uht-milk/pro,71655,79c22735485185f5ba19a1510339c14e6b7090900bf3a442bf4571767305dbc0,2026-09-10T13:39:44Z,doh
https://www.lyreco.no/objectstore/170806_MAT_NO.pdf,200,https://www.lyreco.no/objectstore/170806_MAT_NO.pdf,121353,2726100c1a9514d6ba7020e3586d8661ca4a05339db3c9a0b55e997ef3230f5a,2026-09-10T13:39:44Z,doh
https://www.madeta.cz/en/produkty/cream-uht-31-250ml,200,https://www.madeta.cz/en/produkty/cream-uht-31-250ml,49641,7aa09e8f28a53819fd4749105285393f9037713854481d03554fc826fddb0462,2026-09-10T13:39:45Z,doh
https://www.madeta.cz/en/produkty/milk-uht-3-5-1l,200,https://www.madeta.cz/en/produkty/milk-uht-3-5-1l,49350,8292b2bc627f93a9d85b66c641571d8207ae56ea344e52bb82490051db29e7a7,2026-09-10T13:39:45Z,doh
https://www.madeta.cz/produkty/jihoceska-smetana-trvanliva-31-250_ml,200,https://www.madeta.cz/produkty/jihoceska-smetana-trvanliva-31-250_ml,122634,4cc31cbb2901938450c344bc1a8234423045f8adc7190bd68f2a10f07cd08cfd,2026-09-10T13:39:45Z,doh
https://www.maeil.com/;,200,https://www.maeil.com/;,195979,aa879cfe458527d2dfee950c8f9a4748091050aa22d2e0853bd9343c79dc0b8e,2026-09-10T13:39:46Z,doh
https://www.maridav.com/hnh-product-description.php?p_id=67&prod_class=Pharmaceuticals,200,https://www.maridav.com/hnh-product-description.php?p_id=67&prod_class=Pharmaceuticals,31185,4f561e6c2f4609dc0f6a3c6857db263f70c4935a2028f8f2cdcaead2fcb292ef,2026-09-10T13:39:46Z,doh
https://www.martinservera.se/produkter/633057/torrmjolk-fettfri-480g,200,https://www.martinservera.se/produkter/633057/torrmjolk-fettfri-480g,220417,1b0473e4e3d764449e43938998ad20954a4a5f2e392c5eac79e7e25b5d3e169b,2026-09-10T13:39:46Z,doh
https://www.mastermarketapp.com/products/8751,200,https://www.mastermarketapp.com/products/8751,34957,3e1c35287c3c9362b19df4e1217268bdff63ac0df26a3f551a2e8fff8fcaaa52,2026-09-10T13:39:46Z,doh
https://www.masxmenos.cr/leche-dos-pinos-en-polvo-descremada-800-g-7/p,200,https://www.masxmenos.cr/leche-dos-pinos-en-polvo-descremada-800-g-7/p,960484,88a414a81789bc80abc30e4409715204ea7ee1a92ef325fd47e5afc00ec0d83a,2026-09-10T13:39:46Z,doh
https://www.masxmenos.cr/leche-dos-pinos-entera-uht-3-grasa-1000ml-4/p;,404,https://www.masxmenos.cr/leche-dos-pinos-entera-uht-3-grasa-1000ml-4/p;,758130,2f5f912266daca4fb832e8b794a17790488100484d88de9b5827fe7538e49023,2026-09-10T13:39:46Z,doh
https://www.mathem.se/se/products/10879-semper-mjolkpulver-fettfri/,200,https://www.mathem.se/se/products/10879-semper-mjolkpulver-fettfri/,450610,e3da82059283d1c7c329f70f3beea3da8e7ecdc24e6d139df7821475a3c6ef6d,2026-09-10T13:39:46Z,doh
https://www.mattisson.nl/biologische-magere-melkpoeder,200,https://www.mattisson.nl/biologische-magere-melkpoeder,794584,327c00a8de050dc5a88c259dc97f380dc0695c8c4c86c69f25e0c0a30bcfe9e7,2026-09-10T13:39:47Z,doh
https://www.mazoondairy.om/product/uht-full-fat-milk/,000,https://www.mazoondairy.om/product/uht-full-fat-milk/,0,,2026-09-10T13:39:48Z,system
https://www.meatup.shop/products/cream-whipping,200,https://www.meatup.shop/products/cream-whipping,92812,352f31b1dc9c32d8fb69d7e3caac331001d46509204b21ff8cd29e33448f692e,2026-09-10T13:39:48Z,doh
https://www.meatup.shop/products/emborg-full-cream-milk-1l,200,https://www.meatup.shop/products/emborg-full-cream-milk-1l,92885,810d46aea51d930058f9eb72c7eaff1b591b35085874c56e86862be50b054dff,2026-09-10T13:39:48Z,doh
https://www.med24.dk/mad-og-drikke/madvarer/sukker-sirup-honning-mm/druesukker/urtegaarden-druesukker-500-g,200,https://www.med24.dk/mad-og-drikke/madvarer/sukker-sirup-honning-mm/druesukker/urtegaarden-druesukker-500-g,204048,e2ad1b1c973cc89a4f6f7081e359dfdba326c334b23d43fa261fac47f3a96f0f,2026-09-10T13:39:48Z,doh
https://www.med24.no/matvarer/soetstoff/druesukker/urtegaarden-druesukker-500-g,200,https://www.med24.no/matvarer/soetstoff/druesukker/urtegaarden-druesukker-500-g,190397,763c1a65951817b256b601a462556c13190851b5a167396d1b8236c5f1fc3744,2026-09-10T13:39:49Z,doh
https://www.med24.se/matvaror/socker-sirap-honung/druvsocker/urtegaarden-druvsocker-500-g,200,https://www.med24.se/matvaror/socker-sirap-honung/druvsocker/urtegaarden-druvsocker-500-g,191527,84ca508961e4aeac3ecec5aba55f18cfaf95a391e03917c9e925cbaa5c19819e,2026-09-10T13:39:49Z,doh
https://www.mega-image.ro/Lactate-si-oua/Lapte-proaspat/Lapte-proaspat-integral/Lapte-3-5-grasime-1L/p/63299,200,https://www.mega-image.ro/Lactate-si-oua/Lapte-proaspat/Lapte-proaspat-integral/Lapte-3-5-grasime-1L/p/63299,734105,7f2cb11c2317bd45db293321dd269ae9a43e00c2716d86a3e235742862162963,2026-09-10T13:39:49Z,doh
https://www.megasuper.com/p/crema-dulce-dos-pinos-250ml-7441001604508,200,https://www.megasuper.com/p/crema-dulce-dos-pinos-250ml-7441001604508,527470,e8a2ca1be4531bb9425626d18e3733f64d40a206e49ff6bfd69ac37d2838df5d,2026-09-10T13:39:49Z,doh
https://www.megatiendas.co/crema-de-leche-alqueria-semientera-x-400-g-7702177022344/p,200,https://www.megatiendas.co/crema-de-leche-alqueria-semientera-x-400-g-7702177022344/p,1739791,f4dde73cecd717e92910641c9a9700c59bbe5fd59245a2998164359be17c8d46,2026-09-10T13:39:49Z,doh
https://www.meggle.it/i-prodotti/panna/panna-da-montare,200,https://www.meggle.it/i-prodotti/panna/panna-da-montare,71100,f0a7d317780174d945715aa53f773a9bfba924e521fdf11c5c4770a55b997a37,2026-09-10T13:39:49Z,doh
https://www.meilleurduchef.com/en/shop/baking-supplies/ingredients/sugar-sweetener/lfr-dextrose-monohydrate.html,200,https://www.meilleurduchef.com/en/shop/baking-supplies/ingredients/sugar-sweetener/lfr-dextrose-monohydrate.html,327768,0e3c6e9382a6ab93c21d7c01c8bea0ee255a05daf8b0352764cfc327d0125cc4,2026-09-10T13:39:50Z,doh
https://www.meilleurduchef.com/fr/achat/patisserie/ingredients/sucre-edulcorant/lfr-dextrose.html,200,https://www.meilleurduchef.com/fr/achat/patisserie/ingredients/sucre-edulcorant/lfr-dextrose.html,368343,757e66a09a45798dcb9b021fdbd4b98cd4b4cc1c107c2bf04858ec50ff29035e,2026-09-10T13:39:50Z,doh
https://www.melbournefooddepot.com/buy/tara-gum-powder-120g/F05064,403,https://www.melbournefooddepot.com/buy/tara-gum-powder-120g/F05064,5851,08a2e92e0bd51b39d614c95bc7c1d27128e8cc4d12796549b6d9e00e87864050,2026-09-10T13:39:50Z,doh
https://www.mercacentro.com/leche-colanta-en-polvo-descremada-slight-380--g/p,200,https://www.mercacentro.com/leche-colanta-en-polvo-descremada-slight-380--g/p,1413343,5206bed2577ae1fbef4a4222efeeebad0aeef78dff9b857190fb01696b4d841d,2026-09-10T13:39:50Z,doh
https://www.mercaldas.com/api/catalog_system/pub/products/search/crema%20alqueria?_from=0&_to=49,200,https://www.mercaldas.com/api/catalog_system/pub/products/search/crema%20alqueria?_from=0&_to=49,86477,9d14073715111a9ce5b540ca88ce21d87f7543b66547a3893d2ff0d9391867f5,2026-09-10T13:39:51Z,doh
https://www.mercaldas.com/crema-de-leche-alqueria-semientera-x400-g/p,200,https://www.mercaldas.com/crema-de-leche-alqueria-semientera-x400-g/p,826315,ed4936a3518b303bcef354d470488ef7af86d0c71b85bab818313a5215d407e1,2026-09-10T13:39:51Z,doh
https://www.migros.ch/en/product/204111300000,403,https://www.migros.ch/en/product/204111300000,213662,665fcd995ea0bc77b23e3ae63d12f20be4476122c9ba4c148d26595421401de5,2026-09-10T13:39:51Z,doh
https://www.milkagro.sk/sk/produkty/susene-vyrobky/susene-mlieko/susene-mlieko-odtucnene/product/80,200,https://www.milkagro.sk/sk/produkty/susene-vyrobky/susene-mlieko/susene-mlieko-odtucnene/product/80,71357,58c7a0bebbee53c198dc90663e4246127af85812c084aa99f541caaa772e254c,2026-09-10T13:39:51Z,doh
https://www.mitiendacolun.cl/lp-colun-0-800-gr-2020.html,200,https://www.mitiendacolun.cl/lp-colun-0-800-gr-2020.html,138632,21e1040952226c2297184cd63093abdb0b933dd803dccc4ac6bb77a123c9dee7,2026-09-10T13:39:51Z,doh
https://www.mitliv.dk/easis-skummetmaelkspulver-200-g/,200,https://www.mitliv.dk/easis-skummetmaelkspulver-200-g/,233099,85938abdf57a16169f2c1cec1975dcce5493e76c9fbce39b15637abe6518f0fe,2026-09-10T13:39:52Z,doh
https://www.ms.is/vorur/vara/nymjolk-1-l,200,https://www.ms.is/vorur/vara/nymjolk-1-l,102466,cf04d4d576b8c3abaaea9f416faf7e11c5c5da16a61acf11a2ee609c6d8da2ed,2026-09-10T13:39:52Z,doh
https://www.ms.is/vorur/vara/rjomi-500-ml,200,https://www.ms.is/vorur/vara/rjomi-500-ml,101994,c93b9112b9440c1a71d058c03eff670c556e20b6b8cfc713967420437fe71205,2026-09-10T13:39:52Z,doh
https://www.ms.is/vorur/vara/undanrennuduft-uda-idn-25-kg,200,https://www.ms.is/vorur/vara/undanrennuduft-uda-idn-25-kg,101648,7d772834b52770b9dc64cfc641626089108eef064b255a5157d4f0dad019c752,2026-09-10T13:39:53Z,doh
https://www.multitrade.ma/nos-produits/,200,https://www.multitrade.ma/nos-produits/,59069,7f7517aba287728ffa689db5bb7555c9fc3e59fa035aae28a38e46c8ad7cae84,2026-09-10T13:39:53Z,doh
https://www.multitrade.ma/wp-content/uploads/2019/07/FT-DEXTROSE-MONOHYDRATE-MULTITRADE.pdf,200,https://www.multitrade.ma/wp-content/uploads/2019/07/FT-DEXTROSE-MONOHYDRATE-MULTITRADE.pdf,111449,918fff0b4bb4929d23460b4bc6438f79f934cf96d424a44809be543ef6dfb1cd,2026-09-10T13:39:53Z,doh
https://www.mymarket.co.il/?catalogProduct=1318,403,https://www.mymarket.co.il/?catalogProduct=1318,5804,6d46c187cbb3d96c97ba7aba1483d754b90e4658f505d8b561f5cec95e4360a9,2026-09-10T13:39:53Z,doh
https://www.nanamall.com/products/devondale-instant-skim-milk-powder-1kg,200,https://www.nanamall.com/products/devondale-instant-skim-milk-powder-1kg,399979,f79bb4fd0dc0483369d6c8e264f78f5f5f048711cc9bbb71f6a27b33f8e2baa5,2026-09-10T13:39:54Z,doh
https://www.natrel.ca/en/products/fine-filtered-milk/fine-filtered-325-milk,200,https://www.natrel.ca/en/products/fine-filtered-milk/fine-filtered-325-milk,68050,63fda281fd9cdca82d59d3e0a4759ab3c7f23424b5a7cd8232e56d02fcb7ebea,2026-09-10T13:39:54Z,doh
https://www.naturalspices.nl/dextrose,200,https://www.naturalspices.nl/dextrose,614189,f2f9d03c43a617b722b85d27b8e2993a64a9bbbca26840c4c27ee36e05161015,2026-09-10T13:39:54Z,doh
https://www.nestle.pk/brands/dairy/nestle-milkpak,403,https://www.nestle.pk/brands/dairy/nestle-milkpak,40902,46afc0c855f1dd435e3f98b81efb65b42fb91c5e60efffa3c7403b2914adf322,2026-09-10T13:39:55Z,doh
https://www.nestleprofessional.nl/nestle-cacao-en-melkproducten/nestle-skimmed-milk-powder,200,https://www.nestleprofessional.nl/nestle-cacao-en-melkproducten/nestle-skimmed-milk-powder,146452,8228bc216dba852f2d423176daa3178b54923d41f8b9c8d0b4ca1b53d3924972,2026-09-10T13:39:55Z,doh
https://www.neytandinn.is/i/sku/uid-f7c0fcf6-7aa8-492f-b33d-5ccad49e5268,200,https://www.neytandinn.is/i/sku/uid-f7c0fcf6-7aa8-492f-b33d-5ccad49e5268,70009,59b820d2d9c7c7eb144553eb43a228d8ed227a765ce0afd61f81c4c3dcd609e3,2026-09-10T13:39:55Z,doh
https://www.njk.co.nz/mknz034.html,202,https://www.njk.co.nz/mknz034.html,1984,bb6a796100a8566151392b0fb6c9958cc44d6108b922766af32220b54ad34851,2026-09-10T13:39:55Z,doh
https://www.noon.com/qatar-en/organic-milk-full-fat-plain-200ml/N32671173A/p/?o=d5b79a2fa867ab1f,000,https://www.noon.com/qatar-en/organic-milk-full-fat-plain-200ml/N32671173A/p/?o=d5b79a2fa867ab1f,0,,2026-09-10T13:39:55Z,system
https://www.nowfoods.com/products/natural-foods/non-fat-dry-milk-powder-organic,403,https://www.nowfoods.com/products/natural-foods/non-fat-dry-milk-powder-organic,5910,7513c528f4853be98b73e5c8a1934447895016ba0248c9ff28634e0c43a4cdb9,2026-09-10T13:39:55Z,doh
https://www.nutrigood.cl/tara,200,https://www.nutrigood.cl/tara,170918,3dc4ab6566ed5afe1f183b2dc0842436f2f2dbbce652ccc1bff2346501ee09ba,2026-09-10T13:39:55Z,doh
https://www.nzmp.com/global/en/ingredients/powders-concentrates/skim-milk-powder.html,200,https://www.nzmp.com/global/en/ingredients/powders-concentrates/skim-milk-powder.html,208826,d133d2b38193022aad3fb1bbd39173134cf9cceccfa01dba881c4aa4c609db04,2026-09-10T13:39:56Z,doh
https://www.odaios-foods.com/tara-gum-140753,403,https://www.odaios-foods.com/tara-gum-140753,5733,f69b2acc81b1315f1b39fa6ced0a04a30d2c935d6d9caba2eed66c33a27e5c42,2026-09-10T13:39:56Z,doh
https://www.office4u.sk/mlieka-a-smotany/19321-trvanlive-mlieko-rajo-plnotucne-35-1--8585002510037.html,200,https://www.office4u.sk/mlieka-a-smotany/19321-trvanlive-mlieko-rajo-plnotucne-35-1--8585002510037.html,198710,d17a8c4d6f269b0d88533c25accc7809379ccceff36427a006960446de74d2f5,2026-09-10T13:39:56Z,doh
https://www.ohmywellness.co.nz/shop/product/839024/lotus-glucose-powder-dextrose-500g/,200,https://www.ohmywellness.co.nz/shop/product/839024/lotus-glucose-powder-dextrose-500g/,50526,a9a186503760c7903d9c27b95ea95f402d55e98144c559270a6f4fb9277e36c2,2026-09-10T13:39:56Z,doh
https://www.oldenburger-professional.com/media/13/8d/af/1696234639/OLB%20Assortmentlist%202023_2024_combined.pdf,200,https://www.oldenburger-professional.com/media/13/8d/af/1696234639/OLB%20Assortmentlist%202023_2024_combined.pdf,10348022,6a26771c16329e69f8636892408da67abf75e7feb4347628fb113ac8f29da692,2026-09-10T13:39:56Z,doh
https://www.online.bmsupermercados.es/es/p/leche-en-polvo-400-g/6029,200,https://www.online.bmsupermercados.es/es/p/leche-en-polvo-400-g/6029,59869,0e8d9f14e18f8d7c8ab26447e012ddbe09fd39019edebc072831a5a2a4f72bca,2026-09-10T13:39:57Z,doh
https://www.orestofoodpartners.be/fr/lait-entier-inex-bouteille-en-plastique-1l/p17479?c=130,200,https://www.orestofoodpartners.be/fr/lait-entier-inex-bouteille-en-plastique-1l/p17479?c=130,46997,bc52d86b7fd10625c5bfcd0eb67ad58ef8847e6cac76e800aab6e16b3b69671f,2026-09-10T13:39:57Z,doh
https://www.papir-bolt.hu/Tej-MIZO-35-1L,200,https://www.papir-bolt.hu/Tej-MIZO-35-1L,576936,df6b8cd50e9a2a9c40ca114bfd34030d7b3493f3bf82a79aa2e74346d1f3ce1d,2026-09-10T13:39:57Z,doh
https://www.parisnodaidoko.com/view/item/000000000258,200,https://www.parisnodaidoko.com/view/item/000000000258,68866,2f9adf607187196235575e13f1104071911ab22372d3b0afc87505249ec0b302,2026-09-10T13:39:57Z,doh
https://www.pastry.cz/susene-mleko-odtucnene-2kg/,200,https://www.pastry.cz/susene-mleko-odtucnene-2kg/,258690,0d89f33e9357ced906fc4a73861aea06ffdf85c99a68cc0b69eb4a7209e54b22,2026-09-10T13:39:58Z,doh
https://www.pcx.hu/tutti-sovany-tejpor-porlasztva-szaritott-90g-200228,403,https://www.pcx.hu/tutti-sovany-tejpor-porlasztva-szaritott-90g-200228,4539,3d59f16ab06496d810af6cfae416d40ab55753c9820be52f8155d7c85c72faf9,2026-09-10T13:39:58Z,doh
https://www.peakmilk.com.ng/assortment/ready-to-drink/peak-uht-milk-full-cream/;,200,https://www.peakmilk.com.ng/assortment/ready-to-drink/peak-uht-milk-full-cream/,58564,6a4375d011b6f1bfff97e27a3310e41d2176053ae95857d9e279258aebde8231,2026-09-10T13:39:58Z,doh
https://www.piracanjuba.com.br/produto/creme-de-leite-gourmet-piracanjuba-200g,200,https://www.piracanjuba.com.br/produto/creme-de-leite-gourmet-piracanjuba-200g,377525,63aa8246ea98c1e1895ca27095f965000f2246a65fdb09c32046cf00e19e96fa,2026-09-10T13:39:58Z,doh
https://www.piracanjuba.com.br/produto/leite-integral-piracanjuba-1l,200,https://www.piracanjuba.com.br/produto/leite-integral-piracanjuba-1l,588234,b85518360f0ab500db5991b1969dd4096aa7a5f63b170a64d5fdfd7b9cffc329,2026-09-10T13:39:59Z,doh
https://www.polskisklep.de/pl/Mlekovita-mleko-w-proszku-250g/33196,200,https://www.polskisklep.de/pl/Mlekovita-mleko-w-proszku-250g/33196,353956,1f7c4b449e9cdd9c1c638c3d70563dec3d81ff1be41c566969d1f301efa6c6a2,2026-09-10T13:39:59Z,doh
https://www.pomurske-mlekarne.si/posneto-mleko-v-prahu/,200,https://www.pomurske-mlekarne.si/posneto-mleko-v-prahu/,760863,1bb503ccefef2af533ebd89c52c36598a1a3a07f5da3c8f8933247c19d0d5537,2026-09-10T13:39:59Z,doh
https://www.priceritemarketplace.com/sm/planning/rsid/377/product/organic-valley-whole-milk-half-gallon-id-00093966513004,403,https://www.priceritemarketplace.com/sm/planning/rsid/377/product/organic-valley-whole-milk-half-gallon-id-00093966513004,4918,47edcfa57ef25a1fd5a1f092497364912f6d08c05d1edec730e6f86a2ed0c520,2026-09-10T13:39:59Z,doh
https://www.primadonaonline.co.il/categories/79722/products?catalogProduct=1318,403,https://www.primadonaonline.co.il/categories/79722/products?catalogProduct=1318,5929,2eb6e85f80f2f82fb44a3ca475011b4d8e8f95510999ef34ac59cc53175a1ad4,2026-09-10T13:40:00Z,doh
https://www.printera.lt/c/p/pienas-mu-3-5-riebumo-1-l--246813,200,https://www.printera.lt/c/p/pienas-mu-3-5-riebumo-1-l--246813,484565,42d5fb9bde57d349019bd5234d1d98660026aee0b73721fd8c0f7600e863e555,2026-09-10T13:40:01Z,doh
https://www.profoods.co.jp/i/1030562,200,https://www.profoods.co.jp/i/1030562,81498,ec947f7da79d91caaa9e6961db3285796e0e95e5e701bf5c75721c27de4ab490,2026-09-10T13:40:01Z,doh
https://www.puckarabia.com/en/products/whipping-cream/,200,https://www.puckarabia.com/en/products/whipping-cream/,111783,9366f271c1db8ba75fab91dd91ce29b51581bef96c636925abb0e30b1cfc2a2f,2026-09-10T13:40:02Z,doh
https://www.purechem.com.ph/shop/bakery/dextrose-monohydrate,200,https://www.purechem.com.ph/shop/bakery/dextrose-monohydrate,96534,9136d20ea726dce863a8d5199a4f97e957b5fc22b48ebbc14d1877cff2bc022b,2026-09-10T13:40:02Z,doh
https://www.quimicapalumbo.com.ar/productos/goma-tara-grado-alimenticio-calidad-premium/,200,https://www.quimicapalumbo.com.ar/productos/goma-tara-grado-alimenticio-calidad-premium/,726869,c30a97259c91c1d425a51918250878bb4b7e3de2099c7b53f6d7b8776eaebdc3,2026-09-10T13:40:02Z,doh
https://www.rakuten.com.tw/shop/yumaowu/product/42014700/,000,https://www.rakuten.com.tw/shop/yumaowu/product/42014700/,0,,2026-09-10T13:40:02Z,system
https://www.reflexke.sk/produktDetail.cfm?id=PT421008,200,https://www.reflexke.sk/produktDetail.cfm?id=PT421008,16414,e97c6a7c00fe84f186dc2005002bf677b280697d2c8d54e69d7b2f7b82b35186,2026-09-10T13:40:02Z,doh
https://www.rewe.de/shop/p/saliter-magermilchpulver-250g/9336729,403,https://www.rewe.de/shop/p/saliter-magermilchpulver-250g/9336729,252059,85e86a08f131ce2c535179193113b131fd3031ec905d736584470877bee32ae6,2026-09-10T13:40:02Z,doh
https://www.riboscuola.it/allegati/2024/1/st_95088_10122447-latte_6108.pdf,200,https://www.riboscuola.it/allegati/2024/1/st_95088_10122447-latte_6108.pdf,174720,743396fca49e3acfe7e4f84ab35f9d3c9de290434df2595c1155f5682e869733,2026-09-10T13:40:03Z,doh
https://www.rimi.ee/epood/en/products/dairy-products-eggs-cheese/milk/high-pasteurized-milk/piim-cappuccino-tere-3-5-1l/p/286625,200,https://www.rimi.ee/epood/en/products/dairy-products-eggs-cheese/milk/high-pasteurized-milk/piim-cappuccino-tere-3-5-1l/p/286625,151513,2210cc9f7e937748469396393c87b238e00b5ab46261149f462249eddaab22ab,2026-09-10T13:40:03Z,doh
https://www.rimi.lt/e-parduotuve/en/products/dairy-products-and-eggs/milk/uht-milk/pienas-mu-uat-3-5-rieb-1-l/p/249003,200,https://www.rimi.lt/e-parduotuve/en/products/dairy-products-and-eggs/milk/uht-milk/pienas-mu-uat-3-5-rieb-1-l/p/249003,137322,2ff643daacf5daab90d0e92021cf1ef855f547eb1b83bfc3f5a89331924f1c67,2026-09-10T13:40:04Z,doh
https://www.rimi.lt/e-parduotuve/en/products/dairy-products-and-eggs/sour-and-sweet-cream-/cream/grietinele-meadow-star-uat-30-500-ml/p/4004128,200,https://www.rimi.lt/e-parduotuve/en/products/dairy-products-and-eggs/sour-and-sweet-cream-/cream/grietinele-meadow-star-uat-30-500-ml/p/4004128,137836,046b199cef9280ee891f3d386584cf86639d59fbc336e67d281a9457279a392e,2026-09-10T13:40:04Z,doh
https://www.rimi.lv/e-veikals/en/products/dairy-and-eggs/cream/whipping-cream/saldais-krejums-meadow-star-uht-30-500ml/p/4004128,200,https://www.rimi.lv/e-veikals/en/products/dairy-and-eggs/cream/whipping-cream/saldais-krejums-meadow-star-uht-30-500ml/p/4004128,143005,c75f3e754a0c597c68bb4f05640f36f97c2f89accde10a992d24f7f11a97f84c,2026-09-10T13:40:04Z,doh
https://www.s-kaupat.fi/tuote/arla-lempi-kuohukerma-luomu-2-dl/6413300015225,429,https://www.s-kaupat.fi/tuote/arla-lempi-kuohukerma-luomu-2-dl/6413300015225,32178,65dae8eea5f17debdf8e17a7ca5508e2a5f4172f181067203c3031be56b00926,2026-09-10T13:40:05Z,doh
https://www.s-kaupat.fi/tuote/valio-rasvaton-maitojauhe-instant-400-g/6408430840625,429,https://www.s-kaupat.fi/tuote/valio-rasvaton-maitojauhe-instant-400-g/6408430840625,32179,25ed12d300a94804985988daf15a0a667637ce0c15107481719b0d413ee9b4b7,2026-09-10T13:40:05Z,doh
https://www.sanoalimentos.cl/productos/dextrosa-monohidratada---1-kg,200,https://www.sanoalimentos.cl/productos/dextrosa-monohidratada---1-kg,56210,eb980f80583fdeed4f865c4369eda6ec96313498098908f29e0d4cd2f41a3c1c,2026-09-10T13:40:05Z,doh
https://www.santaisabel.cl/leche-en-polvo-descremada-800-g-1843821/p,200,https://www.santaisabel.cl/leche-en-polvo-descremada-800-g-1843821/p,100004,a6f8792ff6b6a8e29acbbdde1eb055b9caec0fda9e03b707d7e627e6f3325fd7,2026-09-10T13:40:06Z,system
https://www.sariyermarket.com/sutas-krema-200-gr,200,https://www.sariyermarket.com/sutas-krema-200-gr,116120,6908560cb15f065dbd4245dfe0c69323fe55ec30a5ead0add37700aa8736a799,2026-09-10T13:40:06Z,doh
https://www.sartorvet.com/sodmaelk-uht1-10-x-lt.html,200,https://www.sartorvet.com/sodmaelk-uht1-10-x-lt.html,313527,72db8ada83a1d63407b16722805bafcfd37516e29772e1616a94f5f54bbec400,2026-09-10T13:40:06Z,doh
https://www.saveonfoods.com/product/dairyland-33-whipping-cream-id-00068700100451,403,https://www.saveonfoods.com/product/dairyland-33-whipping-cream-id-00068700100451,5847,fb18299ab6f02c6591673392c1e67ecd3f08e622a4660534ae553a13feeb1a6a,2026-09-10T13:40:06Z,doh
https://www.sese.tw/product.php?pid_for_show=7262,200,https://www.sese.tw/product.php?pid_for_show=7262,620265,4be3a4d65d46b57a27ef6e355e81fd1c53ecf8c0c28a951cb68342e965d68dd8,2026-09-10T13:40:06Z,doh
https://www.sharjahcoop.ae/en/al-rawabi-fresh-milk-full-cream-1-l/p/6291030200032,200,https://www.sharjahcoop.ae/en/al-rawabi-fresh-milk-full-cream-1-l/p/6291030200032,969488,1afec3b14babcc36c7a522a5340fafcbd7fcab3787d5f232330a88a5b57bba32,2026-09-10T13:40:07Z,doh
https://www.sharjahcoop.ae/en/puck-whipping-cream-200ml/p/5700426230177,200,https://www.sharjahcoop.ae/en/puck-whipping-cream-200ml/p/5700426230177,939442,e3bf674f9698b9375e8350ef2d789fb0d571414d5ac29cb7c80dc4b4981fe7de,2026-09-10T13:40:07Z,doh
https://www.shop-apotheke.at/ernaehrung/upmA3C44Z/buxtrade-tarakernmehl.htm,200,https://www.shop-apotheke.at/ernaehrung/upmA3C44Z/buxtrade-tarakernmehl.htm,511334,28586c91710d1b5a8ee5f5dc5c1c8074da31c7eca279dedc19f0359c08fc0e4c,2026-09-10T13:40:07Z,doh
https://www.shufersal.co.il/online/he/p/P_7290104728310,200,https://www.shufersal.co.il/online/he/p/P_7290104728310,444,91c3caa6cd29b5d53766b5b37538a82332fa40e61c91a1d7cd3f50a87783193b,2026-09-10T13:40:07Z,doh
https://www.shuk-nachalat.co.il/product-details/29072/שמנת_להקצפה_38_יטבתה_250_מ_ל,200,https://www.shuk-nachalat.co.il/product-details/29072/שמנת_להקצפה_38_יטבתה_250_מ_ל,180069,69725534e1d527c328365040cc9b00c42c53de25fe44b696caa5b41e6e4ce9e7,2026-09-10T13:40:08Z,doh
https://www.shwapno.com/emborg-whipping-cream-1ltr-?lang=en,200,https://www.shwapno.com/emborg-whipping-cream-1ltr-?lang=en,811164,882c4f316eb597e0dd2ec24a3f11137784aca1b137628f9952629f2545117961,2026-09-10T13:40:08Z,doh
https://www.sklavenitis.gr/eidi-proinoy-rofimata/galata-fytika-rofimata-makras-diarkeias/galata-se-skoni-enilikon/regilait-gala-se-skoni-250gr-221996/,403,https://www.sklavenitis.gr/eidi-proinoy-rofimata/galata-fytika-rofimata-makras-diarkeias/galata-se-skoni-enilikon/regilait-gala-se-skoni-250gr-221996/,567,fbfcda8505eb6d4f36d2361ca0bf30e72d6648be5d87fec871d85d9da7e6f12f,2026-09-10T13:40:08Z,doh
https://www.sklavenitis.gr/galata-rofimata-chymoi-psygeioy/galata-psygeioy/galata-agelados-ypsilis-pasteriosis/delta-mmmilk-oikogeneiako-gala-upsilis-pasteriosis-plires-35-15lt-015-1488898/,403,https://www.sklavenitis.gr/galata-rofimata-chymoi-psygeioy/galata-psygeioy/galata-agelados-ypsilis-pasteriosis/delta-mmmilk-oikogeneiako-gala-upsilis-pasteriosis-plires-35-15lt-015-1488898/,618,54bc5a9867d59fcc4a28b4d487d5e3bb05ac14c0a1c1e8ebcf4282163b99bd61,2026-09-10T13:40:08Z,doh
https://www.soprole.cl/productos/categorias/subcategorias/producto-detalle/cremas/crema-para-batir-1l,200,https://www.soprole.cl/productos/categorias/subcategorias/producto-detalle/cremas/crema-para-batir-1l,37476,798131c5e036b8e21807bbf4f1171ca8855ebce8036a3d1c676012d31ea791bd,2026-09-10T13:40:08Z,system
https://www.soummam-dz.com/produit.html?f=3&sf=2,200,https://www.soummam-dz.com/produit.html?f=3&sf=2,57465,e0ab1e2bc453ce23e60a2ef1247d8d055466c129a24d11ae4c8f7241a203b7a3,2026-09-10T13:40:09Z,doh
https://www.spar.at/produktwelt/schaerdinger-vollmilch-3-5-p7715600,403,https://www.spar.at/produktwelt/schaerdinger-vollmilch-3-5-p7715600,5884,eb745295a9173eeaae951b7f25bb24ace9b26b7e297cf103335af4ae77b47447,2026-09-10T13:40:09Z,doh
https://www.spesasicura.com/product/ristora-latte-scrempolvere-lattgr300-id-23533,200,https://www.spesasicura.com/product/ristora-latte-scrempolvere-lattgr300-id-23533,49010,20ea91c3467c8021d13a469a6f42072379d28e690079b95f593e7837c5759a46,2026-09-10T13:40:09Z,doh
https://www.sunlac.com.my/page/169/Skim-Milk-Powder/,200,https://www.sunlac.com.my/page/169/Skim-Milk-Powder/,20785,1c1231fa5da72954e5e9559d42eb816dee79c561cc29d9cbb8bd4e91bc4d0dd1,2026-09-10T13:40:09Z,doh
https://www.super99.com/20046072-estrella-azul-d-oro-leche-entera-946ml,200,https://www.super99.com/20046072-estrella-azul-d-oro-leche-entera-946ml,295799,b6cc4ed916858eabc93498988936fd526966e89e6e4960101394f93e46b079dc,2026-09-10T13:40:10Z,doh
https://www.super99.com/20145110-emborg-crema-batir-200ml,200,https://www.super99.com/20145110-emborg-crema-batir-200ml,293610,784f7a06fc3116b8fbd09ebee8740b79f684943648fe2b262a9464670c1ab09b,2026-09-10T13:40:10Z,doh
https://www.super99.com/media/wysiwyg/20046072_6.png,200,https://www.super99.com/media/wysiwyg/20046072_6.png,50985,abe3bf0f8102a209587777d2db0117cca08123f76efbd23ebbd13ac8dafb8b09,2026-09-10T13:40:10Z,doh
https://www.superarias.com/leche-entera-3-5-grasa-dos-pinos-1l-tb/,200,https://www.superarias.com/leche-entera-3-5-grasa-dos-pinos-1l-tb/,39244,baaf468fd81d7dc60d658944dabd7722f79a8eaf52df0eb3639e1fc7da817ec9,2026-09-10T13:40:10Z,doh
https://www.supercompare.co.il/en/product/7290000051352;,200,https://www.supercompare.co.il/en/product/7290000051352;,55112,08333294d3e79fe6d6815f9477706900bb4d259f720d7de23f1b077d9e6ab6ca,2026-09-10T13:40:10Z,doh
https://www.supermarchesmatch.fr/fr/p/1594817/le-gall-creme-fraiche-fleurette-entiere-30-percent-mg,403,https://www.supermarchesmatch.fr/fr/p/1594817/le-gall-creme-fraiche-fleurette-entiere-30-percent-mg,407499,0b7b96d9da59749f6d9e1b5c108a9878f1e25c32c638b2520d1d3a0982544558,2026-09-10T13:40:11Z,doh
https://www.supermarchesmatch.fr/fr/p/1754550/alsace-lait-lait-frais-entier-brique-1l,403,https://www.supermarchesmatch.fr/fr/p/1754550/alsace-lait-lait-frais-entier-brique-1l,407499,4d179af1c48bd97c4f0b79859505ebc97c7cbfe7000f24d275798ea286d55512,2026-09-10T13:40:11Z,doh
https://www.supermarketcy.com.cy/en/charalambides-christis-whipping-cream-500ml,403,https://www.supermarketcy.com.cy/en/charalambides-christis-whipping-cream-500ml,5902,50b8fd4159799aff269efae0149b3bc58cab017ada395c7aba7adeaa7f4a8e67,2026-09-10T13:40:12Z,doh
https://www.supermarketcy.com.cy/en/regilait-300g,403,https://www.supermarketcy.com.cy/en/regilait-300g,5770,c2f766eb9ae3352445d997b4269e624b0c28ef440f4e15d087c43b0604d9e262,2026-09-10T13:40:12Z,doh
https://www.supermart.ng/products/emborg-whipping-cream-200-ml,200,https://www.supermart.ng/products/emborg-whipping-cream-200-ml,293978,5f815978ca5f3796aa28366038ca01c9331faf7c93e1f3be58b6347a13fcc0e6,2026-09-10T13:40:12Z,doh
https://www.supertop.com.ar/leche-la-serenisima-en-polvo-descremada-instantanea-x-400gr-7790742436405/p,200,https://www.supertop.com.ar/leche-la-serenisima-en-polvo-descremada-instantanea-x-400gr-7790742436405/p,1707193,aebf8958f4b1d7e8f0840ec1d6ce1d7e7b7667e4f50c8fa0c3b70985fd156a01,2026-09-10T13:40:12Z,doh
https://www.sutas.com.tr/sutas-krema-200-ml,200,https://www.sutas.com.tr/sutas-krema-200-ml,160582,7fc920168d8001353e7ea401c8d52de448bf74c4b89bf20aede5538a1b8555bd,2026-09-10T13:40:12Z,doh
https://www.sutas.com/sutas-1000-ml-full-fat-milk;,404,https://www.sutas.com/sutas-1000-ml-full-fat-milk;,70840,1bebf63d026a1c390993807f358765f73bbf060660bf4ed0c268552bb495e87b,2026-09-10T13:40:13Z,doh
https://www.swansonvitamins.com/p/bobs-red-mill-nonfat-dry-milk-powder-22-oz-pkg,302,https://www.swansonvitamins.com/p/bobs-red-mill-nonfat-dry-milk-powder-22-oz-pkg,0,,2026-09-10T13:40:13Z,doh
https://www.taibaoline.com/product/soummam-lait-entier-1-litre/,200,https://www.taibaoline.com/product/soummam-lait-entier-1-litre/,402956,055fdd3be174f6e8e279b473aca30ef30cbd9b630b03352153b674e02217c216,2026-09-10T13:40:13Z,doh
https://www.tajimaya-cc.net/products/36120,200,https://www.tajimaya-cc.net/products/36120,301360,429b25ef8b027572594062208d53eeeee3c634d6ae16bd8d163f9ad1d1bb8fc0,2026-09-10T13:40:14Z,doh
https://www.templemanrv.co.uk/nutrition-pdf/9501/,200,https://www.templemanrv.co.uk/nutrition-pdf/9501/,260261,c45e7e8b9fe39829c1c1b3223d509b2a29bbf0e1476e965a2f27c4b7562e59f9,2026-09-10T13:40:14Z,doh
https://www.tere.eu/products/uht/tere-korgkuumutatud-cappuccino-piim;,404,https://www.tere.eu/products/uht/tere-korgkuumutatud-cappuccino-piim;,1893,240d3348cd2b595e1f64219af85787641002a4ee957385089ebc40dd7a949a31,2026-09-10T13:40:14Z,doh
https://www.tesco.ie/shop/en-IE/products/250004694,403,https://www.tesco.ie/shop/en-IE/products/250004694,411,f9118a9b94c337e6f335c4cdd56628217459f75e0c2f29da267803c71cd3e9a7,2026-09-10T13:40:14Z,doh
https://www.thanopoulos.gr/products/galaktokomika-futika-eidh-psugeiou/kremes-galaktos-futikes-santigu/arla-krema-galaktos-makras-diarkeias-35-lipara-200ml-6697746e6b86ff00024c8817/,200,https://www.thanopoulos.gr/products/galaktokomika-futika-eidh-psugeiou/kremes-galaktos-futikes-santigu/arla-krema-galaktos-makras-diarkeias-35-lipara-200ml-6697746e6b86ff00024c8817/,1476280,52200c22b27296ce2d841208a62ec9a76dcc346acb983de064c75bb821ba72c2,2026-09-10T13:40:15Z,doh
https://www.thedistributorscairns.com.au/product/DEVONDALE_FULL_CREAM_1LIT_MILK,200,https://www.thedistributorscairns.com.au/product/DEVONDALE_FULL_CREAM_1LIT_MILK,53686,5658b8e271b0fcbcff0ba3eed94723be0255cd91e17e2bd6d74e0059b10915b1,2026-09-10T13:40:15Z,doh
https://www.thefreshmarketdubai.com/products/arla-organic-milk-full-fat-200ml-5711953072352,200,https://www.thefreshmarketdubai.com/products/arla-organic-milk-full-fat-200ml-5711953072352,353464,f8fd741d53c7a6f65468ffe8eaf05cbb2f8906da93fbe8a78e9562583c738108,2026-09-10T13:40:15Z,doh
https://www.thewarehouse.co.nz/p/anchor-long-life-cream-uht-250ml-x-24-pack/M22880749.html,403,https://www.thewarehouse.co.nz/p/anchor-long-life-cream-uht-250ml-x-24-pack/M22880749.html,6017,22f0806111fb4cfc178e2051640789551d0187d6d29a1796ae84940f1248bc70,2026-09-10T13:40:16Z,doh
https://www.tiendainglesa.com.uy/supermercado/crema-de-leche-la-serenisima-200-ml.producto?1571383,403,https://www.tiendainglesa.com.uy/supermercado/crema-de-leche-la-serenisima-200-ml.producto?1571383,5969,51d9e529cf10c274b46044e32fdca5f965dec729fccb7388745fce9e8fb8794b,2026-09-10T13:40:16Z,doh
https://www.tiendainglesa.com.uy/supermercado/leche-conaprole-descremada-en-polvo-200-gr.producto?5719,403,https://www.tiendainglesa.com.uy/supermercado/leche-conaprole-descremada-en-polvo-200-gr.producto?5719,6003,589ee3eeab6631ebfd37f9ac86798e24ebeea54a27b0767b345f33844f7ef581,2026-09-10T13:40:17Z,doh
https://www.tine.no/merkevarer/tinemelk/produkter/tinemelk-helmelk-3-5-fett;,200,https://www.tine.no/merkevarer/tinemelk/produkter/tinemelk-helmelk-3-5-fett;,125427,74c90a47e5e0cacc11cb0a16bcc82ed36006bf5a4f2173aefa4966b1fe14f13e,2026-09-10T13:40:17Z,doh
https://www.tiportolaspesa.it/negozio/freschissimi/latticini/latte-e-panna-fresca/latte-fresco-intero-granarolo-bio-lt-1-2/,200,https://www.tiportolaspesa.it/negozio/freschissimi/latticini/latte-e-panna-fresca/latte-fresco-intero-granarolo-bio-lt-1-2/,225077,3a35eb6191f9e6a8ab504fc4874550fc2eda02814633f82a98a70d2ee1b951b0,2026-09-10T13:40:17Z,doh
https://www.tiportolaspesa.it/wp-content/uploads/2022/11/8002670165395-2-450x450.jpg,200,https://www.tiportolaspesa.it/wp-content/uploads/2022/11/8002670165395-2-450x450.jpg,22553,31b5f62e2d3e2cbe175fbd8e3b13f8e9038146f9decdd7b0bb21b23358327f02,2026-09-10T13:40:18Z,doh
https://www.tivtaam.co.il/?catalogProduct=17231,403,https://www.tivtaam.co.il/?catalogProduct=17231,334,61c0e6135bf3cf8199ae10c97f756199b8c65fb1d166879b2b0c2fbdb052768d,2026-09-10T13:40:18Z,doh
https://www.tnjchem.com/dextrose-monohydrate-food-grade-at-factory-price_p2824.html,302,https://www.tnjchem.com/dextrose-monohydrate-food-grade-at-factory-price_p2824.html,0,,2026-09-10T13:40:18Z,doh
https://www.tops.co.th/en/emborg-dairy-whipping-cream-200ml-5701215046375,403,https://www.tops.co.th/en/emborg-dairy-whipping-cream-200ml-5701215046375,5842,6fc814e164cca47da7185ae6171d7d89d20492c49f7e6e03804ae33adb284201,2026-09-10T13:40:18Z,doh
https://www.tops.co.th/en/emborg-uht-whipping-cream-1ltr-5701215046399,403,https://www.tops.co.th/en/emborg-uht-whipping-cream-1ltr-5701215046399,5842,e6c9c01b0c0b953e1f5274227e70f84909c0f1492cf7aacaddce3b3552b2d76f,2026-09-10T13:40:19Z,doh
https://www.tops.co.th/en/paysan-breton-uht-whipping-and-cooking-cream-fat-30percent-200ml-3412290032215,403,https://www.tops.co.th/en/paysan-breton-uht-whipping-and-cooking-cream-fat-30percent-200ml-3412290032215,5842,17c809ff63b2cecba5e6c0c2c49de997ebd67b744c0c5cd9ae1b1a05a2bb35d0,2026-09-10T13:40:19Z,doh
https://www.tops.co.th/th/meiji-pasteurized-milk-plain-200cc-8850329120116,403,https://www.tops.co.th/th/meiji-pasteurized-milk-plain-200cc-8850329120116,5842,89b5330572db8c96a23d17c467f26112712458d61c86b13bbcbe5a9b821ad09d,2026-09-10T13:40:19Z,doh
https://www.trada.ro/lapte-praf-bio-degresat-1-grasime-250g-73894.html,200,https://www.trada.ro/lapte-praf-bio-degresat-1-grasime-250g-73894.html,1010882,cb7d8d41c5988e8e2ccf4582f30da0f421e68088de0fdeb839d0f87db71b5614,2026-09-10T13:40:19Z,doh
https://www.trendyol.com/benosen/tara-gum-e417-dondurma-stabilizeri-kivam-verici-net-200-g-p-81504382,403,https://www.trendyol.com/benosen/tara-gum-e417-dondurma-stabilizeri-kivam-verici-net-200-g-p-81504382,0,,2026-09-10T13:40:19Z,doh
https://www.trendyol.com/hobs/pinar-yagsiz-sut-tozu-25-kg-p-47630618,403,https://www.trendyol.com/hobs/pinar-yagsiz-sut-tozu-25-kg-p-47630618,0,,2026-09-10T13:40:20Z,doh
https://www.tricechemicals.com/food-and-beverage-chemicals-supplier-dubai-sharja-uae/food-and-beverages-sweeteners-trader-dubai-sharjah-uae/trioxi-dextrose-monohydrate-glucose-d-1kg,200,https://www.tricechemicals.com/food-and-beverage-chemicals-supplier-dubai-sharja-uae/food-and-beverages-sweeteners-trader-dubai-sharjah-uae/trioxi-dextrose-monohydrate-glucose-d-1kg,73359,b567851c9d1ac546eac6afded157bf5d37c54684cf941dc013ceefc0a0acc44f,2026-09-10T13:40:20Z,doh
https://www.tuscc.si/katalog/izdelek/alpsko-mleko-polnomastno-1l-619828,200,https://www.tuscc.si/katalog/izdelek/alpsko-mleko-polnomastno-1l-619828,1879,56b42e3411da00960bb96af85006e2a50d4efa2657ac998c38a317e69f587ff3,2026-09-10T13:40:20Z,doh
https://www.tuscc.si/katalog/izdelek/mleko-v-prahu-pomurske-mlekarne-posneto-400-g-563640,200,https://www.tuscc.si/katalog/izdelek/mleko-v-prahu-pomurske-mlekarne-posneto-400-g-563640,1879,56b42e3411da00960bb96af85006e2a50d4efa2657ac998c38a317e69f587ff3,2026-09-10T13:40:20Z,doh
https://www.twinsbakingsupplies.com/en/product-page/emborg%E6%B7%A1%E5%BF%8C%E5%BB%89-1,200,https://www.twinsbakingsupplies.com/en/product-page/emborg%E6%B7%A1%E5%BF%8C%E5%BB%89-1,2079994,45194f922e33f5c5512f9e6afc90ae1408489720e17523bfd00c4367ffd523fd,2026-09-10T13:40:21Z,doh
https://www.u-buy.co.uk/product/5BVJX2NL2-tara-gum-e417-100-usp-food-grade-powder-1-lb-in-two-bottles-usa,403,https://www.u-buy.co.uk/product/5BVJX2NL2-tara-gum-e417-100-usp-food-grade-powder-1-lb-in-two-bottles-usa,6054,0b32029c017f43e1386acb17911bab0c41936a02b7978586cf1146e6f1ce389d,2026-09-10T13:40:21Z,doh
https://www.u-buy.com.ng/product/4LRAT8WUW-tara-gum-powder-2-oz-from-the-amazon-pantry-imparts-a-creamy-mouthfeel-to-dairy-products-soups-and-sauces-kosher-vegan-nongmo-highest-purity,403,https://www.u-buy.com.ng/product/4LRAT8WUW-tara-gum-powder-2-oz-from-the-amazon-pantry-imparts-a-creamy-mouthfeel-to-dairy-products-soups-and-sauces-kosher-vegan-nongmo-highest-purity,6393,53c8dab495ba47ebe3fc0c55fe0954aa41f04db7e7578e24cd83e766a5e115f5,2026-09-10T13:40:22Z,doh
https://www.u-buy.com.ng/product/8X6X3FWQ-andean-star-tara-gum-powder-907g-32oz-all-natural-thickening-agent-for-baking-dressing-and-ice-cream,403,https://www.u-buy.com.ng/product/8X6X3FWQ-andean-star-tara-gum-powder-907g-32oz-all-natural-thickening-agent-for-baking-dressing-and-ice-cream,6206,0ba72aa8dc1b70f9a8e7a49d56ccc5a0268f8e694e423425298edcec7aa678f1,2026-09-10T13:40:22Z,doh
https://www.ubuy.com.bd/en/product/20BCUPO-pure-tara-gum-powder-non-gmo-gluten-free-vegan-ou-kosher-certified-50g-2oz,403,https://www.ubuy.com.bd/en/product/20BCUPO-pure-tara-gum-powder-non-gmo-gluten-free-vegan-ou-kosher-certified-50g-2oz,6090,ffe2afda635970b9198a85311381c06bd3517b5c031ae9a292e03bc68989fad8,2026-09-10T13:40:22Z,doh
https://www.ubuy.com.bh/en/product/20BCUPO-pure-tara-gum-powder-non-gmo-gluten-free-vegan-ou-kosher-certified-50g-2oz,403,https://www.ubuy.com.bh/en/product/20BCUPO-pure-tara-gum-powder-non-gmo-gluten-free-vegan-ou-kosher-certified-50g-2oz,6112,07d536be6a7f2cdce8a762c83126be0180d91d6655348335bc7048d4a061fd30,2026-09-10T13:40:22Z,doh
https://www.ubuy.com.eg/en/product/4DK4782WQ-tara-gum-powder-14-oz-imparts-a-creamy-mouthfeel-to-dairy-products-soups-and-sauces-kosher-vegan-non-gmo-highest-purity-imported-from-the,403,https://www.ubuy.com.eg/en/product/4DK4782WQ-tara-gum-powder-14-oz-imparts-a-creamy-mouthfeel-to-dairy-products-soups-and-sauces-kosher-vegan-non-gmo-highest-purity-imported-from-the,6392,9bdbf28bdf51bbede64270ca87358d80da30282e2854fe46b57eca7eda33f2e0,2026-09-10T13:40:22Z,doh
https://www.ubuy.com.gh/product/4LRAT8WUW-tara-gum-powder-2-oz-from-the-amazon-pantry-imparts-a-creamy-mouthfeel-to-dairy-products-soups-and-sauces-kosher-vegan-nongmo-highest-purity,403,https://www.ubuy.com.gh/product/4LRAT8WUW-tara-gum-powder-2-oz-from-the-amazon-pantry-imparts-a-creamy-mouthfeel-to-dairy-products-soups-and-sauces-kosher-vegan-nongmo-highest-purity,6371,3c67a6fcc5af2d651705b83aa9ce1cb88a0206515ddd161ae1d0f5c4d34e2cd7,2026-09-10T13:40:23Z,doh
https://www.ubuy.com.gh/product/J4GMRN900-tara-gum-super-refined-speck-free-food-grade-thickener-net-4oz-114gr,403,https://www.ubuy.com.gh/product/J4GMRN900-tara-gum-super-refined-speck-free-food-grade-thickener-net-4oz-114gr,6069,caa25b7b1b79d617baf15432fa29885718856911a2ca683353eebfe39cd768c5,2026-09-10T13:40:23Z,doh
https://www.ubuy.com.pa/en/brand/modernist-pantry,403,https://www.ubuy.com.pa/en/brand/modernist-pantry,5801,4dca9305ab294bd92e8ba2f3e99da503b25f6e9b723fb5c92f434c7fac8d56d6,2026-09-10T13:40:23Z,doh
https://www.ubuy.com.ph/brand/modernist-pantry,403,https://www.ubuy.com.ph/brand/modernist-pantry,5792,7e3d86c00d495db267f5bc11aa3dd3b837505ef58a4946bce33d20228529b84e,2026-09-10T13:40:23Z,doh
https://www.ubuy.com.ph/product/20BCUPO-pure-tara-gum-powder-non-gmo-gluten-free-vegan-ou-kosher-certified-50g-2oz,403,https://www.ubuy.com.ph/product/20BCUPO-pure-tara-gum-powder-non-gmo-gluten-free-vegan-ou-kosher-certified-50g-2oz,6081,3f1dcc52114b7cd3b05b6a72fc1a4f049e81696f8f069582a851070c643a68db,2026-09-10T13:40:23Z,doh
https://www.ubuy.com.pk/en/product/5BVJX2NL2-tara-gum-e417-100-usp-food-grade-powder-1-lb-in-two-bottles-usa,403,https://www.ubuy.com.pk/en/product/5BVJX2NL2-tara-gum-e417-100-usp-food-grade-powder-1-lb-in-two-bottles-usa,6063,8e050b19c0f9e9002793e12674f8473ed35556dc3ca061668547972e93c8bb05,2026-09-10T13:40:23Z,doh
https://www.ubuy.com.sa/en/product/4LRAT8WUW-tara-gum-powder-2-oz-from-the-amazon-pantry-imparts-a-creamy-mouthfeel-to-dairy-products-soups-and-sauces-kosher-vegan-nongmo-highest-purity,403,https://www.ubuy.com.sa/en/product/4LRAT8WUW-tara-gum-powder-2-oz-from-the-amazon-pantry-imparts-a-creamy-mouthfeel-to-dairy-products-soups-and-sauces-kosher-vegan-nongmo-highest-purity,6401,17e6eebaafc4cb2674f5e0684a603c79184404a90663851de4569b75146ad319,2026-09-10T13:40:24Z,doh
https://www.ubuy.dz/en/product/4D8YY3QCG-tara-gum-powder-8-oz-from-the-amazon-pantry-imparts-a-creamy-mouthfeel-to-dairy-products-soups-and-sauces-kosher-vegan-nongmo-highest-purity,403,https://www.ubuy.dz/en/product/4D8YY3QCG-tara-gum-powder-8-oz-from-the-amazon-pantry-imparts-a-creamy-mouthfeel-to-dairy-products-soups-and-sauces-kosher-vegan-nongmo-highest-purity,6375,443be743c3d3af7115b2cf4c77a22648146f1b7dbba8839421a7f258fa160127,2026-09-10T13:40:24Z,doh
https://www.ubuy.is/en/product/20BCUPO-pure-tara-gum-powder-non-gmo-gluten-free-vegan-ou-kosher-certified-50g-2oz,403,https://www.ubuy.is/en/product/20BCUPO-pure-tara-gum-powder-non-gmo-gluten-free-vegan-ou-kosher-certified-50g-2oz,6064,71f7bf42b4953d7813ca55b4ee29b62627b3a8ce132a39a1e51bb6c57dfdceb4,2026-09-10T13:40:24Z,doh
https://www.ubuy.ke/en/product/EPP4X2E-pure-tara-gum-powder-non-gmo-gluten-free-vegan-ou-kosher-certified-400g-14oz,403,https://www.ubuy.ke/en/product/EPP4X2E-pure-tara-gum-powder-non-gmo-gluten-free-vegan-ou-kosher-certified-400g-14oz,6070,64756645433e6a34251c2e7ca69ba1ed3f904c8b3284380ccafb87acea1e0b99,2026-09-10T13:40:24Z,doh
https://www.ubuy.tn/en/product/4LRAT8WUW-tara-gum-powder-2-oz-from-the-amazon-pantry-imparts-a-creamy-mouthfeel-to-dairy-products-soups-and-sauces-kosher-vegan-nongmo-highest-purity,403,https://www.ubuy.tn/en/product/4LRAT8WUW-tara-gum-powder-2-oz-from-the-amazon-pantry-imparts-a-creamy-mouthfeel-to-dairy-products-soups-and-sauces-kosher-vegan-nongmo-highest-purity,6354,aeb7d95e5e86c0af1c3f138722fff256d3785da35e9481f4f323536945208ea6,2026-09-10T13:40:24Z,doh
https://www.unifect.com/products/organic-tara-gum-food-grade/,200,https://www.unifect.com/products/organic-tara-gum-food-grade/,84799,bf00438e1f5775d7509fa4cda523ef9324225f897decc0505805bd5cf2009f0f,2026-09-10T13:40:25Z,doh
https://www.valio.ee/tooted/alma-vahukoor-35-400ml/,200,https://www.valio.ee/tooted/alma-vahukoor-35-400ml/,225045,96c8b6570b1846e2f3f99822e9ad7c6ae2aaa925a1bb092d9a2d4b0e6b3f8b53,2026-09-10T13:40:25Z,doh
https://www.valio.fi/tuotteet/valio-rasvaton-maitojauhe-instant/,200,https://www.valio.fi/tuotteet/valio-rasvaton-maitojauhe-instant/,259824,a13d508a95e517bf4786bf36e97956edc12224c7100257b8b84939431580c6c7,2026-09-10T13:40:25Z,doh
https://www.valio.fi/tuotteet/valio-taysmaito-suomalaisilta-maitotiloilta/,200,https://www.valio.fi/tuotteet/valio-taysmaito-suomalaisilta-maitotiloilta/,262958,fbadcc5ec3e4a5c50866d151b60eb91c8f17770ed3b58af9219d91cbcd1ab77c,2026-09-10T13:40:25Z,doh
https://www.valioaimo.fi/ammattilaistuotteet/valio-rasvaton-maitojauhe-instant/,200,https://www.valioaimo.fi/ammattilaistuotteet/valio-rasvaton-maitojauhe-instant/,164524,a3ccd89a3eb424105f1e585e62d075cc18ebeb159a44a5f99d5116af26b577c4,2026-09-10T13:40:25Z,doh
https://www.valknut.cz/guma-tara-valknut/,200,https://www.valknut.cz/guma-tara-valknut/,193112,a7fb1f93e49eaf458d7d4a7ef2851e2bd21899cf09c0885767fc611b2821398b,2026-09-10T13:40:25Z,doh
https://www.valknut.cz/informace-o-nakupu/doprava-a-platba/,200,https://www.valknut.cz/informace-o-nakupu/doprava-a-platba/,146685,0aad5c357786fe3b4812d3a1fdd492cb580c0471f797ce411127005d524f7490,2026-09-10T13:40:26Z,doh
https://www.valknut.sk/informacie-o-nakupe/doprava-a-platba-gls/,200,https://www.valknut.sk/informacie-o-nakupe/doprava-a-platba-gls/,97382,a59e0b21ad69e93470627ff4583afe992e32a587bca4dec3f416df00663f3497,2026-09-10T13:40:26Z,doh
https://www.valknut.sk/informacie-o-nakupe/obchodne-podmienky-dvorak-company-s-r-o/,200,https://www.valknut.sk/informacie-o-nakupe/obchodne-podmienky-dvorak-company-s-r-o/,142454,affe125b5c5d023aefe48ab1573cdb81ff4df9cb4aaa01ad6a9836cb2cc0b02a,2026-09-10T13:40:27Z,doh
https://www.valknut.sk/tara-guma-valknut/,200,https://www.valknut.sk/tara-guma-valknut/,143221,9d51da955c36011d0f595c348e207045116943c0263816d2161bec4122b9cc0b,2026-09-10T13:40:27Z,doh
https://www.vitacost.com/products/bob-s-red-mill-milk-powder-nonfat-dry-22-oz-624-g-97753,200,https://www.vitacost.com/products/bob-s-red-mill-milk-powder-nonfat-dry-22-oz-624-g-97753,700621,76d4dc37add86d54eda1e6946464ca35d1598eefde73542a428629863acc9474,2026-09-10T13:40:27Z,doh
https://www.walmart.co.cr/leche-dos-pinos-en-polvo-descremada-400-g-0/p,200,https://www.walmart.co.cr/leche-dos-pinos-en-polvo-descremada-400-g-0/p,1111814,e29f47c450a46b3fb18276f34fa924f6e737c18d44d72528dd23ef9a0f501862,2026-09-10T13:40:27Z,doh
https://www.walmart.com.mx/ip/crema-para-batir-lyncott-500-ml/00750109210103,200,https://www.walmart.com.mx/blocked?url=L2lwL2NyZW1hLXBhcmEtYmF0aXItbHluY290dC01MDAtbWwvMDA3NTAxMDkyMTAxMDM=&uuid=2fa55a4f-ad1d-11f1-a7ed-cc2b67f08463&vid=&g=b,13602,3c681de82fc18c98b64746054cc77b322635a5f862952624566c17f52711541b,2026-09-10T13:40:27Z,doh
https://www.wildberger.at/premium-fuellprodukte/milchprodukte,200,https://www.wildberger.at/premium-fuellprodukte/milchprodukte,52626,9985205500eeaf97edd5e879458e12b38cc5aa65080540916d6a404d92d556c6,2026-09-10T13:40:27Z,doh
https://www.woolworths.co.nz/shop/product-details/789358/woolworths-milk-skim-powder,000,https://www.woolworths.co.nz/shop/product-details/789358/woolworths-milk-skim-powder,0,,2026-09-10T13:40:28Z,system
https://www.woolworths.co.nz/shop/product-details/811500/anchor-cream-long-life,000,https://www.woolworths.co.nz/shop/product-details/811500/anchor-cream-long-life,0,,2026-09-10T13:40:28Z,system
https://www.woolworths.com.au/shop/productdetails/750032/devondale-instant-skim-milk-powder-powder-uht,403,https://www.woolworths.com.au/shop/productdetails/750032/devondale-instant-skim-milk-powder-powder-uht,487,329eb1b7039b882a2b923a7f6a837f92893acccead6789860d0edb559c6e7bf9,2026-09-10T13:40:28Z,doh
https://www.woolworths.com.au/shop/productdetails/90612/pauls-thickened-cream,403,https://www.woolworths.com.au/shop/productdetails/90612/pauls-thickened-cream,444,5b7f8e19bc0fd05d2178bf3802d5e806f0ebe36b69118528d6a8716ee037b2f6,2026-09-10T13:40:28Z,doh
https://www.yotsuba.co.jp/product/milk-powder_12780.html,200,https://www.yotsuba.co.jp/product/milk-powder_12780.html,29424,58255b2f520a6458266bfc1598a0e7382da0264cebc2c5e98ab72a5442e453cd,2026-09-10T13:40:29Z,doh
https://www.zonasin.es/producto/dextrosa-400-g-dayelet-l22027,200,https://www.zonasin.es/producto/dextrosa-400-g-dayelet-l22027,216950,53d0219b9d833751a001ca26b3921cf8fa0805c097f035a6b7fb29b7ffe5aec6,2026-09-10T13:40:29Z,doh
https://www.zumub.com/PT/nutri-ao-desportiva/dextrose/dextrose-1kg-p-9210,200,https://www.zumub.com/PT/nutri-ao-desportiva/dextrose/dextrose-1kg-p-9210,442880,ab7624924ef6a139eb7d401b9769ec79e8c4355adb6584639d41403044804e54,2026-09-10T13:40:29Z,doh
https://yaxa.co/products/polvo-de-goma-de-mascar-pure-tara-no-transgenico-sin-gluten-vegano-certificado-kosher-ou-50-g-2-oz-colombia,200,https://yaxa.co/products/polvo-de-goma-de-mascar-pure-tara-no-transgenico-sin-gluten-vegano-certificado-kosher-ou-50-g-2-oz-colombia,302683,6c626d04d7f65fd533bd0319c06b45f1ce900655b33acd81b395f79301bf2597,2026-09-10T13:40:29Z,doh
https://yerbamate.lt/produktas/lieso-pieno-milteliai-1000g/,200,https://yerbamate.lt/produktas/lieso-pieno-milteliai-1000g/,330503,7e1a490a69b9f8e13e8f7faa5b4a4c4b3aa7f6e0f44aa9cb1794fe3550dcee6a,2026-09-10T13:40:29Z,doh
https://youshopom.com/en/products/%D9%85%D8%B2%D9%88%D9%86-%D8%AD%D9%84%D9%8A%D8%A8-%D8%B7%D9%88%D9%8A%D9%84-%D8%A7%D9%84%D8%A3%D8%AC%D9%84-%D9%83%D8%A7%D9%85%D9%84-%D8%A7%D9%84%D8%AF%D8%B3%D9%85-1-%D9%84%D8%AA%D8%B1,200,https://youshopom.com/en/products/%D9%85%D8%B2%D9%88%D9%86-%D8%AD%D9%84%D9%8A%D8%A8-%D8%B7%D9%88%D9%8A%D9%84-%D8%A7%D9%84%D8%A3%D8%AC%D9%84-%D9%83%D8%A7%D9%85%D9%84-%D8%A7%D9%84%D8%AF%D8%B3%D9%85-1-%D9%84%D8%AA%D8%B1,504857,67026ce74d4be50a47e50ae839ea44d99961df6288d9989f75beed19fdeaf102,2026-09-10T13:40:29Z,doh
https://zainabfamilymart.com/product/nestle-milk-pak-full-cream-milk-1-liter/,200,https://zainabfamilymart.com/product/nestle-milk-pak-full-cream-milk-1-liter/,209001,060b12a510a25c47a69ffd05aefdbba6f8c68aaf7dad1afa4af64252dcefa8aa,2026-09-10T13:40:30Z,doh
https://zenithcoltd.com/product/dextrose-monohydrate-kenya/,200,https://zenithcoltd.com/product/dextrose-monohydrate-kenya/,170106,d0993ceb13fde128a7259f36d640a8df88325057ab43d3f1212b17171b38f545,2026-09-10T13:40:30Z,doh
https://zt.52pht.com/wap/item-detail.html?item_id=37450,000,https://zt.52pht.com/wap/item-detail.html?item_id=37450,0,,2026-09-10T13:40:31Z,system
