iso2,priority,region,role,grams,pi_ing,pi_in_2541,proposal_key,product,brand,pack,ean,ean_cell,gtin_checksum,rcn_range,gs1_prefix_registry,v7_status,source_domain,source_class_heuristic,source_url
AU,★★★★★,ANZ,MILK,672,PI-ING-000236,YES,MILK-GTIN-9300639500041,Devondale Full Cream Long Life Milk 1 L,Devondale,1 L,9300639500041,TEXT,OK,NO,AU,KANDYDAT_PR,devondale.com.au,DIRECT_SITE_UNCLASSIFIED,"https://www.devondale.com.au/en/products/milk/full-cream-long-life-milk
https://www.thedistributorscairns.com.au/product/DEVONDALE_FULL_CREAM_1LIT_MILK
https://www.jbmetro.com.au/1l-devondale-full-cream-milk-4848.html"
AU,★★★★★,ANZ,CREAM,130,PI-ING-000180,YES,CREAM-GTIN-9310036007296,Pauls Thickened Cream,Pauls,300 ml,9310036007296,TEXT,OK,NO,AU,KANDYDAT_PR,mylactalis.com.au,DIRECT_SITE_UNCLASSIFIED,"https://mylactalis.com.au/pauls-thickened-cream-300ml-regular
https://www.woolworths.com.au/shop/productdetails/90612/pauls-thickened-cream
https://www.coles.com.au/product/pauls-thickened-cream-300ml-110472"
AU,★★★★★,ANZ,SMP,35,PI-ING-000270,YES,SMP-GTIN-09300639999005,Devondale Instant Skim Milk Powder,Devondale,1 kg,9300639999005,TEXT,OK,NO,AU,KANDYDAT_PR,devondale.com.au,DIRECT_SITE_UNCLASSIFIED,"https://www.devondale.com.au/en/products/milk/skim-milk-powder
https://www.woolworths.com.au/shop/productdetails/750032/devondale-instant-skim-milk-powder-powder-uht
https://campbells.sorted.au/Open-Catalogue/PANTRY/LONG-LIFE-MILK/LONG-LIFE-POWDERED-MILK/SKIM-MILK-POWDERED/D-DALE-MILK-SKIM-INST-PDR-1KG/p/C1000003583"
AU,★★★★★,ANZ,SUCROSE,130,PI-ING-000514,YES,GENERIC-SUCROSE,Biały cukier krystaliczny — 100% cukier,GENERIC,dowolne opakowanie,,,,,,READY_PI,,NO_URL,PI-ING-000514
AU,★★★★★,ANZ,DEXTROSE,30,PI-ING-000494,YES,DEX-GTIN-09317127061786,Lotus Glucose Powder (Dextrose) 500g,Lotus,500 g,9317127061786,TEXT,OK,NO,AU,KANDYDAT_PR,kadac.com.au,DIRECT_SITE_UNCLASSIFIED,"https://www.kadac.com.au/browser/product.php?sku=6178
https://wholesomemarket.com.au/lotus-glucose-powder-dextrose-500g/
https://wholesomemarket.com.au/lotus-glucose-powder-dextrose-500g/
https://ecotraders.com.au/products/lotus-glucose-powder-dextrose
https://ecotraders.com.au/cdn/shop/files/lotus-glucose-powder-dextrose--6178--rear.jpg?v=1785309893&width=1600"
AU,★★★★★,ANZ,TARA,3,PI-ING-000492,YES,TARA-GTIN-08055728540170,Tara Gum 50gr. / Gomma di Tara E417,SaporePuro,50 g,8055728540170,TEXT,OK,NO,IT,KANDYDAT_PR,bakingwarehouse.com,DIRECT_SITE_UNCLASSIFIED,"https://bakingwarehouse.com/products/tara-gum-50gr-saporepuro
https://bakingwarehouse.com/pages/worldwide-shipping
https://saporepuro.myshopify.com/products/farina-di-semi-di-tara-gomma-di-tara-origine-peru-e417-confezionato-in-italia-1
https://saporepuro.myshopify.com/products/farina-di-semi-di-tara-gomma-di-tara-origine-peru-e417-confezionato-in-italia-1.json
https://saporepuro.myshopify.com/cdn/shop/files/TDS_GOMMA_DI_TARA_SAPOREPURO_7ba2d8ce-553c-4b18-8d0a-b511a78af3f0.pdf?v=6266750854494086058
https://www.melbournefooddepot.com/buy/tara-gum-powder-120g/F05064
https://saporepuro.com/products/farina-di-semi-di-tara-gomma-di-tara-origine-peru-e417-confezionato-in-italia-1.json"
AT,★★★★★,EU27,MILK,672,PI-ING-000236,YES,MILK-GTIN-9066000164907,"Schärdinger Vollmilch 3,5% ESL 1 L",Schärdinger,1 L carton,9066000164907,TEXT,OK,NO,AT,KANDYDAT_PR,dokumente.kastner.at,DIRECT_SITE_UNCLASSIFIED,"https://dokumente.kastner.at/lmiv/kastner/222821.pdf
https://shop.kastner.at/222821.html
https://www.spar.at/produktwelt/schaerdinger-vollmilch-3-5-p7715600"
AT,★★★★★,EU27,CREAM,130,PI-ING-000180,YES,CREAM-GTIN-9066000864401,Alpiland H-Schlagrahm 30% 1 L,Alpiland,1 L,9066000864401,TEXT,OK,NO,AT,KANDYDAT_PR,shop.kastner.at,DIRECT_SITE_UNCLASSIFIED,"https://shop.kastner.at/222148.html
https://dokumente.kastner.at/lmiv/kastner/222148.pdf"
AT,★★★★★,EU27,SMP,35,PI-ING-000270,YES,SMP-AT-SKU,Wild Thing Magermilchpulver 500 g,Wild Thing,500 g,,,,,,WYMAGA_GTIN,trinklusiv.at,DIRECT_SITE_UNCLASSIFIED,"https://trinklusiv.at/products/wild-thing-magermilchpulver-500-g
https://www.kaffee-welt24.de/wild-thing-100-agglomeriertes-magermilchpulver-500g
https://www.wildberger.at/premium-fuellprodukte/milchprodukte
https://www.jurastore.at/produkt/wild-thing-magermilchpulver"
AT,★★★★★,EU27,SUCROSE,130,PI-ING-000514,YES,GENERIC-SUCROSE,Biały cukier krystaliczny — 100% cukier,GENERIC,dowolne opakowanie,,,,,,READY_PI,,NO_URL,PI-ING-000514
AT,★★★★★,EU27,DEXTROSE,30,PI-ING-000494,YES,DEX-GTIN-04250573301738,Dextrose monohydrat Pulver 5 kg,Golden Peanut,5 kg wiadro,4250573301738,TEXT,OK,NO,DE,KANDYDAT_PR,golden-peanut.de,DIRECT_SITE_UNCLASSIFIED,"https://www.golden-peanut.de/Dextrose-monohydrat-Pulver/11135-01
https://www.golden-peanut.de/versand-und-zahlungsbedingungen"
AT,★★★★★,EU27,TARA,3,PI-ING-000492,YES,TARA-GTIN-08055728540170,SaporePuro Farina di Semi di Tara / Gomma di Tara E417,SaporePuro,50 g,8055728540170,TEXT,OK,NO,IT,KANDYDAT_PR,saporepuro.com,DIRECT_SITE_UNCLASSIFIED,"https://saporepuro.com/products/farina-di-semi-di-tara-gomma-di-tara-origine-peru-e417-confezionato-in-italia-1
https://saporepuro.com/cdn/shop/files/TDS_GOMMA_DI_TARA_SAPOREPURO_7ba2d8ce-553c-4b18-8d0a-b511a78af3f0.pdf?v=6266750854494086058
https://saporepuro.com/policies/shipping-policy
https://saporepuro.com/products/farina-di-semi-di-tara-gomma-di-tara-origine-peru-e417-confezionato-in-italia-1.json"
BE,★★★★★,EU27,MILK,672,PI-ING-000236,YES,MILK-GTIN-54025059,Inex Lait entier UHT 1 L PET (art. 6013),Inex,1 L PET bottle; case 6 x 1 L,54025059,TEXT,OK,NO,EAN-8,KANDYDAT_PR,bruyerre.be,DIRECT_SITE_UNCLASSIFIED,"https://www.bruyerre.be/en/shop/00074227-inex-6013-whole-milk-uht-pet-6-x-1l-167269/document/27519
https://www.orestofoodpartners.be/fr/lait-entier-inex-bouteille-en-plastique-1l/p17479?c=130
https://www.inex.be/en/inex_product_category/milk/"
BE,★★★★★,EU27,CREAM,130,PI-ING-000180,YES,CREAM-GTIN-8718907237888,AH Slagroom houdbaar 30% 200 ml,AH,200 ml,8718907237888,TEXT,OK,NO,NL,KANDYDAT_PR,ah.be,DIRECT_SITE_UNCLASSIFIED,https://www.ah.be/producten/product/wi34471/ah-slagroom-houdbaar
BE,★★★★★,EU27,SMP,35,PI-ING-000270,YES,SMP-GTIN-03245413563040,Carrefour Classic' Lait Écrémé en Poudre 750 g,Carrefour Classic',"750 g; 7,5 l mleka po odtworzeniu",3245413563040,TEXT,OK,NO,FR,WYMAGA_ETYKIETY,carrefour.be,DIRECT_SITE_UNCLASSIFIED,"https://www.carrefour.be/fr/classic-lait-ecreme-en-poudre-7.5-l/07132606.html
https://www.carrefour.fr/p/lait-ecreme-en-poudre-carrefour-classic-3245413563040"
BE,★★★★★,EU27,SUCROSE,130,PI-ING-000514,YES,GENERIC-SUCROSE,Biały cukier krystaliczny — 100% cukier,GENERIC,dowolne opakowanie,,,,,,READY_PI,,NO_URL,PI-ING-000514
BE,★★★★★,EU27,DEXTROSE,30,PI-ING-000494,YES,DEX-BE-PRODUCT,Glucopur 250 g (5 × 50 g),Revogan,5 × 50 g,,,,,,WYMAGA_GTIN,webshop.revogan.be,DIRECT_SITE_UNCLASSIFIED,"https://webshop.revogan.be/en/shop/1204-glucopur-250g-5x50g-14864
https://webshop.revogan.be/attachment/download?attachment_id=699278"
BE,★★★★★,EU27,TARA,3,PI-ING-000492,YES,TARA-GTIN-08055728540170,SaporePuro Farina di Semi di Tara / Gomma di Tara E417,SaporePuro,50 g,8055728540170,TEXT,OK,NO,IT,KANDYDAT_PR,saporepuro.com,DIRECT_SITE_UNCLASSIFIED,"https://saporepuro.com/products/farina-di-semi-di-tara-gomma-di-tara-origine-peru-e417-confezionato-in-italia-1
https://saporepuro.com/cdn/shop/files/TDS_GOMMA_DI_TARA_SAPOREPURO_7ba2d8ce-553c-4b18-8d0a-b511a78af3f0.pdf?v=6266750854494086058
https://saporepuro.com/policies/shipping-policy
https://saporepuro.com/products/farina-di-semi-di-tara-gomma-di-tara-origine-peru-e417-confezionato-in-italia-1.json"
DK,★★★★★,EU27,MILK,672,PI-ING-000236,YES,MILK-GTIN-5709310050303,"Arla Sødmælk 3,5% UHT 1 L",Arla,1 L carton with screw cap,5709310050303,TEXT,OK,NO,DK,KANDYDAT_PR,danfoods.dk,DIRECT_SITE_UNCLASSIFIED,"https://danfoods.dk/wp-content/uploads/data-sheets/700000/700000%20S%C3%98DM%C3%86LK%20UHT%20ARLA%201L%2088508.pdf
https://ebberup.spar.dk/produkter/arla-s%C3%B8dm%C3%A6lk-3%2C5%25-uht-5709310050303
https://www.sartorvet.com/sodmaelk-uht1-10-x-lt.html"
DK,★★★★★,EU27,CREAM,130,PI-ING-000180,YES,CREAM-GTIN-5711953069291,Arla Piskefløde 35% UHT 200 ml,Arla,200 ml,5711953069291,TEXT,OK,NO,DK,KANDYDAT_PR,arla.dk,DIRECT_SITE_UNCLASSIFIED,"https://www.arla.dk/produkter/arla/piskeflode-64625/
https://onlinebutikken.com/vare/piskefloede-35-uht
https://naestved.meny.dk/produkter/arla-piskefl%C3%B8de-36%25-uht-5711953069291"
DK,★★★★★,EU27,SMP,35,PI-ING-000270,YES,SMP-GTIN-05703161691012,EASIS Skummetmælkspulver 200 g,EASIS,200 g,5703161691012,TEXT,OK,NO,DK,KANDYDAT_PR,easis.dk,DIRECT_SITE_UNCLASSIFIED,"https://easis.dk/products/easis-skummetmaelkspulver
https://www.bilkatogo.dk/produkt/easis-skummetmaelkspulver/16936/
https://www.mitliv.dk/easis-skummetmaelkspulver-200-g/"
DK,★★★★★,EU27,SUCROSE,130,PI-ING-000514,YES,GENERIC-SUCROSE,Biały cukier krystaliczny — 100% cukier,GENERIC,dowolne opakowanie,,,,,,READY_PI,,NO_URL,PI-ING-000514
DK,★★★★★,EU27,DEXTROSE,30,PI-ING-000494,YES,DEX-GTIN-05709286720064,Urtegaarden Druesukker 500 g,Urtegaarden,500 g,5709286720064,TEXT,OK,NO,DK,WYMAGA_ETYKIETY,helsebixen.dk,DIRECT_SITE_UNCLASSIFIED,"https://www.helsebixen.dk/shop/urtegaarden-druesukker.html
https://www.med24.dk/mad-og-drikke/madvarer/sukker-sirup-honning-mm/druesukker/urtegaarden-druesukker-500-g
https://www.cchobby.dk/druesukker-500-g-1-ps"
DK,★★★★★,EU27,TARA,3,PI-ING-000492,YES,TARA-DK-PRODUCT,Gum tara 1 kg,Louis François,1 kg,,,,,,WYMAGA_ETYKIETY,condi.dk,DIRECT_SITE_UNCLASSIFIED,"https://condi.dk/da/tilsaetningsstoffer/gum-tara-1-kg
https://condi.dk/da/om-condi/levering
https://www.bienmanger.com/2F36603_Tara_Gum_E417_Louis_Francois.html"
FI,★★★★★,EU27,MILK,672,PI-ING-000236,YES,MILK-GTIN-6408430000135,Valio täysmaito suomalaisilta maitotiloilta 1 L,Valio,1 L carton,6408430000135,TEXT,OK,NO,FI,KANDYDAT_PR,valio.fi,DIRECT_SITE_UNCLASSIFIED,"https://www.valio.fi/tuotteet/valio-taysmaito-suomalaisilta-maitotiloilta/
https://www.k-ruoka.fi/kauppa/tuote/valio-taysmaito-suomal-maitotil-1l-6408430000135"
FI,★★★★★,EU27,CREAM,130,PI-ING-000180,YES,CREAM-GTIN-6413300015225,Arla Lempi Kuohukerma luomu 35% 2 dl,Arla Lempi,200 ml,6413300015225,TEXT,OK,NO,FI,KANDYDAT_PR,s-kaupat.fi,DIRECT_SITE_UNCLASSIFIED,"https://www.s-kaupat.fi/tuote/arla-lempi-kuohukerma-luomu-2-dl/6413300015225
https://www.arla.fi/tuotteet/arla-lempi/kuohukerma-luomu-2dl-652156/"
FI,★★★★★,EU27,SMP,35,PI-ING-000270,YES,SMP-GTIN-06408430840625,Valio rasvaton maitojauhe instant 400 g,Valio,400 g,6408430840625,TEXT,OK,NO,FI,KANDYDAT_PR,valioaimo.fi,DIRECT_SITE_UNCLASSIFIED,"https://www.valioaimo.fi/ammattilaistuotteet/valio-rasvaton-maitojauhe-instant/
https://www.s-kaupat.fi/tuote/valio-rasvaton-maitojauhe-instant-400-g/6408430840625
https://www.halpahalli.fi/valio-rasvaton-maitojauhe-instant-400-g.html"
FI,★★★★★,EU27,SUCROSE,130,PI-ING-000514,YES,GENERIC-SUCROSE,Biały cukier krystaliczny — 100% cukier,GENERIC,dowolne opakowanie,,,,,,READY_PI,,NO_URL,PI-ING-000514
FI,★★★★★,EU27,DEXTROSE,30,PI-ING-000494,YES,DEX-FI-PRODUCT,Dekstroosi monohydraatti 25 kg,Leipurin (dystrybucja; producent nie podany),25 kg worek,,,,,,WYMAGA_ETYKIETY,store.leipurin.com,DIRECT_SITE_UNCLASSIFIED,"https://store.leipurin.com/fi/product-details/-/o/cn/Muut-makeutusaineet/ecom-item/E22202
https://store.leipurin.com/product-details/-/o/cn/Muut-makeutusaineet/ecom-item/E22202"
FI,★★★★★,EU27,TARA,3,PI-ING-000492,YES,TARA-GTIN-08055728540170,SaporePuro Farina di Semi di Tara / Gomma di Tara E417,SaporePuro,50 g,8055728540170,TEXT,OK,NO,IT,KANDYDAT_PR,saporepuro.com,DIRECT_SITE_UNCLASSIFIED,"https://saporepuro.com/products/farina-di-semi-di-tara-gomma-di-tara-origine-peru-e417-confezionato-in-italia-1
https://saporepuro.com/cdn/shop/files/TDS_GOMMA_DI_TARA_SAPOREPURO_7ba2d8ce-553c-4b18-8d0a-b511a78af3f0.pdf?v=6266750854494086058
https://saporepuro.com/policies/shipping-policy
https://saporepuro.com/products/farina-di-semi-di-tara-gomma-di-tara-origine-peru-e417-confezionato-in-italia-1.json"
FR,★★★★★,EU27,MILK,672,PI-ING-000236,YES,MILK-FR-ALSACE,"Alsace Lait Lait frais entier pasteurisé, brique 1 L",Alsace Lait,1 L brique,3262970109108,TEXT,OK,NO,FR,READY_PR,supermarchesmatch.fr,DIRECT_SITE_UNCLASSIFIED,"https://www.supermarchesmatch.fr/fr/p/1754550/alsace-lait-lait-frais-entier-brique-1l
https://www.intermarche.com/produit/lait-frais-pasteurise-entier/3262970109108"
FR,★★★★★,EU27,CREAM,130,PI-ING-000180,YES,CREAM-GTIN-3451790256745,Elle & Vire Crème UHT fluide entière 30% MG 2×25cl,Elle & Vire,2 × 250 ml,3451790256745,TEXT,OK,NO,FR,KANDYDAT_PR,auchan.fr,DIRECT_SITE_UNCLASSIFIED,"https://www.auchan.fr/elle-vire-creme-fluide-entiere-30-mg-uht/pr-C1178091
https://www.carrefour.fr/p/creme-uht-fluide-entiere-30-mg-elle-vire-3451790256745"
FR,★★★★★,EU27,SMP,35,PI-ING-000270,YES,SMP-GTIN-03043934232700,Lait écrémé en poudre,Régilait,karton 300 g,3043934232700,TEXT,OK,NO,FR,KANDYDAT_PR,regilait.com,DIRECT_SITE_UNCLASSIFIED,"https://regilait.com/produits/laits-en-poudre/lait-ecreme
https://lafamilleatable.com/products/p-lait-en-poudre-ecreme-regilait-3043934232700
https://www.auchan.fr/regilait-lait-ecreme-en-poudre/pr-C1274757"
FR,★★★★★,EU27,SUCROSE,130,PI-ING-000514,YES,GENERIC-SUCROSE,Biały cukier krystaliczny — 100% cukier,GENERIC,dowolne opakowanie,,,,,,READY_PI,,NO_URL,PI-ING-000514
FR,★★★★★,EU27,DEXTROSE,30,PI-ING-000494,YES,DEX-FR-PRODUCT,Dextrose Monohydrate,Louis François,1 kg,,,,,,WYMAGA_GTIN,meilleurduchef.com,DIRECT_SITE_UNCLASSIFIED,"https://www.meilleurduchef.com/en/shop/baking-supplies/ingredients/sugar-sweetener/lfr-dextrose-monohydrate.html
https://files.meilleurduchef.com/mdc/pdf/product/lfr/dextrose-monohydrate/fiche_technique_dextrose.pdf
https://www.caterite.co.uk/louis-francois-dextrose/
https://louisfrancois.com/en/produit/dextrose/
https://www.chefgourmet.ch/ftp/pgiArticle/LF4550B/LF4550B_Dextrose_5kg_FT_CG_EN_20240108.pdf"
FR,★★★★★,EU27,TARA,3,PI-ING-000492,YES,TARA-GTIN-08055728540170,SaporePuro Farina di Semi di Tara / Gomma di Tara E417,SaporePuro,50 g,8055728540170,TEXT,OK,NO,IT,KANDYDAT_PR,saporepuro.com,DIRECT_SITE_UNCLASSIFIED,"https://saporepuro.com/products/farina-di-semi-di-tara-gomma-di-tara-origine-peru-e417-confezionato-in-italia-1
https://saporepuro.com/cdn/shop/files/TDS_GOMMA_DI_TARA_SAPOREPURO_7ba2d8ce-553c-4b18-8d0a-b511a78af3f0.pdf?v=6266750854494086058
https://saporepuro.com/policies/shipping-policy
https://panierdeschefs.eu/en/index.php?controller=attachment&id_attachment=338
https://www.bienmanger.com/1F36603_Gomme_Tara_E417_Louis_Francois.html
https://saporepuro.com/products/farina-di-semi-di-tara-gomma-di-tara-origine-peru-e417-confezionato-in-italia-1.json"
ES,★★★★★,EU27,MILK,672,PI-ING-000236,YES,MILK-GTIN-8410128010102,"Pascual Clásica Leche Entera UHT, 6 x1 L",Pascual,6 x1 L (GTIN for retail multipack; not singlecarton),8410128010102,TEXT,OK,NO,ES,KANDYDAT_PR,clientes.pascualprofesional.com,DIRECT_SITE_UNCLASSIFIED,"https://clientes.pascualprofesional.com/calidadpascual/es/L%C3%A1cteos-y-Bebidas-Vegetales/Leche-y-Bebidas-L%C3%A1cteas/Leche-Cl%C3%A1sica//p/30012361-8410128010102
https://soria.e-leclerc.es/detalle/-/Producto/leche-entera-6x1l/8410128010102"
ES,★★★★★,EU27,CREAM,130,PI-ING-000180,YES,CREAM-GTIN-8410379941019,Reny Picot Nata líquida especial para montar 30% 200 ml,Reny Picot,200 ml,8410379941019,TEXT,OK,NO,ES,KANDYDAT_PR,elcorteingles.es,DIRECT_SITE_UNCLASSIFIED,"https://www.elcorteingles.es/supermercado/B001020616300164-reny-picot-nata-liquida-especial-para-montar-brik-200-ml/
https://distribucionesplata.com/tienda/alimentacion-y-bebidas/21850-nata-reny-picot-liqmont-mg30-bk200m-8410379941019.html"
ES,★★★★★,EU27,SMP,35,PI-ING-000270,YES,SMP-GTIN-08410100002330,Leche desnatada en polvo rica en calcio,Nestlé Sveltesse,puszka 400 g,8410100002330,TEXT,OK,NO,ES,KANDYDAT_PR,elcorteingles.es,DIRECT_SITE_UNCLASSIFIED,"https://www.elcorteingles.es/supermercado/B001020615800032-nestle-sveltesse-leche-desnatada-en-polvo-rica-en-calcio-bote-400-g/
https://www.capraboacasa.com/es/productdetail/574939-leche-en-polvo-desnatada-sveltesse-lata-400-g/
https://www.online.bmsupermercados.es/es/p/leche-en-polvo-400-g/6029"
ES,★★★★★,EU27,SUCROSE,130,PI-ING-000514,YES,GENERIC-SUCROSE,Biały cukier krystaliczny — 100% cukier,GENERIC,dowolne opakowanie,,,,,,READY_PI,,NO_URL,PI-ING-000514
ES,★★★★★,EU27,DEXTROSE,30,PI-ING-000494,YES,DEX-GTIN-08437000514770,DAYELET DEXTROSA,Dayelet,400 g,8437000514770,TEXT,OK,NO,ES,WYMAGA_ETYKIETY,dayelet.com,DIRECT_SITE_UNCLASSIFIED,"https://www.dayelet.com/dextrosa/
https://www.dayelet.com/pdfs/esp/DAYELET%20DEXTROSA.pdf
https://www.zonasin.es/producto/dextrosa-400-g-dayelet-l22027"
ES,★★★★★,EU27,TARA,3,PI-ING-000492,YES,TARA-GTIN-08055728540170,SaporePuro Farina di Semi di Tara / Gomma di Tara E417,SaporePuro,50 g,8055728540170,TEXT,OK,NO,IT,KANDYDAT_PR,saporepuro.com,DIRECT_SITE_UNCLASSIFIED,"https://saporepuro.com/products/farina-di-semi-di-tara-gomma-di-tara-origine-peru-e417-confezionato-in-italia-1
https://saporepuro.com/cdn/shop/files/TDS_GOMMA_DI_TARA_SAPOREPURO_7ba2d8ce-553c-4b18-8d0a-b511a78af3f0.pdf?v=6266750854494086058
https://saporepuro.com/policies/shipping-policy
https://ferreralimentacion.com/pt-pt/producto/goma-tara/
https://saporepuro.com/products/farina-di-semi-di-tara-gomma-di-tara-origine-peru-e417-confezionato-in-italia-1.json"
NL,★★★★★,EU27,MILK,672,PI-ING-000236,YES,MILK-GTIN-8712800147770,Campina Langlekker Volle Melk 1 L,Campina Langlekker,1 L carton,8712800147770,TEXT,OK,NO,NL,KANDYDAT_PR,ah.nl,DIRECT_SITE_UNCLASSIFIED,"https://www.ah.nl/producten/product/wi469256/campina-langlekker-volle-melk
https://www.campina.nl/producten/campina-langlekker-volle-melk-1l
https://www.civo.nl/artikel/46171/campina-langlekker-volle-melk-pak-1ltr-1-liter.html"
NL,★★★★★,EU27,CREAM,130,PI-ING-000180,YES,CREAM-GTIN-8718907237888,AH Slagroom houdbaar 30% 200 ml,AH,200 ml,8718907237888,TEXT,OK,NO,NL,KANDYDAT_PR,ah.nl,DIRECT_SITE_UNCLASSIFIED,https://www.ah.nl/producten/product/wi34471/ah-slagroom-houdbaar
NL,★★★★★,EU27,SMP,35,PI-ING-000270,YES,SMP-GTIN-08717677967827,Mattisson Biologische Magere Melkpoeder 450 g,Mattisson,450 g,8717677967827,TEXT,OK,NO,NL,KANDYDAT_PR,mattisson.nl,DIRECT_SITE_UNCLASSIFIED,"https://www.mattisson.nl/biologische-magere-melkpoeder
https://www.baktotaal.nl/mattisson-magere-melkpoeder-biologisch-450g
https://www.leef.nl/mattisson-magere-melkpoeder-bio-930680"
NL,★★★★★,EU27,SUCROSE,130,PI-ING-000514,YES,GENERIC-SUCROSE,Biały cukier krystaliczny — 100% cukier,GENERIC,dowolne opakowanie,,,,,,READY_PI,,NO_URL,PI-ING-000514
NL,★★★★★,EU27,DEXTROSE,30,PI-ING-000494,YES,DEX-NL-PRODUCT,Dextrose 5 kg,Natural Spices,5 kg,,,,,,WYMAGA_GTIN,naturalspices.nl,DIRECT_SITE_UNCLASSIFIED,https://www.naturalspices.nl/dextrose
NL,★★★★★,EU27,TARA,3,PI-ING-000492,YES,TARA-GTIN-08055728540170,SaporePuro Farina di Semi di Tara / Gomma di Tara E417,SaporePuro,50 g,8055728540170,TEXT,OK,NO,IT,KANDYDAT_PR,saporepuro.com,DIRECT_SITE_UNCLASSIFIED,"https://saporepuro.com/products/farina-di-semi-di-tara-gomma-di-tara-origine-peru-e417-confezionato-in-italia-1
https://saporepuro.com/cdn/shop/files/TDS_GOMMA_DI_TARA_SAPOREPURO_7ba2d8ce-553c-4b18-8d0a-b511a78af3f0.pdf?v=6266750854494086058
https://saporepuro.com/policies/shipping-policy
https://www.baktotaal.nl/sosa-tara-gum-700g
https://saporepuro.com/products/farina-di-semi-di-tara-gomma-di-tara-origine-peru-e417-confezionato-in-italia-1.json"
IE,★★★★★,EU27,MILK,672,PI-ING-000236,YES,MILK-GTIN-5011056020053,Avonmore Fresh Whole Milk 2 Litre,Avonmore,2 L butelka,5011056020053,TEXT,OK,NO,GB,KANDYDAT_PR,tesco.ie,DIRECT_SITE_UNCLASSIFIED,"https://www.tesco.ie/shop/en-IE/products/250004694
https://www.dunnesstoresgrocery.com/product/avonmore-fresh-milk-2l-id-100130059
https://avonmore.ie/our-products/fresh-milk/
https://www.mastermarketapp.com/products/8751
https://chompthis.com/product/?id=419344"
IE,★★★★★,EU27,CREAM,130,PI-ING-000180,YES,CREAM-GTIN-5900820000455,Łaciata Śmietanka UHT 30% 500 ml,Łaciata,500 ml,5900820000455,TEXT,OK,NO,PL,KANDYDAT_PR,mlekpol.com.pl,DIRECT_SITE_UNCLASSIFIED,"https://mlekpol.com.pl/index.php/en/produkt/laciata-uht-cream-30/
https://leclerc.com.pl/laciata-smietanka-30
https://moldovastore.ie/products/114/8433"
IE,★★★★★,EU27,SMP,35,PI-ING-000270,YES,SMP-GTIN-05060113910714,Milfresh Gold Superior Granulated Skimmed Milk 500 g,Milfresh / Aimia Foods,500 g; karton 10 × 500 g,5060113910714,TEXT,OK,NO,GB,KANDYDAT_PR,static.viking-direct.co.uk,DIRECT_SITE_UNCLASSIFIED,"https://static.viking-direct.co.uk/is/content/odeu13/PDF/FRD_1185392_EN.pdf
https://www.templemanrv.co.uk/nutrition-pdf/9501/
https://www.irelandteaandcoffee.com/milfresh-gold-skimmed-milk-granules-100-percent-500g"
IE,★★★★★,EU27,SUCROSE,130,PI-ING-000514,YES,GENERIC-SUCROSE,Biały cukier krystaliczny — 100% cukier,GENERIC,dowolne opakowanie,,,,,,READY_PI,,NO_URL,PI-ING-000514
IE,★★★★★,EU27,DEXTROSE,30,PI-ING-000494,YES,DEX-IE-PRODUCT,Dextrose Monohydrate 25 kg,Kiernan’s Food Ingredients,25 kg,,,,,,WYMAGA_ETYKIETY,kiernans.ie,DIRECT_SITE_UNCLASSIFIED,https://kiernans.ie/product/dextrose-monohydrate/
IE,★★★★★,EU27,TARA,3,PI-ING-000492,YES,TARA-GTIN-08055728540170,SaporePuro Farina di Semi di Tara / Gomma di Tara E417,SaporePuro,50 g,8055728540170,TEXT,OK,NO,IT,KANDYDAT_PR,saporepuro.com,DIRECT_SITE_UNCLASSIFIED,"https://saporepuro.com/products/farina-di-semi-di-tara-gomma-di-tara-origine-peru-e417-confezionato-in-italia-1
https://saporepuro.com/cdn/shop/files/TDS_GOMMA_DI_TARA_SAPOREPURO_7ba2d8ce-553c-4b18-8d0a-b511a78af3f0.pdf?v=6266750854494086058
https://saporepuro.com/policies/shipping-policy
https://www.odaios-foods.com/tara-gum-140753
https://saporepuro.com/products/farina-di-semi-di-tara-gomma-di-tara-origine-peru-e417-confezionato-in-italia-1.json"
CA,★★★★★,CANADA,MILK,672,PI-ING-000236,YES,MILK-GTIN-0064420010025,Natrel Fine-Filtered Homogenized Milk 3.25% M.F. 2 L,Natrel,2 L,0064420010025,TEXT,OK,NO,US/CA,KANDYDAT_PR,natrel.ca,DIRECT_SITE_UNCLASSIFIED,"https://www.natrel.ca/en/products/fine-filtered-milk/fine-filtered-325-milk
https://www.agropursolutions.ca/fr/produits/lait/finement-filtre/2l-natrel-lait-finement-filtre-325
https://www.fortinos.ca/en/fine-filtered-3-25-homogenized-milk/p/20130890_EA
https://dairyfarmersofcanada.ca/en/canadian-goodness/blue-cow-spotter/natrel-fine-filtered-homogenized-milk-325-mf-2l"
CA,★★★★★,CANADA,CREAM,130,PI-ING-000180,YES,CREAM-GTIN-068700100451,Dairyland Whipping Cream 33% M.F.,Dairyland,"473 ml, karton",068700100451,TEXT,OK,NO,US/CA (UPC-A),KANDYDAT_PR,dairyland.ca,DIRECT_SITE_UNCLASSIFIED,"https://www.dairyland.ca/en/products/cream/33-whipping-cream
https://www.saveonfoods.com/product/dairyland-33-whipping-cream-id-00068700100451
https://www.freshstmarket.com/product/dairyland-whipping-cream-33-mf-473ml-id-00006870010045"
CA,★★★★★,CANADA,SMP,35,PI-ING-000270,YES,SMP-GTIN-00059000111322,Carnation Fat Free Instant Skim Milk Powder,Carnation,500 g,059000111322,TEXT,OK,NO,US/CA (UPC-A),KANDYDAT_PR,carnationmilk.ca,DIRECT_SITE_UNCLASSIFIED,"https://www.carnationmilk.ca/en/products/instant-skim
https://www.carnationmilk.ca/carnationmilk/products/instant-skim/91333/image-thumb__91333__responsive_960_JPEG/Extra%20Large-00059000111322_L2_PIM.236a8482.jpg
https://www.amazon.ca/Carnation-Powdered-Skim-Milk-500g/dp/B01EYBIU9S"
CA,★★★★★,CANADA,SUCROSE,130,PI-ING-000514,YES,GENERIC-SUCROSE,Biały cukier krystaliczny — 100% cukier,GENERIC,dowolne opakowanie,,,,,,READY_PI,,NO_URL,PI-ING-000514
CA,★★★★★,CANADA,DEXTROSE,30,PI-ING-000494,YES,DEX-GTIN-00700956300208,ProteinCo Dextrose Plain,ProteinCo,"2,27 kg / 5 lb",700956300208,TEXT,OK,NO,US/CA (UPC-A),WYMAGA_ETYKIETY,proteinco.ca,DIRECT_SITE_UNCLASSIFIED,"https://proteinco.ca/products/dextrose
https://proteinco.ca/cdn/shop/files/PCo-Dextrose-Left.png?v=1731532355
https://www.amazon.ca/Dextrose-Powder-Anytime-Supplement-Lbs/dp/B00FAT57QI"
CA,★★★★★,CANADA,TARA,3,PI-ING-000492,YES,TARA-CA-PRODUCT,Louis François Tara Gum 1 kg,Louis François,1 kg,,,,,,WYMAGA_ETYKIETY,supplies.gusta.ca,DIRECT_SITE_UNCLASSIFIED,"https://supplies.gusta.ca/products/louis-francois-tara-gum
https://supplies.gusta.ca/policies/shipping-policy"
DE,★★★★★,EU27,MILK,672,PI-ING-000236,YES,MILK-GTIN-4045500011145,"frischli H-Vollmilch 3,5% 1 L",frischli,1 L carton; case12 x1L,4045500011145,TEXT,OK,NO,DE,KANDYDAT_PR,frischli.de,DIRECT_SITE_UNCLASSIFIED,"https://www.frischli.de/produkte/index.htm?showproduct=67006&showrange=73333
https://www.amazon.de/frischli-H-Vollmilch-3-5-Fett-12er/dp/B0FJLQYXXX"
DE,★★★★★,EU27,CREAM,130,PI-ING-000180,YES,CREAM-GTIN-4070700003058,Hofgut Schlagsahne 30% 200 g,Hofgut,200 g,4070700003058,TEXT,OK,NO,DE,KANDYDAT_PR,hohenloher-molkerei.de,DIRECT_SITE_UNCLASSIFIED,"https://www.hohenloher-molkerei.de/hubfs/website/produkte/Sahne/Datenblatt/35305_Hofgut_Schlagsahne_30_200g.pdf?hsLang=de
https://edeka-foodservice.de/eigenmarken/produkte/167982005/hofgut-schlagsahne-30-200g"
DE,★★★★★,EU27,SMP,35,PI-ING-000270,YES,SMP-GTIN-04008230010901,Saliter Magermilchpulver 250 g,Saliter,250 g,4008230010901,TEXT,OK,NO,DE,KANDYDAT_PR,saliter.de,DIRECT_SITE_UNCLASSIFIED,"https://saliter.de/milchprodukte/milchpulver/magermilchpulver/
https://www.rewe.de/shop/p/saliter-magermilchpulver-250g/9336729
https://shop.ehrmann.de/Saliter-Magermilchpulver/16051091
https://saliter.de/wp-content/uploads/2024/10/2401-031_SAL_Produktdatenblaetter_Magermilchpulver_250g.pdf"
DE,★★★★★,EU27,SUCROSE,130,PI-ING-000514,YES,GENERIC-SUCROSE,Biały cukier krystaliczny — 100% cukier,GENERIC,dowolne opakowanie,,,,,,READY_PI,,NO_URL,PI-ING-000514
DE,★★★★★,EU27,DEXTROSE,30,PI-ING-000494,YES,DEX-GTIN-04250573301738,Dextrose monohydrat Pulver 5 kg,Golden Peanut,5 kg wiadro,4250573301738,TEXT,OK,NO,DE,KANDYDAT_PR,golden-peanut.de,DIRECT_SITE_UNCLASSIFIED,https://www.golden-peanut.de/Dextrose-monohydrat-Pulver/11135-01
DE,★★★★★,EU27,TARA,3,PI-ING-000492,YES,TARA-GTIN-08055728540170,SaporePuro Farina di Semi di Tara / Gomma di Tara E417,SaporePuro,50 g,8055728540170,TEXT,OK,NO,IT,KANDYDAT_PR,saporepuro.com,DIRECT_SITE_UNCLASSIFIED,"https://saporepuro.com/products/farina-di-semi-di-tara-gomma-di-tara-origine-peru-e417-confezionato-in-italia-1
https://saporepuro.com/cdn/shop/files/TDS_GOMMA_DI_TARA_SAPOREPURO_7ba2d8ce-553c-4b18-8d0a-b511a78af3f0.pdf?v=6266750854494086058
https://saporepuro.com/policies/shipping-policy
https://saporepuro.com/products/farina-di-semi-di-tara-gomma-di-tara-origine-peru-e417-confezionato-in-italia-1.json"
NO,★★★★★,EEA_NON_EU,MILK,672,PI-ING-000236,YES,MILK-NO-TINE-35-1L,"TINE Helmelk 3,5% fett 1 L",TINE,1 L,7038010000065,TEXT,OK,NO,NO,KANDYDAT_PR,tine.no,DIRECT_SITE_UNCLASSIFIED,https://www.tine.no/merkevarer/tinemelk/produkter/tinemelk-helmelk-3-5-fett; https://meny.no/varer/meieri-egg/melk/helmelk/helmelk-7038010000065
NO,★★★★★,EEA_NON_EU,CREAM,130,PI-ING-000180,YES,CREAM-GTIN-7038010041914,TINE Kremfløte 37% 3 dl,TINE,300 ml,7038010041914,TEXT,OK,NO,NO,KANDYDAT_PR,meny.no,DIRECT_SITE_UNCLASSIFIED,"https://meny.no/varer/meieri-egg/flote/kremflote/kremflote-37-7038010041914
https://spar.no/varer/meieri-og-egg/flote/kremflote/kremflote-37-7038010041914"
NO,★★★★★,EEA_NON_EU,SMP,35,PI-ING-000270,YES,SMP-GTIN-08445291393738,Nestlé Skimmed Milk Powder 500 g,Nestlé,500 g,8445291393738,TEXT,OK,NO,ES,KANDYDAT_PR,lyreco.no,DIRECT_SITE_UNCLASSIFIED,"https://www.lyreco.no/objectstore/170806_MAT_NO.pdf
https://magnar-eikeland.emo.no/web/ePortal/ctrl?action=showiteminfo&itemNo=170806
https://www.nestleprofessional.nl/nestle-cacao-en-melkproducten/nestle-skimmed-milk-powder
https://www.carepa.se/globalassets/connect-media/dokument/33/334638_12594687_2025-02-04_livs.pdf"
NO,★★★★★,EEA_NON_EU,SUCROSE,130,PI-ING-000514,YES,GENERIC-SUCROSE,Biały cukier krystaliczny — 100% cukier,GENERIC,dowolne opakowanie,,,,,,READY_PI,,NO_URL,PI-ING-000514
NO,★★★★★,EEA_NON_EU,DEXTROSE,30,PI-ING-000494,YES,DEX-GTIN-05709286720064,Urtegaarden Druesukker 500 g,Urtegaarden,500 g,5709286720064,TEXT,OK,NO,DK,WYMAGA_ETYKIETY,med24.no,DIRECT_SITE_UNCLASSIFIED,"https://www.med24.no/matvarer/soetstoff/druesukker/urtegaarden-druesukker-500-g
https://www.helsebixen.dk/shop/urtegaarden-druesukker.html
https://www.med24.dk/mad-og-drikke/madvarer/sukker-sirup-honning-mm/druesukker/urtegaarden-druesukker-500-g
https://www.cchobby.dk/druesukker-500-g-1-ps"
NO,★★★★★,EEA_NON_EU,TARA,3,PI-ING-000492,YES,TARA-GTIN-04251510635756,Tarakernmehl / Tara gum 100 g,Buxtrade,"100 g, zamykana torebka",4251510635756,TEXT,OK,NO,DE,WYMAGA_ETYKIETY,buxtrade.de,DIRECT_SITE_UNCLASSIFIED,"https://buxtrade.de/products/tarakernmehl
https://buxtrade.de/en/products/tara-gum?variant=47940326686994
https://www.shop-apotheke.at/ernaehrung/upmA3C44Z/buxtrade-tarakernmehl.htm
https://buxtrade.de/cdn/shop/files/MSDS_b695c2a4-95c7-4650-a107-bff1e83f7775-1764632025815.pdf?v=2205973867185397650
https://buxtrade.de/pages/zahlung-und-versand
https://buxtrade.de/pages/haufig-gestellte-fragen-faq"
NZ,★★★★★,ANZ,MILK,672,PI-ING-000236,YES,MILK-GTIN-94152210,Anchor Blue Milk 2 L,Anchor,2 L,94152210,TEXT,OK,NO,EAN-8,KANDYDAT_PR,anchorfoodprofessionals.com,DIRECT_SITE_UNCLASSIFIED,"https://www.anchorfoodprofessionals.com/nz/en/our-products/milk/anchor-blue-top-milk.html
https://www.anchordairy.com/nz/en/products/fresh-milk/anchor-blue-top-milk-2l.html
https://www.njk.co.nz/mknz034.html
https://thegroceryhub.co.nz/products/anchor-blue-full-cream-milk-2l/"
NZ,★★★★★,ANZ,CREAM,130,PI-ING-000180,YES,CREAM-GTIN-94150803,Anchor Long Life Dessert Cream Original,Anchor,250 ml,94150803,TEXT,OK,NO,EAN-8,KANDYDAT_PR,anchordairy.com,DIRECT_SITE_UNCLASSIFIED,"https://www.anchordairy.com/nz/en/products/cream-custard/anchor-longlife-dessert-cream-250ml.html
https://www.woolworths.co.nz/shop/product-details/811500/anchor-cream-long-life
https://www.thewarehouse.co.nz/p/anchor-long-life-cream-uht-250ml-x-24-pack/M22880749.html"
NZ,★★★★★,ANZ,SMP,35,PI-ING-000270,YES,SMP-GTIN-09300633765712,Woolworths Milk Skim Powder,Woolworths,1 kg,9300633765712,TEXT,OK,NO,AU,KANDYDAT_PR,woolworths.co.nz,DIRECT_SITE_UNCLASSIFIED,"https://www.woolworths.co.nz/shop/product-details/789358/woolworths-milk-skim-powder
https://assets.woolworths.com.au/images/2010/789358_1.jpg?impolicy=wowb2bgpkhx"
NZ,★★★★★,ANZ,SUCROSE,130,PI-ING-000514,YES,GENERIC-SUCROSE,Biały cukier krystaliczny — 100% cukier,GENERIC,dowolne opakowanie,,,,,,READY_PI,,NO_URL,PI-ING-000514
NZ,★★★★★,ANZ,DEXTROSE,30,PI-ING-000494,YES,DEX-GTIN-09317127061786,Lotus Glucose Powder (Dextrose) 500g,Lotus,500 g,9317127061786,TEXT,OK,NO,AU,KANDYDAT_PR,kadac.com.au,DIRECT_SITE_UNCLASSIFIED,"https://www.kadac.com.au/browser/product.php?sku=6178
https://www.ohmywellness.co.nz/shop/product/839024/lotus-glucose-powder-dextrose-500g/
https://wholesomemarket.com.au/lotus-glucose-powder-dextrose-500g/
https://ecotraders.com.au/products/lotus-glucose-powder-dextrose
https://ecotraders.com.au/cdn/shop/files/lotus-glucose-powder-dextrose--6178--rear.jpg?v=1785309893&width=1600"
NZ,★★★★★,ANZ,TARA,3,PI-ING-000492,YES,TARA-GTIN-08055728540170,Tara Gum 50gr. / Gomma di Tara E417,SaporePuro,50 g,8055728540170,TEXT,OK,NO,IT,KANDYDAT_PR,bakingwarehouse.com,DIRECT_SITE_UNCLASSIFIED,"https://bakingwarehouse.com/products/tara-gum-50gr-saporepuro
https://bakingwarehouse.com/pages/worldwide-shipping
https://saporepuro.myshopify.com/products/farina-di-semi-di-tara-gomma-di-tara-origine-peru-e417-confezionato-in-italia-1
https://saporepuro.myshopify.com/products/farina-di-semi-di-tara-gomma-di-tara-origine-peru-e417-confezionato-in-italia-1.json
https://saporepuro.myshopify.com/cdn/shop/files/TDS_GOMMA_DI_TARA_SAPOREPURO_7ba2d8ce-553c-4b18-8d0a-b511a78af3f0.pdf?v=6266750854494086058
https://thesourcery.co.nz/products/tara-gum
https://saporepuro.com/products/farina-di-semi-di-tara-gomma-di-tara-origine-peru-e417-confezionato-in-italia-1.json"
PL,★★★★★,EU27,MILK,672,PI-ING-000236,YES,MILK-GTIN-5900820016296,"Łaciate Mleko UHT 3,5%, 200 ml",Łaciate,200 ml karton,5900820016296,TEXT,OK,NO,PL,KANDYDAT_PR,mlekpol.com.pl,DIRECT_SITE_UNCLASSIFIED,"https://mlekpol.com.pl/index.php/en/produkt/laciate-uht-milk-35-2/
https://leclerc.com.pl/laciate-mleko-uht-35
https://www.carrefour.pl/napoje/mleko-napoje-mleczne-i-roslinne/mleko-uht/laciate-mleko-uht-35-200-ml"
PL,★★★★★,EU27,CREAM,130,PI-ING-000180,YES,CREAM-GTIN-5900512300634,Śmietanka Polska 30% UHT 1 L,Mlekovita,1 L,5900512300634,TEXT,OK,NO,PL,KANDYDAT_PR,mlekovita.com.pl,DIRECT_SITE_UNCLASSIFIED,https://mlekovita.com.pl/produkt/smietanka-uht-polska-30-tluszczu-1-l-491
PL,★★★★★,EU27,SMP,35,PI-ING-000270,YES,SMP-GTIN-05900512500546,Mleko w proszku odtłuszczone instant,Mlekovita,250 g,5900512500546,TEXT,OK,NO,PL,KANDYDAT_PR,divinebody.pl,DIRECT_SITE_UNCLASSIFIED,"https://www.divinebody.pl/pl/p/Mlekovita-Mleko-w-proszku-odtluszczone-instant-250/3244
https://www.polskisklep.de/pl/Mlekovita-mleko-w-proszku-250g/33196
https://torimpex.pl/produkt/mlekovita-mleko-w-proszku-odtluszczone-instant-250-g/"
PL,★★★★★,EU27,SUCROSE,130,PI-ING-000514,YES,GENERIC-SUCROSE,Biały cukier krystaliczny — 100% cukier,GENERIC,dowolne opakowanie,,,,,,READY_PI,,NO_URL,PI-ING-000514
PL,★★★★★,EU27,DEXTROSE,30,PI-ING-000494,YES,DEX-PL-PRODUCT,Dekstroza – glukoza spożywcza jednowodna 100g,KicCake,100 g,,,,,,WYMAGA_GTIN,kiccake.pl,DIRECT_SITE_UNCLASSIFIED,https://kiccake.pl/pl/products/dekstroza-glukoza-spozywcza-jednowodna-100g-kiccake-109326.html
PL,★★★★★,EU27,TARA,3,PI-ING-000492,YES,TARA-PL-PRODUCT,Guma Tara (E417) 130002 SEMPRE,SEMPRE,500 g black PE jar,,,,,,WYMAGA_GTIN,cukieteria.pl,DIRECT_SITE_UNCLASSIFIED,https://www.cukieteria.pl/dodatki-funkcjonalne-do-lodow/13953-op-500-g-guma-tara-e417-130002-sempre-dodatek-do-zywnosci-o-wlasciwosciach-zageszczajacych-i-stabilizujacych.html
PT,★★★★★,EU27,MILK,672,PI-ING-000236,YES,MILK-GTIN-5601049131998,Leite Mimosa UHT Inteiro 1L,Mimosa,1 L karton UHT,5601049131998,TEXT,OK,NO,PT,KANDYDAT_PR,auchan.pt,DIRECT_SITE_UNCLASSIFIED,"https://www.auchan.pt/pt/alimentacao/produtos-lacteos/leites/leite-uht/leite-mimosa-uht-inteiro-1l/11864.html
https://mimosa.pt/produtos/leite/uht/"
PT,★★★★★,EU27,CREAM,130,PI-ING-000180,YES,CREAM-GTIN-5603089007370,Parmalat Nata para Bater 30% 500 ml,Parmalat,500 ml,5603089007370,TEXT,OK,NO,PT,KANDYDAT_PR,parmalat.pt,DIRECT_SITE_UNCLASSIFIED,"https://parmalat.pt/produto/nata-para-bater-500-ml/
https://www.auchan.pt/pt/alimentacao/produtos-lacteos/natas-bechamel-e-chantilly/natas/nata-parmalat-para-bater-500ml/2307302.html"
PT,★★★★★,EU27,SMP,35,PI-ING-000270,YES,SMP-GTIN-03043932663704,Leite Magro em Pó,Régilait,250 g,3043932663704,TEXT,OK,NO,FR,KANDYDAT_PR,auchan.pt,DIRECT_SITE_UNCLASSIFIED,https://www.auchan.pt/pt/alimentacao/produtos-lacteos/leites/leite-em-po/leite-em-po-regilait-magro-250g/3717097.html
PT,★★★★★,EU27,SUCROSE,130,PI-ING-000514,YES,GENERIC-SUCROSE,Biały cukier krystaliczny — 100% cukier,GENERIC,dowolne opakowanie,,,,,,READY_PI,,NO_URL,PI-ING-000514
PT,★★★★★,EU27,DEXTROSE,30,PI-ING-000494,YES,DEX-GTIN-05600985800333,Zumub Dextrose 1kg,Zumub,1 kg,5600985800333,TEXT,OK,NO,PT,KANDYDAT_PR,zumub.com,DIRECT_SITE_UNCLASSIFIED,https://www.zumub.com/PT/nutri-ao-desportiva/dextrose/dextrose-1kg-p-9210
PT,★★★★★,EU27,TARA,3,PI-ING-000492,YES,TARA-GTIN-08055728540170,SaporePuro Farina di Semi di Tara / Gomma di Tara E417,SaporePuro,50 g,8055728540170,TEXT,OK,NO,IT,KANDYDAT_PR,saporepuro.com,DIRECT_SITE_UNCLASSIFIED,"https://saporepuro.com/products/farina-di-semi-di-tara-gomma-di-tara-origine-peru-e417-confezionato-in-italia-1
https://saporepuro.com/cdn/shop/files/TDS_GOMMA_DI_TARA_SAPOREPURO_7ba2d8ce-553c-4b18-8d0a-b511a78af3f0.pdf?v=6266750854494086058
https://saporepuro.com/policies/shipping-policy
https://ferreralimentacion.com/pt-pt/producto/goma-tara/
https://saporepuro.com/products/farina-di-semi-di-tara-gomma-di-tara-origine-peru-e417-confezionato-in-italia-1.json"
US,★★★★★,UNITED_STATES,MILK,672,PI-ING-000236,YES,MILK-GTIN-0093966513004,Organic Valley Whole Milk Half Gallon,Organic Valley,"64 fl oz / 1,89 L",0093966513004,TEXT,OK,NO,US/CA,KANDYDAT_PR,priceritemarketplace.com,DIRECT_SITE_UNCLASSIFIED,"https://www.priceritemarketplace.com/sm/planning/rsid/377/product/organic-valley-whole-milk-half-gallon-id-00093966513004
https://www.frysfood.com/p/organic-valley-whole-milk-half-gallon/0009396651300"
US,★★★★★,UNITED_STATES,CREAM,130,PI-ING-000180,YES,CREAM-GTIN-092825922230,"Brookshire’s Whipping Cream Ultra-Pasteurized, minimum36% milkfat",Brookshire’s,1 pint (473ml),092825922230,TEXT,OK,NO,US/CA (UPC-A),KANDYDAT_PR,freshbybrookshires.com,DIRECT_SITE_UNCLASSIFIED,"https://www.freshbybrookshires.com/product/brookshires-whipping-cream-1-pint-id-00092825922230
https://delivery.brookshires.com/store/brookshires/products/18635421-brookshire-s-whipping-cream-ultra-pasteurized-30-milkfat-16-oz
https://www.instacart.com/assets/domains/product-image/file/large_446fe81a-4801-4126-9156-250638e72b98.jpeg
https://www.instacart.com/assets/domains/product-image/file/large_4993032d-f5b6-490b-a3ac-171923323bd1.jpeg
https://www.instacart.com/assets/domains/product-image/file/large_eddfdad2-9574-467a-a2ac-f65b99b930e5.jpeg"
US,★★★★★,UNITED_STATES,SMP,35,PI-ING-000270,YES,SMP-BRM-11520,Bob's Red Mill Nonfat Dry Milk Powder,Bob's Red Mill,22 oz / 624 g,039978115201,TEXT,OK,NO,US/CA (UPC-A),KANDYDAT_PR,bobsredmill.com,DIRECT_SITE_UNCLASSIFIED,"https://www.bobsredmill.com/product/non-fat-dry-milk-powder
https://www.vitacost.com/products/bob-s-red-mill-milk-powder-nonfat-dry-22-oz-624-g-97753
https://www.swansonvitamins.com/p/bobs-red-mill-nonfat-dry-milk-powder-22-oz-pkg"
US,★★★★★,UNITED_STATES,SUCROSE,130,PI-ING-000514,YES,GENERIC-SUCROSE,Biały cukier krystaliczny — 100% cukier,GENERIC,dowolne opakowanie,,,,,,READY_PI,,NO_URL,PI-ING-000514
US,★★★★★,UNITED_STATES,DEXTROSE,30,PI-ING-000494,YES,DEX-US-BREWMASTER-AD310,Brewmaster Corn Sugar / Dextrose Monohydrate,Brewmaster,"1 lb / 453,6 g",843200100039,TEXT,OK,NO,US/CA (UPC-A),WYMAGA_ETYKIETY,morebeer.com,DIRECT_SITE_UNCLASSIFIED,"https://morebeer.com/products/corn-sugar
https://morebeer.com/products/corn-sugar.js"
US,★★★★★,UNITED_STATES,TARA,3,PI-ING-000492,YES,TARA-MP-1508-50,Tara Gum — Home 50g,Modernist Pantry,50 g,819543011967,TEXT,OK,NO,US/CA (UPC-A),HOLD_US,modernistpantry.com,DIRECT_SITE_UNCLASSIFIED,"https://modernistpantry.com/products/tara-gum.html
https://cdn11.bigcommerce.com/s-nu5wtrnr3h/images/stencil/1280x1280/products/507/1289/modernistpantry_taragum_50g_back__92203.1691090330.jpg?c=1
https://www.fda.gov/media/178582/download"
CH,★★★★★,SWITZERLAND,MILK,672,PI-ING-000236,YES,MILK-GTIN-7610900041589,Prima Vollmilch UHT 3.5% 1L Tetra Base,Prima,1 L Tetra Base; jednostka konsumencka w zgrzewce 12 x 1 L,7610900041589,TEXT,OK,NO,CH,KANDYDAT_PR,emmi-food-service.ch,DIRECT_SITE_UNCLASSIFIED,"https://www.emmi-food-service.ch/dam/jcr:5fc3bd05-f1c4-4744-a604-870057e1b92b/1140855_prima-vollmilch_12x1l.2024-11-19-13-02-57.pdf
https://www.emmi-food-service.ch/che/de/genusswelten/milch-nachhaltigkeit/produktdetailseiten/prima-vollmilch
https://ofrex.ch/products/1647201013"
CH,★★★★★,SWITZERLAND,CREAM,130,PI-ING-000180,YES,CREAM-GTIN-7613269880585,Valflora Vollrahm UHT 35% 250 ml,Valflora,250 ml,7613269880585,TEXT,OK,NO,CH,KANDYDAT_PR,migipedia.migros.ch,DIRECT_SITE_UNCLASSIFIED,"https://migipedia.migros.ch/de/valflora-vollrahm-35-milchfett-uht-204111300000?community=details
https://migipedia.migros.ch/de/valflora-vollrahm-35-milchfett-uht-204111300000?community=details&message.id=1192594
https://www.migros.ch/en/product/204111300000"
CH,★★★★★,SWITZERLAND,SMP,35,PI-ING-000270,YES,SMP-CH-SKU,Coop Magermilchpulver 350 g,Coop,350 g,,,,,,WYMAGA_GTIN,coop.ch,DIRECT_SITE_UNCLASSIFIED,https://www.coop.ch/de/lebensmittel/milchprodukte-eier/milch/spezialmilch/magermilchpulver/p/3080756
CH,★★★★★,SWITZERLAND,SUCROSE,130,PI-ING-000514,YES,GENERIC-SUCROSE,Biały cukier krystaliczny — 100% cukier,GENERIC,dowolne opakowanie,,,,,,READY_PI,,NO_URL,PI-ING-000514
CH,★★★★★,SWITZERLAND,DEXTROSE,30,PI-ING-000494,YES,DEX-GTIN-07640153565938,Dextrose Pulver Neutral 1000 g,Lee-Sport®,1000 g,7640153565938,TEXT,OK,NO,CH,KANDYDAT_PR,whey-protein.ch,DIRECT_SITE_UNCLASSIFIED,"https://whey-protein.ch/products/dextrose-pulver
https://whey-protein.ch/products/dextrose-pulver.js"
CH,★★★★★,SWITZERLAND,TARA,3,PI-ING-000492,YES,TARA-GTIN-08055728540170,SaporePuro Farina di Semi di Tara / Gomma di Tara E417,SaporePuro,50 g,8055728540170,TEXT,OK,NO,IT,KANDYDAT_PR,saporepuro.com,DIRECT_SITE_UNCLASSIFIED,"https://saporepuro.com/products/farina-di-semi-di-tara-gomma-di-tara-origine-peru-e417-confezionato-in-italia-1
https://saporepuro.com/cdn/shop/files/TDS_GOMMA_DI_TARA_SAPOREPURO_7ba2d8ce-553c-4b18-8d0a-b511a78af3f0.pdf?v=6266750854494086058
https://saporepuro.com/policies/shipping-policy
https://saporepuro.com/products/farina-di-semi-di-tara-gomma-di-tara-origine-peru-e417-confezionato-in-italia-1.json"
SE,★★★★★,EU27,MILK,672,PI-ING-000236,YES,MILK-GTIN-5709310050303,"Arla Sødmælk / Mjölk 3,5% UHT 1 L",Arla,1 L carton with screw cap,5709310050303,TEXT,OK,NO,DK,KANDYDAT_PR,chefsculinar.se,DIRECT_SITE_UNCLASSIFIED,"https://www.chefsculinar.se/sv-se/mat-and-dryck/mejeri-and-gg/mj-lk/mj-lk-3-5-uht-1l-34231043
https://danfoods.dk/wp-content/uploads/data-sheets/700000/700000%20S%C3%98DM%C3%86LK%20UHT%20ARLA%201L%2088508.pdf"
SE,★★★★★,EU27,CREAM,130,PI-ING-000180,YES,CREAM-GTIN-7311043021192,DairyFood Grädde Lång Hållbarhet 30% 2.5 dl,DairyFood,250 ml,7311043021192,TEXT,OK,NO,SE,KANDYDAT_PR,delitea.se,DIRECT_SITE_UNCLASSIFIED,https://www.delitea.se/dairy-food-gradde-lang-hallbarhet-30-25dl
SE,★★★★★,EU27,SMP,35,PI-ING-000270,YES,SMP-GTIN-07310100318985,"Semper Mjölkpulver till bak, mat och dryck 480 g",Semper,480 g,7310100318985,TEXT,OK,NO,SE,KANDYDAT_PR,dabas.com,DIRECT_SITE_UNCLASSIFIED,"https://www.dabas.com/productsheet/07310100318985
https://www.mathem.se/se/products/10879-semper-mjolkpulver-fettfri/
https://www.martinservera.se/produkter/633057/torrmjolk-fettfri-480g"
SE,★★★★★,EU27,SUCROSE,130,PI-ING-000514,YES,GENERIC-SUCROSE,Biały cukier krystaliczny — 100% cukier,GENERIC,dowolne opakowanie,,,,,,READY_PI,,NO_URL,PI-ING-000514
SE,★★★★★,EU27,DEXTROSE,30,PI-ING-000494,YES,DEX-GTIN-05709286720064,Urtegaarden Druvsocker 500 g,Urtegaarden,500 g,5709286720064,TEXT,OK,NO,DK,WYMAGA_ETYKIETY,med24.se,DIRECT_SITE_UNCLASSIFIED,"https://www.med24.se/matvaror/socker-sirap-honung/druvsocker/urtegaarden-druvsocker-500-g
https://www.helsebixen.dk/shop/urtegaarden-druesukker.html
https://www.med24.dk/mad-og-drikke/madvarer/sukker-sirup-honning-mm/druesukker/urtegaarden-druesukker-500-g
https://www.cchobby.dk/druesukker-500-g-1-ps"
SE,★★★★★,EU27,TARA,3,PI-ING-000492,YES,TARA-GTIN-08055728540170,SaporePuro Farina di Semi di Tara / Gomma di Tara E417,SaporePuro,50 g,8055728540170,TEXT,OK,NO,IT,KANDYDAT_PR,saporepuro.com,DIRECT_SITE_UNCLASSIFIED,"https://saporepuro.com/products/farina-di-semi-di-tara-gomma-di-tara-origine-peru-e417-confezionato-in-italia-1
https://saporepuro.com/cdn/shop/files/TDS_GOMMA_DI_TARA_SAPOREPURO_7ba2d8ce-553c-4b18-8d0a-b511a78af3f0.pdf?v=6266750854494086058
https://saporepuro.com/policies/shipping-policy
https://saporepuro.com/products/farina-di-semi-di-tara-gomma-di-tara-origine-peru-e417-confezionato-in-italia-1.json"
GB,★★★★★,UNITED_KINGDOM,MILK,672,PI-ING-000236,YES,MILK-GTIN-5000181024050,Arla Cravendale Whole Milk 2L,Arla Cravendale,"2 L butelka, świeże filtrowane mleko",5000181024050,TEXT,OK,NO,GB,KANDYDAT_PR,arlafoods.co.uk,DIRECT_SITE_UNCLASSIFIED,https://www.arlafoods.co.uk/brands/arla-cravendale/cravendale-whole-milk-2l/
GB,★★★★★,UNITED_KINGDOM,CREAM,130,PI-ING-000180,YES,CREAM-GTIN-5900820000455,Łaciata Śmietanka UHT 30% 500 ml,Łaciata,500 ml,5900820000455,TEXT,OK,NO,PL,KANDYDAT_PR,mlekpol.com.pl,DIRECT_SITE_UNCLASSIFIED,"https://mlekpol.com.pl/index.php/en/produkt/laciata-uht-cream-30/
https://leclerc.com.pl/laciata-smietanka-30
https://uk.foodplus.eu/en_GB/p/UHT-Laciata-30-Cream-500ml-Mlekpol/26418"
GB,★★★★★,UNITED_KINGDOM,SMP,35,PI-ING-000270,YES,SMP-GTIN-05060113910714,Milfresh Gold Superior Granulated Skimmed Milk 500 g,Milfresh / Aimia Foods,500 g; karton 10 × 500 g,5060113910714,TEXT,OK,NO,GB,KANDYDAT_PR,static.viking-direct.co.uk,DIRECT_SITE_UNCLASSIFIED,"https://static.viking-direct.co.uk/is/content/odeu13/PDF/FRD_1185392_EN.pdf
https://www.templemanrv.co.uk/nutrition-pdf/9501/
https://www.brake.co.uk/dairy/milk/powder/bulk/milfresh-gold-superior-granulated-skimmed-milk/p/28375"
GB,★★★★★,UNITED_KINGDOM,SUCROSE,130,PI-ING-000514,YES,GENERIC-SUCROSE,Biały cukier krystaliczny — 100% cukier,GENERIC,dowolne opakowanie,,,,,,READY_PI,,NO_URL,PI-ING-000514
GB,★★★★★,UNITED_KINGDOM,DEXTROSE,30,PI-ING-000494,YES,DEX-GB-PRODUCT,Meritose 200 Dextrose Monohydrate 25 kg,Meritose 200,25 kg,,,,,,WYMAGA_ETYKIETY,kentfoodsdirect.co.uk,DIRECT_SITE_UNCLASSIFIED,"https://www.kentfoodsdirect.co.uk/products/dextrose-monohydrate-m200-25kg
https://cdn.shopify.com/s/files/1/0298/2861/2156/files/STA00014_-25KG_DEXTROSE_MONOHYDRATE_AAL_1.pdf?v=1736848511"
GB,★★★★★,UNITED_KINGDOM,TARA,3,PI-ING-000492,YES,TARA-GTIN-08055728540170,SaporePuro Farina di Semi di Tara / Gomma di Tara E417,SaporePuro,50 g,8055728540170,TEXT,OK,NO,IT,KANDYDAT_PR,saporepuro.com,DIRECT_SITE_UNCLASSIFIED,"https://saporepuro.com/products/farina-di-semi-di-tara-gomma-di-tara-origine-peru-e417-confezionato-in-italia-1
https://saporepuro.com/cdn/shop/files/TDS_GOMMA_DI_TARA_SAPOREPURO_7ba2d8ce-553c-4b18-8d0a-b511a78af3f0.pdf?v=6266750854494086058
https://saporepuro.com/policies/shipping-policy
https://www.unifect.com/products/organic-tara-gum-food-grade/
https://saporepuro.com/products/farina-di-semi-di-tara-gomma-di-tara-origine-peru-e417-confezionato-in-italia-1.json"
IT,★★★★★,EU27,MILK,672,PI-ING-000236,YES,MILK-IT-GRANAROLO,Granarolo Latte Intero UHT,Granarolo,1 l,8002670169607,TEXT,OK,NO,IT,KANDYDAT_PR,granarolo.it,DIRECT_SITE_UNCLASSIFIED,https://www.granarolo.it/marchi/linea-granarolo/latte/latte-intero-da-latte-alta-qualita-granarolo-uht | https://www.carrefour.it/p/granarolo-latte-intero-uht-a-lunga-conservazione-1-l/8002670169607.html
IT,★★★★★,EU27,CREAM,130,PI-ING-000180,YES,CREAM-GTIN-4034900027405,Meggle Panna non zuccherata da montare e per cucinare UHT 30% 200 ml,Meggle,200 ml,4034900027405,TEXT,OK,NO,DE,KANDYDAT_PR,meggle.it,DIRECT_SITE_UNCLASSIFIED,"https://www.meggle.it/i-prodotti/panna/panna-da-montare
https://www.cosicomodo.it/italmark/flero/Panna-e-besciamella/Meggle-Panna-Non-Zuccherata%2A-200-ml/p/4034900027405"
IT,★★★★★,EU27,SMP,35,PI-ING-000270,YES,SMP-GTIN-08004990133030,Latte scremato in polvere istantaneo,Ristora,puszka 300 g,8004990133030,TEXT,OK,NO,IT,KANDYDAT_PR,bevandeistantanee.it,DIRECT_SITE_UNCLASSIFIED,"https://www.bevandeistantanee.it/products/latte-scremato-in-polvere-ristora
https://www.spesasicura.com/product/ristora-latte-scrempolvere-lattgr300-id-23533
https://sugros.com/prodotto/ristora-latte-in-polvere-300-gr"
IT,★★★★★,EU27,SUCROSE,130,PI-ING-000514,YES,GENERIC-SUCROSE,Biały cukier krystaliczny — 100% cukier,GENERIC,dowolne opakowanie,,,,,,READY_PI,,NO_URL,PI-ING-000514
IT,★★★★★,EU27,DEXTROSE,30,PI-ING-000494,YES,DEX-GTIN-08050246530061,Destrosio Monoidrato 1kg,Artegustando,1 kg,8050246530061,TEXT,OK,NO,IT,KANDYDAT_PR,artegustando.com,DIRECT_SITE_UNCLASSIFIED,https://artegustando.com/products/destrosio-monoidrato
IT,★★★★★,EU27,TARA,3,PI-ING-000492,YES,TARA-GTIN-08055728540170,SaporePuro Farina di Semi di Tara / Gomma di Tara E417,SaporePuro,50 g,8055728540170,TEXT,OK,NO,IT,KANDYDAT_PR,saporepuro.com,DIRECT_SITE_UNCLASSIFIED,"https://saporepuro.com/products/farina-di-semi-di-tara-gomma-di-tara-origine-peru-e417-confezionato-in-italia-1
https://saporepuro.com/cdn/shop/files/TDS_GOMMA_DI_TARA_SAPOREPURO_7ba2d8ce-553c-4b18-8d0a-b511a78af3f0.pdf?v=6266750854494086058
https://saporepuro.com/policies/shipping-policy
https://saporepuro.com/products/farina-di-semi-di-tara-gomma-di-tara-origine-peru-e417-confezionato-in-italia-1.json"
DZ,★★★★,MAGHREB,MILK,672,PI-ING-000236,YES,MILK-GTIN-6130760003592,Lait Entier Stérilisé UHT 1L,Soummam,1 L,6130760003592,TEXT,OK,NO,DZ,KANDYDAT_PR,soummam-dz.com,DIRECT_SITE_UNCLASSIFIED,"https://www.soummam-dz.com/produit.html?f=3&sf=2
https://mantooj.net/index.php?controller=product&id=13821&lang=ar&layout=detail&option=com_gs1
https://www.taibaoline.com/product/soummam-lait-entier-1-litre/"
DZ,★★★★,MAGHREB,CREAM,130,PI-ING-000180,YES,CREAM-GTIN-3412290032215,Paysan Breton La Crème Pâtisserie & Cuisine UHT 30%,Paysan Breton,20 cl,3412290032215,TEXT,OK,NO,FR,KANDYDAT_WARUNKOWY,casinetto.com,DIRECT_SITE_UNCLASSIFIED,"https://casinetto.com/products/cooking-and-whipping-cream-30/
https://bf1af2.akinoncloudcdn.com/products/2025/03/28/87485/697134c3-73cd-408b-8a68-2100017edff8_size1920_cropCenter.jpg
https://bf1af2.akinoncloudcdn.com/products/2025/03/28/87485/4dd8e776-62e5-4b64-8b34-30e98d6b5a69_size1920_cropCenter.jpg"
DZ,★★★★,MAGHREB,SMP,35,PI-ING-000270,YES,SMP-GTIN-00733739058324,NOW Real Food Organic Non-Fat Dry Milk Powder,NOW Foods Real Food,torebka 12 oz (340 g),733739058324,TEXT,OK,NO,US/CA (UPC-A),KANDYDAT_PR,dz.iherb.com,DIRECT_SITE_UNCLASSIFIED,"https://dz.iherb.com/pr/now-foods-real-food-organic-non-fat-dry-milk-powder-12-oz-340-g/21134
https://www.nowfoods.com/products/natural-foods/non-fat-dry-milk-powder-organic
https://www.iherb.com/shipping/dz"
DZ,★★★★,MAGHREB,SUCROSE,130,PI-ING-000514,YES,GENERIC-SUCROSE,Biały cukier krystaliczny — 100% cukier,GENERIC,dowolne opakowanie,,,,,,READY_PI,,NO_URL,PI-ING-000514
DZ,★★★★,MAGHREB,DEXTROSE,30,PI-ING-000494,YES,DEX-DZ-PRODUCT,Dextrose Monohydrate — food grade,Chemstock,B2B — opakowanie niepubliczne,,,,,,WYMAGA_ETYKIETY,chemstock.ae,DIRECT_SITE_UNCLASSIFIED,https://chemstock.ae/industrial-chemicals/food-chemicals/dextrose-monohydrate-supplier-uae/
DZ,★★★★,MAGHREB,TARA,3,PI-ING-000492,YES,TARA-GTIN-00711221973065,Cape Crystal Brands Tara Gum Powder,Cape Crystal Brands,8 oz (226.8 g),711221973065,TEXT,OK,NO,US/CA (UPC-A),WYMAGA_DOSTAWY,ubuy.dz,DIRECT_SITE_UNCLASSIFIED,"https://www.ubuy.dz/en/product/4D8YY3QCG-tara-gum-powder-8-oz-from-the-amazon-pantry-imparts-a-creamy-mouthfeel-to-dairy-products-soups-and-sauces-kosher-vegan-nongmo-highest-purity
https://www.capecrystalbrands.com/products/tara-gum"
SA,★★★★,GCC,MILK,672,PI-ING-000236,YES,MILK-GTIN-6281007040235,Almarai Fresh Milk Full Fat 1 L,Almarai,1 L,6281007040235,TEXT,OK,NO,SA,KANDYDAT_PR,almarai.com,DIRECT_SITE_UNCLASSIFIED,"https://www.almarai.com/en/brands/almarai/liquid-dairy/fresh-milk/fresh-milk-full-fat
https://mohideensupermarket.com/product/almarai-milk-full-fat-3-1-ltr/
https://furdtk.com/en/shop/category/dairy-eggs-fresh-milk-3288
https://barcode-list.com/barcode/EN/barcode-6281007040235/Search.htm"
SA,★★★★,GCC,CREAM,130,PI-ING-000180,YES,CREAM-GTIN-3412290032215,Paysan Breton La Crème Pâtisserie & Cuisine UHT 30%,Paysan Breton,20 cl,3412290032215,TEXT,OK,NO,FR,KANDYDAT_PR,casinetto.com,DIRECT_SITE_UNCLASSIFIED,"https://casinetto.com/products/cooking-and-whipping-cream-30/
https://bf1af2.akinoncloudcdn.com/products/2025/03/28/87485/697134c3-73cd-408b-8a68-2100017edff8_size1920_cropCenter.jpg
https://bf1af2.akinoncloudcdn.com/products/2025/03/28/87485/4dd8e776-62e5-4b64-8b34-30e98d6b5a69_size1920_cropCenter.jpg
https://casinetto.com/products/cooking-and-whipping-cream-30/
https://www.carrefourksa.com/mafsau/en/fresh-cream/pb-cooking-cream-uht-20cl/p/595748"
SA,★★★★,GCC,SMP,35,PI-ING-000270,YES,SMP-GTIN-03043931692415,Régilait Instant Skimmed Milk Powder 0% Fat,Régilait,puszka 700 g,3043931692415,TEXT,OK,NO,FR,KANDYDAT_PR,gcc.luluhypermarket.com,DIRECT_SITE_UNCLASSIFIED,"https://gcc.luluhypermarket.com/en-sa/regilait-0-fat-instant-skimmed-milk-powder-700-g/p/3706
https://regilait.com/en/products/powdered-milks/instant-skimmed-milk-powder-0-fat
https://www.amazon.ae/REGILAIT-NON-SKIMD-MILK-700G/dp/B07NF7B1H6"
SA,★★★★,GCC,SUCROSE,130,PI-ING-000514,YES,GENERIC-SUCROSE,Biały cukier krystaliczny — 100% cukier,GENERIC,dowolne opakowanie,,,,,,READY_PI,,NO_URL,PI-ING-000514
SA,★★★★,GCC,DEXTROSE,30,PI-ING-000494,YES,DEX-SA-PRODUCT,DEXTROSE MONOHYDRATE 25kg,Unspecified manufacturer,25 kg,,,,,,WYMAGA_ETYKIETY,bsaten-althuaq.com,DIRECT_SITE_UNCLASSIFIED,https://bsaten-althuaq.com/en/products/dextrose-monohydrate-25kg-%D8%AF%D9%83%D8%B3%D8%AA%D8%B1%D9%88%D8%B2
SA,★★★★,GCC,TARA,3,PI-ING-000492,YES,TARA-GTIN-00711221973058,Cape Crystal Brands Tara Gum Powder,Cape Crystal Brands,2 oz (56.7 g),711221973058,TEXT,OK,NO,US/CA (UPC-A),WYMAGA_DOSTAWY,ubuy.com.sa,DIRECT_SITE_UNCLASSIFIED,"https://www.ubuy.com.sa/en/product/4LRAT8WUW-tara-gum-powder-2-oz-from-the-amazon-pantry-imparts-a-creamy-mouthfeel-to-dairy-products-soups-and-sauces-kosher-vegan-nongmo-highest-purity
https://www.capecrystalbrands.com/products/tara-gum"
AR,★★★★,LATAM_SOUTH_CONE,MILK,672,PI-ING-000236,YES,MILK-AR-LASERENISIMA-30-1L,La Serenísima Leche Larga Vida Clásica 3% 1 L,La Serenísima,1 L,7790742308801,TEXT,OK,NO,AR,KANDYDAT_PR,carrefour.com.ar,DIRECT_SITE_UNCLASSIFIED,https://www.carrefour.com.ar/leche-entera-larga-vida-la-serenisima-3-1-l/p; https://www.coto.com.ar/productos/_/A-00253482-00253482-200/; https://www.laserenisima.com.ar/leches3210/
AR,★★★★,LATAM_SOUTH_CONE,CREAM,130,PI-ING-000180,YES,CREAM-GTIN-7794820901670,Milkaut Profesional Crema de Leche 39%,Milkaut,"5 l, sachet",7794820901670,TEXT,OK,NO,AR,KANDYDAT_PR,milkautprofesional.com.ar,DIRECT_SITE_UNCLASSIFIED,"https://milkautprofesional.com.ar/productos/cremas/crema-39/
https://www.cocinaconvalentino.com.ar/cremas-de-leche/17213-crema-de-leche-milkaut-sachet-x-5-lts-39-7794820901670.html"
AR,★★★★,LATAM_SOUTH_CONE,SMP,35,PI-ING-000270,YES,SMP-GTIN-07790742436405,La Serenísima Leche en Polvo Liviana / Descremada Instantánea 400 g,La Serenísima,400 g,7790742436405,TEXT,OK,NO,AR,KANDYDAT_PR,jumbo.com.ar,DIRECT_SITE_UNCLASSIFIED,"https://www.jumbo.com.ar/leche-en-polvo-descremada-la-serenisima-400-gr/p
https://www.jumbo.com.ar/api/catalog_system/pub/products/search?fq=alternateIds_RefId:11240102004
https://jumboargentina.vtexassets.com/arquivos/ids/869467/Leche-En-Polvo-Descremada-La-Serenisima-400-Gr-2-861793.jpg?v=638842269705070000
https://www.supertop.com.ar/leche-la-serenisima-en-polvo-descremada-instantanea-x-400gr-7790742436405/p
https://www.laserenisima.com.ar/productos.php
https://www.laserenisima.com.ar/ajax/getinfo.php?seccion=getProductos&categoria=X&subcat=2"
AR,★★★★,LATAM_SOUTH_CONE,SUCROSE,130,PI-ING-000514,YES,GENERIC-SUCROSE,Biały cukier krystaliczny — 100% cukier,GENERIC,dowolne opakowanie,,,,,,READY_PI,,NO_URL,PI-ING-000514
AR,★★★★,LATAM_SOUTH_CONE,DEXTROSE,30,PI-ING-000494,YES,DEX-AR-PRODUCT,Dextrosa Monohidratada x 1kg,Bioenzim,1 kg,,,,,,WYMAGA_ETYKIETY,bioenzimtienda.com,DIRECT_SITE_UNCLASSIFIED,https://bioenzimtienda.com/productos/dextrosa-monohidratada-x-1kg-1j5jc/
AR,★★★★,LATAM_SOUTH_CONE,TARA,3,PI-ING-000492,YES,TARA-AR-PRODUCT,Goma Tara Grado Alimenticio Calidad Premium,Química Palumbo,Gramatura niepubliczna,,,,,,WYMAGA_ETYKIETY,quimicapalumbo.com.ar,DIRECT_SITE_UNCLASSIFIED,https://www.quimicapalumbo.com.ar/productos/goma-tara-grado-alimenticio-calidad-premium/
BH,★★★★,GCC,MILK,672,PI-ING-000236,YES,MILK-GTIN-5711953072352,Organic Milk Full Fat 200ml,Arla,200 ml,5711953072352,TEXT,OK,NO,DK,KANDYDAT_PR,mea.arla.com,DIRECT_SITE_UNCLASSIFIED,"https://mea.arla.com/product-overview/organicmilk/full-fat-200ml-3195/
https://www.thefreshmarketdubai.com/products/arla-organic-milk-full-fat-200ml-5711953072352
https://gcc.luluhypermarket.com/en-bh/arla-organic-milk-full-fat-200-ml/p/1353021-ea"
BH,★★★★,GCC,CREAM,130,PI-ING-000180,YES,CREAM-GTIN-5700426230177,Puck Whipping Cream UHT,Puck,200 ml,5700426230177,TEXT,OK,NO,DK,KANDYDAT_PR,puckarabia.com,DIRECT_SITE_UNCLASSIFIED,"https://www.puckarabia.com/en/products/whipping-cream/
https://www.sharjahcoop.ae/en/puck-whipping-cream-200ml/p/5700426230177
https://gcc.luluhypermarket.com/en-bh/puck-whipping-cream-200-ml/p/211342"
BH,★★★★,GCC,SMP,35,PI-ING-000270,YES,SMP-GTIN-03043931692415,Régilait Instant Skimmed Milk Powder 0% Fat,Régilait,puszka 700 g,3043931692415,TEXT,OK,NO,FR,KANDYDAT_PR,bahrain.sharafdg.com,DIRECT_SITE_UNCLASSIFIED,"https://bahrain.sharafdg.com/product/regilait-fat-free-instant-skimmed-milk-powder-700gm/
https://regilait.com/en/products/powdered-milks/instant-skimmed-milk-powder-0-fat
https://www.amazon.ae/REGILAIT-NON-SKIMD-MILK-700G/dp/B07NF7B1H6"
BH,★★★★,GCC,SUCROSE,130,PI-ING-000514,YES,GENERIC-SUCROSE,Biały cukier krystaliczny — 100% cukier,GENERIC,dowolne opakowanie,,,,,,READY_PI,,NO_URL,PI-ING-000514
BH,★★★★,GCC,DEXTROSE,30,PI-ING-000494,YES,DEX-BH-PRODUCT,Dextrose Monohydrate – food applications,Unspecified manufacturer,B2B — opakowanie niepubliczne,,,,,,WYMAGA_ETYKIETY,chemstock.ae,DIRECT_SITE_UNCLASSIFIED,https://chemstock.ae/industrial-chemicals/food-chemicals/dextrose-monohydrate-supplier-uae/
BH,★★★★,GCC,TARA,3,PI-ING-000492,YES,TARA-MP-1508-50,Modernist Pantry Pure Tara Gum Powder,Modernist Pantry,50 g,819543011967,TEXT,OK,NO,US/CA (UPC-A),WYMAGA_DOSTAWY,ubuy.com.bh,DIRECT_SITE_UNCLASSIFIED,"https://www.ubuy.com.bh/en/product/20BCUPO-pure-tara-gum-powder-non-gmo-gluten-free-vegan-ou-kosher-certified-50g-2oz
https://modernistpantry.com/products/tara-gum.html
https://cdn11.bigcommerce.com/s-nu5wtrnr3h/images/stencil/90x90/products/507/1289/modernistpantry_taragum_50g_back__92203.1691090330.jpg?c=1"
BD,★★★★,SOUTH_ASIA,MILK,672,PI-ING-000236,YES,MILK-GTIN-9311697100173,Harvey Fresh Full Cream Longlife Milk 1L,Harvey Fresh,"1 L, karton UHT",9311697100173,TEXT,OK,NO,AU,KANDYDAT_PR,harveyfresh.com.au,DIRECT_SITE_UNCLASSIFIED,"https://www.harveyfresh.com.au/our-products/milk/long-life-milk/uht-full-cream-milk-1-litre
https://www.foodpanda.com.bd/groceries/product/FYL67N/harvey-fresh-full-cream-milk-1l
https://online-price-watch.consumer.org.hk/opw/product/P000002592
https://www.daily.com.ph/categories/p/2821-harveyfresh-full-cream-milk-1l.html"
BD,★★★★,SOUTH_ASIA,CREAM,130,PI-ING-000180,YES,CREAM-GTIN-5701215046399,Emborg Natural Whipping Cream UHT 35.1% 1 L,Emborg,1 L,5701215046399,TEXT,OK,NO,DK,KANDYDAT_PR,emborg.com,DIRECT_SITE_UNCLASSIFIED,"https://www.emborg.com/product/whipping-cream/
https://www.shwapno.com/emborg-whipping-cream-1ltr-?lang=en
https://importshopbd.com/product/emborg-whipping-cream-1l/
https://www.dccbazar.com.bd/grocery-en/baking-needs/emborg-whipping-cream-200ml-clone/
https://www.tops.co.th/en/emborg-uht-whipping-cream-1ltr-5701215046399
https://www.meatup.shop/products/cream-whipping"
BD,★★★★,SOUTH_ASIA,SMP,35,PI-ING-000270,YES,SMP-GTIN-00733739058324,Real Food Organic Non-Fat Dry Milk Powder,NOW Foods,12 oz (340 g),733739058324,TEXT,OK,NO,US/CA (UPC-A),KANDYDAT_PR,nowfoods.com,DIRECT_SITE_UNCLASSIFIED,"https://www.nowfoods.com/products/natural-foods/non-fat-dry-milk-powder-organic
https://bd.iherb.com/pr/now-foods-real-food-organic-non-fat-dry-milk-powder-12-oz-340-g/21134
https://www.iherb.com/shipping/bd"
BD,★★★★,SOUTH_ASIA,SUCROSE,130,PI-ING-000514,YES,GENERIC-SUCROSE,Biały cukier krystaliczny — 100% cukier,GENERIC,dowolne opakowanie,,,,,,READY_PI,,NO_URL,PI-ING-000514
BD,★★★★,SOUTH_ASIA,DEXTROSE,30,PI-ING-000494,YES,DEX-BD-PRODUCT,Unicorn Dextrose Monohydrate Food Grade,Unicorn,50 kg HDPE bag; minimum order 100 kg,,,,,,WYMAGA_ETYKIETY,echem.com.bd,DIRECT_SITE_UNCLASSIFIED,"https://echem.com.bd/item/unicorn-dextrose-monohydrate-food-grade-34g0679qp7
https://www.indianstarch.com/food-chemicals.html"
BD,★★★★,SOUTH_ASIA,TARA,3,PI-ING-000492,YES,TARA-MP-1508-50,Tara Gum — Home 50g,Modernist Pantry,50 g (manufacturer Home pack; Ubuy title also calls it 2 oz),819543011967,TEXT,OK,NO,US/CA (UPC-A),WYMAGA_DOSTAWY,modernistpantry.com,DIRECT_SITE_UNCLASSIFIED,"https://modernistpantry.com/products/tara-gum.html
https://www.ubuy.com.bd/en/product/20BCUPO-pure-tara-gum-powder-non-gmo-gluten-free-vegan-ou-kosher-certified-50g-2oz
https://modernistpantry.com/pages/international-shipping.html
https://cdn11.bigcommerce.com/s-nu5wtrnr3h/images/stencil/1280x1280/products/507/1289/modernistpantry_taragum_50g_back__92203.1691090330.jpg?c=1"
BR,★★★★,BRAZIL,MILK,672,PI-ING-000236,YES,MILK-GTIN-7898215151708,Piracanjuba Leite Integral UHT 1 L,Piracanjuba,1 L,7898215151708,TEXT,OK,NO,BR,KANDYDAT_PR,piracanjuba.com.br,DIRECT_SITE_UNCLASSIFIED,"https://www.piracanjuba.com.br/produto/leite-integral-piracanjuba-1l
https://piracanjuba-institucional-prd.s3.sa-east-1.amazonaws.com/product_nutrition/image/leite_uht_integral-113.webp
https://www.covabra.com.br/leite-piracanjuba-integral-1l/p
https://www.imigrantesbebidas.com.br/leite-integral-piracanjuba-1l"
BR,★★★★,BRAZIL,CREAM,130,PI-ING-000180,YES,CREAM-GTIN-7898215151975,Piracanjuba Seleção Creme de Leite Gourmet 30%,Piracanjuba,"200 g, karton",7898215151975,TEXT,OK,NO,BR,KANDYDAT_PR,piracanjuba.com.br,DIRECT_SITE_UNCLASSIFIED,"https://www.piracanjuba.com.br/produto/creme-de-leite-gourmet-piracanjuba-200g
https://piracanjuba-institucional-prd.s3.sa-east-1.amazonaws.com/product_nutrition/image/cdl_200g_gourmet-189.webp
https://www.lojasantoantonio.com.br/69883-creme-de-leite-gourmet-30--gordura-200ml-piracanjuba/p
https://www.hotbel.com.br/wp-content/uploads/2020/11/PIRACANJUBA-HB-2020.pdf"
BR,★★★★,BRAZIL,SMP,35,PI-ING-000270,YES,SMP-GTIN-07891000101506,Molico Desnatado Leite em Pó,Nestlé Molico,280 g,7891000101506,TEXT,OK,NO,BR,KANDYDAT_PR,lojafamilynes.com.br,DIRECT_SITE_UNCLASSIFIED,"https://www.lojafamilynes.com.br/molico-desnatado-lata-280g
https://compre.estreladistribuicao.com.br/leite-em-po-molico-desnatado-lata-280g-122947
https://www.covabra.com.br/leite-em-po-molico-desnatado-280g/p"
BR,★★★★,BRAZIL,SUCROSE,130,PI-ING-000514,YES,GENERIC-SUCROSE,Biały cukier krystaliczny — 100% cukier,GENERIC,dowolne opakowanie,,,,,,READY_PI,,NO_URL,PI-ING-000514
BR,★★★★,BRAZIL,DEXTROSE,30,PI-ING-000494,YES,DEX-BR-PRODUCT,Dextrose Monohidratada,Allimentari,1 kg,,,,,,WYMAGA_ETYKIETY,allimentari.com.br,DIRECT_SITE_UNCLASSIFIED,https://www.allimentari.com.br/produto/dextrose-monohidratada-1-kg.html
BR,★★★★,BRAZIL,TARA,3,PI-ING-000492,YES,TARA-BR-PRODUCT,Goma Tara INS 417 — 1 kg,Allimentari,1 kg,,,,,,WYMAGA_ETYKIETY,allimentari.com.br,DIRECT_SITE_UNCLASSIFIED,https://www.allimentari.com.br/produto/goma-tara.html
BG,★★★★,EU27,MILK,672,PI-ING-000236,YES,MILK-BG-PRESIDENT-UHT-36-1L,"Président UHT 3,5% / 3,6% 1 L",Président,1 L,3228022980095,TEXT,OK,NO,FR,KANDYDAT_PR,shop24.bg,DIRECT_SITE_UNCLASSIFIED,https://shop24.bg/pryasno-mlyako/466-pryasno-mlyako-president-35-1l-3228022980095.html
BG,★★★★,EU27,CREAM,130,PI-ING-000180,YES,CREAM-GTIN-8593803253053,Madeta Jihočeská smetana UHT 31%,Madeta,250 ml carton,8593803253053,TEXT,OK,NO,CZ,KANDYDAT_PR,ebag.bg,DIRECT_SITE_UNCLASSIFIED,"https://www.ebag.bg/en/cream-madeta-dairy-31-uht/535345
https://www.madeta.cz/produkty/jihoceska-smetana-trvanliva-31-250_ml
https://www.madeta.cz/en/produkty/cream-uht-31-250ml"
BG,★★★★,EU27,SMP,35,PI-ING-000270,YES,SMP-GTIN-03800081460239,"Сухо обезмаслено мляко 1,5%",Bioset,50 g,3800081460239,TEXT,OK,NO,BG,KANDYDAT_PR,bulmag.org,DIRECT_SITE_UNCLASSIFIED,"https://bulmag.org/product/suho-mlyako-bioset-1-5-50-gr
https://randi.bg/suho-mliako-bioset-15-50gr
https://tmarketonline.bg/product/suho-mlyako-bioset-15-50gr"
BG,★★★★,EU27,SUCROSE,130,PI-ING-000514,YES,GENERIC-SUCROSE,Biały cukier krystaliczny — 100% cukier,GENERIC,dowolne opakowanie,,,,,,READY_PI,,NO_URL,PI-ING-000514
BG,★★★★,EU27,DEXTROSE,30,PI-ING-000494,YES,DEX-GTIN-08588006139983,"Декстроза - GymBeam, bez dodatków smakowych",GymBeam,1000 g,8588006139983,TEXT,OK,NO,SK,KANDYDAT_PR,gymbeam.bg,DIRECT_SITE_UNCLASSIFIED,https://gymbeam.bg/dekstroza-1000-g-gymbeam.html
BG,★★★★,EU27,TARA,3,PI-ING-000492,YES,TARA-GTIN-08055728540170,SaporePuro Farina di Semi di Tara / Gomma di Tara E417,SaporePuro,50 g,8055728540170,TEXT,OK,NO,IT,KANDYDAT_PR,saporepuro.com,DIRECT_SITE_UNCLASSIFIED,"https://saporepuro.com/products/farina-di-semi-di-tara-gomma-di-tara-origine-peru-e417-confezionato-in-italia-1
https://saporepuro.com/cdn/shop/files/TDS_GOMMA_DI_TARA_SAPOREPURO_7ba2d8ce-553c-4b18-8d0a-b511a78af3f0.pdf?v=6266750854494086058
https://saporepuro.com/policies/shipping-policy
https://saporepuro.com/products/farina-di-semi-di-tara-gomma-di-tara-origine-peru-e417-confezionato-in-italia-1.json"
CL,★★★★,LATAM_SOUTH_CONE,MILK,672,PI-ING-000236,YES,MILK-CL-COLUN-UHT-31-1L,"COLUN Leche Entera Natural 3,1% 1 L",COLUN,1 L,7802920777542,TEXT,OK,NO,CL,KANDYDAT_PR,colun.cl,DIRECT_SITE_UNCLASSIFIED,https://www.colun.cl/productos/categoria/detalle/leche-colun-entera-1-lt; https://cl.openfoodfacts.org/producto/7802920777542/leche-entera-colun
CL,★★★★,LATAM_SOUTH_CONE,CREAM,130,PI-ING-000180,YES,CREAM-GTIN-7802900107017,Soprole Crema para Batir Larga Vida 35%,Soprole,"1 l, karton UHT",7802900107017,TEXT,OK,NO,CL,KANDYDAT_PR,soprole.cl,DIRECT_SITE_UNCLASSIFIED,"https://www.soprole.cl/productos/categorias/subcategorias/producto-detalle/cremas/crema-para-batir-1l
https://super.eltit.cl/products/crema-l-vida-soprole-1lt-p-batir
https://www.frozenter.cl/product/crema-de-leche-para-batir-1-lt-soprole"
CL,★★★★,LATAM_SOUTH_CONE,SMP,35,PI-ING-000270,YES,SMP-GTIN-07802920009865,Colun Leche Descremada en Polvo,COLUN,800 g,7802920009865,TEXT,OK,NO,CL,KANDYDAT_PR,colun.cl,DIRECT_SITE_UNCLASSIFIED,"https://www.colun.cl/productos/categoria/detalle/leche-colun-descremada-en-polvo-800gr
https://www.mitiendacolun.cl/lp-colun-0-800-gr-2020.html
https://www.santaisabel.cl/leche-en-polvo-descremada-800-g-1843821/p"
CL,★★★★,LATAM_SOUTH_CONE,SUCROSE,130,PI-ING-000514,YES,GENERIC-SUCROSE,Biały cukier krystaliczny — 100% cukier,GENERIC,dowolne opakowanie,,,,,,READY_PI,,NO_URL,PI-ING-000514
CL,★★★★,LATAM_SOUTH_CONE,DEXTROSE,30,PI-ING-000494,YES,DEX-CL-PRODUCT,Dextrosa Monohidratada,SanoAlimentos,1 kg,,,,,,WYMAGA_ETYKIETY,sanoalimentos.cl,DIRECT_SITE_UNCLASSIFIED,https://www.sanoalimentos.cl/productos/dextrosa-monohidratada---1-kg
CL,★★★★,LATAM_SOUTH_CONE,TARA,3,PI-ING-000492,YES,TARA-CL-PRODUCT,Goma Tara 100 Grs,Nutrigood,100 g,,,,,,WYMAGA_ETYKIETY,nutrigood.cl,DIRECT_SITE_UNCLASSIFIED,https://www.nutrigood.cl/tara
CN,★★★★,GREATER_CHINA,MILK,672,PI-ING-000236,YES,MILK-GTIN-4036300069450,Oldenburger UHT Full Cream Milk 3.5% fat — Chinese label SKU 14642,Oldenburger,1 L carton; sold on JD as 12 x 1 L,4036300069450,TEXT,OK,NO,DE,KANDYDAT_PR,oldenburger-professional.com,DIRECT_SITE_UNCLASSIFIED,"https://www.oldenburger-professional.com/media/13/8d/af/1696234639/OLB%20Assortmentlist%202023_2024_combined.pdf
https://www.jd.com/hprm/1320012e02e891835fb6.html
https://item.jd.com/100051221729.html"
CN,★★★★,GREATER_CHINA,CREAM,130,PI-ING-000180,YES,CREAM-GTIN-4036300066749,Oldenburger Whipping Cream 30% fat UHT,Oldenburger,200 g,4036300066749,TEXT,OK,NO,DE,KANDYDAT_PR,oldenburger-dairy.com,DIRECT_SITE_UNCLASSIFIED,"https://oldenburger-dairy.com/oldenburger-whipping-cream-30-fat-uht-200g/22762
https://www.oldenburger-professional.com/media/13/8d/af/1696234639/OLB%20Assortmentlist%202023_2024_combined.pdf
https://online.sialchina.cn/en/productlist/18665
https://www.jd.com/brand/13200805b243170dfdc9.html"
CN,★★★★,GREATER_CHINA,SMP,35,PI-ING-000270,YES,SMP-GTIN-09300639999005,Devondale Instant Skim Milk Powder (德运脱脂奶粉),Devondale,1 kg,9300639999005,TEXT,OK,NO,AU,KANDYDAT_PR,zt.52pht.com,DIRECT_SITE_UNCLASSIFIED,"https://zt.52pht.com/wap/item-detail.html?item_id=37450
https://www.devondale.com.au/en/products/milk/skim-milk-powder
https://www.woolworths.com.au/shop/productdetails/750032/devondale-instant-skim-milk-powder-powder-uht
https://campbells.sorted.au/Open-Catalogue/PANTRY/LONG-LIFE-MILK/LONG-LIFE-POWDERED-MILK/SKIM-MILK-POWDERED/D-DALE-MILK-SKIM-INST-PDR-1KG/p/C1000003583"
CN,★★★★,GREATER_CHINA,SUCROSE,130,PI-ING-000514,YES,GENERIC-SUCROSE,Biały cukier krystaliczny — 100% cukier,GENERIC,dowolne opakowanie,,,,,,READY_PI,,NO_URL,PI-ING-000514
CN,★★★★,GREATER_CHINA,DEXTROSE,30,PI-ING-000494,YES,DEX-CN-PRODUCT,Dextrose monohydrate food grade,TNJ Chemical,25 kg papierowy worek,,,,,,WYMAGA_ETYKIETY,tnjchem.com,DIRECT_SITE_UNCLASSIFIED,https://www.tnjchem.com/dextrose-monohydrate-food-grade-at-factory-price_p2824.html
CN,★★★★,GREATER_CHINA,TARA,3,PI-ING-000492,YES,TARA-CN-PRODUCT,"他拉胶 / 刺云实胶 / 塔拉胶 (Tara gum), food grade",大丰收 (Dafengshou),25 kg,,,,,,WYMAGA_ETYKIETY,dafengshou88.com,DIRECT_SITE_UNCLASSIFIED,https://www.dafengshou88.com/products/show13150638.html
HR,★★★★,EU27,MILK,672,PI-ING-000236,YES,MILK-GTIN-3838800040578,"Alpsko trajno mlijeko 3,5% m.m. 1 l",Alpsko / Ljubljanske mlekarne,1 l karton UHT,3838800040578,TEXT,OK,NO,SI,KANDYDAT_PR,konzum.hr,DIRECT_SITE_UNCLASSIFIED,"https://www.konzum.hr/web/products/alpsko-trajno-mlijeko-3-5-m-m-1-l
https://razvoj.dukatshop.hr/mlijeko/72-alpsko-mleko-trajno-mlijeko-35-mm-1-l-3838800040578.html
https://www.tuscc.si/katalog/izdelek/alpsko-mleko-polnomastno-1l-619828"
HR,★★★★,EU27,CREAM,130,PI-ING-000180,YES,CREAM-GTIN-3850354001348,Dukat Brzo & Fino Vrhnje za šlag 33%,Brzo & Fino,500 g carton,3850354001348,TEXT,OK,NO,HR,KANDYDAT_PR,konzum.hr,DIRECT_SITE_UNCLASSIFIED,"https://www.konzum.hr/web/products/brzo-fino-vrhnje-za-slag-500-g
https://razvoj.dukatshop.hr/vrhnje/188-brzo-fino-vrhnje-za-slag-500-g-3850354001348.html
https://shop.birota.hr/Katalog/RobeView?g=4714"
HR,★★★★,EU27,SMP,35,PI-ING-000270,YES,SMP-GTIN-03850355001132,Obrano mlijeko u prahu 1% m.m.,Dukat,1 kg,3850355001132,TEXT,OK,NO,HR,KANDYDAT_PR,razvoj.dukatshop.hr,DIRECT_SITE_UNCLASSIFIED,"https://razvoj.dukatshop.hr/mlijeko-u-prahu/830-dukat-obrano-mlijeko-u-prahu-1-mm-1-kg-3850355001132.html
https://www.cijene.hr/mlijeko/dukat-obrano-mlijeko-u-prahu-1-mm-1-kg-cijena-749180081
https://www.dukat.hr/media/4754/ni-kaufland-pravila-nagradne-igre.pdf"
HR,★★★★,EU27,SUCROSE,130,PI-ING-000514,YES,GENERIC-SUCROSE,Biały cukier krystaliczny — 100% cukier,GENERIC,dowolne opakowanie,,,,,,READY_PI,,NO_URL,PI-ING-000514
HR,★★★★,EU27,DEXTROSE,30,PI-ING-000494,YES,DEX-GTIN-08588006139983,"Dekstroza - GymBeam, bez dodatków smakowych",GymBeam,1000 g,8588006139983,TEXT,OK,NO,SK,KANDYDAT_PR,gymbeam.hr,DIRECT_SITE_UNCLASSIFIED,https://gymbeam.hr/dekstroza-gymbeam.html
HR,★★★★,EU27,TARA,3,PI-ING-000492,YES,TARA-GTIN-08055728540170,SaporePuro Farina di Semi di Tara / Gomma di Tara E417,SaporePuro,50 g,8055728540170,TEXT,OK,NO,IT,KANDYDAT_PR,saporepuro.com,DIRECT_SITE_UNCLASSIFIED,"https://saporepuro.com/products/farina-di-semi-di-tara-gomma-di-tara-origine-peru-e417-confezionato-in-italia-1
https://saporepuro.com/cdn/shop/files/TDS_GOMMA_DI_TARA_SAPOREPURO_7ba2d8ce-553c-4b18-8d0a-b511a78af3f0.pdf?v=6266750854494086058
https://saporepuro.com/policies/shipping-policy
https://gourmetshop.hr/hrana/teksture/gelifikatori/tara-gumi-sosa
https://panierdeschefs.eu/en/index.php?controller=attachment&id_attachment=338
https://saporepuro.com/products/farina-di-semi-di-tara-gomma-di-tara-origine-peru-e417-confezionato-in-italia-1.json"
CY,★★★★,EU27,MILK,672,PI-ING-000236,YES,MILK-CY-MEGGLE-UHT-35-1L,"MEGGLE UHT Whole Milk 3,5% 1 L",MEGGLE,1 L,8585002504432,TEXT,OK,NO,SK,KANDYDAT_PR,wolt.com,DIRECT_SITE_UNCLASSIFIED,https://wolt.com/en/cyp/ammochostos/venue/sklavenitis-paralimni/meggle-uht-whole-milk-3-5-fat-1lt-8585002504432-713974-itemid-2a4ee6410142efb41258dd27
CY,★★★★,EU27,CREAM,130,PI-ING-000180,YES,CREAM-GTIN-5290036002436,Charalambides Christis Dairy Whipping Cream 35% 500 ml,Charalambides Christis,500 ml,5290036002436,TEXT,OK,NO,CY,KANDYDAT_PR,en.charalambideschristis.com.cy,DIRECT_SITE_UNCLASSIFIED,"https://en.charalambideschristis.com.cy/products/manufactured/cream-en/whipping-cream-en/dairy-cream-en
https://www.supermarketcy.com.cy/en/charalambides-christis-whipping-cream-500ml
https://fetch.com.cy/shop/spyros-supermarket/products/charalambides-christis-dairy-cream-35-500ml"
CY,★★★★,EU27,SMP,35,PI-ING-000270,YES,SMP-GTIN-03043939531112,Instant Skimmed Milk Powder With 0% Fat,Régilait,puszka 300 g,3043939531112,TEXT,OK,NO,FR,KANDYDAT_PR,alphamega.com.cy,DIRECT_SITE_UNCLASSIFIED,"https://www.alphamega.com.cy/en/groceries/food-cupboard/coffee-tea-cocoa/coffee/instant-coffee/regilait-instant-skimmed-milk-powder-with-0-fat-300-g
https://www.supermarketcy.com.cy/en/regilait-300g"
CY,★★★★,EU27,SUCROSE,130,PI-ING-000514,YES,GENERIC-SUCROSE,Biały cukier krystaliczny — 100% cukier,GENERIC,dowolne opakowanie,,,,,,READY_PI,,NO_URL,PI-ING-000514
CY,★★★★,EU27,DEXTROSE,30,PI-ING-000494,YES,DEX-CY-PRODUCT,Prozis Dextrose900g (3-pack),Prozis,3×900 g,,,,,,WYMAGA_GTIN,cycheapersupplements.com,DIRECT_SITE_UNCLASSIFIED,https://www.cycheapersupplements.com/muscle-mass/11699-3x-prozis-dextrose-900-g-22-servings-2700-g-66-servings.html
CY,★★★★,EU27,TARA,3,PI-ING-000492,YES,TARA-GTIN-08055728540170,SaporePuro Farina di Semi di Tara / Gomma di Tara E417,SaporePuro,50 g,8055728540170,TEXT,OK,NO,IT,KANDYDAT_PR,saporepuro.com,DIRECT_SITE_UNCLASSIFIED,"https://saporepuro.com/products/farina-di-semi-di-tara-gomma-di-tara-origine-peru-e417-confezionato-in-italia-1
https://saporepuro.com/cdn/shop/files/TDS_GOMMA_DI_TARA_SAPOREPURO_7ba2d8ce-553c-4b18-8d0a-b511a78af3f0.pdf?v=6266750854494086058
https://saporepuro.com/policies/shipping-policy
https://saporepuro.com/products/farina-di-semi-di-tara-gomma-di-tara-origine-peru-e417-confezionato-in-italia-1.json"
CZ,★★★★,EU27,MILK,672,PI-ING-000236,YES,MILK-GTIN-8593803224015,Madeta Jihočeské mléko trvanlivé plnotučné 3.5% 1L,Madeta,1 L karton UHT,8593803224015,TEXT,OK,NO,CZ,KANDYDAT_PR,eshop.agrola.cz,DIRECT_SITE_UNCLASSIFIED,"https://eshop.agrola.cz/trvanlive/800-mleko-trvanlive-plnot35-8593803224015.html
https://www.madeta.cz/en/produkty/milk-uht-3-5-1l"
CZ,★★★★,EU27,CREAM,130,PI-ING-000180,YES,CREAM-GTIN-8585002520043,Meggle Smetana ke šlehání 30%,MEGGLE Slovakia,250 ml carton,8585002520043,TEXT,OK,NO,SK,KANDYDAT_PR,meggle.cz,DIRECT_SITE_UNCLASSIFIED,"https://meggle.cz/smetany/smetany-ke-slehani/smetana-ke-slehani-30-250-ml/
https://globusonline.cz/p/meggle-smetana-ke-slehani-30-tuku-250-ml
https://allegro.cz/produkt/smetana-ke-slehani-30-meggle-250-ml-252646f2-06ef-4c3d-a617-7cd45a6f0944"
CZ,★★★★,EU27,SMP,35,PI-ING-000270,YES,SMP-GTIN-08369921447533,Sušené odtučněné mléko ALMECO,ALMECO,150 g,8369921447533,TEXT,OK,NO,IT,KANDYDAT_PR,cukrar-shop.cz,DIRECT_SITE_UNCLASSIFIED,"https://www.cukrar-shop.cz/Susene-mleko-plnotucne-400g-d2388.htm
https://www.pastry.cz/susene-mleko-odtucnene-2kg/"
CZ,★★★★,EU27,SUCROSE,130,PI-ING-000514,YES,GENERIC-SUCROSE,Biały cukier krystaliczny — 100% cukier,GENERIC,dowolne opakowanie,,,,,,READY_PI,,NO_URL,PI-ING-000514
CZ,★★★★,EU27,DEXTROSE,30,PI-ING-000494,YES,DEX-GTIN-08588006139983,"Dextróza - GymBeam, bez dodatków smakowych",GymBeam,1000 g,8588006139983,TEXT,OK,NO,SK,KANDYDAT_PR,gymbeam.cz,DIRECT_SITE_UNCLASSIFIED,https://gymbeam.cz/dextroza-1000-g-gym-beam.html
CZ,★★★★,EU27,TARA,3,PI-ING-000492,YES,TARA-CZ-PRODUCT,Guma Tara Valknut / Tara guma Valknut,Valknut,500 g,,,,,,WYMAGA_ETYKIETY,valknut.cz,DIRECT_SITE_UNCLASSIFIED,"https://www.valknut.cz/guma-tara-valknut/
https://www.valknut.cz/informace-o-nakupu/doprava-a-platba/"
DO,★★★★,LATAM_NORTH_ANDEAN,MILK,672,PI-ING-000236,YES,MILK-GTIN-4100290023195,Milex Leche UHT Entera 1 L,Milex,1 L,4100290023195,TEXT,OK,NO,DE,KANDYDAT_PR,arla.com,DIRECT_SITE_UNCLASSIFIED,"https://www.arla.com/es-do/productos/milex-leche-entera-1l-194976/
https://nuevo.lindomarket.com/mobile/4100290023195
https://hipermercadosiberia.com/producto/milex-leche-entera-1-lt/
https://mercasid.com.do/productos/milex-leche-entera-1l-2/"
DO,★★★★,LATAM_NORTH_ANDEAN,CREAM,130,PI-ING-000180,YES,CREAM-GTIN-30028777,Elle & Vire Crème Liquide Whipping Cream UHT 35% 200 ml,Elle & Vire,200 ml carton,30028777,TEXT,OK,NO,EAN-8,KANDYDAT_PR,supermercadosnacional.com,DIRECT_SITE_UNCLASSIFIED,"https://supermercadosnacional.com/crema-de-leche-35-grasa-elle-vire-20-cl-2066082
https://supermercadosnacional.com/media/catalog/product/2/0/2066082-1.jpg
https://savencia.kameleon-apps.com/storage/2022/09/26720909.pdf"
DO,★★★★,LATAM_NORTH_ANDEAN,SMP,35,PI-ING-000270,YES,SMP-DO-SKU,Milex Polvo Descremada Slim,Milex,torebka 800 g,,,,,,WYMAGA_ETYKIETY,arla.com,DIRECT_SITE_UNCLASSIFIED,"https://www.arla.com/es-do/productos/milex-polvo-descremada-194961/
https://supermercadosnacional.com/leche-en-polvo-descremada-milex-800-gr-2190528
https://mercasid.com.do/productos/milex-descremada-slim-800g/"
DO,★★★★,LATAM_NORTH_ANDEAN,SUCROSE,130,PI-ING-000514,YES,GENERIC-SUCROSE,Biały cukier krystaliczny — 100% cukier,GENERIC,dowolne opakowanie,,,,,,READY_PI,,NO_URL,PI-ING-000514
DO,★★★★,LATAM_NORTH_ANDEAN,DEXTROSE,30,PI-ING-000494,YES,DEX-DO-PRODUCT,Dextrosa Monohidratada,Multiquimica (dystrybutor),"25 kg, funda (worek)",,,,,,WYMAGA_ETYKIETY,multiquimica.com,DIRECT_SITE_UNCLASSIFIED,"https://multiquimica.com/producto/dextrosa-monohidratada/
https://multiquimica.com/
https://dgii.gov.do/cicloContribuyente/facturacion/comprobantesFiscalesElectronicosE-CF/Paginas/Implemantacion-FE-listado-grandes-contribuyentes-nacionales.aspx"
DO,★★★★,LATAM_NORTH_ANDEAN,TARA,3,PI-ING-000492,YES,TARA-MP-1508-50,Tara Gum — Home 50g,Modernist Pantry,50 g (Home pack),819543011967,TEXT,OK,NO,US/CA (UPC-A),WYMAGA_DOSTAWY,modernistpantry.com,DIRECT_SITE_UNCLASSIFIED,"https://modernistpantry.com/products/tara-gum.html
https://modernistpantry.com/pages/international-shipping.html
https://cdn11.bigcommerce.com/s-nu5wtrnr3h/images/stencil/1280x1280/products/507/1289/modernistpantry_taragum_50g_back__92203.1691090330.jpg?c=1
https://republicadominicana.yaxa.co/product-category/goma-guar"
EG,★★★★,EGYPT,MILK,672,PI-ING-000236,YES,MILK-EG-JUHAYNA-UHT-30-1L,"Juhayna Full Cream Milk UHT 3,0% 1 L",Juhayna,1 L,6223000350065,TEXT,OK,NO,EG,KANDYDAT_PR,juhayna.com,DIRECT_SITE_UNCLASSIFIED,https://www.juhayna.com/brands-category/juhayna-dairy/; https://spinneys-egypt.com/en/juhayna-milk-full-cream-1-l; https://www.carrefouregypt.com/mafegy/en/full-cream-milk/juhayna-full-cream-milk-1l/p/12721
EG,★★★★,EGYPT,CREAM,130,PI-ING-000180,YES,CREAM-GTIN-3161911703385,Elle & Vire Professionnel Excellence Whipping Cream UHT 35%,Elle & Vire,1 L brik (989 g net per official technical sheet),3161911703385,TEXT,OK,NO,FR,KANDYDAT_PR,elle-et-vire.com,DIRECT_SITE_UNCLASSIFIED,"https://www.elle-et-vire.com/int/en/pro/creams/products/excellence-whipping-cream-35fat/
https://www.elle-et-vire.com/uploads/recip/product_translation/78/5ea58365eac52_excellence-whipping-hors-asie.pdf
https://www.elle-et-vire.com/uploads/recip/product_translation/78/5ee9d5be316b9_tvn-excellence-whipping.pdf
https://www.amazon.eg/-/en/Elle-Vire-Excellence-Whipping-Cream/dp/B087KF9CTW"
EG,★★★★,EGYPT,SMP,35,PI-ING-000270,YES,SMP-GTIN-00733739058324,NOW Real Food Organic Non-Fat Dry Milk Powder,NOW Foods Real Food,torebka 12 oz (340 g),733739058324,TEXT,OK,NO,US/CA (UPC-A),KANDYDAT_PR,eg.iherb.com,DIRECT_SITE_UNCLASSIFIED,"https://eg.iherb.com/pr/now-foods-real-food-organic-non-fat-dry-milk-powder-12-oz-340-g/21134
https://www.nowfoods.com/products/natural-foods/non-fat-dry-milk-powder-organic
https://www.iherb.com/shipping/eg"
EG,★★★★,EGYPT,SUCROSE,130,PI-ING-000514,YES,GENERIC-SUCROSE,Biały cukier krystaliczny — 100% cukier,GENERIC,dowolne opakowanie,,,,,,READY_PI,,NO_URL,PI-ING-000514
EG,★★★★,EGYPT,DEXTROSE,30,PI-ING-000494,YES,DEX-EG-PRODUCT,Dextrose Powder 100% Pure 250g,Peak Supps,250 g,,,,,,WYMAGA_ETYKIETY,amazon.eg,MARKETPLACE,"https://www.amazon.eg/-/en/Dextrose-Powder-100-Pure-250g/dp/B00NA1KQ28
https://peaksupps.co.uk/products/dextrose-glucose-powder"
EG,★★★★,EGYPT,TARA,3,PI-ING-000492,YES,TARA-EG-PRODUCT,Cape Crystal Brands Tara Gum Powder,Cape Crystal Brands,14 oz (396.9 g),,,,,,WYMAGA_DOSTAWY,ubuy.com.eg,DIRECT_SITE_UNCLASSIFIED,"https://www.ubuy.com.eg/en/product/4DK4782WQ-tara-gum-powder-14-oz-imparts-a-creamy-mouthfeel-to-dairy-products-soups-and-sauces-kosher-vegan-non-gmo-highest-purity-imported-from-the
https://www.capecrystalbrands.com/products/tara-gum"
EE,★★★★,EU27,MILK,672,PI-ING-000236,YES,MILK-EE-TERE-UHT-35-1L,"Tere Cappuccino UHT Milk 3,5% 1 L",Tere,1 L,4740036009085,TEXT,OK,NO,EE,KANDYDAT_PR,tere.eu,DIRECT_SITE_UNCLASSIFIED,https://www.tere.eu/products/uht/tere-korgkuumutatud-cappuccino-piim; https://www.rimi.ee/epood/en/products/dairy-products-eggs-cheese/milk/high-pasteurized-milk/piim-cappuccino-tere-3-5-1l/p/286625
EE,★★★★,EU27,CREAM,130,PI-ING-000180,YES,CREAM-GTIN-4740125220049,Alma vahukoor 35%,Valio Eesti AS / Alma,400 ml carton,4740125220049,TEXT,OK,NO,EE,KANDYDAT_PR,valio.ee,DIRECT_SITE_UNCLASSIFIED,"https://www.valio.ee/tooted/alma-vahukoor-35-400ml/
https://coophaapsalu.ee/toode/vahukoor-35-alma-400ml/"
EE,★★★★,EU27,SMP,35,PI-ING-000270,YES,SMP-GTIN-06408430840625,Piimapulber rasvavaba / rasvaton maitojauhe instant,Valio,400 g,6408430840625,TEXT,OK,NO,FI,KANDYDAT_PR,kaupmees.ee,DIRECT_SITE_UNCLASSIFIED,"https://www.kaupmees.ee/products/?query=6408430840625
https://www.valio.fi/tuotteet/valio-rasvaton-maitojauhe-instant/
https://www.s-kaupat.fi/tuote/valio-rasvaton-maitojauhe-instant-400-g/6408430840625
https://www.halpahalli.fi/valio-rasvaton-maitojauhe-instant-400-g.html"
EE,★★★★,EU27,SUCROSE,130,PI-ING-000514,YES,GENERIC-SUCROSE,Biały cukier krystaliczny — 100% cukier,GENERIC,dowolne opakowanie,,,,,,READY_PI,,NO_URL,PI-ING-000514
EE,★★★★,EU27,DEXTROSE,30,PI-ING-000494,YES,DEX-GTIN-04744130012590,"ICONFIT Dextro, czysta dekstroza w proszku",ICONFIT,1000 g,4744130012590,TEXT,OK,NO,EE,WYMAGA_ETYKIETY,iconfit.ee,DIRECT_SITE_UNCLASSIFIED,"https://iconfit.ee/products/dextrose
https://sportfit.ee/gb/sports-nutrition/iconfit-dextro-premium-dextrose-1kg
https://iconfit.lv/products/dextrose"
EE,★★★★,EU27,TARA,3,PI-ING-000492,YES,TARA-GTIN-08055728540170,SaporePuro Farina di Semi di Tara / Gomma di Tara E417,SaporePuro,50 g,8055728540170,TEXT,OK,NO,IT,KANDYDAT_PR,saporepuro.com,DIRECT_SITE_UNCLASSIFIED,"https://saporepuro.com/products/farina-di-semi-di-tara-gomma-di-tara-origine-peru-e417-confezionato-in-italia-1
https://saporepuro.com/cdn/shop/files/TDS_GOMMA_DI_TARA_SAPOREPURO_7ba2d8ce-553c-4b18-8d0a-b511a78af3f0.pdf?v=6266750854494086058
https://saporepuro.com/policies/shipping-policy
https://saporepuro.com/products/farina-di-semi-di-tara-gomma-di-tara-origine-peru-e417-confezionato-in-italia-1.json"
PH,★★★★,ASEAN,MILK,672,PI-ING-000236,YES,MILK-GTIN-5701215046832,Emborg Full Cream Milk 3.5% 1L,Emborg,"1 L, karton UHT",5701215046832,TEXT,OK,NO,DK,KANDYDAT_PR,emborg.com,DIRECT_SITE_UNCLASSIFIED,"https://www.emborg.com/product/full-cream-milk/
https://ptccom.com.ph/products/dairy/milk/emborg-full-cream-milk/
https://www.foodplusph.com/products/emborg-full-cream-milk-uht-3-5-l
https://maxmartonline.com/emborg-milk-full-cream-1ltr
https://www.meatup.shop/products/emborg-full-cream-milk-1l"
PH,★★★★,ASEAN,CREAM,130,PI-ING-000180,YES,CREAM-GTIN-5701215046375,Emborg Natural Whipping Cream UHT 35.1% 200 ml,Emborg,200 ml,5701215046375,TEXT,OK,NO,DK,KANDYDAT_PR,emborg.com,DIRECT_SITE_UNCLASSIFIED,"https://www.emborg.com/product/whipping-cream/
https://freshmart.ph/products/emborg-uht-whipping-cream-200ml
https://pickaroo.com/builtamart/products/builtamart-pasig/product-detail/186822/921-emborg-whipping-cream
https://www.emborg.com/ph/product/natural-whipping-cream/
https://www.tops.co.th/en/emborg-dairy-whipping-cream-200ml-5701215046375
https://maxmartonline.com/emborg-whipping-cream-200ml"
PH,★★★★,ASEAN,SMP,35,PI-ING-000270,YES,SMP-GTIN-09300639999005,Devondale Instant Skim Milk Powder,Devondale,1 kg,9300639999005,TEXT,OK,NO,AU,KANDYDAT_PR,shopee.ph,MARKETPLACE,"https://shopee.ph/Devondale-Instant-Skim-Milk-Powder-1kg-i.82265567.23335805507
https://www.nanamall.com/products/devondale-instant-skim-milk-powder-1kg
https://www.woolworths.com.au/shop/productdetails/750032/devondale-instant-skim-milk-powder-powder-uht
https://campbells.sorted.au/Open-Catalogue/PANTRY/LONG-LIFE-MILK/LONG-LIFE-POWDERED-MILK/SKIM-MILK-POWDERED/D-DALE-MILK-SKIM-INST-PDR-1KG/p/C1000003583
https://www.costco.com.au/Business-Delivery/Dairy-Eggs/Milk/Devondale-Instant-Skim-Milk-Powder-1kg/p/22239_BD
https://www.hktvmall.com/hktv/en/main/SIUFUNG-HEALTHY/s/S6258001/Personal-Care-%26-Health/Personal-Care-%26-Health/Health/Milk-Powder/Instant-Skim-Milk-Powder-1kg-Parallel-import/p/S6258001_S_DEV9005P"
PH,★★★★,ASEAN,SUCROSE,130,PI-ING-000514,YES,GENERIC-SUCROSE,Biały cukier krystaliczny — 100% cukier,GENERIC,dowolne opakowanie,,,,,,READY_PI,,NO_URL,PI-ING-000514
PH,★★★★,ASEAN,DEXTROSE,30,PI-ING-000494,YES,DEX-PH-PRODUCT,Purechem Dextrose Monohydrate,,B2B — opakowanie niepubliczne,,,,,,WYMAGA_ETYKIETY,purechem.com.ph,DIRECT_SITE_UNCLASSIFIED,https://www.purechem.com.ph/shop/bakery/dextrose-monohydrate
PH,★★★★,ASEAN,TARA,3,PI-ING-000492,YES,TARA-MP-1508-50,Tara Gum — Home 50g,Modernist Pantry,50 g (manufacturer Home pack; retailer title also says2oz),819543011967,TEXT,OK,NO,US/CA (UPC-A),WYMAGA_DOSTAWY,modernistpantry.com,DIRECT_SITE_UNCLASSIFIED,"https://modernistpantry.com/products/tara-gum.html
https://www.ubuy.com.ph/product/20BCUPO-pure-tara-gum-powder-non-gmo-gluten-free-vegan-ou-kosher-certified-50g-2oz
https://www.ubuy.com.ph/brand/modernist-pantry
https://modernistpantry.com/pages/international-shipping.html
https://cdn11.bigcommerce.com/s-nu5wtrnr3h/images/stencil/1280x1280/products/507/1289/modernistpantry_taragum_50g_back__92203.1691090330.jpg?c=1"
GH,★★★★,WEST_AFRICA,MILK,672,PI-ING-000236,YES,MILK-GH-DANO-UHT-36-1L,"Dano UHT Full Cream Milk 3,5% / 3,6% 1 L",Dano,1 L,4100290099800,TEXT,OK,NO,DE,KANDYDAT_PR,arla.ng,DIRECT_SITE_UNCLASSIFIED,https://www.arla.ng/brands/arla-dano-full-cream-uht-35pct-fat-1l-408775/; https://melcom.com/categories/food-beverages-toiletries/food-cupboard/dairy.html
GH,★★★★,WEST_AFRICA,CREAM,130,PI-ING-000180,YES,CREAM-GTIN-5701215046375,Emborg Natural Whipping Cream UHT 35%,Emborg,200 ml,5701215046375,TEXT,OK,NO,DK,KANDYDAT_PR,emborg.com,DIRECT_SITE_UNCLASSIFIED,"https://www.emborg.com/product/whipping-cream/
https://maxmartonline.com/emborg-whipping-cream-200ml
https://maxmartonline.com/emborg-whipping-cream-200ml"
GH,★★★★,WEST_AFRICA,SMP,35,PI-ING-000270,YES,SMP-GTIN-00733739058324,NOW Real Food Organic Non-Fat Dry Milk Powder,NOW Foods Real Food,torebka 12 oz (340 g),733739058324,TEXT,OK,NO,US/CA (UPC-A),KANDYDAT_PR,gh.iherb.com,DIRECT_SITE_UNCLASSIFIED,"https://gh.iherb.com/pr/now-foods-real-food-organic-non-fat-dry-milk-powder-12-oz-340-g/21134
https://www.nowfoods.com/products/natural-foods/non-fat-dry-milk-powder-organic
https://www.iherb.com/shipping/gh"
GH,★★★★,WEST_AFRICA,SUCROSE,130,PI-ING-000514,YES,GENERIC-SUCROSE,Biały cukier krystaliczny — 100% cukier,GENERIC,dowolne opakowanie,,,,,,READY_PI,,NO_URL,PI-ING-000514
GH,★★★★,WEST_AFRICA,DEXTROSE,30,PI-ING-000494,YES,DEX-GH-PRODUCT,Dextrose Monohydrate,Unspecified manufacturer,B2B — opakowanie niepubliczne,,,,,,WYMAGA_ETYKIETY,maridav.com,DIRECT_SITE_UNCLASSIFIED,https://www.maridav.com/hnh-product-description.php?p_id=67&prod_class=Pharmaceuticals
GH,★★★★,WEST_AFRICA,TARA,3,PI-ING-000492,YES,TARA-GTIN-00711221973058,Cape Crystal Brands Tara Gum Powder,Cape Crystal Brands,2 oz (56.7 g),711221973058,TEXT,OK,NO,US/CA (UPC-A),WYMAGA_DOSTAWY,ubuy.com.gh,DIRECT_SITE_UNCLASSIFIED,"https://www.ubuy.com.gh/product/4LRAT8WUW-tara-gum-powder-2-oz-from-the-amazon-pantry-imparts-a-creamy-mouthfeel-to-dairy-products-soups-and-sauces-kosher-vegan-nongmo-highest-purity
https://www.capecrystalbrands.com/products/tara-gum
https://www.ubuy.com.gh/product/J4GMRN900-tara-gum-super-refined-speck-free-food-grade-thickener-net-4oz-114gr"
GR,★★★★,EU27,MILK,672,PI-ING-000236,YES,MILK-GR-DELTA-HHT-35-15L,"DELTA mmmMilk Family High Pasteurized Full 3,5% 1,5 L",DELTA,"1,5 L",5201037509107,TEXT,OK,NO,GR,KANDYDAT_PR,delta.gr,DIRECT_SITE_UNCLASSIFIED,https://www.delta.gr/en/gala/milk-oikogeneiako-plires-15lt-2/; https://www.sklavenitis.gr/galata-rofimata-chymoi-psygeioy/galata-psygeioy/galata-agelados-ypsilis-pasteriosis/delta-mmmilk-oikogeneiako-gala-upsilis-pasteriosis-plires-35-15lt-015-1488898/
GR,★★★★,EU27,CREAM,130,PI-ING-000180,YES,CREAM-GTIN-5711953155949,Arla Κρέμα Γάλακτος UHT 35% 200 g,Arla,200 g,5711953155949,TEXT,OK,NO,DK,KANDYDAT_PR,arlafoods.gr,DIRECT_SITE_UNCLASSIFIED,"https://www.arlafoods.gr/our-brands/arla/krema-galaktos-35-200g/
https://www.thanopoulos.gr/products/galaktokomika-futika-eidh-psugeiou/kremes-galaktos-futikes-santigu/arla-krema-galaktos-makras-diarkeias-35-lipara-200ml-6697746e6b86ff00024c8817/"
GR,★★★★,EU27,SMP,35,PI-ING-000270,YES,SMP-GTIN-03043932643706,Γάλα Αποβουτυρωμένο σε σκόνη,Régilait,250 g,3043932643706,TEXT,OK,NO,FR,KANDYDAT_PR,sklavenitis.gr,DIRECT_SITE_UNCLASSIFIED,"https://www.sklavenitis.gr/eidi-proinoy-rofimata/galata-fytika-rofimata-makras-diarkeias/galata-se-skoni-enilikon/regilait-gala-se-skoni-250gr-221996/
https://www.bazaar-online.gr/regilait-250g-gala-se-skoni"
GR,★★★★,EU27,SUCROSE,130,PI-ING-000514,YES,GENERIC-SUCROSE,Biały cukier krystaliczny — 100% cukier,GENERIC,dowolne opakowanie,,,,,,READY_PI,,NO_URL,PI-ING-000514
GR,★★★★,EU27,DEXTROSE,30,PI-ING-000494,YES,DEX-GR-PRODUCT,Dextrose Powder,Louis François,5 kg,,,,,,WYMAGA_GTIN,infusion.gr,DIRECT_SITE_UNCLASSIFIED,"https://www.infusion.gr/en/bar-chef-e/sugar-polyols/dextrose-powder-5kg-louis-francois
https://files.meilleurduchef.com/mdc/pdf/product/lfr/dextrose-monohydrate/fiche_technique_dextrose.pdf
https://www.caterite.co.uk/louis-francois-dextrose/
https://louisfrancois.com/en/produit/dextrose/
https://www.chefgourmet.ch/ftp/pgiArticle/LF4550B/LF4550B_Dextrose_5kg_FT_CG_EN_20240108.pdf"
GR,★★★★,EU27,TARA,3,PI-ING-000492,YES,TARA-GR-PRODUCT,Τάρα Γκαμ (Tara Gum) NoCarb 100 g,NoCarb,100 g,,,,,,WYMAGA_ETYKIETY,nocarb.gr,DIRECT_SITE_UNCLASSIFIED,"https://nocarb.gr/product/tara-gam-100g/
https://nocarb.gr/prostheta-zaxaroplastikis-mageirikis/"
IN,★★★★,SOUTH_ASIA,MILK,672,PI-ING-000236,YES,MILK-GTIN-8901262152983,Amul Homogenised Cow Milk 1L Tetra Pak,Amul,"1 L, karton Tetra Pak UHT",8901262152983,TEXT,OK,NO,IN,KANDYDAT_PR,bigbasket.com,DIRECT_SITE_UNCLASSIFIED,"https://www.bigbasket.com/pd/40248006/amul-cow-milk-homogenised-35-fat-no-preservatives-1-l-tetra-pack/
https://www.bbassets.com/media/uploads/p/l/40248006-3_1-amul-cow-milk-homogenised-35-fat-no-preservatives.jpg
https://www.bbassets.com/media/uploads/p/l/40248006-4_1-amul-cow-milk-homogenised-35-fat-no-preservatives.jpg
https://www.bbassets.com/media/uploads/p/l/40248006-5_1-amul-cow-milk-homogenised-35-fat-no-preservatives.jpg
https://www.billclap.com/business/88521/pp-supermarket/products/1643849/amul-cow-milk-1l"
IN,★★★★,SOUTH_ASIA,CREAM,130,PI-ING-000180,YES,CREAM-GTIN-3161911703385,Elle & Vire Professionnel Excellence Whipping Cream 35%,Elle & Vire Professionnel,1 L Tetra Pak,3161911703385,TEXT,OK,NO,FR,KANDYDAT_PR,eshop.deltanutritives.com,DIRECT_SITE_UNCLASSIFIED,"https://eshop.deltanutritives.com/product/elle-vire-excellence-whipping-cream/
https://deltanutritives.com/elle-vire-professional-butter-84-fat/
https://www.elle-et-vire.com/int/en/pro/creams/products/excellence-whipping-cream-35fat/
https://www.elle-et-vire.com/uploads/recip/product_translation/78/5ea58365eac52_excellence-whipping-hors-asie.pdf
https://www.elle-et-vire.com/uploads/recip/product_translation/78/5ee9d5be316b9_tvn-excellence-whipping.pdf"
IN,★★★★,SOUTH_ASIA,SMP,35,PI-ING-000270,YES,SMP-GTIN-08901262110068,Sagar Skimmed Milk Powder Pouch,Amul / Sagar,500 g,8901262110068,TEXT,OK,NO,IN,KANDYDAT_PR,shop.amul.com,DIRECT_SITE_UNCLASSIFIED,"https://shop.amul.com/en/product/sagar-skimmed-milk-powder-pouch-500-g
https://dudhsagardairy.coop/dairy/products/sagar-skimmed-milk-powder/
https://kiranamarket.com/amul-sagar-skim-milk-powder-500g/"
IN,★★★★,SOUTH_ASIA,SUCROSE,130,PI-ING-000514,YES,GENERIC-SUCROSE,Biały cukier krystaliczny — 100% cukier,GENERIC,dowolne opakowanie,,,,,,READY_PI,,NO_URL,PI-ING-000514
IN,★★★★,SOUTH_ASIA,DEXTROSE,30,PI-ING-000494,YES,DEX-IN-PRODUCT,Gujarat Ambuja Dextrose Monohydrate Powder,Gujarat Ambuja / GAEL,25 kg bag; available also 50 kg (supplier listing),,,,,,WYMAGA_GTIN,ambujagroup.com,DIRECT_SITE_UNCLASSIFIED,"https://www.ambujagroup.com/dextrose-monohydrate-powder
https://www.ambujagroup.com/assets/tds-file/tds-dextrose-monohydrate-powder.pdf
https://www.aksharchemicals.in/dextrose-monohydrate.html
https://leroma.de/api/v1/downloadData?pathName=cdn/seller1377/seller-skus/sellerSku3771/documents/63000_Dextrose_monohydrat_-_Spezifiaktion_Gujarat_Ambuja_Exports.pdf"
IN,★★★★,SOUTH_ASIA,TARA,3,PI-ING-000492,YES,TARA-IN-PRODUCT,Tara Gum Food Grade,Meron,25 kg Kraft bag / corrugated carton,,,,,,WYMAGA_ETYKIETY,agaragar.in,DIRECT_SITE_UNCLASSIFIED,"https://www.agaragar.in/gums.html
https://www.agaragar.co.in/tara-gum-12739350.html"
ID,★★★★,ASEAN,MILK,672,PI-ING-000236,YES,MILK-GTIN-8993351121307,Greenfields Full Cream UHT Milk 1L,Greenfields,"1 L, karton UHT",8993351121307,TEXT,OK,NO,ID,KANDYDAT_PR,shopifull.com,DIRECT_SITE_UNCLASSIFIED,"https://shopifull.com/product/greenfields-full-cream-uht-milk-1ltr/
https://asbajayaberkah.com/product/greenfields-full-cream-milk-1-l/
https://shop.redmed.co.id/product/greenfields-full-cream-milk-uht-fc-ba-1l/
https://en.indotrading.com/jayautamasantikah/greenfields-uht-full-cream-1l-per-karton-isi-12-pcs-8993351121307-p1180454.aspx
https://greenfieldsdairy.com/en-SG/produk/uht-milk-en/full-cream-uht-milk-en"
ID,★★★★,ASEAN,CREAM,130,PI-ING-000180,YES,CREAM-GTIN-5701215046375,Emborg Natural Whipping Cream UHT 35.1% 200 ml,Emborg,200 ml,5701215046375,TEXT,OK,NO,DK,KANDYDAT_PR,raisa.aeonstore.id,DIRECT_SITE_UNCLASSIFIED,"https://raisa.aeonstore.id/shop/dairy-eggs/cheese-cream-butter/emborg-whipping-cream-200ml/
https://www.emborg.com/product/whipping-cream/
https://raisa.aeonstore.id/product-category/dairy-eggs/cheese-cream-butter/page/4/?column=2&perpage=60&shop_view=grid_view
https://www.tops.co.th/en/emborg-dairy-whipping-cream-200ml-5701215046375
https://maxmartonline.com/emborg-whipping-cream-200ml"
ID,★★★★,ASEAN,SMP,35,PI-ING-000270,YES,SMP-GTIN-09556958338807,Sunlac Low Fat Instant Skim Milk Powder,Sunlac,700 g,9556958338807,TEXT,OK,NO,MY,WYMAGA_ETYKIETY,dailylac.com.my,DIRECT_SITE_UNCLASSIFIED,"https://dailylac.com.my/product/sunlac-700g/
https://www.sunlac.com.my/page/169/Skim-Milk-Powder/
https://megakulim.com.my/index.php?product_id=454&route=product%2Fproduct
https://store18714.store.link/category/promo-susu-beli-1-lebih-murah?page=2
https://shopee.co.id/SUNLAC-SKIM-MILK-POWDER-700-gram-i.287299970.26417712255
https://shopee.co.id/SUNLAC-Low-Fat-Susu-Tepung-Skim-700-gr-i.1642700743.49902841159"
ID,★★★★,ASEAN,SUCROSE,130,PI-ING-000514,YES,GENERIC-SUCROSE,Biały cukier krystaliczny — 100% cukier,GENERIC,dowolne opakowanie,,,,,,READY_PI,,NO_URL,PI-ING-000514
ID,★★★★,ASEAN,DEXTROSE,30,PI-ING-000494,YES,DEX-ID-PRODUCT,Dextrose Monohydrate – PT Lam Seng Hang Indonesia,,25 kg PP bag,,,,,,WYMAGA_ETYKIETY,lsh-indonesia.com,DIRECT_SITE_UNCLASSIFIED,https://www.lsh-indonesia.com/product/dextrose-monohydrate/
ID,★★★★,ASEAN,TARA,3,PI-ING-000492,YES,TARA-ID-PRODUCT,Tara Gum,Dupont — named by distributor,25 kg,,,,,,WYMAGA_ETYKIETY,sumberberkatingredia.com,DIRECT_SITE_UNCLASSIFIED,https://sumberberkatingredia.com/produk/tara-gum/
IS,★★★★,EEA_NON_EU,MILK,672,PI-ING-000236,YES,MILK-GTIN-5690527101011,MS Nýmjólk 1 l,MS,"1 L karton, produkt MS nr0101",5690527101011,TEXT,OK,NO,IS,KANDYDAT_PR,ms.is,DIRECT_SITE_UNCLASSIFIED,"https://www.ms.is/vorur/vara/nymjolk-1-l
https://verdlagseftirlit.is/dashboard/item/33/5690527101011/
https://www.neytandinn.is/i/sku/uid-f7c0fcf6-7aa8-492f-b33d-5ccad49e5268"
IS,★★★★,EEA_NON_EU,CREAM,130,PI-ING-000180,YES,CREAM-GTIN-5690527172011,MS Rjómi 36% 500 ml,MS,500 ml,5690527172011,TEXT,OK,NO,IS,KANDYDAT_PR,ms.is,DIRECT_SITE_UNCLASSIFIED,https://www.ms.is/vorur/vara/rjomi-500-ml
IS,★★★★,EEA_NON_EU,SMP,35,PI-ING-000270,YES,SMP-GTIN-05690516075156,Undanrennuduft úða/iðn 25 kg,MS Mjólkursamsalan,25 kg,5690516075156,TEXT,OK,NO,IS,KANDYDAT_PR,ms.is,DIRECT_SITE_UNCLASSIFIED,https://www.ms.is/vorur/vara/undanrennuduft-uda-idn-25-kg
IS,★★★★,EEA_NON_EU,SUCROSE,130,PI-ING-000514,YES,GENERIC-SUCROSE,Biały cukier krystaliczny — 100% cukier,GENERIC,dowolne opakowanie,,,,,,READY_PI,,NO_URL,PI-ING-000514
IS,★★★★,EEA_NON_EU,DEXTROSE,30,PI-ING-000494,YES,DEX-GTIN-05060326271725,Dextrose Powder Unflavoured 1 kg,HSN Raw Series,1 kg,5060326271725,TEXT,OK,NO,GB,KANDYDAT_PR,hsnstore.eu,DIRECT_SITE_UNCLASSIFIED,"https://www.hsnstore.eu/brands/raw-series/dextrose-powder
https://www.hsnstore.eu/international-shipping-costs
https://www.carrefour.es/dextrosa-de-hsn-sin-sabor-1-kg-20-tomas-por-envase-100-pura-dextrosa-en-polvo-sin-anadidos-ni-excipientes-carbohidratos-de-alto-indice-glucemico-no-gmo-vegano-sin-gluten/5060326271725/p
https://storage.googleapis.com/catalog-pictures-carrefour-es/catalog/pictures/hd_1500x_/5060326271725_3.jpg"
IS,★★★★,EEA_NON_EU,TARA,3,PI-ING-000492,YES,TARA-MP-1508-50,Pure Tara Gum Powder 50 g,Modernist Pantry,50 g (oferta marketplace opisuje także jako 2 oz),819543011967,TEXT,OK,NO,US/CA (UPC-A),WYMAGA_DOSTAWY,ubuy.is,DIRECT_SITE_UNCLASSIFIED,"https://www.ubuy.is/en/product/20BCUPO-pure-tara-gum-powder-non-gmo-gluten-free-vegan-ou-kosher-certified-50g-2oz
https://modernistpantry.com/products/tara-gum.html
https://modernistpantry.com/pages/international-shipping.html
https://cdn11.bigcommerce.com/s-nu5wtrnr3h/images/stencil/1280x1280/products/507/1289/modernistpantry_taragum_50g_back__92203.1691090330.jpg?c=1"
IL,★★★★,ISRAEL,MILK,672,PI-ING-000236,YES,MILK-IL-TNUVA-CLASSIC-38-1L,"Tnuva Milk with a Classic Taste 3,8% 1 L",Tnuva,1 L,7290000051352,TEXT,OK,NO,IL,KANDYDAT_PR,supercompare.co.il,DIRECT_SITE_UNCLASSIFIED,https://www.supercompare.co.il/en/product/7290000051352; https://www.tivtaam.co.il/?catalogProduct=17231
IL,★★★★,ISRAEL,CREAM,130,PI-ING-000180,YES,CREAM-GTIN-7290104728310,Yotvata Whipping Cream 38% 250 ml (שמנת להקצפה 38%),Yotvata / יטבתה,250 ml,7290104728310,TEXT,OK,NO,IL,KANDYDAT_PR,shufersal.co.il,DIRECT_SITE_UNCLASSIFIED,"https://www.shufersal.co.il/online/he/p/P_7290104728310
https://www.primadonaonline.co.il/categories/79722/products?catalogProduct=1318
https://www.mymarket.co.il/?catalogProduct=1318
https://www.lipsker.net/specials?catalogProduct=1318
https://www.shuk-nachalat.co.il/product-details/29072/שמנת_להקצפה_38_יטבתה_250_מ_ל"
IL,★★★★,ISRAEL,SMP,35,PI-ING-000270,YES,SMP-IL-SKU,אבקת חלב רזה 0.8% שומן,,200 g,,,,,,WYMAGA_ETYKIETY,sir-pele.co.il,DIRECT_SITE_UNCLASSIFIED,"https://sir-pele.co.il/items/677937-%D7%90%D7%91%D7%A7%D7%AA-%D7%97%D7%9C%D7%91-%D7%A8%D7%96%D7%94-0-8-%D7%A9%D7%95%D7%9E%D7%9F-200-%D7%92%D7%A8%D7%9D
https://www.kfi.co.il/product/%D7%90%D7%91%D7%A7%D7%AA-%D7%97%D7%9C%D7%91-%D7%A8%D7%96%D7%94/"
IL,★★★★,ISRAEL,SUCROSE,130,PI-ING-000514,YES,GENERIC-SUCROSE,Biały cukier krystaliczny — 100% cukier,GENERIC,dowolne opakowanie,,,,,,READY_PI,,NO_URL,PI-ING-000514
IL,★★★★,ISRAEL,DEXTROSE,30,PI-ING-000494,YES,DEX-IL-PRODUCT,דקסטרוז שק / Dextrose Monohydrate,Homebrewing.co.il (bez marki producenta),25 kg,,,,,,WYMAGA_ETYKIETY,homebrewing.co.il,DIRECT_SITE_UNCLASSIFIED,https://homebrewing.co.il/catalog.asp?page=newshowprod.asp&prodid=2998212
IL,★★★★,ISRAEL,TARA,3,PI-ING-000492,YES,TARA-MP-1508-50,Modernist Pantry Tara Gum 50 g,Modernist Pantry,50 g,819543011967,TEXT,OK,NO,US/CA (UPC-A),WYMAGA_DOSTAWY,modernistpantry.com,DIRECT_SITE_UNCLASSIFIED,"https://modernistpantry.com/products/tara-gum.html
https://modernistpantry.com/pages/international-shipping.html
https://cdn11.bigcommerce.com/s-nu5wtrnr3h/images/stencil/1280x1280/products/507/1289/modernistpantry_taragum_50g_back__92203.1691090330.jpg?c=1"
JP,★★★★,EAST_ASIA,MILK,672,PI-ING-000236,YES,MILK-GTIN-4955447100416,Hokkaido Hidaka 3.6 Long Life Milk 200 ml,Hokkaido Hidaka,200 ml carton; retailer case 24 cartons,4955447100416,TEXT,OK,NO,JP,KANDYDAT_PR,store.shopping.yahoo.co.jp,DIRECT_SITE_UNCLASSIFIED,"https://store.shopping.yahoo.co.jp/souvenir-chidoriya/4955447100416-cs.html
https://www.tajimaya-cc.net/products/36120
https://www.hug.com.tw/product/detail/drx8eizjgp5c
https://shop.use.com.tw/products/%E5%8C%97%E6%B5%B7%E9%81%93%E6%97%A5%E9%AB%9836%E7%89%9B%E4%B9%B3
https://images.openfoodfacts.org/images/products/495/544/710/0416/1.jpg
https://images.openfoodfacts.org/images/products/495/544/710/0416/2.jpg"
JP,★★★★,EAST_ASIA,CREAM,130,PI-ING-000180,YES,CREAM-GTIN-3252920035502,Le Gall Crème fleurette entière 30% MG,Le Gall,250 ml bottle,3252920035502,TEXT,OK,NO,FR,KANDYDAT_WARUNKOWY,parisnodaidoko.com,DIRECT_SITE_UNCLASSIFIED,"https://www.parisnodaidoko.com/view/item/000000000258
https://item.rakuten.co.jp/parisnodaidoko/tbl-lg07/
https://www.laiterie-legall.fr/fr/creme-fleurette-entiere-30-mg-25cl/
https://www.supermarchesmatch.fr/fr/p/1594817/le-gall-creme-fraiche-fleurette-entiere-30-percent-mg
https://www.coursesu.com/p/creme-fraiche-fleurette-30mg-le-gall---25cl/4886201.html
https://www.auchan.fr/legall-creme-fleurette-entiere-30-mg/pr-C1176894
https://makeshop-multi-images.akamaized.net/tabuluparis/shopimages/58/02/10_000000000258.jpg"
JP,★★★★,EAST_ASIA,SMP,35,PI-ING-000270,YES,SMP-GTIN-04908013127805,よつ葉 北海道スキムミルク (Yotsuba Hokkaido Skim Milk),Yotsuba / よつ葉,150 g,4908013127805,TEXT,OK,NO,JP,WYMAGA_ETYKIETY,yotsuba.co.jp,DIRECT_SITE_UNCLASSIFIED,"https://www.yotsuba.co.jp/product/milk-powder_12780.html
https://www.askul.co.jp/p/RR46225/
https://www.profoods.co.jp/i/1030562"
JP,★★★★,EAST_ASIA,SUCROSE,130,PI-ING-000514,YES,GENERIC-SUCROSE,Biały cukier krystaliczny — 100% cukier,GENERIC,dowolne opakowanie,,,,,,READY_PI,,NO_URL,PI-ING-000514
JP,★★★★,EAST_ASIA,DEXTROSE,30,PI-ING-000494,YES,DEX-JP-PRODUCT,ブドウ糖 / 含水結晶ぶどう糖 1kg,加藤化学 Kato Kagaku / Fuji Cryster (フジクリスター),1 kg,,,,,,WYMAGA_ETYKIETY,item.rakuten.co.jp,MARKETPLACE,"https://item.rakuten.co.jp/nk/455447/
https://www.katokagaku.co.jp/products/product-list.html"
JP,★★★★,EAST_ASIA,TARA,3,PI-ING-000492,YES,TARA-JP-PRODUCT,"スピノガムD (Spinogum D), tara gum",Fuso Chemical (扶桑化学工業株式会社),Gramatura niepubliczna,,,,,,WYMAGA_ETYKIETY,sansho.co.jp,DIRECT_SITE_UNCLASSIFIED,"https://sansho.co.jp/product/other-products/
https://fusokk.co.jp/lifescience-products/%E3%82%B9%E3%83%94%E3%83%8E%E3%82%AC%E3%83%A0%EF%BC%88%E3%82%BF%E3%83%A9%E3%82%AC%E3%83%A0%EF%BC%89"
QA,★★★★,GCC,MILK,672,PI-ING-000236,YES,MILK-GTIN-5711953072352,Organic Milk Full Fat 200ml,Arla,200 ml,5711953072352,TEXT,OK,NO,DK,KANDYDAT_PR,mea.arla.com,DIRECT_SITE_UNCLASSIFIED,"https://mea.arla.com/product-overview/organicmilk/full-fat-200ml-3195/
https://www.thefreshmarketdubai.com/products/arla-organic-milk-full-fat-200ml-5711953072352
https://www.noon.com/qatar-en/organic-milk-full-fat-plain-200ml/N32671173A/p/?o=d5b79a2fa867ab1f"
QA,★★★★,GCC,CREAM,130,PI-ING-000180,YES,CREAM-GTIN-3412290032215,Paysan Breton La Crème Pâtisserie & Cuisine UHT 30%,Paysan Breton,20 cl,3412290032215,TEXT,OK,NO,FR,KANDYDAT_PR,casinetto.com,DIRECT_SITE_UNCLASSIFIED,"https://casinetto.com/products/cooking-and-whipping-cream-30/
https://bf1af2.akinoncloudcdn.com/products/2025/03/28/87485/697134c3-73cd-408b-8a68-2100017edff8_size1920_cropCenter.jpg
https://bf1af2.akinoncloudcdn.com/products/2025/03/28/87485/4dd8e776-62e5-4b64-8b34-30e98d6b5a69_size1920_cropCenter.jpg
https://gcc.luluhypermarket.com/en-qa/paysan-breton-whipping-cooking-cream-200-ml/p/423673"
QA,★★★★,GCC,SMP,35,PI-ING-000270,YES,SMP-GTIN-03043931691418,Régilait Instant Skimmed Milk Powder 0% Fat,Régilait,puszka 300 g,3043931691418,TEXT,OK,NO,FR,KANDYDAT_PR,gcc.luluhypermarket.com,DIRECT_SITE_UNCLASSIFIED,"https://gcc.luluhypermarket.com/en-qa/regilait-0-fat-instant-skimmed-milk-powder-300-g/p/405103
https://regilait.com/en/products/powdered-milks/instant-skimmed-milk-powder-0-fat
https://thegrocer.com.qa/product/regilait-instant-skimmed-milk-powder-non-fat-300g/"
QA,★★★★,GCC,SUCROSE,130,PI-ING-000514,YES,GENERIC-SUCROSE,Biały cukier krystaliczny — 100% cukier,GENERIC,dowolne opakowanie,,,,,,READY_PI,,NO_URL,PI-ING-000514
QA,★★★★,GCC,DEXTROSE,30,PI-ING-000494,YES,DEX-QA-PRODUCT,Dextrose Monohydrate 1kg,Louis François,1 kg; case 12,,,,,,WYMAGA_GTIN,chefmiddleeast.com,DIRECT_SITE_UNCLASSIFIED,"https://www.chefmiddleeast.com/products/18224/
https://www.chefmiddleeast.com/cme-products/pastry/technical-ingredients/sugar-and-derivatives/
https://louisfrancois.com/produit/dextrose/
https://www.chefgourmet.ch/ftp/pgiArticle/LF4550B/LF4550B_Dextrose_5kg_FT_CG_EN_20240108.pdf
https://www.meilleurduchef.com/fr/achat/patisserie/ingredients/sucre-edulcorant/lfr-dextrose.html"
QA,★★★★,GCC,TARA,3,PI-ING-000492,YES,TARA-MP-1508-50,Modernist Pantry Pure Tara Gum Powder,Modernist Pantry,50 g,819543011967,TEXT,OK,NO,US/CA (UPC-A),KANDYDAT_PR,qatar.desertcart.com,DIRECT_SITE_UNCLASSIFIED,"https://qatar.desertcart.com/products/742480838-pure-tara-gum-powder-non-gmo-gluten-free-vegan-ou
https://modernistpantry.com/products/tara-gum.html
https://cdn11.bigcommerce.com/s-nu5wtrnr3h/images/stencil/90x90/products/507/1289/modernistpantry_taragum_50g_back__92203.1691090330.jpg?c=1"
KE,★★★★,KENYA,MILK,672,PI-ING-000236,YES,MILK-GTIN-6281007032568,Almarai Long Life Milk Full Fat 200 ml,Almarai,"200 ml UHT carton, individual unit",6281007032568,TEXT,OK,NO,SA,KANDYDAT_PR,almarai.com,DIRECT_SITE_UNCLASSIFIED,"https://www.almarai.com/en/brands/almarai/liquid-dairy/long-life-milk/long-life-milk-full-fat
https://www.facebook.com/savinghomenairobi/posts/saving-home-nairobi-kenya-branch-almarai-full-fat-milk-pure-goodness-pure-you-st/122236476026179029/
https://hungerstation.com/sa-en/supermarkets/regions/jeddah/az-zahra/branch/spinneys-178611/product/almarai-milk-full-fat-200ml-6281007032568
https://shopatshams.com.pk/products/almarai-full-fat-milk-200ml
https://images.openfoodfacts.org/images/products/628/100/703/2568/ingredients_en.24.full.jpg"
KE,★★★★,KENYA,CREAM,130,PI-ING-000180,YES,CREAM-GTIN-5701215046375,Emborg Natural Whipping Cream UHT 35%,Emborg,200 ml,5701215046375,TEXT,OK,NO,DK,KANDYDAT_PR,emborg.com,DIRECT_SITE_UNCLASSIFIED,"https://www.emborg.com/product/whipping-cream/
https://maxmartonline.com/emborg-whipping-cream-200ml
https://artcaffemarket.co.ke/products/emborg-whipping-cream-fat-uht-35-200ml"
KE,★★★★,KENYA,SMP,35,PI-ING-000270,YES,SMP-GTIN-00733739058324,NOW Real Food Organic Non-Fat Dry Milk Powder,NOW Foods Real Food,torebka 12 oz (340 g),733739058324,TEXT,OK,NO,US/CA (UPC-A),KANDYDAT_PR,ke.iherb.com,DIRECT_SITE_UNCLASSIFIED,"https://ke.iherb.com/pr/now-foods-real-food-organic-non-fat-dry-milk-powder-12-oz-340-g/21134
https://www.nowfoods.com/products/natural-foods/non-fat-dry-milk-powder-organic
https://www.iherb.com/shipping/ke"
KE,★★★★,KENYA,SUCROSE,130,PI-ING-000514,YES,GENERIC-SUCROSE,Biały cukier krystaliczny — 100% cukier,GENERIC,dowolne opakowanie,,,,,,READY_PI,,NO_URL,PI-ING-000514
KE,★★★★,KENYA,DEXTROSE,30,PI-ING-000494,YES,DEX-KE-PRODUCT,Dextrose Monohydrate (food grade),Unspecified manufacturer,25 kg,,,,,,WYMAGA_ETYKIETY,zenithcoltd.com,DIRECT_SITE_UNCLASSIFIED,https://zenithcoltd.com/product/dextrose-monohydrate-kenya/
KE,★★★★,KENYA,TARA,3,PI-ING-000492,YES,TARA-KE-PRODUCT,Modernist Pantry Pure Tara Gum Powder,Modernist Pantry,400 g,,,,,,WYMAGA_DOSTAWY,ubuy.ke,DIRECT_SITE_UNCLASSIFIED,"https://www.ubuy.ke/en/product/EPP4X2E-pure-tara-gum-powder-non-gmo-gluten-free-vegan-ou-kosher-certified-400g-14oz
https://modernistpantry.com/products/tara-gum.html"
CO,★★★★,LATAM_NORTH_ANDEAN,MILK,672,PI-ING-000236,YES,MILK-CO-ALQUERIA-SUPER-35-1100,"Alquería Súper Cremosa Leche Entera 3,5% 1100 ml",Alquería,1100 ml worek,7702177022726,TEXT,OK,NO,CO,KANDYDAT_PR,alqueria.com.co,DIRECT_SITE_UNCLASSIFIED,https://www.alqueria.com.co/productos/leche-entera/super-cremosa; https://www.exito.com/leche-entera-super-cremosa-unidad-alqueria-1100-ml-3121825/p
CO,★★★★,LATAM_NORTH_ANDEAN,CREAM,130,PI-ING-000180,YES,CREAM-GTIN-7702177022344,Alquería Crema de Leche Original (fórmula PEC) 400 g,Alquería,"400 g, saszetka z zakrętką, 27 porcji po 15 g",7702177022344,TEXT,OK,NO,CO,KANDYDAT_PR,alqueria.com.co,DIRECT_SITE_UNCLASSIFIED,"https://www.alqueria.com.co/productos/cremas/crema-de-leche
https://www.mercaldas.com/crema-de-leche-alqueria-semientera-x400-g/p
https://www.mercaldas.com/api/catalog_system/pub/products/search/crema%20alqueria?_from=0&_to=49
https://mercaldas.vteximg.com.br/arquivos/ids/1362415/Crema-de-leche-ALQUERIA-semientera-x400-g_124699.jpg?v=639192268517630000
https://www.megatiendas.co/crema-de-leche-alqueria-semientera-x-400-g-7702177022344/p
https://es.scribd.com/document/731212940/FT-Crema-leche-Alq-1"
CO,★★★★,LATAM_NORTH_ANDEAN,SMP,35,PI-ING-000270,YES,SMP-GTIN-07702129004572,Leche en Polvo Descremada Colanta Slight,Colanta,torebka 380 g,7702129004572,TEXT,OK,NO,CO,WYMAGA_ETYKIETY,colanta.com,DIRECT_SITE_UNCLASSIFIED,"https://colanta.com/productos/leche-en-polvo-descremada-slight/
https://www.mercacentro.com/leche-colanta-en-polvo-descremada-slight-380--g/p
https://colanta.com/wp-content/uploads/LECHE-EN-POLVO-SLIGHT-380-G-tabla-1252-x-687-px-1.jpg"
CO,★★★★,LATAM_NORTH_ANDEAN,SUCROSE,130,PI-ING-000514,YES,GENERIC-SUCROSE,Biały cukier krystaliczny — 100% cukier,GENERIC,dowolne opakowanie,,,,,,READY_PI,,NO_URL,PI-ING-000514
CO,★★★★,LATAM_NORTH_ANDEAN,DEXTROSE,30,PI-ING-000494,YES,DEX-CO-PRODUCT,Dextrosa Monohidratada,Essentiall,1 kg,,,,,,WYMAGA_ETYKIETY,tienda.essentiall.com.co,DIRECT_SITE_UNCLASSIFIED,https://tienda.essentiall.com.co/producto/dextrosa-monohidratada-x-1-kg/
CO,★★★★,LATAM_NORTH_ANDEAN,TARA,3,PI-ING-000492,YES,TARA-MP-1508-50,Tara Gum — Home 50g,Modernist Pantry,50 g,819543011967,TEXT,OK,NO,US/CA (UPC-A),KANDYDAT_PR,modernistpantry.com,DIRECT_SITE_UNCLASSIFIED,"https://modernistpantry.com/products/tara-gum.html
https://cdn11.bigcommerce.com/s-nu5wtrnr3h/images/stencil/1280x1280/products/507/1289/modernistpantry_taragum_50g_back__92203.1691090330.jpg?c=1
https://yaxa.co/products/polvo-de-goma-de-mascar-pure-tara-no-transgenico-sin-gluten-vegano-certificado-kosher-ou-50-g-2-oz-colombia"
KR,★★★★,EAST_ASIA,MILK,672,PI-ING-000236,YES,MILK-KR-MAEIL-ORIGINAL-36-900,"Maeil Milk Original 3,6% 900 ml",Maeil,900 ml,8801121772874,TEXT,OK,NO,KR,KANDYDAT_PR,maeil.com,DIRECT_SITE_UNCLASSIFIED,https://www.maeil.com/; https://kr.openfoodfacts.org/produkt/8801121772874/original-3-6-milk-maeil
KR,★★★★,EAST_ASIA,CREAM,130,PI-ING-000180,YES,CREAM-GTIN-3412290032215,Paysan Breton UHT Cooking & Whipping Cream 30%,Paysan Breton,200 ml (20 cl),3412290032215,TEXT,OK,NO,FR,KANDYDAT_PR,casinetto.com,DIRECT_SITE_UNCLASSIFIED,"https://casinetto.com/products/cooking-and-whipping-cream-30/
https://cdn.shopify.com/s/files/1/1575/0603/files/afff2bdbe0c3a9dc388d388e7964416ea6e037cc_PAYC002_2.jpg?v=1786035968&width=1600
https://www.kurly.com/goods/5006054
https://img-cf.kurly.com/hdims/resize/%3E1010x/quality/90/src/shop/data/goodsview/20220304/gv30000286268_1.jpg
https://lottemartzetta.com/products/OS3412290032215/details
https://winenfood.co.kr/product/?bmode=view&idx=102391422"
KR,★★★★,EAST_ASIA,SMP,35,PI-ING-000270,YES,SMP-GTIN-08801115421078,서울우유 탈지분유 (Seoul Skim Milk Powder),Seoul Milk / 서울우유,1 kg,8801115421078,TEXT,OK,NO,KR,KANDYDAT_PR,m.seoulmilk.co.kr,DIRECT_SITE_UNCLASSIFIED,"https://m.seoulmilk.co.kr/mobile/product/product_view.sm?gubun=&nmNo=10000000000506&page=1&subname=P11
https://lottemartzetta.com/products/OS8801115421078/details"
KR,★★★★,EAST_ASIA,SUCROSE,130,PI-ING-000514,YES,GENERIC-SUCROSE,Biały cukier krystaliczny — 100% cukier,GENERIC,dowolne opakowanie,,,,,,READY_PI,,NO_URL,PI-ING-000514
KR,★★★★,EAST_ASIA,DEXTROSE,30,PI-ING-000494,YES,DEX-KR-PRODUCT,함수결정포도당 Dextrose Monohydrate 1kg,ES식품원료 ES Food Ingredients,1 kg,,,,,,WYMAGA_ETYKIETY,esfood.kr,DIRECT_SITE_UNCLASSIFIED,"https://www.esfood.kr/goods/goods_view.php?goodsNo=186786072
https://m.gmarket.co.kr/vi/product/3046148674"
KR,★★★★,EAST_ASIA,TARA,3,PI-ING-000492,YES,TARA-GTIN-08055728540170,Tara Gum 50gr. / Gomma di Tara E417,SaporePuro,50 g,8055728540170,TEXT,OK,NO,IT,KANDYDAT_PR,bakingwarehouse.com,DIRECT_SITE_UNCLASSIFIED,"https://bakingwarehouse.com/products/tara-gum-50gr-saporepuro
https://bakingwarehouse.com/pages/worldwide-shipping
https://saporepuro.myshopify.com/products/farina-di-semi-di-tara-gomma-di-tara-origine-peru-e417-confezionato-in-italia-1
https://saporepuro.myshopify.com/products/farina-di-semi-di-tara-gomma-di-tara-origine-peru-e417-confezionato-in-italia-1.json
https://saporepuro.myshopify.com/cdn/shop/files/TDS_GOMMA_DI_TARA_SAPOREPURO_7ba2d8ce-553c-4b18-8d0a-b511a78af3f0.pdf?v=6266750854494086058
https://saporepuro.com/products/farina-di-semi-di-tara-gomma-di-tara-origine-peru-e417-confezionato-in-italia-1.json"
CR,★★★★,LATAM_NORTH_ANDEAN,MILK,672,PI-ING-000236,YES,MILK-CR-DOSPINOS-UHT-35-1L,"Dos Pinos Leche Entera UAT 3,5% 1 L",Dos Pinos,1 L,7441001601071,TEXT,OK,NO,CR,KANDYDAT_PR,masxmenos.cr,DIRECT_SITE_UNCLASSIFIED,https://www.masxmenos.cr/leche-dos-pinos-entera-uht-3-grasa-1000ml-4/p; https://www.superarias.com/leche-entera-3-5-grasa-dos-pinos-1l-tb/
CR,★★★★,LATAM_NORTH_ANDEAN,CREAM,130,PI-ING-000180,YES,CREAM-GTIN-7441001604508,Dos Pinos Crema Dulce para Batir 35%,Dos Pinos,"250 ml, karton UHT",7441001604508,TEXT,OK,NO,CR,KANDYDAT_PI_ESTIMATED,express.dospinos.com,DIRECT_SITE_UNCLASSIFIED,"https://express.dospinos.com/crema-dulce-250-ml-2
https://www.megasuper.com/p/crema-dulce-dos-pinos-250ml-7441001604508
https://walmartni.vteximg.com.br/arquivos/ids/670349/7505_03.jpg?v=638881272276900000
https://walmartni.vteximg.com.br/arquivos/ids/670350/7505_04.jpg?v=638881272281100000
mapper_basement(10).csv | PI-ING-000180 | total_sugars_percent=3.2"
CR,★★★★,LATAM_NORTH_ANDEAN,SMP,35,PI-ING-000270,YES,SMP-GTIN-07441001612039,Dos Pinos Leche descremada en polvo instantánea 0% grasa 400 g,Dos Pinos,"400 g, torebka",7441001612039,TEXT,OK,NO,CR,WYMAGA_ETYKIETY,walmart.co.cr,DIRECT_SITE_UNCLASSIFIED,"https://www.walmart.co.cr/leche-dos-pinos-en-polvo-descremada-400-g-0/p
https://walmartcr.vtexassets.com/arquivos/ids/777064-1600-auto?width=1600&height=auto&aspect=true
https://pcreativas.com/dospinos/index.php/producto/leche-descremada-0-grasa-en-polvo/
https://www.etiqueteando.com/shop/lacteos/leches/dos-pinos-leche-descremada-en-polvo/
https://www.lamonjaras.com/index.php?product_id=103&view=producto
https://www.masxmenos.cr/leche-dos-pinos-en-polvo-descremada-800-g-7/p"
CR,★★★★,LATAM_NORTH_ANDEAN,SUCROSE,130,PI-ING-000514,YES,GENERIC-SUCROSE,Biały cukier krystaliczny — 100% cukier,GENERIC,dowolne opakowanie,,,,,,READY_PI,,NO_URL,PI-ING-000514
CR,★★★★,LATAM_NORTH_ANDEAN,DEXTROSE,30,PI-ING-000494,YES,DEX-CR-PRODUCT,Dextrosa Monohidratada,CreaFoods,1 kg,,,,,,WYMAGA_ETYKIETY,creafoods.com,DIRECT_SITE_UNCLASSIFIED,"https://www.creafoods.com/dextrosa-monohidratada-1kg
https://www.creafoods.com/download/sample/53"
CR,★★★★,LATAM_NORTH_ANDEAN,TARA,3,PI-ING-000492,YES,TARA-MP-1508-50,Tara Gum — Home 50g,Modernist Pantry,50 g,819543011967,TEXT,OK,NO,US/CA (UPC-A),KANDYDAT_PR,modernistpantry.com,DIRECT_SITE_UNCLASSIFIED,"https://modernistpantry.com/products/tara-gum.html
https://cdn11.bigcommerce.com/s-nu5wtrnr3h/images/stencil/1280x1280/products/507/1289/modernistpantry_taragum_50g_back__92203.1691090330.jpg?c=1
https://costarica.yaxa.co/products/polvo-de-goma-de-mascar-pure-tara-no-transgenico-sin-gluten-vegano-certificado-kosher-ou-50-g-2-oz-colombia"
KW,★★★★,GCC,MILK,672,PI-ING-000236,YES,MILK-GTIN-6281007040235,Fresh Milk Full Fat 1L,Almarai,1 L butelka,6281007040235,TEXT,OK,NO,SA,KANDYDAT_PR,almarai.com,DIRECT_SITE_UNCLASSIFIED,"https://www.almarai.com/en/brands/almarai/liquid-dairy/fresh-milk/fresh-milk-full-fat
https://mohideensupermarket.com/product/almarai-milk-full-fat-3-1-ltr/
https://furdtk.com/en/shop/category/dairy-eggs-fresh-milk-3288"
KW,★★★★,GCC,CREAM,130,PI-ING-000180,YES,CREAM-GTIN-3412290032215,Paysan Breton La Crème Pâtisserie & Cuisine UHT 30%,Paysan Breton,20 cl,3412290032215,TEXT,OK,NO,FR,KANDYDAT_PR,casinetto.com,DIRECT_SITE_UNCLASSIFIED,"https://casinetto.com/products/cooking-and-whipping-cream-30/
https://bf1af2.akinoncloudcdn.com/products/2025/03/28/87485/697134c3-73cd-408b-8a68-2100017edff8_size1920_cropCenter.jpg
https://bf1af2.akinoncloudcdn.com/products/2025/03/28/87485/4dd8e776-62e5-4b64-8b34-30e98d6b5a69_size1920_cropCenter.jpg
https://gcc.luluhypermarket.com/en-kw/paysan-breton-whipping-cooking-cream-200-ml/p/423673"
KW,★★★★,GCC,SMP,35,PI-ING-000270,YES,SMP-GTIN-03043931691418,Régilait Instant Skimmed Milk Powder 0% Fat,Régilait,puszka 300 g,3043931691418,TEXT,OK,NO,FR,KANDYDAT_PR,gcc.luluhypermarket.com,DIRECT_SITE_UNCLASSIFIED,"https://gcc.luluhypermarket.com/en-kw/regilait-0-fat-instant-skimmed-milk-powder-300-g/p/405103
https://regilait.com/en/products/powdered-milks/instant-skimmed-milk-powder-0-fat
https://thegrocer.com.qa/product/regilait-instant-skimmed-milk-powder-non-fat-300g/
https://www.carrefour.fr/p/lait-en-poudre-demi-ecreme-regilait-3043933232701"
KW,★★★★,GCC,SUCROSE,130,PI-ING-000514,YES,GENERIC-SUCROSE,Biały cukier krystaliczny — 100% cukier,GENERIC,dowolne opakowanie,,,,,,READY_PI,,NO_URL,PI-ING-000514
KW,★★★★,GCC,DEXTROSE,30,PI-ING-000494,YES,DEX-KW-PRODUCT,Dextrose Monohydrate – food applications,Unspecified manufacturer,B2B — opakowanie niepubliczne,,,,,,WYMAGA_ETYKIETY,chemstock.ae,DIRECT_SITE_UNCLASSIFIED,https://chemstock.ae/industrial-chemicals/food-chemicals/dextrose-monohydrate-supplier-uae/
KW,★★★★,GCC,TARA,3,PI-ING-000492,YES,TARA-MP-1508-50,Modernist Pantry Pure Tara Gum Powder,Modernist Pantry,50 g,819543011967,TEXT,OK,NO,US/CA (UPC-A),WYMAGA_DOSTAWY,a.ubuy.com.kw,DIRECT_SITE_UNCLASSIFIED,"https://www.a.ubuy.com.kw/en/product/20BCUPO-pure-tara-gum-powder-non-gmo-gluten-free-vegan-ou-kosher-certified-50g-2oz
https://modernistpantry.com/products/tara-gum.html
https://cdn11.bigcommerce.com/s-nu5wtrnr3h/images/stencil/90x90/products/507/1289/modernistpantry_taragum_50g_back__92203.1691090330.jpg?c=1"
LT,★★★★,EU27,MILK,672,PI-ING-000236,YES,MILK-GTIN-4770265041259,"Pienas MŪ UAT 3,5% rieb. 1 l",MŪ,1 l karton UAT/UHT,4770265041259,TEXT,OK,NO,LT,KANDYDAT_PR,barbora.lt,DIRECT_SITE_UNCLASSIFIED,"https://barbora.lt/produktai/uat-pienas-mu-3-5-proc-rieb-1-l
https://www.rimi.lt/e-parduotuve/en/products/dairy-products-and-eggs/milk/uht-milk/pienas-mu-uat-3-5-rieb-1-l/p/249003
https://oliver.lt/pienas/4134-pienas-mu-35-riebumo-1-l-4770265041259.html
https://www.printera.lt/c/p/pienas-mu-3-5-riebumo-1-l--246813"
LT,★★★★,EU27,CREAM,130,PI-ING-000180,YES,CREAM-GTIN-5901432003261,Meadow Star UHT whipping cream 30%,Meadow Star,500 ml carton,5901432003261,TEXT,OK,NO,PL,KANDYDAT_PR,epromo.lv,DIRECT_SITE_UNCLASSIFIED,"https://epromo.lv/en/product/dairy-products-and-eggs/sour-cream-cream/cream/sweet-cream-meadow-star-30-0.5-l-uht/x433344
https://www.rimi.lt/e-parduotuve/en/products/dairy-products-and-eggs/sour-and-sweet-cream-/cream/grietinele-meadow-star-uat-30-500-ml/p/4004128
https://www.ife.co.uk/exhibitors/wart-milk"
LT,★★★★,EU27,SMP,35,PI-ING-000270,YES,SMP-LT-SKU,Lieso pieno milteliai,UAB Rilis / Yerbamate.lt,1000 g,,,,,,WYMAGA_GTIN,aone.lt,DIRECT_SITE_UNCLASSIFIED,"https://aone.lt/produktas/lieso-pieno-milteliai-1000g/
https://yerbamate.lt/produktas/lieso-pieno-milteliai-1000g/"
LT,★★★★,EU27,SUCROSE,130,PI-ING-000514,YES,GENERIC-SUCROSE,Biały cukier krystaliczny — 100% cukier,GENERIC,dowolne opakowanie,,,,,,READY_PI,,NO_URL,PI-ING-000514
LT,★★★★,EU27,DEXTROSE,30,PI-ING-000494,YES,DEX-GTIN-04744130012590,"ICONFIT Dextro, czysta dekstroza w proszku",ICONFIT,1000 g,4744130012590,TEXT,OK,NO,EE,WYMAGA_ETYKIETY,iconfit.lt,DIRECT_SITE_UNCLASSIFIED,"https://iconfit.lt/en/products/dextrose
https://elvaistine.lt/vitaminai-ir-maisto-papildai/baltyminiai-ir-kiti-maisto-produktai/iconfit-dextro-dekstroze-1kg
https://sportfit.ee/gb/sports-nutrition/iconfit-dextro-premium-dextrose-1kg"
LT,★★★★,EU27,TARA,3,PI-ING-000492,YES,TARA-LT-PRODUCT,Tara guma,Aone / UAB Rilis,200 g,,,,,,WYMAGA_ETYKIETY,aone.lt,DIRECT_SITE_UNCLASSIFIED,https://aone.lt/produktas/tara-guma-200g-400g-600g/
LU,★★★★,EU27,MILK,672,PI-ING-000236,YES,MILK-LU-LUXLAIT-UHT-35-1L,"Luxlait UHT Whole Milk 3,5% 1 L",Luxlait,1 L,5450168511507,TEXT,OK,NO,BE/LU,KANDYDAT_PR,luxlait.lu,DIRECT_SITE_UNCLASSIFIED,https://www.luxlait.lu/en/product/uht-milk/pro
LU,★★★★,EU27,CREAM,130,PI-ING-000180,YES,CREAM-GTIN-5450168531871,Luxlait Crème UHT L’entière 30% 200 ml,Luxlait,200 ml,5450168531871,TEXT,OK,NO,BE/LU,KANDYDAT_PR,luxlait.lu,DIRECT_SITE_UNCLASSIFIED,"https://www.luxlait.lu/de/produkt/uht-schlagsahne/pro
https://auchan.lu/munsbach/cremes-liquides/98802910-creme-fluide-entiere-30mg-20cl-3629716.html
https://luxcaddy.lu/lb/products/988/creme-uht-30"
LU,★★★★,EU27,SMP,35,PI-ING-000270,YES,SMP-GTIN-03254560079519,Lait en poudre écrémé,Auchan,300 g,3254560079519,TEXT,OK,NO,FR,KANDYDAT_PR,auchan.lu,DIRECT_SITE_UNCLASSIFIED,"https://auchan.lu/lait-concentre-en-poudre/6749-lait-en-poudre-ecreme-300g-189847.html
https://www.auchan.fr/auchan-lait-en-poudre-ecreme-origine-france/pr-C1260223"
LU,★★★★,EU27,SUCROSE,130,PI-ING-000514,YES,GENERIC-SUCROSE,Biały cukier krystaliczny — 100% cukier,GENERIC,dowolne opakowanie,,,,,,READY_PI,,NO_URL,PI-ING-000514
LU,★★★★,EU27,DEXTROSE,30,PI-ING-000494,YES,DEX-LU-PRODUCT,Dextrose Monohydraté,Hobbyscuit (konfekcjonowany),500 g,,,,,,WYMAGA_ETYKIETY,hobbyscuit.com,DIRECT_SITE_UNCLASSIFIED,"https://www.hobbyscuit.com/sucres/1268-dextrose-monohydrate.html
https://www.hobbyscuit.com/3553-large_default/dextrose-monohydrate.jpg"
LU,★★★★,EU27,TARA,3,PI-ING-000492,YES,TARA-GTIN-08055728540170,SaporePuro Farina di Semi di Tara / Gomma di Tara E417,SaporePuro,50 g,8055728540170,TEXT,OK,NO,IT,KANDYDAT_PR,saporepuro.com,DIRECT_SITE_UNCLASSIFIED,"https://saporepuro.com/products/farina-di-semi-di-tara-gomma-di-tara-origine-peru-e417-confezionato-in-italia-1
https://saporepuro.com/cdn/shop/files/TDS_GOMMA_DI_TARA_SAPOREPURO_7ba2d8ce-553c-4b18-8d0a-b511a78af3f0.pdf?v=6266750854494086058
https://saporepuro.com/policies/shipping-policy
https://saporepuro.com/products/farina-di-semi-di-tara-gomma-di-tara-origine-peru-e417-confezionato-in-italia-1.json"
LV,★★★★,EU27,MILK,672,PI-ING-000236,YES,MILK-GTIN-4770265041259,"Piens MŪ 3,5% tauku 1 l",MŪ,1 l karton UAT/UHT,4770265041259,TEXT,OK,NO,LT,KANDYDAT_PR,oliver24.lv,DIRECT_SITE_UNCLASSIFIED,"https://oliver24.lv/piens/4134-piens-mu-35-tauku-1-l-4770265041259.html
https://barbora.lt/produktai/uat-pienas-mu-3-5-proc-rieb-1-l
https://www.printera.lt/c/p/pienas-mu-3-5-riebumo-1-l--246813
https://www.rimi.lt/e-parduotuve/en/products/dairy-products-and-eggs/milk/uht-milk/pienas-mu-uat-3-5-rieb-1-l/p/249003"
LV,★★★★,EU27,CREAM,130,PI-ING-000180,YES,CREAM-GTIN-5901432003261,Meadow Star UHT whipping cream 30%,Meadow Star,500 ml carton,5901432003261,TEXT,OK,NO,PL,KANDYDAT_PR,epromo.lv,DIRECT_SITE_UNCLASSIFIED,"https://epromo.lv/en/product/dairy-products-and-eggs/sour-cream-cream/cream/sweet-cream-meadow-star-30-0.5-l-uht/x433344
https://www.rimi.lv/e-veikals/en/products/dairy-and-eggs/cream/whipping-cream/saldais-krejums-meadow-star-uht-30-500ml/p/4004128
https://www.ife.co.uk/exhibitors/wart-milk"
LV,★★★★,EU27,SMP,35,PI-ING-000270,YES,SMP-LV-SKU,Vājpiena pulveris,Rīgas piena kombināts,"25 kg, worek",,,,,,WYMAGA_GTIN,piens.lv,DIRECT_SITE_UNCLASSIFIED,"https://piens.lv/produkti/vajpiena-pulveris
https://piens.lv/produkti"
LV,★★★★,EU27,SUCROSE,130,PI-ING-000514,YES,GENERIC-SUCROSE,Biały cukier krystaliczny — 100% cukier,GENERIC,dowolne opakowanie,,,,,,READY_PI,,NO_URL,PI-ING-000514
LV,★★★★,EU27,DEXTROSE,30,PI-ING-000494,YES,DEX-GTIN-04744130012590,"ICONFIT Dextro, czysta dekstroza w proszku",ICONFIT,1000 g,4744130012590,TEXT,OK,NO,EE,WYMAGA_ETYKIETY,iconfit.lv,DIRECT_SITE_UNCLASSIFIED,"https://iconfit.lv/products/dextrose
https://moonmart.lv/p/iconfit-dextro-dextrose-pulveris-1000-g-1152298
https://sportfit.ee/gb/sports-nutrition/iconfit-dextro-premium-dextrose-1kg
https://iconfit.ee/products/dextrose"
LV,★★★★,EU27,TARA,3,PI-ING-000492,YES,TARA-GTIN-08055728540170,SaporePuro Farina di Semi di Tara / Gomma di Tara E417,SaporePuro,50 g,8055728540170,TEXT,OK,NO,IT,KANDYDAT_PR,saporepuro.com,DIRECT_SITE_UNCLASSIFIED,"https://saporepuro.com/products/farina-di-semi-di-tara-gomma-di-tara-origine-peru-e417-confezionato-in-italia-1
https://saporepuro.com/cdn/shop/files/TDS_GOMMA_DI_TARA_SAPOREPURO_7ba2d8ce-553c-4b18-8d0a-b511a78af3f0.pdf?v=6266750854494086058
https://saporepuro.com/policies/shipping-policy
https://saporepuro.com/products/farina-di-semi-di-tara-gomma-di-tara-origine-peru-e417-confezionato-in-italia-1.json"
MY,★★★★,ASEAN,MILK,672,PI-ING-000236,YES,MILK-GTIN-5701215046832,"Emborg UHT Full Cream Milk 3,5% 1 L",Emborg,1 L,5701215046832,TEXT,OK,NO,DK,KANDYDAT_PR,emborg.com,DIRECT_SITE_UNCLASSIFIED,"https://www.emborg.com/product/full-cream-milk/
https://ptccom.com.ph/products/dairy/milk/emborg-full-cream-milk/
https://www.foodplusph.com/products/emborg-full-cream-milk-uht-3-5-l
https://maxmartonline.com/emborg-milk-full-cream-1ltr
https://www.meatup.shop/products/emborg-full-cream-milk-1l
https://bics.n.my/m/index.php?cat=Emborg&products_id=5362960&subcat=Milk&ws=showproducts"
MY,★★★★,ASEAN,CREAM,130,PI-ING-000180,YES,CREAM-GTIN-5701215046375,Emborg Natural Whipping Cream UHT 35.1% 200 ml,Emborg,200 ml,5701215046375,TEXT,OK,NO,DK,KANDYDAT_PR,emborg.com,DIRECT_SITE_UNCLASSIFIED,"https://www.emborg.com/product/whipping-cream/
https://myaeon2go.com/product/5537/whipping-cream-uht
https://www.emborg.com/my/product/whipping-cream/
https://www.tops.co.th/en/emborg-dairy-whipping-cream-200ml-5701215046375
https://maxmartonline.com/emborg-whipping-cream-200ml"
MY,★★★★,ASEAN,SMP,35,PI-ING-000270,YES,SMP-GTIN-09556958338807,Sunlac Low Fat Instant Skim Milk Powder,Sunlac,700 g,9556958338807,TEXT,OK,NO,MY,WYMAGA_ETYKIETY,dailylac.com.my,DIRECT_SITE_UNCLASSIFIED,"https://dailylac.com.my/product/sunlac-700g/
https://www.sunlac.com.my/page/169/Skim-Milk-Powder/
https://megakulim.com.my/index.php?product_id=454&route=product%2Fproduct
https://aapharmacy.com.my/products/sunlac-instant-skim-milk-700gm"
MY,★★★★,ASEAN,SUCROSE,130,PI-ING-000514,YES,GENERIC-SUCROSE,Biały cukier krystaliczny — 100% cukier,GENERIC,dowolne opakowanie,,,,,,READY_PI,,NO_URL,PI-ING-000514
MY,★★★★,ASEAN,DEXTROSE,30,PI-ING-000494,YES,DEX-MY-PRODUCT,Pastry Pro Dextrose Monohydrate Food Grade 1kg,Pastry Pro,1 kg bag,,,,,,WYMAGA_ETYKIETY,pastrypro.com.my,DIRECT_SITE_UNCLASSIFIED,https://pastrypro.com.my/products/dextrose-monohydrate-food-grade-1kg
MY,★★★★,ASEAN,TARA,3,PI-ING-000492,YES,TARA-MY-PRODUCT,Tara Gum Powder / Serbuk Gam Tara,Take It Global,100 g (500g and1kg variants also listed),,,,,,WYMAGA_ETYKIETY,takeitglobal.my,DIRECT_SITE_UNCLASSIFIED,https://takeitglobal.my/products/tara-gum-powder-serbuk-gam-tara-caesalpinia-spinosa-gum-%E5%A1%94%E6%8B%89%E8%83%B6%E7%B2%89
MT,★★★★,EU27,MILK,672,PI-ING-000236,YES,MILK-MT-BENNA-FRESH-35-1L,"Benna Fresh Whole Milk 3,5% 1 L",Benna,1 L,5350066100042,TEXT,OK,NO,MT,KANDYDAT_PR,benna.com.mt,DIRECT_SITE_UNCLASSIFIED,https://www.benna.com.mt/products/whole-milk/; https://www.greens.com.mt/productdetails?loc=MH&pid=5350066100042; https://savemart.com.mt/product/3578/popup
MT,★★★★,EU27,CREAM,130,PI-ING-000180,YES,CREAM-GTIN-3155250367896,Président Crème UHT semi-épaisse entière 30% MG 2×25cl,Président,2 × 250 ml,3155250367896,TEXT,OK,NO,FR,KANDYDAT_PR,greens.com.mt,DIRECT_SITE_UNCLASSIFIED,"https://www.greens.com.mt/productdetails?pid=3155250367896
https://www.auchan.fr/president-creme-semi-epaisse-entiere-gastronomique-30-mg-uht/pr-C1174614
https://www.carrefour.fr/p/creme-uht-semi-epaisse-entiere-30-mg-president-3155250367896"
MT,★★★★,EU27,SMP,35,PI-ING-000270,YES,SMP-GTIN-03043939531112,Skimmed Milk Powder,Régilait,puszka 300 g,3043939531112,TEXT,OK,NO,FR,KANDYDAT_PR,savemart.com.mt,DIRECT_SITE_UNCLASSIFIED,"https://savemart.com.mt/product/89655/popup
https://www.greens.com.mt/productdetails?pid=3043939531112
https://nutritionempire.net/en/product/regilait-skimmed-milk-powder-300g
https://regilait.com/en/products/powdered-milks/instant-skimmed-milk-powder-0-fat"
MT,★★★★,EU27,SUCROSE,130,PI-ING-000514,YES,GENERIC-SUCROSE,Biały cukier krystaliczny — 100% cukier,GENERIC,dowolne opakowanie,,,,,,READY_PI,,NO_URL,PI-ING-000514
MT,★★★★,EU27,DEXTROSE,30,PI-ING-000494,YES,DEX-GTIN-08050246530061,Destrosio Monoidrato 1kg,Artegustando,1 kg,8050246530061,TEXT,OK,NO,IT,KANDYDAT_PR,artegustando.com,DIRECT_SITE_UNCLASSIFIED,"https://artegustando.com/products/destrosio-monoidrato
https://artegustando.com/policies/shipping-policy"
MT,★★★★,EU27,TARA,3,PI-ING-000492,YES,TARA-GTIN-08055728540170,SaporePuro Farina di Semi di Tara / Gomma di Tara E417,SaporePuro,50 g,8055728540170,TEXT,OK,NO,IT,KANDYDAT_PR,saporepuro.com,DIRECT_SITE_UNCLASSIFIED,"https://saporepuro.com/products/farina-di-semi-di-tara-gomma-di-tara-origine-peru-e417-confezionato-in-italia-1
https://saporepuro.com/cdn/shop/files/TDS_GOMMA_DI_TARA_SAPOREPURO_7ba2d8ce-553c-4b18-8d0a-b511a78af3f0.pdf?v=6266750854494086058
https://saporepuro.com/policies/shipping-policy
https://saporepuro.com/products/farina-di-semi-di-tara-gomma-di-tara-origine-peru-e417-confezionato-in-italia-1.json"
MA,★★★★,MAGHREB,MILK,672,PI-ING-000236,YES,MILK-GTIN-8410285127347,Lait de vache stérilisé UHT entier 3.5% M.G. 1L,Président,"1 L, karton eksportowy wielojęzyczny z nakrętką",8410285127347,TEXT,OK,NO,ES,KANDYDAT_PR,copralim.ma,DIRECT_SITE_UNCLASSIFIED,"https://copralim.ma/product/entier-1l/
https://copralim.ma/wp-content/uploads/2025/07/Design-sans-titre-3-5.png
https://aswakassalam.com/produit/lait-uht-entier-1l-president/
https://www.bringo.ma/fr_MA/stores/carrefour-hypermarket/lait-entier-5/products/lait-uht-entier-president-1l-vendor-2-15602/17539
https://suatuoi.com/president/president-full-cream-1l-combo
https://cdn.suatuoi.com/images/brand/president/president-full-cream-1l/2.webp
https://cdn.suatuoi.com/images/brand/president/president-full-cream-1l/3.webp
https://cdn.suatuoi.com/images/brand/president/president-full-cream-1l/4.webp
https://comercoo.com/produit/1598/lait-president-entier-1l/"
MA,★★★★,MAGHREB,CREAM,130,PI-ING-000180,YES,CREAM-GTIN-3155250367834,Bridélice Crème UHT entière fluide 30% MG,Bridélice,2 × 25 cl,3155250367834,TEXT,OK,NO,FR,KANDYDAT_PR,carrefour.fr,DIRECT_SITE_UNCLASSIFIED,"https://www.carrefour.fr/p/creme-uht-fluide-entiere-30-mg-bridelice-3155250367834
https://www.coursesu.com/p/creme-uht-entiere-fluide-30mg-bridelice-2x25cl/5678915.html
https://www.bringo.ma/fr_MA/stores/carrefour-supermarket/creme-fluide/products/creme-fraiche-uht-entiere-fluid-30-mg-bridelice-2x25cl-vendor-1-710622/433938"
MA,★★★★,MAGHREB,SMP,35,PI-ING-000270,YES,SMP-GTIN-00733739058324,NOW Real Food Organic Non-Fat Dry Milk Powder,NOW Foods Real Food,torebka 12 oz (340 g),733739058324,TEXT,OK,NO,US/CA (UPC-A),KANDYDAT_PR,ma.iherb.com,DIRECT_SITE_UNCLASSIFIED,"https://ma.iherb.com/pr/now-foods-real-food-organic-non-fat-dry-milk-powder-12-oz-340-g/21134
https://www.nowfoods.com/products/natural-foods/non-fat-dry-milk-powder-organic
https://www.iherb.com/shipping/ma"
MA,★★★★,MAGHREB,SUCROSE,130,PI-ING-000514,YES,GENERIC-SUCROSE,Biały cukier krystaliczny — 100% cukier,GENERIC,dowolne opakowanie,,,,,,READY_PI,,NO_URL,PI-ING-000514
MA,★★★★,MAGHREB,DEXTROSE,30,PI-ING-000494,YES,DEX-MA-PRODUCT,Dextrose Monohydrate 25kg,Unspecified manufacturer,25 kg paper bag,,,,,,WYMAGA_ETYKIETY,multitrade.ma,DIRECT_SITE_UNCLASSIFIED,"https://www.multitrade.ma/nos-produits/
https://www.multitrade.ma/wp-content/uploads/2019/07/FT-DEXTROSE-MONOHYDRATE-MULTITRADE.pdf"
MA,★★★★,MAGHREB,TARA,3,PI-ING-000492,YES,TARA-MA-PRODUCT,E417 - Gomme de Tara / Tara Gum,Top Negoce (distributor; manufacturer undisclosed),25 kg bag,,,,,,WYMAGA_ETYKIETY,catalogue.topnegoce.com,DIRECT_SITE_UNCLASSIFIED,"https://catalogue.topnegoce.com/en/1221-999-e417-tara-gum-top-negoce.html
https://catalogue.topnegoce.com/fr/1221-e417-gomme-de-tara.html
https://catalogue.topnegoce.com/en/contact-us"
MX,★★★★,LATAM_NORTH_ANDEAN,MILK,672,PI-ING-000236,YES,MILK-MX-ALPURA-UHT-34-1L,"Alpura Clásica Leche Entera UHT 3,4% 1 L",Alpura,1 L,7501055900039,TEXT,OK,NO,MX,KANDYDAT_PR,alpura.com,DIRECT_SITE_UNCLASSIFIED,https://alpura.com/productos/leche-clasica/; https://www.basicos.mx/leche-alpura-clasica-1-lts; https://onixsuper.com/producto/leche-up-alpura-clasica-1-0-lt/
MX,★★★★,LATAM_NORTH_ANDEAN,CREAM,130,PI-ING-000180,YES,CREAM-GTIN-7501092101031,Lyncott Crema para Batir 500 ml,Lyncott,500 ml,7501092101031,TEXT,OK,NO,MX,KANDYDAT_PR,lyncott.mx,DIRECT_SITE_UNCLASSIFIED,"https://lyncott.mx/producto/crema-para-batir/
https://lyncott.mx/producto/crema-para-batir-500ml/
https://www.cucopanaderos.com.mx/tienda/cremas-/389-crema-p-batir-lyncott-20x500grs-5-0.html
https://www.walmart.com.mx/ip/crema-para-batir-lyncott-500-ml/00750109210103
https://distribuidoranicsa.com/producto/crema-para-batir-lyncott-500ml/"
MX,★★★★,LATAM_NORTH_ANDEAN,SMP,35,PI-ING-000270,YES,SMP-GTIN-00733739058324,NOW Real Food Organic Non-Fat Dry Milk Powder,NOW Foods,12 oz / 340 g,733739058324,TEXT,OK,NO,US/CA (UPC-A),KANDYDAT_PR,nowfoods.com,DIRECT_SITE_UNCLASSIFIED,"https://www.nowfoods.com/products/natural-foods/non-fat-dry-milk-powder-organic
https://mx.iherb.com/pr/now-foods-real-food-organic-non-fat-dry-milk-powder-12-oz-340-g/21134"
MX,★★★★,LATAM_NORTH_ANDEAN,SUCROSE,130,PI-ING-000514,YES,GENERIC-SUCROSE,Biały cukier krystaliczny — 100% cukier,GENERIC,dowolne opakowanie,,,,,,READY_PI,,NO_URL,PI-ING-000514
MX,★★★★,LATAM_NORTH_ANDEAN,DEXTROSE,30,PI-ING-000494,YES,DEX-MX-PRODUCT,Dextrosa monohidratada,Pochteca Materias Primas (dystrybutor),25 kg,,,,,,WYMAGA_ETYKIETY,tienda.pochteca.net,DIRECT_SITE_UNCLASSIFIED,"https://tienda.pochteca.net/products/dextrosa-monohidratada
https://tienda.pochteca.net/products/dextrosa-monohidratada.js"
MX,★★★★,LATAM_NORTH_ANDEAN,TARA,3,PI-ING-000492,YES,TARA-MX-PRODUCT,Goma Tara — oferta spożywcza B2B,Maprysa,Gramatura niepubliczna,,,,,,WYMAGA_ETYKIETY,maprysa.com.mx,DIRECT_SITE_UNCLASSIFIED,"https://maprysa.com.mx/goma-de-konjac
https://maprysa.com.mx/inicio/f/goma-tara"
NG,★★★★,WEST_AFRICA,MILK,672,PI-ING-000236,YES,MILK-NG-PEAK-UHT-36-1L,"Peak UHT Full Cream Milk 3,6% 1 L",Peak,1 L,8716200612883,TEXT,OK,NO,NL,KANDYDAT_PR,peakmilk.com.ng,DIRECT_SITE_UNCLASSIFIED,https://www.peakmilk.com.ng/assortment/ready-to-drink/peak-uht-milk-full-cream/; https://chamuze.com/product/peak-uht-full-cream-milk-1l/
NG,★★★★,WEST_AFRICA,CREAM,130,PI-ING-000180,YES,CREAM-GTIN-5701215046375,Emborg Natural Whipping Cream UHT 35%,Emborg,200 ml,5701215046375,TEXT,OK,NO,DK,KANDYDAT_PR,emborg.com,DIRECT_SITE_UNCLASSIFIED,"https://www.emborg.com/product/whipping-cream/
https://maxmartonline.com/emborg-whipping-cream-200ml
https://www.supermart.ng/products/emborg-whipping-cream-200-ml"
NG,★★★★,WEST_AFRICA,SMP,35,PI-ING-000270,YES,SMP-GTIN-00733739058324,NOW Real Food Organic Non-Fat Dry Milk Powder,NOW Foods Real Food,torebka 12 oz (340 g),733739058324,TEXT,OK,NO,US/CA (UPC-A),KANDYDAT_PR,ng.iherb.com,DIRECT_SITE_UNCLASSIFIED,"https://ng.iherb.com/pr/now-foods-real-food-organic-non-fat-dry-milk-powder-12-oz-340-g/21134
https://www.nowfoods.com/products/natural-foods/non-fat-dry-milk-powder-organic
https://www.iherb.com/shipping/ng"
NG,★★★★,WEST_AFRICA,SUCROSE,130,PI-ING-000514,YES,GENERIC-SUCROSE,Biały cukier krystaliczny — 100% cukier,GENERIC,dowolne opakowanie,,,,,,READY_PI,,NO_URL,PI-ING-000514
NG,★★★★,WEST_AFRICA,DEXTROSE,30,PI-ING-000494,YES,DEX-NG-PRODUCT,Dextrose Monohydrate – Food Grade Glucose Powder,Unspecified manufacturer,25 kg,,,,,,WYMAGA_ETYKIETY,jiji.ng,DIRECT_SITE_UNCLASSIFIED,"https://jiji.ng/isolo/manufacturing-materials-and-tools/dextrose-monohydrate-food-grade-glucose-powder-25kg-bag-hdkJ3SmQv7r8FxJdrjYHQVEM.html
https://chemicalwarehouse.com.ng/product/dextrose-monohydrate/"
NG,★★★★,WEST_AFRICA,TARA,3,PI-ING-000492,YES,TARA-GTIN-00711221973058,Cape Crystal Brands Tara Gum Powder,Cape Crystal Brands,2 oz (56.7 g),711221973058,TEXT,OK,NO,US/CA (UPC-A),WYMAGA_DOSTAWY,u-buy.com.ng,DIRECT_SITE_UNCLASSIFIED,"https://www.u-buy.com.ng/product/4LRAT8WUW-tara-gum-powder-2-oz-from-the-amazon-pantry-imparts-a-creamy-mouthfeel-to-dairy-products-soups-and-sauces-kosher-vegan-nongmo-highest-purity
https://www.capecrystalbrands.com/products/tara-gum
https://www.u-buy.com.ng/product/8X6X3FWQ-andean-star-tara-gum-powder-907g-32oz-all-natural-thickening-agent-for-baking-dressing-and-ice-cream"
OM,★★★★,GCC,MILK,672,PI-ING-000236,YES,MILK-GTIN-6073000051499,Mazoon UHT Full Fat Milk 1 L,Mazoon,1 L,6073000051499,TEXT,OK,NO,unmapped,KANDYDAT_PR,mazoondairy.om,DIRECT_SITE_UNCLASSIFIED,"https://www.mazoondairy.om/product/uht-full-fat-milk/
https://youshopom.com/en/products/%D9%85%D8%B2%D9%88%D9%86-%D8%AD%D9%84%D9%8A%D8%A8-%D8%B7%D9%88%D9%8A%D9%84-%D8%A7%D9%84%D8%A3%D8%AC%D9%84-%D9%83%D8%A7%D9%85%D9%84-%D8%A7%D9%84%D8%AF%D8%B3%D9%85-1-%D9%84%D8%AA%D8%B1
https://gcc.luluhypermarket.com/en-om/mazoon-full-fat-long-life-milk-1litre/p/1703891-ea"
OM,★★★★,GCC,CREAM,130,PI-ING-000180,YES,CREAM-GTIN-5700426230177,Puck Whipping Cream UHT,Puck,200 ml,5700426230177,TEXT,OK,NO,DK,KANDYDAT_PR,puckarabia.com,DIRECT_SITE_UNCLASSIFIED,"https://www.puckarabia.com/en/products/whipping-cream/
https://www.sharjahcoop.ae/en/puck-whipping-cream-200ml/p/5700426230177
https://gcc.luluhypermarket.com/en-om/puck-whipping-cream-200-ml/p/211342"
OM,★★★★,GCC,SMP,35,PI-ING-000270,YES,SMP-GTIN-00733739058324,NOW Real Food Organic Non-Fat Dry Milk Powder,NOW Foods Real Food,torebka 12 oz (340 g),733739058324,TEXT,OK,NO,US/CA (UPC-A),KANDYDAT_PR,om.iherb.com,DIRECT_SITE_UNCLASSIFIED,"https://om.iherb.com/pr/now-foods-real-food-organic-non-fat-dry-milk-powder-12-oz-340-g/21134
https://www.nowfoods.com/products/natural-foods/non-fat-dry-milk-powder-organic
https://www.iherb.com/shipping/om"
OM,★★★★,GCC,SUCROSE,130,PI-ING-000514,YES,GENERIC-SUCROSE,Biały cukier krystaliczny — 100% cukier,GENERIC,dowolne opakowanie,,,,,,READY_PI,,NO_URL,PI-ING-000514
OM,★★★★,GCC,DEXTROSE,30,PI-ING-000494,YES,DEX-OM-PRODUCT,Dextrose Monohydrate 1kg,Louis François,1 kg; case 12,,,,,,WYMAGA_GTIN,chefmiddleeast.com,DIRECT_SITE_UNCLASSIFIED,"https://www.chefmiddleeast.com/products/18224/
https://www.chefmiddleeast.com/cme-products/pastry/technical-ingredients/sugar-and-derivatives/
https://louisfrancois.com/produit/dextrose/
https://www.chefgourmet.ch/ftp/pgiArticle/LF4550B/LF4550B_Dextrose_5kg_FT_CG_EN_20240108.pdf
https://www.meilleurduchef.com/fr/achat/patisserie/ingredients/sucre-edulcorant/lfr-dextrose.html"
OM,★★★★,GCC,TARA,3,PI-ING-000492,YES,TARA-MP-1508-50,Modernist Pantry Pure Tara Gum Powder,Modernist Pantry,50 g,819543011967,TEXT,OK,NO,US/CA (UPC-A),KANDYDAT_PR,desertcart.com.om,DIRECT_SITE_UNCLASSIFIED,"https://www.desertcart.com.om/products/170075471-pure-tara-gum-powder-non-gmo-gluten-free-vegan-ou
https://modernistpantry.com/products/tara-gum.html
https://cdn11.bigcommerce.com/s-nu5wtrnr3h/images/stencil/90x90/products/507/1289/modernistpantry_taragum_50g_back__92203.1691090330.jpg?c=1"
PK,★★★★,SOUTH_ASIA,MILK,672,PI-ING-000236,YES,MILK-GTIN-8961008219561,Nestlé Milkpak Full Cream UHT Milk 1000ml,Nestlé Milkpak,"1 L, karton UHT, 4 porcje po250ml",8961008219561,TEXT,OK,NO,PK,KANDYDAT_PR,foodpanda.pk,DIRECT_SITE_UNCLASSIFIED,"https://www.foodpanda.pk/groceries/product/B55L20/nestle-milkpak-full-cream-uht-milk-1000ml
https://foodpanda.dhmedia.io/image/darkstores/nv-global-catalog/pk/d099bcab-eb07-44ee-b205-95f928b00681.png?height=1500
https://zainabfamilymart.com/product/nestle-milk-pak-full-cream-milk-1-liter/
https://www.nestle.pk/brands/dairy/nestle-milkpak"
PK,★★★★,SOUTH_ASIA,CREAM,130,PI-ING-000180,YES,CREAM-GTIN-3155253004699,Président Whipping Cream UHT 35.1%,Président,200 ml / 20 cl carton,3155253004699,TEXT,OK,NO,FR,KANDYDAT_WARUNKOWY,alfatah.pk,DIRECT_SITE_UNCLASSIFIED,"https://alfatah.pk/products/president-whipping-cream-200ml
https://alfatah.pk/products/president-whipping-cream-200ml.js
https://images.openfoodfacts.org/images/products/315/525/300/4699/nutrition_fr.17.full.jpg
https://world.openfoodfacts.org/product/3155253004699
https://www.auchan.sn/cremerie-fromage/6295-president-creme-liquide-sterilisee-uht-351-mg-20cl-3155253004699.html
https://images.openfoodfacts.org/images/products/315/525/300/4699/5.jpg"
PK,★★★★,SOUTH_ASIA,SMP,35,PI-ING-000270,YES,SMP-GTIN-00733739058324,Real Food Organic Non-Fat Dry Milk Powder,NOW Foods,12 oz (340 g),733739058324,TEXT,OK,NO,US/CA (UPC-A),KANDYDAT_PR,nowfoods.com,DIRECT_SITE_UNCLASSIFIED,"https://www.nowfoods.com/products/natural-foods/non-fat-dry-milk-powder-organic
https://pk.iherb.com/pr/now-foods-real-food-organic-non-fat-dry-milk-powder-12-oz-340-g/21134
https://www.iherb.com/shipping/pk"
PK,★★★★,SOUTH_ASIA,SUCROSE,130,PI-ING-000514,YES,GENERIC-SUCROSE,Biały cukier krystaliczny — 100% cukier,GENERIC,dowolne opakowanie,,,,,,READY_PI,,NO_URL,PI-ING-000514
PK,★★★★,SOUTH_ASIA,DEXTROSE,30,PI-ING-000494,YES,DEX-PK-PRODUCT,Confectoland Glucose Powder (Dextrose) – Premium Sweetener 250g,Confectoland,250 g; również 1 kg i 25 kg,,,,,,WYMAGA_ETYKIETY,confectoland.com,DIRECT_SITE_UNCLASSIFIED,"https://www.confectoland.com/products/glucose-powder-dextrose-baking-pakistan
https://www.confectoland.com/products/glucose-powder-dextrose-baking-pakistan.js"
PK,★★★★,SOUTH_ASIA,TARA,3,PI-ING-000492,YES,TARA-PK-PRODUCT,Tara Gum [E417] 100% USP Food Grade Powder,Eisen-Golden Laboratories,1 oz bottle — indexed title; URL slug incorrectly says1lb in two bottles,,,,,,WYMAGA_DOSTAWY,ubuy.com.pk,DIRECT_SITE_UNCLASSIFIED,"https://www.ubuy.com.pk/en/product/5BVJX2NL2-tara-gum-e417-100-usp-food-grade-powder-1-lb-in-two-bottles-usa
https://www.u-buy.co.uk/product/5BVJX2NL2-tara-gum-e417-100-usp-food-grade-powder-1-lb-in-two-bottles-usa"
PA,★★★★,LATAM_NORTH_ANDEAN,MILK,672,PI-ING-000236,YES,MILK-GTIN-0088209013366,Estrella Azul D'Oro Leche Entera 946ml,Estrella Azul,946 ml karton UHT,0088209013366,TEXT,OK,NO,US/CA,KANDYDAT_PR,super99.com,DIRECT_SITE_UNCLASSIFIED,"https://www.super99.com/20046072-estrella-azul-d-oro-leche-entera-946ml
https://www.super99.com/media/wysiwyg/20046072_6.png"
PA,★★★★,LATAM_NORTH_ANDEAN,CREAM,130,PI-ING-000180,YES,CREAM-GTIN-5701215046375,Emborg Natural Whipping Cream UHT 35.1% 200 ml,Emborg,200 ml,5701215046375,TEXT,OK,NO,DK,KANDYDAT_PR,super99.com,DIRECT_SITE_UNCLASSIFIED,"https://www.super99.com/20145110-emborg-crema-batir-200ml
https://www.emborg.com/product/whipping-cream/"
PA,★★★★,LATAM_NORTH_ANDEAN,SMP,35,PI-ING-000270,YES,SMP-GTIN-00733739058324,NOW Real Food Organic Non-Fat Dry Milk Powder,NOW Foods,12 oz / 340 g,733739058324,TEXT,OK,NO,US/CA (UPC-A),KANDYDAT_PR,nowfoods.com,DIRECT_SITE_UNCLASSIFIED,"https://www.nowfoods.com/products/natural-foods/non-fat-dry-milk-powder-organic
https://pa.iherb.com/pr/now-foods-real-food-organic-non-fat-dry-milk-powder-12-oz-340-g/21134"
PA,★★★★,LATAM_NORTH_ANDEAN,SUCROSE,130,PI-ING-000514,YES,GENERIC-SUCROSE,Biały cukier krystaliczny — 100% cukier,GENERIC,dowolne opakowanie,,,,,,READY_PI,,NO_URL,PI-ING-000514
PA,★★★★,LATAM_NORTH_ANDEAN,DEXTROSE,30,PI-ING-000494,YES,DEX-PA-PRODUCT,DEXTROSA MONOHIDRATADA BOLSA 1 Kg,Del Caribe (dystrybutor),"1 kg, bolsa (worek)",,,,,,WYMAGA_ETYKIETY,delcaribeshop.com,DIRECT_SITE_UNCLASSIFIED,"https://delcaribeshop.com/pa/producto/dextrosa-monohidratada-bolsa-1-kg/
https://delcaribeshop.com/pa/politica-privacidad/
https://delcaribeshop.com/pa/categoria/alimentos/bebidas/"
PA,★★★★,LATAM_NORTH_ANDEAN,TARA,3,PI-ING-000492,YES,TARA-MP-1508-50,Tara Gum — Home 50g,Modernist Pantry,50 g (Home pack),819543011967,TEXT,OK,NO,US/CA (UPC-A),WYMAGA_DOSTAWY,modernistpantry.com,DIRECT_SITE_UNCLASSIFIED,"https://modernistpantry.com/products/tara-gum.html
https://modernistpantry.com/pages/international-shipping.html
https://cdn11.bigcommerce.com/s-nu5wtrnr3h/images/stencil/1280x1280/products/507/1289/modernistpantry_taragum_50g_back__92203.1691090330.jpg?c=1
https://panama.yaxa.co/brand/modernist-pantry
https://www.ubuy.com.pa/en/brand/modernist-pantry
https://panama.yaxa.co/products/altra-para-hombre"
ZA,★★★★,SOUTH_AFRICA,MILK,672,PI-ING-000236,YES,MILK-GTIN-6001299016158,Ultra Pasteurised Full Cream Milk 2L,Clover,2 L,6001299016158,TEXT,OK,NO,ZA,KANDYDAT_PR,clover.co.za,DIRECT_SITE_UNCLASSIFIED,"https://www.clover.co.za/product/dairy/milk/ultra-pasteurised-full-cream-milk-2l/
https://groceryclub.shop/products/detail/clover-ultra-pasteurised-fresh-full-cream-milk-2l
https://www.checkers.co.za/product/clover-fresh-full-cream-milk-2l-10413121EA"
ZA,★★★★,SOUTH_AFRICA,CREAM,130,PI-ING-000180,YES,CREAM-GTIN-6001299012082,Clover Fresh Cream Ultra Pasteurised,Clover,250 ml,6001299012082,TEXT,OK,NO,ZA,KANDYDAT_PR,clover.co.za,DIRECT_SITE_UNCLASSIFIED,"https://www.clover.co.za/product/dairy/cream/clover-cream-250ml/
https://www.evergreenspta.co.za/cream/7455-clover-fresh-cream-250ml.html"
ZA,★★★★,SOUTH_AFRICA,SMP,35,PI-ING-000270,YES,SMP-ZA-SKU,Clover Skimmed Milk Powder,Clover,worek 25 kg,,,,,,WYMAGA_GTIN,clover.co.za,DIRECT_SITE_UNCLASSIFIED,https://www.clover.co.za/business/clover-skimmed-milk-powder/
ZA,★★★★,SOUTH_AFRICA,SUCROSE,130,PI-ING-000514,YES,GENERIC-SUCROSE,Biały cukier krystaliczny — 100% cukier,GENERIC,dowolne opakowanie,,,,,,READY_PI,,NO_URL,PI-ING-000514
ZA,★★★★,SOUTH_AFRICA,DEXTROSE,30,PI-ING-000494,YES,DEX-GTIN-06009705443239,Dextrose Monohydrate Powder 1kg,My Whey,1 kg,6009705443239,TEXT,OK,NO,ZA,WYMAGA_ETYKIETY,my-whey.co.za,DIRECT_SITE_UNCLASSIFIED,"https://my-whey.co.za/products/dextrose-monohydrate-powder
https://my-whey.co.za/cdn/shop/files/Dextrose_Monohydrate_Powder_1kg_nutritional.jpg?v=1765133675&width=1440
https://my-whey.co.za/cdn/shop/files/COA_-_DEXTROSE_MONOHYDRATE.pdf?v=7456401352580777520
https://supplementworld.co.za/dextrose-monohydrate-powder.html"
ZA,★★★★,SOUTH_AFRICA,TARA,3,PI-ING-000492,YES,TARA-ZA-PRODUCT,UNIPEKTIN VIDOGUM SP native tara gum E417,UNIPEKTIN Ingredients AG,Gramatura niepubliczna,,,,,,WYMAGA_ETYKIETY,danlink.com,DIRECT_SITE_UNCLASSIFIED,"https://danlink.com/product/gums-stabilizers/
https://danlink.com/contact-us/
https://unipektin.ch/products/tara-gum/
https://unipektin.ch/wp-content/uploads/2022/10/VIDOGUM-SP-v4-Oct2022.pdf"
RO,★★★★,EU27,MILK,672,PI-ING-000236,YES,MILK-GTIN-5941355000688,"Zuzu lapte de consum integral 3,5% grăsime 1 l",Zuzu,"1 l karton, mleko pasteryzowane chłodzone",5941355000688,TEXT,OK,NO,RO,KANDYDAT_PR,albalact.ro,DIRECT_SITE_UNCLASSIFIED,"https://www.albalact.ro/produse/zuzu-lapte-integral-1l/
https://pacomarket.ro/product/lapte-zuzu-1l-3-5-grasime-2/
https://www.mega-image.ro/Lactate-si-oua/Lapte-proaspat/Lapte-proaspat-integral/Lapte-3-5-grasime-1L/p/63299
https://produse.metro.ro/shop/pv/BTY-X701278/0032/0022/ZUZU-Lapte-Consum-3-5-1-L"
RO,★★★★,EU27,CREAM,130,PI-ING-000180,YES,CREAM-GTIN-8585002501837,Meggle Frișcă lichidă UHT 30%,MEGGLE Slovakia,200 ml carton,8585002501837,TEXT,OK,NO,SK,KANDYDAT_PR,depozitcc.ro,DIRECT_SITE_UNCLASSIFIED,"https://www.depozitcc.ro/delicatese/smantana-frisca-unt/frisca/frisca-lichida-30-meggle-uht-200ml-92327.html
https://bevasarlas.tesco.hu/shop/hu-HU/products/210504341
https://coopshop.hu/termek/meggle-uht-habtejszin-30-200-ml/"
RO,★★★★,EU27,SMP,35,PI-ING-000270,YES,SMP-GTIN-06426309006538,"Lapte praf bio degresat, 1% grasime",Pronat,"250 g, worek zip",6426309006538,TEXT,OK,NO,FI,KANDYDAT_PR,pronat.ro,DIRECT_SITE_UNCLASSIFIED,"https://pronat.ro/products/lapte-praf-bio-degresat-1-grasime-250g-pronat
https://pronat.ro/cdn/shop/files/PRN20011-new-v.jpg?v=1784891211&width=1600
https://www.trada.ro/lapte-praf-bio-degresat-1-grasime-250g-73894.html"
RO,★★★★,EU27,SUCROSE,130,PI-ING-000514,YES,GENERIC-SUCROSE,Biały cukier krystaliczny — 100% cukier,GENERIC,dowolne opakowanie,,,,,,READY_PI,,NO_URL,PI-ING-000514
RO,★★★★,EU27,DEXTROSE,30,PI-ING-000494,YES,DEX-GTIN-08588006139983,"Dextroză - GymBeam, bez dodatków smakowych",GymBeam,1000 g,8588006139983,TEXT,OK,NO,SK,KANDYDAT_PR,gymbeam.ro,DIRECT_SITE_UNCLASSIFIED,https://gymbeam.ro/dextroza-1000-g-gymbeam.html
RO,★★★★,EU27,TARA,3,PI-ING-000492,YES,TARA-GTIN-08055728540170,SaporePuro Farina di Semi di Tara / Gomma di Tara E417,SaporePuro,50 g,8055728540170,TEXT,OK,NO,IT,KANDYDAT_PR,saporepuro.com,DIRECT_SITE_UNCLASSIFIED,"https://saporepuro.com/products/farina-di-semi-di-tara-gomma-di-tara-origine-peru-e417-confezionato-in-italia-1
https://saporepuro.com/cdn/shop/files/TDS_GOMMA_DI_TARA_SAPOREPURO_7ba2d8ce-553c-4b18-8d0a-b511a78af3f0.pdf?v=6266750854494086058
https://saporepuro.com/policies/shipping-policy
https://www.emag.ro/guma-tara-pudra-700g-sosa-58050058/pd/DZ5CW2MBM/
https://www.ft-shop.ro/guma-tara-700-g-sosa.html
https://panierdeschefs.eu/en/index.php?controller=attachment&id_attachment=338
https://saporepuro.com/products/farina-di-semi-di-tara-gomma-di-tara-origine-peru-e417-confezionato-in-italia-1.json"
SG,★★★★,ASEAN,MILK,672,PI-ING-000236,YES,MILK-GTIN-8888030300749,FairPrice UHT Kids Full Cream Packet Milk — Fresh Milk,FairPrice,200 ml carton; retail multipack 6 x 200 ml,8888030300749,TEXT,OK,NO,SG,KANDYDAT_PR,fairprice.com.sg,DIRECT_SITE_UNCLASSIFIED,"https://www.fairprice.com.sg/product/fairprice-uht-kids-full-cream-packet-milk-fresh-milk-6-x-200ml-13165083
https://media.nedigital.sg/fairprice/fpol/media/images/product/XL/13165083_RXL1_20231002.jpg
https://media.nedigital.sg/fairprice/fpol/media/images/product/XL/13165083_LXL1_20231002.jpg"
SG,★★★★,ASEAN,CREAM,130,PI-ING-000180,YES,CREAM-GTIN-3412290032215,Paysan Breton UHT Cooking & Whipping Cream 30%,Paysan Breton,200 ml (20 cl),3412290032215,TEXT,OK,NO,FR,KANDYDAT_PR,casinetto.com,DIRECT_SITE_UNCLASSIFIED,"https://casinetto.com/products/cooking-and-whipping-cream-30/
https://cdn.shopify.com/s/files/1/1575/0603/files/afff2bdbe0c3a9dc388d388e7964416ea6e037cc_PAYC002_2.jpg?v=1786035968&width=1600
https://www.benmart.com.sg/product/paysan-breton-whipping-cream-200ml/
https://redmart.lazada.sg/paysan-breton-164150/?m=redmart
https://shopee.sg/-BenMart-Chill-Paysan-Breton-Whipping-Cream-30-Fat-200ml-Halal-France-i.481487065.22084537297
https://www.tops.co.th/en/paysan-breton-uht-whipping-and-cooking-cream-fat-30percent-200ml-3412290032215"
SG,★★★★,ASEAN,SMP,35,PI-ING-000270,YES,SMP-GTIN-08888030307090,FairPrice Adult Milk Powder - Skim,FairPrice,600 g,8888030307090,TEXT,OK,NO,SG,KANDYDAT_PR,fairprice.com.sg,DIRECT_SITE_UNCLASSIFIED,"https://www.fairprice.com.sg/product/fairprice-instant-skim-milk-powder-600g-13097040
https://media.nedigital.sg/fairprice/fpol/media/images/product/XL/13097040_BXL1_20220308.jpg"
SG,★★★★,ASEAN,SUCROSE,130,PI-ING-000514,YES,GENERIC-SUCROSE,Biały cukier krystaliczny — 100% cukier,GENERIC,dowolne opakowanie,,,,,,READY_PI,,NO_URL,PI-ING-000514
SG,★★★★,ASEAN,DEXTROSE,30,PI-ING-000494,YES,DEX-SG-PRODUCT,[Bakelab] Dextrose 5kg,Bakelab,5 kg,,,,,,WYMAGA_ETYKIETY,shop.bakelab.com.sg,DIRECT_SITE_UNCLASSIFIED,"https://shop.bakelab.com.sg/dextrose.html
https://shop.redmanshop.com/products/000000000000066038"
SG,★★★★,ASEAN,TARA,3,PI-ING-000492,YES,TARA-SG-PRODUCT,Tara Gum (塔拉胶) - 50g,,50 g,,,,,,WYMAGA_ETYKIETY,better4u.sg,DIRECT_SITE_UNCLASSIFIED,"https://better4u.sg/edible-food-tech/244-tara-gum-50g.html
https://better4u.sg/content/6-promos-faq
https://better4u.sg/"
SK,★★★★,EU27,MILK,672,PI-ING-000236,YES,MILK-GTIN-8585002510037,"Rajo Mlieko plnotučné UHT 3,5% 1 l",Rajo,1 l karton UHT z zamknięciem,8585002510037,TEXT,OK,NO,SK,KANDYDAT_PR,potravinydomov.itesco.sk,DIRECT_SITE_UNCLASSIFIED,"https://potravinydomov.itesco.sk/shop/sk-SK/products/206593874
https://www.office4u.sk/mlieka-a-smotany/19321-trvanlive-mlieko-rajo-plnotucne-35-1--8585002510037.html
https://www.reflexke.sk/produktDetail.cfm?id=PT421008
https://www.factoryuse.com/sk/trvanlive-mlieko-rajo-plnotucne-3-5--1/"
SK,★★★★,EU27,CREAM,130,PI-ING-000180,YES,CREAM-GTIN-8585002520036,Rajo Smotana na šľahanie UHT 30%,Rajo / MEGGLE Slovakia,250 ml carton,8585002520036,TEXT,OK,NO,SK,KANDYDAT_PR,lcsever.ijednota.sk,DIRECT_SITE_UNCLASSIFIED,https://lcsever.ijednota.sk/produkt/smotna-slah30-250ml
SK,★★★★,EU27,SMP,35,PI-ING-000270,YES,SMP-SK-SKU,Sušené mlieko odtučnené,SABI,400 g,,,,,,WYMAGA_GTIN,milkagro.sk,DIRECT_SITE_UNCLASSIFIED,"https://www.milkagro.sk/sk/produkty/susene-vyrobky/susene-mlieko/susene-mlieko-odtucnene/product/80
https://www.liana.sk/tovar-5111-mlieko-susene-odtucnene-sabi-400g
https://eshop.libex.sk/?content=SHOP&nparams=typ_t%3B2505
https://www.facebook.com/milkagrovranov/posts/-su%C5%A1en%C3%A9-mlieko-sabi-odtu%C4%8Dnen%C3%A9-400g-len-450-eur/1445455320920919/"
SK,★★★★,EU27,SUCROSE,130,PI-ING-000514,YES,GENERIC-SUCROSE,Biały cukier krystaliczny — 100% cukier,GENERIC,dowolne opakowanie,,,,,,READY_PI,,NO_URL,PI-ING-000514
SK,★★★★,EU27,DEXTROSE,30,PI-ING-000494,YES,DEX-GTIN-08588006139983,"Dextróza - GymBeam, bez dodatków smakowych",GymBeam,1000 g,8588006139983,TEXT,OK,NO,SK,KANDYDAT_PR,gymbeam.sk,DIRECT_SITE_UNCLASSIFIED,https://gymbeam.sk/dextroza-gymbeam.html
SK,★★★★,EU27,TARA,3,PI-ING-000492,YES,TARA-SK-PRODUCT,Guma Tara Valknut / Tara guma Valknut,Valknut,500 g,,,,,,WYMAGA_ETYKIETY,valknut.sk,DIRECT_SITE_UNCLASSIFIED,"https://www.valknut.sk/tara-guma-valknut/
https://www.valknut.sk/informacie-o-nakupe/doprava-a-platba-gls/
https://www.valknut.sk/informacie-o-nakupe/obchodne-podmienky-dvorak-company-s-r-o/"
SI,★★★★,EU27,MILK,672,PI-ING-000236,YES,MILK-GTIN-3838800040578,"Alpsko mleko polnomastno 3,5% 1 L",Alpsko mleko,1 L,3838800040578,TEXT,OK,NO,SI,KANDYDAT_PR,konzum.hr,DIRECT_SITE_UNCLASSIFIED,"https://www.konzum.hr/web/products/alpsko-trajno-mlijeko-3-5-m-m-1-l
https://razvoj.dukatshop.hr/mlijeko/72-alpsko-mleko-trajno-mlijeko-35-mm-1-l-3838800040578.html
https://www.tuscc.si/katalog/izdelek/alpsko-mleko-polnomastno-1l-619828
https://www.l-m.si/en/produkti/alpsko-mleko-with-35-milk-fat/
https://online.spar.si/p/alpsko-mleko-polnomastno-35-mm-1l-266388"
SI,★★★★,EU27,CREAM,130,PI-ING-000180,YES,CREAM-GTIN-3838800033754,Mu Cuisine Alpska smetana za stepanje 33%,Mu Cuisine,500 ml carton,3838800033754,TEXT,OK,NO,SI,KANDYDAT_PR,mercatoronline.si,DIRECT_SITE_UNCLASSIFIED,"https://mercatoronline.si/izdelek/5068345/alpska-smetana-za-stepanje-33-m-m-mu-cuisine-500-ml
https://incomepro.si/product/smetana-alpska-mu-05l/"
SI,★★★★,EU27,SMP,35,PI-ING-000270,YES,SMP-GTIN-03831040010028,Posneto mleko v prahu,Pomurske mlekarne,400 g,3831040010028,TEXT,OK,NO,SI,KANDYDAT_PR,pomurske-mlekarne.si,DIRECT_SITE_UNCLASSIFIED,"https://www.pomurske-mlekarne.si/posneto-mleko-v-prahu/
https://www.tuscc.si/katalog/izdelek/mleko-v-prahu-pomurske-mlekarne-posneto-400-g-563640
https://mercatoronline.si/izdelek/5230380/posneto-mleko-v-prahu-pomurske-mlekarne-400-g"
SI,★★★★,EU27,SUCROSE,130,PI-ING-000514,YES,GENERIC-SUCROSE,Biały cukier krystaliczny — 100% cukier,GENERIC,dowolne opakowanie,,,,,,READY_PI,,NO_URL,PI-ING-000514
SI,★★★★,EU27,DEXTROSE,30,PI-ING-000494,YES,DEX-GTIN-08588006139983,"Dekstroza - GymBeam, bez dodatków smakowych",GymBeam,1000 g,8588006139983,TEXT,OK,NO,SK,KANDYDAT_PR,gymbeam.si,DIRECT_SITE_UNCLASSIFIED,https://gymbeam.si/dekstroza-gymbeam.html
SI,★★★★,EU27,TARA,3,PI-ING-000492,YES,TARA-GTIN-08055728540170,SaporePuro Farina di Semi di Tara / Gomma di Tara E417,SaporePuro,50 g,8055728540170,TEXT,OK,NO,IT,KANDYDAT_PR,saporepuro.com,DIRECT_SITE_UNCLASSIFIED,"https://saporepuro.com/products/farina-di-semi-di-tara-gomma-di-tara-origine-peru-e417-confezionato-in-italia-1
https://saporepuro.com/cdn/shop/files/TDS_GOMMA_DI_TARA_SAPOREPURO_7ba2d8ce-553c-4b18-8d0a-b511a78af3f0.pdf?v=6266750854494086058
https://saporepuro.com/policies/shipping-policy
https://gourmetshop.si/zivila/teksture/gelifikanti/tara-gumi-sosa
https://panierdeschefs.eu/en/index.php?controller=attachment&id_attachment=338
https://saporepuro.com/products/farina-di-semi-di-tara-gomma-di-tara-origine-peru-e417-confezionato-in-italia-1.json"
HK,★★★★,GREATER_CHINA,MILK,672,PI-ING-000236,YES,MILK-GTIN-4036300110671,Oldenburger UHT Full Cream Milk 3.5% fat — SKU 11067,Oldenburger,1 L carton; local distributor case 12 x 1 L,4036300110671,TEXT,OK,NO,DE,KANDYDAT_PR,oldenburger-professional.com,DIRECT_SITE_UNCLASSIFIED,"https://www.oldenburger-professional.com/media/13/8d/af/1696234639/OLB%20Assortmentlist%202023_2024_combined.pdf
https://oldenburger-dairy.com/oldenburger-fullcream-milk-3.5-uht-long-life-1l/11067
https://www.anwfood.com/hk/products/%E5%A5%B6%E9%A1%9E%E7%94%A2%E5%93%81-%E9%AE%AE%E5%A5%B6%2C-%E4%B9%B3%E9%85%AA-%E5%8F%8A%E5%BF%8C%E5%BB%89/533-89271018-oldenburger-uht-full-cream-milk
https://www.hktvmall.com/hktv/en/main/A-%26-W-Food-Service/s/H8360001/Supermarket/Supermarket/Beverages/Milk-%26-Soy-Milk/Full-Case-UHT-Full-Cream-Milk-12-x-1L/p/H8360001_S_89271018"
HK,★★★★,GREATER_CHINA,CREAM,130,PI-ING-000180,YES,CREAM-GTIN-5701215046375,Emborg Natural Whipping Cream,Emborg,200 ml,5701215046375,TEXT,OK,NO,DK,KANDYDAT_PR,emborg.com,DIRECT_SITE_UNCLASSIFIED,"https://www.emborg.com/product/whipping-cream/
https://www.twinsbakingsupplies.com/en/product-page/emborg%E6%B7%A1%E5%BF%8C%E5%BB%89-1
https://www.tops.co.th/en/emborg-dairy-whipping-cream-200ml-5701215046375"
HK,★★★★,GREATER_CHINA,SMP,35,PI-ING-000270,YES,SMP-GTIN-09300639999005,Devondale Instant Skim Milk Powder,Devondale,1 kg,9300639999005,TEXT,OK,NO,AU,KANDYDAT_PR,hktvmall.com,DIRECT_SITE_UNCLASSIFIED,"https://www.hktvmall.com/hktv/en/main/SIUFUNG-HEALTHY/s/S6258001/Personal-Care-%26-Health/Personal-Care-%26-Health/Health/Milk-Powder/Instant-Skim-Milk-Powder-1kg-Parallel-import/p/S6258001_S_DEV9005P
https://www.hktvmall.com/hktv/en/main/Longview/s/H7814001/Personal-Care-%26-Health/Personal-Care-%26-Health/Health/Milk-Powder/9300639999005-Instant-Skim-Milk-Powder-High-Calcium-1KG-Parallel-Import-Expiry-Date-032025/p/H7814001_S_AA28056000001
https://www.devondale.com.au/en/products/milk/skim-milk-powder
https://www.woolworths.com.au/shop/productdetails/750032/devondale-instant-skim-milk-powder-powder-uht"
HK,★★★★,GREATER_CHINA,SUCROSE,130,PI-ING-000514,YES,GENERIC-SUCROSE,Biały cukier krystaliczny — 100% cukier,GENERIC,dowolne opakowanie,,,,,,READY_PI,,NO_URL,PI-ING-000514
HK,★★★★,GREATER_CHINA,DEXTROSE,30,PI-ING-000494,YES,DEX-HK-PRODUCT,Dextrose powder (Dextrose Monohydrate) 20kg,BakingWarehouse (producent nieujawniony),20 kg,,,,,,WYMAGA_ETYKIETY,bakingwarehouse.com,DIRECT_SITE_UNCLASSIFIED,"https://bakingwarehouse.com/products/dextrose-powder-dextrose-monohydrate-20kg
https://www.hktvmall.com/hktv/en/main/Ching-Long/s/H9564001/Supermarket/Supermarket/Beverages/Energy-Drinks/Dextrosol-%EF%BC%A4Glucose-Powder-400g-4046802222666/p/H9564001_S_DE02DG400"
HK,★★★★,GREATER_CHINA,TARA,3,PI-ING-000492,YES,TARA-GTIN-08055728540170,Tara Gum 50gr. / Gomma di Tara E417,SaporePuro,50 g,8055728540170,TEXT,OK,NO,IT,KANDYDAT_PR,bakingwarehouse.com,DIRECT_SITE_UNCLASSIFIED,"https://bakingwarehouse.com/products/tara-gum-50gr-saporepuro
https://bakingwarehouse.com/pages/worldwide-shipping
https://saporepuro.myshopify.com/products/farina-di-semi-di-tara-gomma-di-tara-origine-peru-e417-confezionato-in-italia-1
https://saporepuro.myshopify.com/products/farina-di-semi-di-tara-gomma-di-tara-origine-peru-e417-confezionato-in-italia-1.json
https://saporepuro.myshopify.com/cdn/shop/files/TDS_GOMMA_DI_TARA_SAPOREPURO_7ba2d8ce-553c-4b18-8d0a-b511a78af3f0.pdf?v=6266750854494086058
https://saporepuro.com/products/farina-di-semi-di-tara-gomma-di-tara-origine-peru-e417-confezionato-in-italia-1.json"
LK,★★★★,SOUTH_ASIA,MILK,672,PI-ING-000236,YES,MILK-GTIN-4792116211000,Ambewela Fresh Milk Full Cream UHT Treated 1000 ml,Ambewela,1000 ml carton with cap,4792116211000,TEXT,OK,NO,LK,KANDYDAT_PR,images.openfoodfacts.org,AGGREGATOR,"https://images.openfoodfacts.org/images/products/479/211/621/1000/9.jpg
https://images.openfoodfacts.org/images/products/479/211/621/1000/8.jpg
https://mart.mrdeal.lk/product/ambewela-fresh-milk-full-cream-1l/4792116211000
https://lmfgroup.lk/ambewela-milk/
https://world.openfoodfacts.org/api/v2/product/4792116211000.json"
LK,★★★★,SOUTH_ASIA,CREAM,130,PI-ING-000180,YES,CREAM-GTIN-5700426230177,Puck Whipping Cream UHT 34% minimum fat,Puck,200 ml Tetra Pak,5700426230177,TEXT,OK,NO,DK,KANDYDAT_PR,puckarabia.com,DIRECT_SITE_UNCLASSIFIED,"https://www.puckarabia.com/en/products/whipping-cream/
https://ejostores.com/products/puckwhipcream200ml-5700426230177-html
https://ctown.jo/index.php/ctown_7th_ar/puckwhipcream200ml-5700426230177.html
https://colombomall.lk/product/puck-whipping-cream-200ml-from-dubai-sam
https://www.daraz.lk/products/puck-whipping-cream-200ml-from-dubai-sam-i267894886.html
https://onlinekade.lk/product/puck-whipping-cream-tetra-200ml/
https://www.grandiose.ae/puck-whipping-cream-200ml0177"
LK,★★★★,SOUTH_ASIA,SMP,35,PI-ING-000270,YES,SMP-GTIN-00733739058324,Real Food Organic Non-Fat Dry Milk Powder,NOW Foods,12 oz (340 g),733739058324,TEXT,OK,NO,US/CA (UPC-A),KANDYDAT_PR,nowfoods.com,DIRECT_SITE_UNCLASSIFIED,"https://www.nowfoods.com/products/natural-foods/non-fat-dry-milk-powder-organic
https://lk.iherb.com/pr/now-foods-real-food-organic-non-fat-dry-milk-powder-12-oz-340-g/21134
https://www.iherb.com/shipping/lk"
LK,★★★★,SOUTH_ASIA,SUCROSE,130,PI-ING-000514,YES,GENERIC-SUCROSE,Biały cukier krystaliczny — 100% cukier,GENERIC,dowolne opakowanie,,,,,,READY_PI,,NO_URL,PI-ING-000514
LK,★★★★,SOUTH_ASIA,DEXTROSE,30,PI-ING-000494,YES,DEX-LK-PRODUCT,Likemta Dextrose Monohydrate,,B2B — opakowanie niepubliczne,,,,,,WYMAGA_ETYKIETY,likemta.com,DIRECT_SITE_UNCLASSIFIED,https://www.likemta.com/food-ingredient/sweeteners/dextrose-monohydrate/
LK,★★★★,SOUTH_ASIA,TARA,3,PI-ING-000492,YES,TARA-GTIN-00653981866129,Organic Tara Gum Powder,Happy Andes,1 lb /16 oz,653981866129,TEXT,OK,NO,US/CA (UPC-A),WYMAGA_ETYKIETY,happyandes-usa.com,DIRECT_SITE_UNCLASSIFIED,"https://www.happyandes-usa.com/products/organic-tara-gum/
https://www.desertcart.lk/products/139343876-happy-andes-organic-tara-gum-powder-all-natural-thickening-agent
https://m.media-amazon.com/images/I/81w%2B0T7f-RL.jpg"
TH,★★★★,ASEAN,MILK,672,PI-ING-000236,YES,MILK-GTIN-8850329120116,Meiji Pasteurized Fresh Milk,Meiji,200 ml bottle,8850329120116,TEXT,OK,NO,TH,KANDYDAT_PR,cpmeiji.com,DIRECT_SITE_UNCLASSIFIED,"https://www.cpmeiji.com/en/product/view/Meiji-Pasteurized-Fresh-Milk-200ml
https://www.cpmeiji.com/attachment/product/nutrition/81a95eb3ef18cc7be37ec8d0d8b4be6e0_Nutrition_Fresh.png
https://www.tops.co.th/th/meiji-pasteurized-milk-plain-200cc-8850329120116
https://cpmeiji-ebuddy.com/th/product/35"
TH,★★★★,ASEAN,CREAM,130,PI-ING-000180,YES,CREAM-GTIN-3412290032215,Paysan Breton UHT Cooking & Whipping Cream 30%,Paysan Breton,200 ml (20 cl),3412290032215,TEXT,OK,NO,FR,KANDYDAT_PR,casinetto.com,DIRECT_SITE_UNCLASSIFIED,"https://casinetto.com/products/cooking-and-whipping-cream-30/
https://cdn.shopify.com/s/files/1/1575/0603/files/afff2bdbe0c3a9dc388d388e7964416ea6e037cc_PAYC002_2.jpg?v=1786035968&width=1600
https://www.tops.co.th/en/paysan-breton-uht-whipping-and-cooking-cream-fat-30percent-200ml-3412290032215"
TH,★★★★,ASEAN,SMP,35,PI-ING-000270,YES,SMP-GTIN-00733739058324,NOW Foods Real Food Organic Non-Fat Dry Milk Powder,NOW Foods / Real Food,340 g (12 oz),0733739058324,TEXT,OK,NO,US/CA,KANDYDAT_PR,nowfoods.com,DIRECT_SITE_UNCLASSIFIED,"https://www.nowfoods.com/products/natural-foods/non-fat-dry-milk-powder-organic
https://th.iherb.com/pr/now-foods-real-food-organic-non-fat-dry-milk-powder-12-oz-340-g/21134
https://th.iherb.com/c/now-foods/powdered-milk"
TH,★★★★,ASEAN,SUCROSE,130,PI-ING-000514,YES,GENERIC-SUCROSE,Biały cukier krystaliczny — 100% cukier,GENERIC,dowolne opakowanie,,,,,,READY_PI,,NO_URL,PI-ING-000514
TH,★★★★,ASEAN,DEXTROSE,30,PI-ING-000494,YES,DEX-GTIN-02055040011118,Dextrose Monohydrate 1kg,Chemipan,1 kg,2055040011118,TEXT,OK,YES,unmapped,WYMAGA_ETYKIETY,chemipan.com,DIRECT_SITE_UNCLASSIFIED,"https://www.chemipan.com/a/index.php?Itemid=384&lang=en-gb&option=com_virtuemart&view=productdetails&virtuemart_category_id=0&virtuemart_product_id=6711
https://www.chemipan.com/a/index.php?Itemid=384&lang=en-gb&option=com_virtuemart&view=productdetails&virtuemart_category_id=116&virtuemart_product_id=1037
https://doc.chemipan.com/pdf/catalogue/CHE_Catalogue_FS_Sweetener.pdf
https://doc.chemipan.org/home/images/chemipan/document/product/catalogue/pdf/CHE_Catalogue_FS_Sweetener.pdf"
TH,★★★★,ASEAN,TARA,3,PI-ING-000492,YES,TARA-GTIN-02033200071103,Tara Gum (China) 25g. A M,Chemipan,25 g,2033200071103,TEXT,OK,YES,unmapped,WYMAGA_ETYKIETY,chemipan.com,DIRECT_SITE_UNCLASSIFIED,"https://www.chemipan.com/a/index.php?lang=en-gb&option=com_virtuemart&view=productdetails&virtuemart_category_id=126&virtuemart_product_id=17389
https://www.chemipan.com/a/index.php?Itemid=377&lang=en-gb&option=com_virtuemart&view=productdetails&virtuemart_category_id=0&virtuemart_product_id=17390
https://www.chemipan.com/a/index.php?catid=26&id=8%3A8-general-questions&lang=en-gb&option=com_contact&view=contact
https://www.chemipan.com/"
TW,★★★★,GREATER_CHINA,MILK,672,PI-ING-000236,YES,MILK-GTIN-4955447100416,Hokkaido Hidaka 3.6 Long Life Milk 200 ml,Hokkaido Hidaka,200 ml carton; retailer case 24 cartons,4955447100416,TEXT,OK,NO,JP,KANDYDAT_PR,hug.com.tw,DIRECT_SITE_UNCLASSIFIED,"https://www.hug.com.tw/product/detail/drx8eizjgp5c
https://shop.use.com.tw/products/%E5%8C%97%E6%B5%B7%E9%81%93%E6%97%A5%E9%AB%9836%E7%89%9B%E4%B9%B3
https://www.rakuten.com.tw/shop/yumaowu/product/42014700/
https://www.tajimaya-cc.net/products/36120
https://images.openfoodfacts.org/images/products/495/544/710/0416/1.jpg
https://images.openfoodfacts.org/images/products/495/544/710/0416/2.jpg"
TW,★★★★,GREATER_CHINA,CREAM,130,PI-ING-000180,YES,CREAM-GTIN-4036300003249,Oldenburger Whipping Cream 35% fat UHT (Shani),Oldenburger,200 g (PX Mart lists 200 ml),4036300003249,TEXT,OK,NO,DE,KANDYDAT_PR,oldenburger-dairy.com,DIRECT_SITE_UNCLASSIFIED,"https://oldenburger-dairy.com/oldenburger-whipping-cream-35-fat-uht-200g/12197
https://www.oldenburger-professional.com/media/13/8d/af/1696234639/OLB%20Assortmentlist%202023_2024_combined.pdf
https://shop.pxgo.com.tw/hourArrive/goods/246464-33050016-4036300003249"
TW,★★★★,GREATER_CHINA,SMP,35,PI-ING-000270,YES,SMP-GTIN-04711257007419,克寧100%純脫脂奶粉 (KLIM 100% Pure Skimmed Milk Powder),KLIM / 克寧,750 g,4711257007419,TEXT,OK,NO,TW,KANDYDAT_PR,klim.nestle.com.tw,DIRECT_SITE_UNCLASSIFIED,"https://klim.nestle.com.tw/fullcream/products-fullcream
https://shop.pxgo.com.tw/hourArrive/goods/723125-29020192-4711257007419
https://www.etmall.com.tw/i/7872702"
TW,★★★★,GREATER_CHINA,SUCROSE,130,PI-ING-000514,YES,GENERIC-SUCROSE,Biały cukier krystaliczny — 100% cukier,GENERIC,dowolne opakowanie,,,,,,READY_PI,,NO_URL,PI-ING-000514
TW,★★★★,GREATER_CHINA,DEXTROSE,30,PI-ING-000494,YES,DEX-TW-PRODUCT,食品級 葡萄糖 (單水葡萄糖・一水葡萄糖) 1kg,順億化工 SESE (producent niepodany),1 kg,,,,,,WYMAGA_ETYKIETY,sese.tw,DIRECT_SITE_UNCLASSIFIED,"https://www.sese.tw/product.php?pid_for_show=7262
https://shop.noahsark.com.tw/product/861"
TW,★★★★,GREATER_CHINA,TARA,3,PI-ING-000492,YES,TARA-GTIN-08055728540170,Tara Gum 50gr. / Gomma di Tara E417,SaporePuro,50 g,8055728540170,TEXT,OK,NO,IT,KANDYDAT_PR,bakingwarehouse.com,DIRECT_SITE_UNCLASSIFIED,"https://bakingwarehouse.com/products/tara-gum-50gr-saporepuro
https://bakingwarehouse.com/pages/worldwide-shipping
https://saporepuro.myshopify.com/products/farina-di-semi-di-tara-gomma-di-tara-origine-peru-e417-confezionato-in-italia-1
https://saporepuro.myshopify.com/products/farina-di-semi-di-tara-gomma-di-tara-origine-peru-e417-confezionato-in-italia-1.json
https://saporepuro.myshopify.com/cdn/shop/files/TDS_GOMMA_DI_TARA_SAPOREPURO_7ba2d8ce-553c-4b18-8d0a-b511a78af3f0.pdf?v=6266750854494086058
https://saporepuro.com/products/farina-di-semi-di-tara-gomma-di-tara-origine-peru-e417-confezionato-in-italia-1.json"
TN,★★★★,MAGHREB,MILK,672,PI-ING-000236,YES,MILK-GTIN-8002670165395,Granarolo Bio Latte Biologico Intero 1 L,Granarolo Bio,"1 L, karton Tetra Rex; mleko ESL pasteryzowane w podwyższonej temperaturze, chłodzone 0–6°C",8002670165395,TEXT,OK,NO,IT,KANDYDAT_PR,italiaintunisia.com,DIRECT_SITE_UNCLASSIFIED,"https://italiaintunisia.com/fr/612-granarolo-biologico-latte-bio-intero-1-lt.html
https://italiaintunisia.com/fr/content/4-qui-sommes-nous
https://italiaintunisia.com/fr/content/1-livraison
https://www.tiportolaspesa.it/negozio/freschissimi/latticini/latte-e-panna-fresca/latte-fresco-intero-granarolo-bio-lt-1-2/
https://www.tiportolaspesa.it/wp-content/uploads/2022/11/8002670165395-2-450x450.jpg
https://www.riboscuola.it/allegati/2024/1/st_95088_10122447-latte_6108.pdf"
TN,★★★★,MAGHREB,CREAM,130,PI-ING-000180,YES,CREAM-GTIN-3412290032215,Paysan Breton La Crème Pâtisserie & Cuisine UHT 30%,Paysan Breton,20 cl,3412290032215,TEXT,OK,NO,FR,KANDYDAT_PR,casinetto.com,DIRECT_SITE_UNCLASSIFIED,"https://casinetto.com/products/cooking-and-whipping-cream-30/
https://bf1af2.akinoncloudcdn.com/products/2025/03/28/87485/697134c3-73cd-408b-8a68-2100017edff8_size1920_cropCenter.jpg
https://bf1af2.akinoncloudcdn.com/products/2025/03/28/87485/4dd8e776-62e5-4b64-8b34-30e98d6b5a69_size1920_cropCenter.jpg
https://casinetto.com/products/cooking-and-whipping-cream-30/
https://www.carrefour.tn/creme-fraiche-la-dosette-3412290032215.html"
TN,★★★★,MAGHREB,SMP,35,PI-ING-000270,YES,SMP-GTIN-00733739058324,NOW Real Food Organic Non-Fat Dry Milk Powder,NOW Foods Real Food,torebka 12 oz (340 g),733739058324,TEXT,OK,NO,US/CA (UPC-A),KANDYDAT_PR,tn.iherb.com,DIRECT_SITE_UNCLASSIFIED,"https://tn.iherb.com/pr/now-foods-real-food-organic-non-fat-dry-milk-powder-12-oz-340-g/21134
https://www.nowfoods.com/products/natural-foods/non-fat-dry-milk-powder-organic
https://www.iherb.com/shipping/tn"
TN,★★★★,MAGHREB,SUCROSE,130,PI-ING-000514,YES,GENERIC-SUCROSE,Biały cukier krystaliczny — 100% cukier,GENERIC,dowolne opakowanie,,,,,,READY_PI,,NO_URL,PI-ING-000514
TN,★★★★,MAGHREB,DEXTROSE,30,PI-ING-000494,YES,DEX-TN-PRODUCT,Dextrose en Poudre – Sucre Technique pour Glaces,Ben Yaghlane,"Sold by weight; displayed price1.200TND at12TND/kg implies100g unit (inferred, confirm)",,,,,,WYMAGA_ETYKIETY,ben-yaghlane.com,DIRECT_SITE_UNCLASSIFIED,https://ben-yaghlane.com/products/agar-agar-vegan-poudre-gelifiante-copie
TN,★★★★,MAGHREB,TARA,3,PI-ING-000492,YES,TARA-GTIN-00711221973058,Cape Crystal Brands Tara Gum Powder,Cape Crystal Brands,2 oz (56.7 g),711221973058,TEXT,OK,NO,US/CA (UPC-A),WYMAGA_DOSTAWY,ubuy.tn,DIRECT_SITE_UNCLASSIFIED,"https://www.ubuy.tn/en/product/4LRAT8WUW-tara-gum-powder-2-oz-from-the-amazon-pantry-imparts-a-creamy-mouthfeel-to-dairy-products-soups-and-sauces-kosher-vegan-nongmo-highest-purity
https://www.capecrystalbrands.com/products/tara-gum"
TR,★★★★,TURKIYE,MILK,672,PI-ING-000236,YES,MILK-TR-SUTAS-UHT-35-1L,"Sütaş Whole Milk UHT 3,5% 1 L",Sütaş,1 L,8681324005449,TEXT,OK,NO,TR,KANDYDAT_PR,sutas.com,DIRECT_SITE_UNCLASSIFIED,https://www.sutas.com/sutas-1000-ml-full-fat-milk; https://www.asyasanalmarket.com/sutas-sut-1-lt-tam-yagli-uzun-omurlu-sut-25224; https://sutas.market/urun/tam-yagli-sut-1-l
TR,★★★★,TURKIYE,CREAM,130,PI-ING-000180,YES,CREAM-GTIN-8690767670060,Sütaş Krema 30% Tatlılara ve Yemeklere 200 ml,Sütaş,200 ml,8690767670060,TEXT,OK,NO,TR,KANDYDAT_PR,sutas.com.tr,DIRECT_SITE_UNCLASSIFIED,"https://www.sutas.com.tr/sutas-krema-200-ml
https://www.sariyermarket.com/sutas-krema-200-gr"
TR,★★★★,TURKIYE,SMP,35,PI-ING-000270,YES,SMP-GTIN-08681770071449,Yağsız Süt Tozu,Pınar,worek 25 kg,8681770071449,TEXT,OK,NO,TR,WYMAGA_ETYKIETY,hammaddeler.com,DIRECT_SITE_UNCLASSIFIED,"https://www.hammaddeler.com/urun/pinar-yagsiz-sut-tozu-25-kg
https://www.trendyol.com/hobs/pinar-yagsiz-sut-tozu-25-kg-p-47630618
https://eng.pinar.com.tr/products/detail-milk/Milk-Powder/2492/2666/0"
TR,★★★★,TURKIYE,SUCROSE,130,PI-ING-000514,YES,GENERIC-SUCROSE,Biały cukier krystaliczny — 100% cukier,GENERIC,dowolne opakowanie,,,,,,READY_PI,,NO_URL,PI-ING-000514
TR,★★★★,TURKIYE,DEXTROSE,30,PI-ING-000494,YES,DEX-TR-PRODUCT,Parmor Dekstroz1kg,Parmor,1 kg,,,,,,WYMAGA_ETYKIETY,hepsiburada.com,DIRECT_SITE_UNCLASSIFIED,"https://www.hepsiburada.com/parmor-dekstroz-1-kg-pm-HBC00002OYEF6
https://www.ciceksepeti.com/parmor-dekstroz-1kg-mensei-uzakdogu-kcm50793387"
TR,★★★★,TURKIYE,TARA,3,PI-ING-000492,YES,TARA-GTIN-00795258101998,Benosen Tara Gum (E417) 200 g,Benosen,200 g,0795258101998,TEXT,OK,NO,US/CA,WYMAGA_ETYKIETY,trendyol.com,DIRECT_SITE_UNCLASSIFIED,"https://www.trendyol.com/benosen/tara-gum-e417-dondurma-stabilizeri-kivam-verici-net-200-g-p-81504382
https://www.hepsiburada.com/benosen-tara-gum-e417-taragam-keciboynuzu-muadili-tara-gam-taragum-200-gr-pm-HBC000001Z25C"
UY,★★★★,LATAM_SOUTH_CONE,MILK,672,PI-ING-000236,YES,MILK-GTIN-7790742335500,La Serenísima Leche Larga Vida Clásica 3% Botella 1 L,La Serenísima,1 L PET bottle,7790742335500,TEXT,OK,NO,AR,KANDYDAT_PR,eldorado.com.uy,DIRECT_SITE_UNCLASSIFIED,"https://www.eldorado.com.uy/leche-la-serenisima-larga-vida-entera-1lt/p
https://diaonline.supermercadosdia.com.ar/leche-entera-clasica-la-serenisima-botella-larga-vida-1-lt-165870/p
https://ardiaprod.vtexassets.com/arquivos/ids/343522-800-auto?aspect=true&height=auto&v=638882737237700000&width=800
https://dipiandistribuidora.uy/producto/leche-la-serenisima-3/"
UY,★★★★,LATAM_SOUTH_CONE,CREAM,130,PI-ING-000180,YES,CREAM-GTIN-7790742141309,La Serenísima Crema para Batir Larga Vida,La Serenísima,"200 ml, karton UAT",7790742141309,TEXT,OK,NO,AR,KANDYDAT_PI_ESTIMATED,tiendainglesa.com.uy,DIRECT_SITE_UNCLASSIFIED,"https://www.tiendainglesa.com.uy/supermercado/crema-de-leche-la-serenisima-200-ml.producto?1571383
https://www.jumbo.com.ar/crema-uat-la-serenisima-batir-200ml/p
https://www.jumbo.com.ar/api/catalog_system/pub/products/search?fq=alternateIds_Ean:7790742141309
https://jumboargentina.vteximg.com.br/arquivos/ids/869451/Crema-Uat-Ls-Batir-Slim-200ml-2-577835.jpg?v=638842269633900000
mapper_basement(10).csv | PI-ING-000180 | total_sugars_percent=3.2"
UY,★★★★,LATAM_SOUTH_CONE,SMP,35,PI-ING-000270,YES,SMP-GTIN-07730105004155,Conaprole Leche en Polvo Descremada,Conaprole,200 g,7730105004155,TEXT,OK,NO,UY,WYMAGA_ETYKIETY,conaprole.uy,DIRECT_SITE_UNCLASSIFIED,"https://www.conaprole.uy/producto/producto-leche-leche-polvo-descremada-200g/
https://www.tiendainglesa.com.uy/supermercado/leche-conaprole-descremada-en-polvo-200-gr.producto?5719
https://elnaranjo.com.uy/productos/leche-en-polvo-descremada-conaprole-200g"
UY,★★★★,LATAM_SOUTH_CONE,SUCROSE,130,PI-ING-000514,YES,GENERIC-SUCROSE,Biały cukier krystaliczny — 100% cukier,GENERIC,dowolne opakowanie,,,,,,READY_PI,,NO_URL,PI-ING-000514
UY,★★★★,LATAM_SOUTH_CONE,DEXTROSE,30,PI-ING-000494,YES,DEX-UY-PRODUCT,Dextrosa Monohidratada,Química SA,25 kg,,,,,,WYMAGA_ETYKIETY,quimicasa.com.uy,DIRECT_SITE_UNCLASSIFIED,https://quimicasa.com.uy/catalogo/food/edulcorantes/dextrosa-monohidratada/
UY,★★★★,LATAM_SOUTH_CONE,TARA,3,PI-ING-000492,YES,TARA-UY-PRODUCT,Goma de Tara — oferta spożywcza B2B,Kilmecor,Gramatura niepubliczna,,,,,,WYMAGA_ETYKIETY,kilmecor.com.uy,DIRECT_SITE_UNCLASSIFIED,"https://www.kilmecor.com.uy/productos/
https://www.kilmecor.com.uy/contacto/"
HU,★★★★,EU27,MILK,672,PI-ING-000236,YES,MILK-GTIN-5998200460166,"Mizo UHT teljes tej 3,5% 1 l",Mizo,1 l karton UHT Q Pack z zamknięciem,5998200460166,TEXT,OK,NO,HU,KANDYDAT_PR,cdn.metro-group.com,DIRECT_SITE_UNCLASSIFIED,"https://cdn.metro-group.com/hu/hu_fir_117581001002_hu.pdf
https://evedd.hu/Mizo-Uht-Tej-1L-35
https://coopshop.hu/termek/mizo-uht-teljes-tej-35-1-l/
https://www.papir-bolt.hu/Tej-MIZO-35-1L
https://bevasarlas.tesco.hu/shop/en-HU/products/203170072"
HU,★★★★,EU27,CREAM,130,PI-ING-000180,YES,CREAM-GTIN-8585002501837,Meggle UHT habtejszín 30%,MEGGLE Slovakia,200 ml carton,8585002501837,TEXT,OK,NO,SK,KANDYDAT_PR,bevasarlas.tesco.hu,DIRECT_SITE_UNCLASSIFIED,"https://bevasarlas.tesco.hu/shop/hu-HU/products/210504341
https://coopshop.hu/termek/meggle-uht-habtejszin-30-200-ml/"
HU,★★★★,EU27,SMP,35,PI-ING-000270,YES,SMP-GTIN-05997176735995,Sovány tejpor porlasztva szárított,TUTTI,90 g,5997176735995,TEXT,OK,NO,HU,KANDYDAT_PR,pcx.hu,DIRECT_SITE_UNCLASSIFIED,"https://www.pcx.hu/tutti-sovany-tejpor-porlasztva-szaritott-90g-200228
https://alto.hu/tutti-sovany-tejpor-porlasztva-szaritott-90g
https://ahuazurewebblob0.blob.core.windows.net/auchan/files/szmiklos0611.pdf
https://www.biobolt-webaruhaz.hu/termekek/tutti-sovany-tejpor-90g"
HU,★★★★,EU27,SUCROSE,130,PI-ING-000514,YES,GENERIC-SUCROSE,Biały cukier krystaliczny — 100% cukier,GENERIC,dowolne opakowanie,,,,,,READY_PI,,NO_URL,PI-ING-000514
HU,★★★★,EU27,DEXTROSE,30,PI-ING-000494,YES,DEX-GTIN-08588006139983,"Dextróz - GymBeam, bez dodatków smakowych",GymBeam,1000 g,8588006139983,TEXT,OK,NO,SK,KANDYDAT_PR,gymbeam.hu,DIRECT_SITE_UNCLASSIFIED,https://gymbeam.hu/dextroz-gymbeam.html
HU,★★★★,EU27,TARA,3,PI-ING-000492,YES,TARA-GTIN-08055728540170,SaporePuro Farina di Semi di Tara / Gomma di Tara E417,SaporePuro,50 g,8055728540170,TEXT,OK,NO,IT,KANDYDAT_PR,saporepuro.com,DIRECT_SITE_UNCLASSIFIED,"https://saporepuro.com/products/farina-di-semi-di-tara-gomma-di-tara-origine-peru-e417-confezionato-in-italia-1
https://saporepuro.com/cdn/shop/files/TDS_GOMMA_DI_TARA_SAPOREPURO_7ba2d8ce-553c-4b18-8d0a-b511a78af3f0.pdf?v=6266750854494086058
https://saporepuro.com/policies/shipping-policy
https://saporepuro.com/products/farina-di-semi-di-tara-gomma-di-tara-origine-peru-e417-confezionato-in-italia-1.json"
VN,★★★★,ASEAN,MILK,672,PI-ING-000236,YES,MILK-GTIN-8410285127347,Président UHT Whole Milk 3.5% Fat 1 L,Président,1 L carton,8410285127347,TEXT,OK,NO,ES,KANDYDAT_PR,suatuoi.com,DIRECT_SITE_UNCLASSIFIED,"https://suatuoi.com/president/president-full-cream-1l
https://cdn.suatuoi.com/images/brand/president/president-full-cream-1l/4.webp
https://cdn.suatuoi.com/images/brand/president/president-full-cream-1l/3.webp
https://cdn.suatuoi.com/files/congbo_chatluong/president/president-full-cream-1l-1701404546.pdf
https://www.lottemart.vn/en-dni/product/sua-tuoi-tiet-trung-nguyen-kem-president-3-5-beo-1l-8410285127347-p236999"
VN,★★★★,ASEAN,CREAM,130,PI-ING-000180,YES,CREAM-GTIN-5701215046375,Emborg Natural Whipping Cream UHT 35.1% 200 ml,Emborg,200 ml,5701215046375,TEXT,OK,NO,DK,KANDYDAT_PR,emborg.com,DIRECT_SITE_UNCLASSIFIED,"https://www.emborg.com/product/whipping-cream/
https://shop.annam-gourmet.com/hn-xd/emborg-whipping-cream-35-1-fat-uht-200ml.html
https://www.tops.co.th/en/emborg-dairy-whipping-cream-200ml-5701215046375
https://maxmartonline.com/emborg-whipping-cream-200ml"
VN,★★★★,ASEAN,SMP,35,PI-ING-000270,YES,SMP-VN-SKU,NZMP Skim Milk Powder Low Heat / Sữa Bột Gầy Low Heat Fonterra,NZMP,"25 kg, worek",,,,,,WYMAGA_ETYKIETY,newviet.vn,DIRECT_SITE_UNCLASSIFIED,"https://newviet.vn/san-pham/sua-bot-gay-low-heat-fonterra/
https://newviet.vn/san-pham/nguyen-lieu-sua/sua-bot/sua-bot-tach-beo-sua-bot-gay/
https://www.nzmp.com/global/en/ingredients/powders-concentrates/skim-milk-powder.html"
VN,★★★★,ASEAN,SUCROSE,130,PI-ING-000514,YES,GENERIC-SUCROSE,Biały cukier krystaliczny — 100% cukier,GENERIC,dowolne opakowanie,,,,,,READY_PI,,NO_URL,PI-ING-000514
VN,★★★★,ASEAN,DEXTROSE,30,PI-ING-000494,YES,DEX-VN-PRODUCT,Fufeng Đường Dextrose Monohydrate C6H12O6.H2O 25kg,Fufeng,25 kg bag,,,,,,WYMAGA_ETYKIETY,hoachatphuthinh.vn,DIRECT_SITE_UNCLASSIFIED,"https://hoachatphuthinh.vn/san-pham/duong-dextrose-monohydrate-c6h12o6h2o-fufeng.html
https://botthucpham.vn/duong-dextrose-monohydrate-fufeng-trung-quoc.html"
VN,★★★★,ASEAN,TARA,3,PI-ING-000492,YES,TARA-VN-PRODUCT,Tara Gum — food-use bulk raw material,Camachem,25kg PPE bag or25kg paper drum,,,,,,WYMAGA_ETYKIETY,camachem.com,DIRECT_SITE_UNCLASSIFIED,"https://camachem.com/vn/tara-gum.html
https://camachem.com/en/countries-we-supply-chemicals"
AE,★★★★,GCC,MILK,672,PI-ING-000236,YES,MILK-GTIN-6291030200032,Al Rawabi Fresh Milk Full Cream 1 L,Al Rawabi,1 L,6291030200032,TEXT,OK,NO,AE,KANDYDAT_PR,alrawabidairy.com,DIRECT_SITE_UNCLASSIFIED,"https://alrawabidairy.com/products/full-cream-milk/
https://www.sharjahcoop.ae/en/al-rawabi-fresh-milk-full-cream-1-l/p/6291030200032
https://www.carrefouruae.com/mafuae/en/full-fat-milk/al-rawabi-milk-ff-1l/p/11509"
AE,★★★★,GCC,CREAM,130,PI-ING-000180,YES,CREAM-GTIN-3412290032215,Paysan Breton La Crème Pâtisserie & Cuisine UHT 30%,Paysan Breton,20 cl,3412290032215,TEXT,OK,NO,FR,KANDYDAT_PR,casinetto.com,DIRECT_SITE_UNCLASSIFIED,"https://casinetto.com/products/cooking-and-whipping-cream-30/
https://bf1af2.akinoncloudcdn.com/products/2025/03/28/87485/697134c3-73cd-408b-8a68-2100017edff8_size1920_cropCenter.jpg
https://bf1af2.akinoncloudcdn.com/products/2025/03/28/87485/4dd8e776-62e5-4b64-8b34-30e98d6b5a69_size1920_cropCenter.jpg
https://casinetto.com/products/cooking-and-whipping-cream-30/"
AE,★★★★,GCC,SMP,35,PI-ING-000270,YES,SMP-GTIN-03043931692415,Régilait Instant Skimmed Milk Powder 0% Fat,Régilait,puszka 700 g,3043931692415,TEXT,OK,NO,FR,KANDYDAT_PR,gcc.luluhypermarket.com,DIRECT_SITE_UNCLASSIFIED,"https://gcc.luluhypermarket.com/en-ae/regilait-0-fat-instant-skimmed-milk-powder-700-g/p/3706
https://regilait.com/en/products/powdered-milks/instant-skimmed-milk-powder-0-fat
https://www.amazon.ae/REGILAIT-NON-SKIMD-MILK-700G/dp/B07NF7B1H6"
AE,★★★★,GCC,SUCROSE,130,PI-ING-000514,YES,GENERIC-SUCROSE,Biały cukier krystaliczny — 100% cukier,GENERIC,dowolne opakowanie,,,,,,READY_PI,,NO_URL,PI-ING-000514
AE,★★★★,GCC,DEXTROSE,30,PI-ING-000494,YES,DEX-GTIN-06297001119785,Trioxi Dextrose Monohydrate (Glucose-D) Natural Food Sweetener,Trioxi,1 kg,6297001119785,TEXT,OK,NO,AE,WYMAGA_ETYKIETY,tricechemicals.com,DIRECT_SITE_UNCLASSIFIED,https://www.tricechemicals.com/food-and-beverage-chemicals-supplier-dubai-sharja-uae/food-and-beverages-sweeteners-trader-dubai-sharjah-uae/trioxi-dextrose-monohydrate-glucose-d-1kg
AE,★★★★,GCC,TARA,3,PI-ING-000492,YES,TARA-MP-1508-50,Modernist Pantry Pure Tara Gum Powder,Modernist Pantry,50 g,819543011967,TEXT,OK,NO,US/CA (UPC-A),KANDYDAT_PR,desertcart.ae,DIRECT_SITE_UNCLASSIFIED,"https://www.desertcart.ae/products/170075471-pure-tara-gum-powder-non-gmo-gluten-free-vegan-ou
https://modernistpantry.com/products/tara-gum.html
https://cdn11.bigcommerce.com/s-nu5wtrnr3h/images/stencil/90x90/products/507/1289/modernistpantry_taragum_50g_back__92203.1691090330.jpg?c=1"
