iso2,priority,region,role,grams,pi_ing,proposal_key,v7_status,requirement_code,requirement,product,brand,pack,ean,v7_market_evidence,v7_technical_fit,v7_deviation,v7_activation_condition,v7_message,final_pr_id,a04_evidence_class,a04_verification_class,a04_best_url
AU,★★★★★,ANZ,MILK,672,PI-ING-000236,MILK-GTIN-9300639500041,KANDYDAT_PR,VERIFY_CANDIDATE,"EAN printed on a page serving this market + label facts (ingredients, nutrition) from manufacturer/retailer",Devondale Full Cream Long Life Milk 1 L,Devondale,1 L,9300639500041,"Producent podaje pełną deklarację w kolumnie na 100 ml. Krajowi dystrybutorzy potwierdzają jednostkowy EAN 9300639500041, opakowanie 1 L i ofertę australijską. Sód 50 mg/100 ml przeliczono na sól 0,125 g. Zachowano jawnie deklarowaną kolumnę 100 ml; nie odtwarzano jej z zaokrąglonej kolumny porcji 250 ml.",WŁASNY PROFIL PR — przeliczenie z rzeczywistej etykiety,-0.10000000000000009,Dane kompletne. Końcowy PR poza Mapperem według istniejącej konwencji.,"Coles zastąpiono lepiej udokumentowanym Devondale o bliskiej zawartości tłuszczu 3,4%.",AUTO PO AKCEPTACJI,CONFIRMED,EAN_ON_MARKET_PAGE,https://www.thedistributorscairns.com.au/product/DEVONDALE_FULL_CREAM_1LIT_MILK
AU,★★★★★,ANZ,CREAM,130,PI-ING-000180,CREAM-GTIN-9310036007296,KANDYDAT_PR,VERIFY_CANDIDATE,"EAN printed on a page serving this market + label facts (ingredients, nutrition) from manufacturer/retailer",Pauls Thickened Cream,Pauls,300 ml,9310036007296,"MyLactalis manufacturer catalogue identifies Pauls Thickened Cream 300 ml with GTIN 9310036007296. Woolworths exact 300 ml page publishes all seven nutrition fields per 100 ml, ingredients and Australian origin; Coles independently lists this pack locally.",WŁASNY PROFIL PR — rzeczywista etykieta,5.399999999999999,Dane kompletne. Końcowy PR poza Mapperem według istniejącej konwencji.,Actual nutrition fat is 35.4 g/100 ml. Sodium 29 mg × 2.5 / 1000 = 0.0725 g salt. Energy converted from declared 1410 kJ / 4.184; no borrowed cream profile.,AUTO PO AKCEPTACJI,LEAD,MARKET_PAGE_WITHOUT_EAN,https://mylactalis.com.au/pauls-thickened-cream-300ml-regular
AU,★★★★★,ANZ,SMP,35,PI-ING-000270,SMP-GTIN-09300639999005,KANDYDAT_PR,VERIFY_CANDIDATE,"EAN printed on a page serving this market + label facts (ingredients, nutrition) from manufacturer/retailer",Devondale Instant Skim Milk Powder,Devondale,1 kg,9300639999005,"Woolworths: tabela per 100 g zawiera 1455 kJ,  B 36,3,  T 0,9,  NKT 0,56,  W 50,3,  cukry 50,3,  sód 428 mg; Campbells potwierdza GTIN 9300639999005,  1 kg x 8. Producent potwierdza skim milk.",Własny profil SMP — Engine przelicza rzeczywiste dane i jawne estymacje,0.09999999999999998,"błonnik: PI-ING-000270 (0 /100 g). Etykieta detalisty dla suchego proszku; tabela producenta po odtworzeniu ma inny profil. Zweryfikować fizyczną partię,  jeśli ścisła zgodność niezbędna.","Nie używać 37 kcal/100 ml z tabeli producenta jako wartości suchego proszku. Kcal przeliczone z kJ /4,184; sól = sód mg ×0,0025. Odrzucono sprzeczną porcję 35 g od Simplevitamins (najpewniej pełnotłusta instrukcja).",AUTO PO AKCEPTACJI,LEAD,MARKET_PAGE_WITHOUT_EAN,https://www.devondale.com.au/en/products/milk/skim-milk-powder
AU,★★★★★,ANZ,DEXTROSE,30,PI-ING-000494,DEX-GTIN-09317127061786,KANDYDAT_PR,VERIFY_CANDIDATE,"EAN printed on a page serving this market + label facts (ingredients, nutrition) from manufacturer/retailer",Lotus Glucose Powder (Dextrose) 500g,Lotus,500 g,9317127061786,Oficjalny skład Kadac: Dextrose Monohydrate (Glucose) 100%.,Postać monohydrat; NIP i model aktywności osobno,0,"Całe8pól z etykiety/TDS. MODEL PI: 90,9g aktywnej dekstrozy +9,1g wody/100g; nie jest pomiarem partii. Czystość suchej masy i zaokrąglone cukry NIP nie zastępują CoA. NIP źródeł jest sprzeczna: zdjęcie500g podaje97g węglowodanów/90g cukrów i1630kJ; WholesomeMarket91,5g/91,5g i1531(jednostka pominięta). Zachowano odczyt etykiety, bez uznawania97g za aktywną dekstrozę. Monohydrat potwierdzony składem; przed ostateczną formulacją potwierdzić aktualny NIP i COA.",Kod 500 g potwierdzony. 1 kg posiada odrębny EAN 9317127003663; nie mieszać wariantów.,AUTO PO AKCEPTACJI,CONFIRMED,EAN_ON_MARKET_PAGE,https://www.kadac.com.au/browser/product.php?sku=6178
AU,★★★★★,ANZ,TARA,3,PI-ING-000492,TARA-GTIN-08055728540170,KANDYDAT_PR,VERIFY_CANDIDATE,"EAN printed on a page serving this market + label facts (ingredients, nutrition) from manufacturer/retailer",Tara Gum 50gr. / Gomma di Tara E417,SaporePuro,50 g,8055728540170,"IMPORT; TDS rev. 17/07/2026, pages 1–2 food identity/allergens/origin, p10 nutrition and physical data, pp11–12 allergen matrix. Manufacturer public product JSON maps 50gr variant 48245876949339 to SPGT50 and barcode 8055728540170. Distributor lists 50g and Add to cart. TDS values are product-wide specifications, not a lot COA.","Energia źródła, jeśli dostępna; brakujące pola z PI. Nie narzucano zgodności różnych konwencji znakowania.",0,"Wszystkie 8 pól z etykiety/TDS lub jawnego przeliczenia porcji/sodu/błonnika. Aktywność względna=1 wyłącznie MODEL PI, nie oznaczenie handlowej partii. Dawka odniesienia 3 g/1000 g (0,3%) bez automatycznego skalowania. Lepkość ani 100% składnika nie oznaczają 100% galaktomannanu. Woda z TDS: 7 g/100 g; TDS moisture 7%, no inequality printed. IMPORT from Hong Kong; Australia explicitly listed in BakingWarehouse international tariff table. Final order freight/import clearance pending.",Replaced local Melbourne Food Depot 120g F05064 because supplier currently marks it SOLD OUT. Selected separately documented SaporePuro food-grade E417 50g with explicit Australia shipping. Uploaded Melbourne EAN 9348881005703 was not verified and is not transferred; SaporePuro manufacturer 50g variant confirms EAN 8055728540170. AKTUALIZACJA: oficjalny JSON producenta potwierdza dla 50 g SKU SPGT50 i EAN 8055728540170; poprzedni brak identyfikatora zamknięty.,AUTO PO AKCEPTACJI,LEAD,EAN_ON_GENERIC_TLD_PAGE,https://saporepuro.myshopify.com/products/farina-di-semi-di-tara-gomma-di-tara-origine-peru-e417-confezionato-in-italia-1
AT,★★★★★,EU27,MILK,672,PI-ING-000236,MILK-GTIN-9066000164907,KANDYDAT_PR,VERIFY_CANDIDATE,"EAN printed on a page serving this market + label facts (ingredients, nutrition) from manufacturer/retailer","Schärdinger Vollmilch 3,5% ESL 1 L",Schärdinger,1 L carton,9066000164907,"Karta LMIV KASTNER z 01.08.2026, s.1–2: jednostkowy GTIN 9066000164907, 1 L, dostawca Berglandmilch, Austria, cały profil odżywczy w 100 ml. SPAR: ten sam produkt ESL 3,5% 1 L, dostępność i zgodny profil.",WŁASNY PROFIL PR — przeliczenie z rzeczywistej etykiety,0,Dane kompletne. Końcowy PR poza Mapperem według istniejącej konwencji.,Zamiana nieidentyfikowanego kandydata na jednoznacznie zidentyfikowane Schärdinger 1 L; GTIN jednostkowy oddzielony od kartonu 12 szt. i palety.,AUTO PO AKCEPTACJI,CONFIRMED,EAN_ON_MARKET_PAGE,https://dokumente.kastner.at/lmiv/kastner/222821.pdf
AT,★★★★★,EU27,CREAM,130,PI-ING-000180,CREAM-GTIN-9066000864401,KANDYDAT_PR,VERIFY_CANDIDATE,"EAN printed on a page serving this market + label facts (ingredients, nutrition) from manufacturer/retailer",Alpiland H-Schlagrahm 30% 1 L,Alpiland,1 L,9066000864401,"Kastner Austria local product card exact 1 L. Supplier LMIV PDF dated30.04.2025 explicitly GTIN9066000864401 for base unit, manufacturer Austria, full7 per100ml; salt80milligram (salt, not sodium). CaseGTIN9066000864425 excluded. Sól z etykiety podana w mg; w arkuszu przeliczeń przeliczona na g.",WŁASNY PROFIL PR — rzeczywista etykieta,0,Dane kompletne. Końcowy PR poza Mapperem według istniejącej konwencji.,Replaces unsupported Oldenburger local assignment; exact30%. Declared80mg salt/100ml converted to0.08g. Preserve producer293kcal.,AUTO PO AKCEPTACJI,CONFIRMED,EAN_ON_MARKET_PAGE,https://shop.kastner.at/222148.html
AT,★★★★★,EU27,SMP,35,PI-ING-000270,SMP-AT-SKU,WYMAGA_GTIN,GTIN_MISSING,barcode not established for the chosen pack — label photo or market page printing the GTIN,Wild Thing Magermilchpulver 500 g,Wild Thing,500 g,,"Lokalny sklep AT potwierdza produkt500g; sklep DE publikuje pełną tabelę na100g proszku. Oficjalny producent Wildberger i austriacki JURA Store potwierdzają Art.Nr.20645080. HTML Trinklusiv podaje kod4262469050382, lecz nie przechodzi on walidacjiEAN13, więc nie został przyjęty.",Własny profil SMP — Engine przelicza rzeczywiste dane i jawne estymacje,0,Wszystkie pola pochodzą z etykiety; przeliczenie masy porcji i sodu nie jest estymacją. B2B; producent potwierdza SKU20645080. Kod GTIN4262469050382 podany przez Trinklusiv ma błędną cyfrę kontrolną i został odrzucony. Brak GTIN; użyto identyfikatora SKU/TDS.,"Wybrano prawdziwe SMP 0,8%, bez składników zabielacza.",AUTO PO AKCEPTACJI,BRAK,NO_EAN_IN_V7,https://trinklusiv.at/products/wild-thing-magermilchpulver-500-g
AT,★★★★★,EU27,DEXTROSE,30,PI-ING-000494,DEX-GTIN-04250573301738,KANDYDAT_PR,VERIFY_CANDIDATE,"EAN printed on a page serving this market + label facts (ingredients, nutrition) from manufacturer/retailer",Dextrose monohydrat Pulver 5 kg,Golden Peanut,5 kg wiadro,4250573301738,"Oficjalna karta producenta dla SKU11135-01 i5kg:100% monohydrat, bez dodatków, przeznaczony do żywności; tabela unzubereitet pro100g.",Postać monohydrat; NIP i model aktywności osobno,0,"Całe8pól z etykiety/TDS. MODEL PI: 90,9g aktywnej dekstrozy +9,1g wody/100g; nie jest pomiarem partii. Czystość suchej masy i zaokrąglone cukry NIP nie zastępują CoA. Import detaliczny z Niemiec; producent potwierdza wysyłkę do Austrii.","Wybrano czysty GoldenPeanut5kg z potwierdzoną dostawą do Austrii. LokalnyReingold3703824 potwierdza mono, ale karta Transgourmet zawiera nierozstrzygniętą sól~1,13g/100g; nie przyjęto jej do profilu.",AUTO PO AKCEPTACJI,LEAD,EAN_ON_FOREIGN_MARKET_PAGE,https://www.golden-peanut.de/Dextrose-monohydrat-Pulver/11135-01
AT,★★★★★,EU27,TARA,3,PI-ING-000492,TARA-GTIN-08055728540170,KANDYDAT_PR,VERIFY_CANDIDATE,"EAN printed on a page serving this market + label facts (ingredients, nutrition) from manufacturer/retailer",SaporePuro Farina di Semi di Tara / Gomma di Tara E417,SaporePuro,50 g,8055728540170,"IMPORT; Zweryfikowano08.09.2026. TDS producenta rew.17.07.2026: skład/pochodzenie/alergeny na s.1–2; wartości odżywcze na100g i wilgotność na s.10; matryca alergenów na s.11–12. Pełne wartości odżywcze z jednej aktualnej TDS. Dostępność kraju oparta na jawnej polityce dostaw UE/UK/CH, nie na samej domenie ani ogólnym zasięgu marki.","Energia źródła, jeśli dostępna; brakujące pola z PI. Nie narzucano zgodności różnych konwencji znakowania.",0,"Wszystkie 8 pól z etykiety/TDS lub jawnego przeliczenia porcji/sodu/błonnika. Aktywność względna=1 wyłącznie MODEL PI, nie oznaczenie handlowej partii. Dawka odniesienia 3 g/1000 g (0,3%) bez automatycznego skalowania. Lepkość ani 100% składnika nie oznaczają 100% galaktomannanu. Woda z TDS: 7 g/100 g; W TDS wilgotność7% jako wartość referencyjna, nie pomiar partii; strona sklepu podaje<9,11%, co pozostaje odnotowaną rozbieżnością źródeł. IMPORT z Włoch. Sklep producenta oznacza wybrany wariant 50 g jako dostępny; polityka dostaw wprost obejmuje całą UE, w tym Austrii. Orientacyjny termin 3–7 dni roboczych; warunki dla adresu i zapas potwierdzić w checkout.",Wybrano jednoskładnikowy produkt z TDS; nie mieszać z SaporePuro Neutro zawierającym maltodekstrynę/tarę/guar. Nie przypisano kodu Sosa700g ani niepotwierdzonego kodu8052744883445 do SaporePuro50g. TDS ma pierwszeństwo przed rozbieżnymi danymi wilgotności/lepkości na stronie sklepu. AKTUALIZACJA: oficjalny JSON producenta potwierdza dla 50 g SKU SPGT50 i EAN 8055728540170; poprzedni brak identyfikatora zamknięty.,AUTO PO AKCEPTACJI,LEAD,EAN_ON_GENERIC_TLD_PAGE,https://saporepuro.com/products/farina-di-semi-di-tara-gomma-di-tara-origine-peru-e417-confezionato-in-italia-1
BE,★★★★★,EU27,MILK,672,PI-ING-000236,MILK-GTIN-54025059,KANDYDAT_PR,VERIFY_CANDIDATE,"EAN printed on a page serving this market + label facts (ingredients, nutrition) from manufacturer/retailer",Inex Lait entier UHT 1 L PET (art. 6013),Inex,1 L PET bottle; case 6 x 1 L,54025059,"Specyfikacja Inex z 24.10.2023: art.6013, butelka PET 1L, jednostkowy EAN-8 54025059, karton EAN5410441110919, pełny profil na100ml, min. tłuszcz3.5%, deklarowane3.6g. Oresto: ten sam1L PET EAN zapisany z zerami0000054025059 i lokalna dystrybucja.",WŁASNY PROFIL PR — przeliczenie z rzeczywistej etykiety,0.10000000000000009,Dane kompletne. Końcowy PR poza Mapperem według istniejącej konwencji.,"Przyjęto prawidłowy EAN-8, nie uznano krótkiego kodu za brak. Tłuszcz do przeliczeń3.6 zgodnie z etykietą, minimum produktu3.5%.",AUTO PO AKCEPTACJI,CONFIRMED,EAN_ON_MARKET_PAGE,https://www.bruyerre.be/en/shop/00074227-inex-6013-whole-milk-uht-pet-6-x-1l-167269/document/27519
BE,★★★★★,EU27,CREAM,130,PI-ING-000180,CREAM-GTIN-8718907237888,KANDYDAT_PR,VERIFY_CANDIDATE,"EAN printed on a page serving this market + label facts (ingredients, nutrition) from manufacturer/retailer",AH Slagroom houdbaar 30% 200 ml,AH,200 ml,8718907237888,"Local AlbertHeijn be productpage publishes full7+fiber,200ml, ingredients, supplier. JSON-LD gtin13=8718907237888; footer08718907237888 confirms leading zero14-digit equivalent. Availability InStock in structuredOffer. Noadded sugar/salt, but natural sugars/salt retained. Country of production not declared.",WŁASNY PROFIL PR — rzeczywista etykieta,0,Dane kompletne. Końcowy PR poza Mapperem według istniejącej konwencji.,"Select exact30% liquid UHT dairycream. SameGTIN legitimately sold in two markets, identicalprofile.",AUTO PO AKCEPTACJI,CONFIRMED,EAN_ON_MARKET_PAGE,https://www.ah.be/producten/product/wi34471/ah-slagroom-houdbaar
BE,★★★★★,EU27,SMP,35,PI-ING-000270,SMP-GTIN-03245413563040,WYMAGA_ETYKIETY,LABEL_EVIDENCE_MISSING,label/composition evidence missing — current label (ingredients + nutrition per 100 g/ml),Carrefour Classic' Lait Écrémé en Poudre 750 g,Carrefour Classic',"750 g; 7,5 l mleka po odtworzeniu",3245413563040,"Etykieta na 100 ml przygotowanego mleka: 153 kJ/36 kcal, węglowodany 5,2, cukry 5,2, białko3,6, sól0,11. Instrukcja100 g proszku+930 ml wody=1 litr mleka zawierający0,8 g tłuszczu. Normalizacja pozostałych makro x10.",Własny profil SMP — Engine przelicza rzeczywiste dane i jawne estymacje,0,"Nasycone: 0,625 × tłuszcz (proporcja z pełnej etykiety Régilait 0,5/0,8); PI ma niewiarygodne 0. błonnik: PI-ING-000270 (0 /100 g). Nasycone opisane jedynie jako ilości znikome, bez wartości; nie wpisano0.",Nie użyto wartości odtworzonego mleka jako wartości proszku.,AUTO PO AKCEPTACJI,LEAD,MARKET_PAGE_WITHOUT_EAN,https://www.carrefour.be/fr/classic-lait-ecreme-en-poudre-7.5-l/07132606.html
BE,★★★★★,EU27,DEXTROSE,30,PI-ING-000494,DEX-BE-PRODUCT,WYMAGA_GTIN,GTIN_MISSING,barcode not established for the chosen pack — label photo or market page printing the GTIN,Glucopur 250 g (5 × 50 g),Revogan,5 × 50 g,,Producent/dystrybutor oraz TDS z 25.03.2026 podają jedyny składnik dextrose monohydraat. TDS surowa baza /100g.,Postać monohydrat; NIP i model aktywności osobno,0,"PI-ING-000494 uzupełnia: błonnik=0 /100g. To oszacowanie, nie deklaracja etykiety. MODEL PI: 90,9g aktywnej dekstrozy +9,1g wody/100g; nie jest pomiarem partii. Czystość suchej masy i zaokrąglone cukry NIP nie zastępują CoA.",,AUTO PO AKCEPTACJI,BRAK,NO_EAN_IN_V7,https://webshop.revogan.be/en/shop/1204-glucopur-250g-5x50g-14864
BE,★★★★★,EU27,TARA,3,PI-ING-000492,TARA-GTIN-08055728540170,KANDYDAT_PR,VERIFY_CANDIDATE,"EAN printed on a page serving this market + label facts (ingredients, nutrition) from manufacturer/retailer",SaporePuro Farina di Semi di Tara / Gomma di Tara E417,SaporePuro,50 g,8055728540170,"IMPORT; Zweryfikowano08.09.2026. TDS producenta rew.17.07.2026: skład/pochodzenie/alergeny na s.1–2; wartości odżywcze na100g i wilgotność na s.10; matryca alergenów na s.11–12. Pełne wartości odżywcze z jednej aktualnej TDS. Dostępność kraju oparta na jawnej polityce dostaw UE/UK/CH, nie na samej domenie ani ogólnym zasięgu marki.","Energia źródła, jeśli dostępna; brakujące pola z PI. Nie narzucano zgodności różnych konwencji znakowania.",0,"Wszystkie 8 pól z etykiety/TDS lub jawnego przeliczenia porcji/sodu/błonnika. Aktywność względna=1 wyłącznie MODEL PI, nie oznaczenie handlowej partii. Dawka odniesienia 3 g/1000 g (0,3%) bez automatycznego skalowania. Lepkość ani 100% składnika nie oznaczają 100% galaktomannanu. Woda z TDS: 7 g/100 g; W TDS wilgotność7% jako wartość referencyjna, nie pomiar partii; strona sklepu podaje<9,11%, co pozostaje odnotowaną rozbieżnością źródeł. IMPORT z Włoch. Sklep producenta oznacza wybrany wariant 50 g jako dostępny; polityka dostaw wprost obejmuje całą UE, w tym Belgii. Orientacyjny termin 3–7 dni roboczych; warunki dla adresu i zapas potwierdzić w checkout.",Wybrano jednoskładnikowy produkt z TDS; nie mieszać z SaporePuro Neutro zawierającym maltodekstrynę/tarę/guar. Nie przypisano kodu Sosa700g ani niepotwierdzonego kodu8052744883445 do SaporePuro50g. TDS ma pierwszeństwo przed rozbieżnymi danymi wilgotności/lepkości na stronie sklepu. AKTUALIZACJA: oficjalny JSON producenta potwierdza dla 50 g SKU SPGT50 i EAN 8055728540170; poprzedni brak identyfikatora zamknięty.,AUTO PO AKCEPTACJI,LEAD,EAN_ON_GENERIC_TLD_PAGE,https://saporepuro.com/products/farina-di-semi-di-tara-gomma-di-tara-origine-peru-e417-confezionato-in-italia-1
DK,★★★★★,EU27,MILK,672,PI-ING-000236,MILK-GTIN-5709310050303,KANDYDAT_PR,VERIFY_CANDIDATE,"EAN printed on a page serving this market + label facts (ingredients, nutrition) from manufacturer/retailer","Arla Sødmælk 3,5% UHT 1 L",Arla,1 L carton with screw cap,5709310050303,"Karta producenta Arla z GS1Trade Exact z10.07.2024: 1L, GTIN05709310050303, krajDK, skład i pełny profil na100g. SPAR DK indeksuje dokładny EAN5709310050303 i1L; Sartorvet potwierdza ofertę1L w kartonie10szt.",WŁASNY PROFIL PR — przeliczenie z rzeczywistej etykiety,0,Dane kompletne. Końcowy PR poza Mapperem według istniejącej konwencji.,Zamieniono niepotwierdzony produkt na dokładny UHT3.5%1L; odrzucono niespójne nieoficjalne3.1%. Dane na100g stosowane bez korekty gęstości zgodnie z zasadą aplikacji.,AUTO PO AKCEPTACJI,CONFIRMED,EAN_ON_MARKET_PAGE,https://danfoods.dk/wp-content/uploads/data-sheets/700000/700000%20S%C3%98DM%C3%86LK%20UHT%20ARLA%201L%2088508.pdf
DK,★★★★★,EU27,CREAM,130,PI-ING-000180,CREAM-GTIN-5711953069291,KANDYDAT_PR,VERIFY_CANDIDATE,"EAN printed on a page serving this market + label facts (ingredients, nutrition) from manufacturer/retailer",Arla Piskefløde 35% UHT 200 ml,Arla,200 ml,5711953069291,"Official Danish Arla product64625 explicitly all7 per100g,GTIN5711953069291,200ml,35%, madeDenmark. Onlinebutikken exactGTIN35% localoffer. MENY exactGTIN too, title36% but declared nutrition35% matches producer.",WŁASNY PROFIL PR — rzeczywista etykieta,5,Dane kompletne. Końcowy PR poza Mapperem według istniejącej konwencji.,Nearest verified plain dairycream35% instead of unsupported imported30%. Arla Whip&Cook30% excluded as vegetable dairy alternative. Nominal and actual35 follow manufacturer.,AUTO PO AKCEPTACJI,CONFIRMED,EAN_ON_MARKET_PAGE,https://www.arla.dk/produkter/arla/piskeflode-64625/
DK,★★★★★,EU27,SMP,35,PI-ING-000270,SMP-GTIN-05703161691012,KANDYDAT_PR,VERIFY_CANDIDATE,"EAN printed on a page serving this market + label facts (ingredients, nutrition) from manufacturer/retailer",EASIS Skummetmælkspulver 200 g,EASIS,200 g,5703161691012,"Producent podaje wartości 'Pr.100g pulver'; nasycone0,4g u lokalnego sprzedawcy Mitliv; EAN w BilkaToGo.",Własny profil SMP — Engine przelicza rzeczywiste dane i jawne estymacje,-0.20000000000000007,Wszystkie pola pochodzą z etykiety; przeliczenie masy porcji i sodu nie jest estymacją.,"SMP0,6% jest bliskim zamiennikiem0,8%.",AUTO PO AKCEPTACJI,LEAD,MARKET_PAGE_WITHOUT_EAN,https://easis.dk/products/easis-skummetmaelkspulver
DK,★★★★★,EU27,DEXTROSE,30,PI-ING-000494,DEX-GTIN-05709286720064,WYMAGA_ETYKIETY,LABEL_EVIDENCE_MISSING,label/composition evidence missing — current label (ingredients + nutrition per 100 g/ml),Urtegaarden Druesukker 500 g,Urtegaarden,500 g,5709286720064,"Lokalny sprzedawca explicite: fødevareprodukt med dextrose monohydrat. Tabela /100g: fat0–1g, sat<1g, protein0–1g; nie zamieniono granic na zero.",Postać monohydrat; NIP i model aktywności osobno,0,"PI-ING-000494 uzupełnia: tłuszcz=0; nasycone=0; białko=0; błonnik=0 /100g. To oszacowanie, nie deklaracja etykiety. MODEL PI: 90,9g aktywnej dekstrozy +9,1g wody/100g; nie jest pomiarem partii. Czystość suchej masy i zaokrąglone cukry NIP nie zastępują CoA. Tabela zawiera 91 g cukrów i 0 mg soli; opis marketingowy tej samej strony podaje 92 g i 1 mg. Zachowano dane z tabeli i oznaczono rozbieżność.",,AUTO PO AKCEPTACJI,CONFIRMED,EAN_ON_MARKET_PAGE,https://www.helsebixen.dk/shop/urtegaarden-druesukker.html
DK,★★★★★,EU27,TARA,3,PI-ING-000492,TARA-DK-PRODUCT,WYMAGA_ETYKIETY,LABEL_EVIDENCE_MISSING,label/composition evidence missing — current label (ingredients + nutrition per 100 g/ml),Gum tara 1 kg,Louis François,1 kg,,"B2B; Zweryfikowano 08.09.2026. Condi potwierdza nazwę, markę, 1 kg, SKU12240, zastosowanie spożywcze i Francję jako pochodzenie. BienManger służy tylko jako dodatkowe źródło tożsamości/składu E417; ten francuski sklep oznacza produkt jako wycofany ze swojej oferty, więc nie jest dowodem dostępności. Publiczna bieżąca specyfikacja pełnego składu partii Condi nie została odnaleziona.","Energia źródła, jeśli dostępna; brakujące pola z PI. Nie narzucano zgodności różnych konwencji znakowania.",0,"ESTIMATED z PI-ING-000492: kcal=180; tłuszcz=0.5; nasycone=0; węglowodany dostępne=1.5; cukry=0; białko=2; sól=0; błonnik=86.5 /100 g. To model, nie etykieta produktu. Aktywność względna=1 wyłącznie MODEL PI, nie oznaczenie handlowej partii. Dawka odniesienia 3 g/1000 g (0,3%) bez automatycznego skalowania. Lepkość ani 100% składnika nie oznaczają 100% galaktomannanu. Woda 9,5 g/100 g: ESTIMATED z PI; brak oznaczenia produktu. Lokalna pozycja na zamówienie (Bestillingsvare). Condi przyjmuje jako hurtowników firmy z CVR i instytucje publiczne. Dostawy własne w rejonie stolicy i Danske Fragtmænd w pozostałej Danii; brak publicznego potwierdzenia terminu dla tego SKU.",Wskazano konkretny lokalny produkt B2B. Nie przenoszono kodu Sosa 700 g ani ogólnych deklaracji braku alergenów na Louis François.,AUTO PO AKCEPTACJI,BRAK,NO_EAN_IN_V7,https://condi.dk/da/tilsaetningsstoffer/gum-tara-1-kg
FI,★★★★★,EU27,MILK,672,PI-ING-000236,MILK-GTIN-6408430000135,KANDYDAT_PR,VERIFY_CANDIDATE,"EAN printed on a page serving this market + label facts (ingredients, nutrition) from manufacturer/retailer",Valio täysmaito suomalaisilta maitotiloilta 1 L,Valio,1 L carton,6408430000135,"Producent Valio: pełna karta1L zEAN6408430000135, fat3.5%, cały profil w100g, Finlandia i zakładJyväskylä. K-Ruoka: dokładny EAN i1L w K-Citymarket Iso Omena.",WŁASNY PROFIL PR — przeliczenie z rzeczywistej etykiety,0,Dane kompletne. Końcowy PR poza Mapperem według istniejącej konwencji.,Potwierdzono bieżącą nazwę Valio täysmaito oraz exact1L EAN; wartości100g bez korekty gęstości zgodnie z aplikacją.,AUTO PO AKCEPTACJI,CONFIRMED,EAN_ON_MARKET_PAGE,https://www.valio.fi/tuotteet/valio-taysmaito-suomalaisilta-maitotiloilta/
FI,★★★★★,EU27,CREAM,130,PI-ING-000180,CREAM-GTIN-6413300015225,KANDYDAT_PR,VERIFY_CANDIDATE,"EAN printed on a page serving this market + label facts (ingredients, nutrition) from manufacturer/retailer",Arla Lempi Kuohukerma luomu 35% 2 dl,Arla Lempi,200 ml,6413300015225,"S-kaupat Finnish Prisma product card exactGTIN,200ml, supplier/manufacturer, Finland, ordinaryorganiccream (containslactose), full7 as one coherent profile per100g. Arla confirms35%, ingredients,GTIN andpack.",WŁASNY PROFIL PR — rzeczywista etykieta,5,Dane kompletne. Końcowy PR poza Mapperem według istniejącej konwencji.,"Uses complete current S-kaupat declaration337kcal,3.1carbs,2.3protein,.06salt. Arla consumer page alternatively publishes335kcal,3carbs,2protein,.08salt; do not blend profiles. Selected single retailer profile is traceable. Low-lactose/hydrolysed alternatives avoided.",AUTO PO AKCEPTACJI,CONFIRMED,EAN_ON_MARKET_PAGE,https://www.s-kaupat.fi/tuote/arla-lempi-kuohukerma-luomu-2-dl/6413300015225
FI,★★★★★,EU27,SMP,35,PI-ING-000270,SMP-GTIN-06408430840625,KANDYDAT_PR,VERIFY_CANDIDATE,"EAN printed on a page serving this market + label facts (ingredients, nutrition) from manufacturer/retailer",Valio rasvaton maitojauhe instant 400 g,Valio,400 g,6408430840625,"Producent i lokalny sklep: wartości100g; HalpaHalli wprost UNPREPARED100g oraz EAN; emulgator to lecytyna rzepakowa. Producent: kraj pochodzenia i produkcji Finlandia; zakład Valio Oy,Lapinlahti.",Własny profil SMP — Engine przelicza rzeczywiste dane i jawne estymacje,-0.20000000000000007,błonnik: PI-ING-000270 (0 /100 g).,Nie pomylono z Valio laktoositon kevyt maitojauhe15% tłuszczu.,AUTO PO AKCEPTACJI,CONFIRMED,EAN_ON_MARKET_PAGE,https://www.valioaimo.fi/ammattilaistuotteet/valio-rasvaton-maitojauhe-instant/
FI,★★★★★,EU27,DEXTROSE,30,PI-ING-000494,DEX-FI-PRODUCT,WYMAGA_ETYKIETY,LABEL_EVIDENCE_MISSING,label/composition evidence missing — current label (ingredients + nutrition per 100 g/ml),Dekstroosi monohydraatti 25 kg,Leipurin (dystrybucja; producent nie podany),25 kg worek,,"Lokalny fiński katalogB2B: Kiteytetty a-D-glukoosi (dekstroosi) monohydraatti; Elintarvikekäyttöön, vain teollisuudessa;25kg;NimikenumeroE22202. Treść potwierdzona indeksem wyszukiwarki; render strony jest dynamiczny.",Postać monohydrat; NIP i model aktywności osobno,0,"PI-ING-000494 uzupełnia: kcal=364; tłuszcz=0; nasycone=0; węglowodany=90.9; cukry=90.9; białko=0; sól=0; błonnik=0 /100g. To oszacowanie, nie deklaracja etykiety. MODEL PI: 90,9g aktywnej dekstrozy +9,1g wody/100g; nie jest pomiarem partii. Czystość suchej masy i zaokrąglone cukry NIP nie zastępują CoA. B2B do zastosowań spożywczych/przemysłowych; profil roboczy może dziedziczyć PI z jawnym oznaczeniem, brak własnej tabeli odżywczej.",Zrezygnowano z RoquetteGTIN6430061526937 z powodu sprzecznego polaAdditiveName E412/E464 wMetro. Nie przeniesiono jego danych naSKU E22202.,AUTO PO AKCEPTACJI,BRAK,NO_EAN_IN_V7,https://store.leipurin.com/fi/product-details/-/o/cn/Muut-makeutusaineet/ecom-item/E22202
FI,★★★★★,EU27,TARA,3,PI-ING-000492,TARA-GTIN-08055728540170,KANDYDAT_PR,VERIFY_CANDIDATE,"EAN printed on a page serving this market + label facts (ingredients, nutrition) from manufacturer/retailer",SaporePuro Farina di Semi di Tara / Gomma di Tara E417,SaporePuro,50 g,8055728540170,"IMPORT; Zweryfikowano08.09.2026. TDS producenta rew.17.07.2026: skład/pochodzenie/alergeny na s.1–2; wartości odżywcze na100g i wilgotność na s.10; matryca alergenów na s.11–12. Pełne wartości odżywcze z jednej aktualnej TDS. Dostępność kraju oparta na jawnej polityce dostaw UE/UK/CH, nie na samej domenie ani ogólnym zasięgu marki.","Energia źródła, jeśli dostępna; brakujące pola z PI. Nie narzucano zgodności różnych konwencji znakowania.",0,"Wszystkie 8 pól z etykiety/TDS lub jawnego przeliczenia porcji/sodu/błonnika. Aktywność względna=1 wyłącznie MODEL PI, nie oznaczenie handlowej partii. Dawka odniesienia 3 g/1000 g (0,3%) bez automatycznego skalowania. Lepkość ani 100% składnika nie oznaczają 100% galaktomannanu. Woda z TDS: 7 g/100 g; W TDS wilgotność7% jako wartość referencyjna, nie pomiar partii; strona sklepu podaje<9,11%, co pozostaje odnotowaną rozbieżnością źródeł. IMPORT z Włoch. Sklep producenta oznacza wybrany wariant 50 g jako dostępny; polityka dostaw wprost obejmuje całą UE, w tym Finlandii. Orientacyjny termin 3–7 dni roboczych; warunki dla adresu i zapas potwierdzić w checkout.",Wybrano jednoskładnikowy produkt z TDS; nie mieszać z SaporePuro Neutro zawierającym maltodekstrynę/tarę/guar. Nie przypisano kodu Sosa700g ani niepotwierdzonego kodu8052744883445 do SaporePuro50g. TDS ma pierwszeństwo przed rozbieżnymi danymi wilgotności/lepkości na stronie sklepu. AKTUALIZACJA: oficjalny JSON producenta potwierdza dla 50 g SKU SPGT50 i EAN 8055728540170; poprzedni brak identyfikatora zamknięty.,AUTO PO AKCEPTACJI,LEAD,EAN_ON_GENERIC_TLD_PAGE,https://saporepuro.com/products/farina-di-semi-di-tara-gomma-di-tara-origine-peru-e417-confezionato-in-italia-1
FR,★★★★★,EU27,MILK,672,PI-ING-000236,MILK-FR-ALSACE,READY_PR,NONE_PER_V7,v7 marks ready; independent re-verification still pending,"Alsace Lait Lait frais entier pasteurisé, brique 1 L",Alsace Lait,1 L brique,3262970109108,"Supermarchés Match exact card explicitly publishes EAN 3262970109108, 1L brique, ingredients, operator and complete seven nutrients per100ml. Intermarché independently identifies identical EAN/carton and seven nutrients. Match establishes a French retail listing. Intermarché includes an implausible polyunsaturated-fat optional value (2.5 alongside saturated2.5,total3.6); this optional field is not imported, and seven required fields agree with Match.",WŁASNY PROFIL PR — przeliczenie z rzeczywistej etykiety,0.10000000000000009,Dane kompletne. Końcowy PR poza Mapperem według istniejącej konwencji.,"Existing workbook had all nutrient values blank and pack unconfirmed. Exact existing EAN is now confirmed as1L carton, fat3.6. Keep existing PR identity because sameEAN; do not use other bottleEAN3262970040029/3262970100402.",PR-ING-007174,LEAD,SOURCE_NOT_READABLE,https://www.supermarchesmatch.fr/fr/p/1754550/alsace-lait-lait-frais-entier-brique-1l
FR,★★★★★,EU27,CREAM,130,PI-ING-000180,CREAM-GTIN-3451790256745,KANDYDAT_PR,VERIFY_CANDIDATE,"EAN printed on a page serving this market + label facts (ingredients, nutrition) from manufacturer/retailer",Elle & Vire Crème UHT fluide entière 30% MG 2×25cl,Elle & Vire,2 × 250 ml,3451790256745,"Auchan France publikuje komplet7pól, jednostkę100g/ml, EAN i wielopak2×25cl. Carrefour France potwierdza30%, opakowanie i skład ze śmietanką normandzką.",WŁASNY PROFIL PR — rzeczywista etykieta,0,Dane kompletne. Końcowy PR poza Mapperem według istniejącej konwencji.,"Zachowano istniejący produkt, doprecyzowano wielopak. Nie użyto błędnego tytułu35% z Miamland przy tym samym EAN.",AUTO PO AKCEPTACJI,CONFIRMED,EAN_ON_MARKET_PAGE,https://www.auchan.fr/elle-vire-creme-fluide-entiere-30-mg-uht/pr-C1178091
FR,★★★★★,EU27,SMP,35,PI-ING-000270,SMP-GTIN-03043934232700,KANDYDAT_PR,VERIFY_CANDIDATE,"EAN printed on a page serving this market + label facts (ingredients, nutrition) from manufacturer/retailer",Lait écrémé en poudre,Régilait,karton 300 g,3043934232700,"Producent potwierdza makra suchego proszku. Oferta La Famille à Table potwierdza EAN 3043934232700, opakowanie 300 g i cukry 52 g.",Własny profil SMP — Engine przelicza rzeczywiste dane i jawne estymacje,0,błonnik: PI-ING-000270 (0 /100 g).,"Oznaczenie 0% na niektórych produktach dotyczy mleka przygotowanego; proszek zawiera 0,8% tłuszczu.",AUTO PO AKCEPTACJI,CONFIRMED,EAN_ON_MARKET_PAGE,https://www.auchan.fr/regilait-lait-ecreme-en-poudre/pr-C1274757
FR,★★★★★,EU27,DEXTROSE,30,PI-ING-000494,DEX-FR-PRODUCT,WYMAGA_GTIN,GTIN_MISSING,barcode not established for the chosen pack — label photo or market page printing the GTIN,Dextrose Monohydrate,Louis François,1 kg,,"TDS CO-SP-004: C6H12O6H2O, masa molowa198; pudełko1kg kod450A.",Postać monohydrat; NIP i model aktywności osobno,0,"Całe8pól z etykiety/TDS. MODEL PI: 90,9g aktywnej dekstrozy +9,1g wody/100g; nie jest pomiarem partii. Czystość suchej masy i zaokrąglone cukry NIP nie zastępują CoA. W magazynie lokalnego sprzedawcy.","Rozbieżność soli zamknięta kartą producenta2024:12,5mg/100g =0,0125g, nie0,125g ani12,5g. TDSobejmuje1kg450A/5kg455B/25kg330D.",AUTO PO AKCEPTACJI,BRAK,NO_EAN_IN_V7,https://www.meilleurduchef.com/en/shop/baking-supplies/ingredients/sugar-sweetener/lfr-dextrose-monohydrate.html
FR,★★★★★,EU27,TARA,3,PI-ING-000492,TARA-GTIN-08055728540170,KANDYDAT_PR,VERIFY_CANDIDATE,"EAN printed on a page serving this market + label facts (ingredients, nutrition) from manufacturer/retailer",SaporePuro Farina di Semi di Tara / Gomma di Tara E417,SaporePuro,50 g,8055728540170,"IMPORT; Manufacturer TDS revision 17 July 2026: pages 1–2 ingredient, origin and milk warning; page 10 nutrition per 100 g and moisture; pages 11–12 allergen matrix. Shipping policy covers the EU as a bloc, UK and Switzerland. EU shipping: 0–5 kg EUR18; free above EUR50. Individual EU countries are not enumerated.","Energia źródła, jeśli dostępna; brakujące pola z PI. Nie narzucano zgodności różnych konwencji znakowania.",0,"Wszystkie 8 pól z etykiety/TDS lub jawnego przeliczenia porcji/sodu/błonnika. Aktywność względna=1 wyłącznie MODEL PI, nie oznaczenie handlowej partii. Dawka odniesienia 3 g/1000 g (0,3%) bez automatycznego skalowania. Lepkość ani 100% składnika nie oznaczają 100% galaktomannanu. Woda z TDS: 7 g/100 g; TDS moisture 7% is a stated reference value, not a batch measurement. Storefront instead says <9.11%; source conflict retained. Selected 50 g variant available at review (348 units shown); 250 g and 1 kg also offered. Shipping policy explicitly covers the EU with an estimated 3–7 working days. Final stock and postcode acceptance require checkout.","User EAN 8052744883445 is unverified. Do not confuse this sole-ingredient E417 gum with SaporePuro Neutro containing maltodextrin, tara and guar. Prefer current TDS over differing storefront moisture and viscosity data. Local Sosa 700 g found but its TDS permits sugar standardization; Louis François Bienmanger offer no longer sold. Selected sole-ingredient retail import. AKTUALIZACJA: oficjalny JSON producenta potwierdza dla 50 g SKU SPGT50 i EAN 8055728540170; poprzedni brak identyfikatora zamknięty.",AUTO PO AKCEPTACJI,LEAD,EAN_ON_GENERIC_TLD_PAGE,https://saporepuro.com/products/farina-di-semi-di-tara-gomma-di-tara-origine-peru-e417-confezionato-in-italia-1
ES,★★★★★,EU27,MILK,672,PI-ING-000236,MILK-GTIN-8410128010102,KANDYDAT_PR,VERIFY_CANDIDATE,"EAN printed on a page serving this market + label facts (ingredients, nutrition) from manufacturer/retailer","Pascual Clásica Leche Entera UHT, 6 x1 L",Pascual,6 x1 L (GTIN for retail multipack; not singlecarton),8410128010102,"Official Pascual professional catalogue productID30012361-8410128010102 names6x1L UHT wholemilk, operator,Spanishorigin,ingredients and complete seven nutrients per100ml. E.LeclercSoria exact GTIN card confirms6x1L retailmultipack and localSpanishmarket. Nutrition uses exclusively current manufacturer card; E.Leclerc older listing has carbs/sugars4.6 andprotein3.2, versuscurrentmanufacturer4.8/3.0. Do not mix profiles. For a singlecarton EAN is8410128010096(BMretail); that is not the chosenEAN.",WŁASNY PROFIL PR — przeliczenie z rzeczywistej etykiety,0.10000000000000009,Dane kompletne. Końcowy PR poza Mapperem według istniejącej konwencji.,ExistingHacendadoEAN8402001047251 could not be matched to a current complete exact publishedproductcard. Replace country routing with separately proposedPascualPR; do not overwrite identityofPR-ING-007173. Closest widelysold wholemilk3.6% versus target3.5%.,AUTO PO AKCEPTACJI,CONFIRMED,EAN_ON_MARKET_PAGE,https://soria.e-leclerc.es/detalle/-/Producto/leche-entera-6x1l/8410128010102
ES,★★★★★,EU27,CREAM,130,PI-ING-000180,CREAM-GTIN-8410379941019,KANDYDAT_PR,VERIFY_CANDIDATE,"EAN printed on a page serving this market + label facts (ingredients, nutrition) from manufacturer/retailer",Reny Picot Nata líquida especial para montar 30% 200 ml,Reny Picot,200 ml,8410379941019,"El Corte Inglés publikuje EAN, opakowanie 200 ml, hiszpańskiego producenta i pochodzenie oraz pełne 7 pól odżywczych na 100 ml. Distribuciones Plata potwierdza oznaczenie MG 30% przy tym samym EAN.",WŁASNY PROFIL PR — rzeczywista etykieta,0,Dane kompletne. Końcowy PR poza Mapperem według istniejącej konwencji.,"Zastąpiono wcześniejszą Central Lechera Asturiana 35% dostępną lokalnie śmietanką 30%, dokładnie odpowiadającą parametrowi docelowemu.",AUTO PO AKCEPTACJI,LEAD,EAN_ONLY_ECHOED_FROM_URL_OR_QUERY,https://distribucionesplata.com/tienda/alimentacion-y-bebidas/21850-nata-reny-picot-liqmont-mg30-bk200m-8410379941019.html
ES,★★★★★,EU27,SMP,35,PI-ING-000270,SMP-GTIN-08410100002330,KANDYDAT_PR,VERIFY_CANDIDATE,"EAN printed on a page serving this market + label facts (ingredients, nutrition) from manufacturer/retailer",Leche desnatada en polvo rica en calcio,Nestlé Sveltesse,puszka 400 g,8410100002330,"El Corte Inglés i BM potwierdzają EAN 8410100002330 i 400 g. Caprabo podaje pełne siedem makr na 100 g, skład, producenta i pochodzenie hiszpańskie.",Własny profil SMP — Engine przelicza rzeczywiste dane i jawne estymacje,0.09999999999999998,błonnik: PI-ING-000270 (0 /100 g).,"Wybrano potwierdzony EAN i profil tłuszczu 0,9%; starsze tabele produktu mają inne wartości.",AUTO PO AKCEPTACJI,CONFIRMED,EAN_ON_MARKET_PAGE,https://www.online.bmsupermercados.es/es/p/leche-en-polvo-400-g/6029
ES,★★★★★,EU27,DEXTROSE,30,PI-ING-000494,DEX-GTIN-08437000514770,WYMAGA_ETYKIETY,LABEL_EVIDENCE_MISSING,label/composition evidence missing — current label (ingredients + nutrition per 100 g/ml),DAYELET DEXTROSA,Dayelet,400 g,8437000514770,TDS FTPE01 rewizja24.07.2024: Dextrosa monohidratada F; jedna cząsteczka wody krystalizacyjnej.,Postać monohydrat; NIP i model aktywności osobno,0,"PI-ING-000494 uzupełnia: nasycone=0 /100g. To oszacowanie, nie deklaracja etykiety. MODEL PI: 90,9g aktywnej dekstrozy +9,1g wody/100g; nie jest pomiarem partii. Czystość suchej masy i zaokrąglone cukry NIP nie zastępują CoA. Sprzedaż bezpośrednia przez hiszpańskiego producenta.",Zamiast HSN z niespójną dla monohydratu tabelą~399kcal/100g wybrano Dayelet. Nasycone nieopublikowane.,AUTO PO AKCEPTACJI,CONFIRMED,EAN_ON_MARKET_PAGE,https://www.zonasin.es/producto/dextrosa-400-g-dayelet-l22027
ES,★★★★★,EU27,TARA,3,PI-ING-000492,TARA-GTIN-08055728540170,KANDYDAT_PR,VERIFY_CANDIDATE,"EAN printed on a page serving this market + label facts (ingredients, nutrition) from manufacturer/retailer",SaporePuro Farina di Semi di Tara / Gomma di Tara E417,SaporePuro,50 g,8055728540170,"IMPORT; Manufacturer TDS revision 17 July 2026: pages 1–2 ingredient, origin and milk warning; page 10 nutrition per 100 g and moisture; pages 11–12 allergen matrix. Shipping policy covers the EU as a bloc, UK and Switzerland. EU shipping: 0–5 kg EUR18; free above EUR50. Individual EU countries are not enumerated.","Energia źródła, jeśli dostępna; brakujące pola z PI. Nie narzucano zgodności różnych konwencji znakowania.",0,"Wszystkie 8 pól z etykiety/TDS lub jawnego przeliczenia porcji/sodu/błonnika. Aktywność względna=1 wyłącznie MODEL PI, nie oznaczenie handlowej partii. Dawka odniesienia 3 g/1000 g (0,3%) bez automatycznego skalowania. Lepkość ani 100% składnika nie oznaczają 100% galaktomannanu. Woda z TDS: 7 g/100 g; TDS moisture 7% is a stated reference value, not a batch measurement. Storefront instead says <9.11%; source conflict retained. Selected 50 g variant available at review (348 units shown); 250 g and 1 kg also offered. Shipping policy explicitly covers the EU with an estimated 3–7 working days. Final stock and postcode acceptance require checkout.","User EAN 8052744883445 is unverified. Do not confuse this sole-ingredient E417 gum with SaporePuro Neutro containing maltodextrin, tara and guar. Prefer current TDS over differing storefront moisture and viscosity data. Ferrer confirms Spanish B2B supply, but exact pack/NIP are unpublished; Sosa permits sugar standardization. Selected sole-ingredient retail import; Canary Islands have separate shipping tariffs. AKTUALIZACJA: oficjalny JSON producenta potwierdza dla 50 g SKU SPGT50 i EAN 8055728540170; poprzedni brak identyfikatora zamknięty.",AUTO PO AKCEPTACJI,LEAD,EAN_ON_GENERIC_TLD_PAGE,https://saporepuro.com/products/farina-di-semi-di-tara-gomma-di-tara-origine-peru-e417-confezionato-in-italia-1
NL,★★★★★,EU27,MILK,672,PI-ING-000236,MILK-GTIN-8712800147770,KANDYDAT_PR,VERIFY_CANDIDATE,"EAN printed on a page serving this market + label facts (ingredients, nutrition) from manufacturer/retailer",Campina Langlekker Volle Melk 1 L,Campina Langlekker,1 L carton,8712800147770,"Albert Heijn: dokładny produkt1L, GTIN08712800147770 w stopce, cały profil w100ml i informacja Nederlandse weidemelk. Oficjalny Campina potwierdza linię Langlekker1L. Civo rozdziela EAN jednostkowy8712800147770 od kartonu8712800547778.",WŁASNY PROFIL PR — przeliczenie z rzeczywistej etykiety,0.10000000000000009,Dane kompletne. Końcowy PR poza Mapperem według istniejącej konwencji.,Wybrano plain Langlekker (nie Extra Proteïne); użyto aktualnego profiluAH67kcal i3.7g białka. Tłuszcz3.6g zachowany bez zaokrąglania do3.5. Nie utożsamiono kraju pochodzenia mleka z krajem pakowania.,AUTO PO AKCEPTACJI,CONFIRMED,EAN_ON_MARKET_PAGE,https://www.campina.nl/producten/campina-langlekker-volle-melk-1l
NL,★★★★★,EU27,CREAM,130,PI-ING-000180,CREAM-GTIN-8718907237888,KANDYDAT_PR,VERIFY_CANDIDATE,"EAN printed on a page serving this market + label facts (ingredients, nutrition) from manufacturer/retailer",AH Slagroom houdbaar 30% 200 ml,AH,200 ml,8718907237888,"Local AlbertHeijn nl productpage publishes full7+fiber,200ml, ingredients, supplier. JSON-LD gtin13=8718907237888; footer08718907237888 confirms leading zero14-digit equivalent. Availability InStock in structuredOffer. Noadded sugar/salt, but natural sugars/salt retained. Country of production not declared.",WŁASNY PROFIL PR — rzeczywista etykieta,0,Dane kompletne. Końcowy PR poza Mapperem według istniejącej konwencji.,"Select exact30% liquid UHT dairycream. SameGTIN legitimately sold in two markets, identicalprofile.",AUTO PO AKCEPTACJI,CONFIRMED,EAN_ON_MARKET_PAGE,https://www.ah.nl/producten/product/wi34471/ah-slagroom-houdbaar
NL,★★★★★,EU27,SMP,35,PI-ING-000270,SMP-GTIN-08717677967827,KANDYDAT_PR,VERIFY_CANDIDATE,"EAN printed on a page serving this market + label facts (ingredients, nutrition) from manufacturer/retailer",Mattisson Biologische Magere Melkpoeder 450 g,Mattisson,450 g,8717677967827,Producent podaje pełną tabelę100g i25g proszku; Baktotaal potwierdza EAN oraz450g.,Własny profil SMP — Engine przelicza rzeczywiste dane i jawne estymacje,-0.30000000000000004,Wszystkie pola pochodzą z etykiety; przeliczenie masy porcji i sodu nie jest estymacją.,"SMP0,5% zamiast celu0,8%.",AUTO PO AKCEPTACJI,CONFIRMED,EAN_ON_MARKET_PAGE,https://www.mattisson.nl/biologische-magere-melkpoeder
NL,★★★★★,EU27,DEXTROSE,30,PI-ING-000494,DEX-NL-PRODUCT,WYMAGA_GTIN,GTIN_MISSING,barcode not established for the chosen pack — label photo or market page printing the GTIN,Dextrose 5 kg,Natural Spices,5 kg,,Holenderski producent/dostawca explicite Dextrose monohydraat. Jedyny składnik dextrose; tabela /100g wspólna dla5/25kg.,Postać monohydrat; NIP i model aktywności osobno,0,"Całe8pól z etykiety/TDS. MODEL PI: 90,9g aktywnej dekstrozy +9,1g wody/100g; nie jest pomiarem partii. Czystość suchej masy i zaokrąglone cukry NIP nie zastępują CoA.",Odrzucono Hobbyfarming Cargill25kg: sprzedawca explicite nie do spożycia przez ludzi.,AUTO PO AKCEPTACJI,BRAK,NO_EAN_IN_V7,https://www.naturalspices.nl/dextrose
NL,★★★★★,EU27,TARA,3,PI-ING-000492,TARA-GTIN-08055728540170,KANDYDAT_PR,VERIFY_CANDIDATE,"EAN printed on a page serving this market + label facts (ingredients, nutrition) from manufacturer/retailer",SaporePuro Farina di Semi di Tara / Gomma di Tara E417,SaporePuro,50 g,8055728540170,"IMPORT; Zweryfikowano08.09.2026. TDS producenta rew.17.07.2026: skład/pochodzenie/alergeny na s.1–2; wartości odżywcze na100g i wilgotność na s.10; matryca alergenów na s.11–12. Pełne wartości odżywcze z jednej aktualnej TDS. Dostępność kraju oparta na jawnej polityce dostaw UE/UK/CH, nie na samej domenie ani ogólnym zasięgu marki. Zidentyfikowano także lokalną ofertę Baktotaal Sosa700g, ale wybrany SaporePuro ma potwierdzony jednoskładnikowy skład bez zastrzeżenia standaryzacji cukrami w TDS Sosa.","Energia źródła, jeśli dostępna; brakujące pola z PI. Nie narzucano zgodności różnych konwencji znakowania.",0,"Wszystkie 8 pól z etykiety/TDS lub jawnego przeliczenia porcji/sodu/błonnika. Aktywność względna=1 wyłącznie MODEL PI, nie oznaczenie handlowej partii. Dawka odniesienia 3 g/1000 g (0,3%) bez automatycznego skalowania. Lepkość ani 100% składnika nie oznaczają 100% galaktomannanu. Woda z TDS: 7 g/100 g; W TDS wilgotność7% jako wartość referencyjna, nie pomiar partii; strona sklepu podaje<9,11%, co pozostaje odnotowaną rozbieżnością źródeł. IMPORT z Włoch. Sklep producenta oznacza wybrany wariant 50 g jako dostępny; polityka dostaw wprost obejmuje całą UE, w tym Niderlandów. Orientacyjny termin 3–7 dni roboczych; warunki dla adresu i zapas potwierdzić w checkout.",Wybrano jednoskładnikowy produkt z TDS; nie mieszać z SaporePuro Neutro zawierającym maltodekstrynę/tarę/guar. Nie przypisano kodu Sosa700g ani niepotwierdzonego kodu8052744883445 do SaporePuro50g. TDS ma pierwszeństwo przed rozbieżnymi danymi wilgotności/lepkości na stronie sklepu. AKTUALIZACJA: oficjalny JSON producenta potwierdza dla 50 g SKU SPGT50 i EAN 8055728540170; poprzedni brak identyfikatora zamknięty.,AUTO PO AKCEPTACJI,LEAD,EAN_ON_GENERIC_TLD_PAGE,https://saporepuro.com/products/farina-di-semi-di-tara-gomma-di-tara-origine-peru-e417-confezionato-in-italia-1
IE,★★★★★,EU27,MILK,672,PI-ING-000236,MILK-GTIN-5011056020053,KANDYDAT_PR,VERIFY_CANDIDATE,"EAN printed on a page serving this market + label facts (ingredients, nutrition) from manufacturer/retailer",Avonmore Fresh Whole Milk 2 Litre,Avonmore,2 L butelka,5011056020053,"Tesco Ireland i Dunnes potwierdzają dokładne pełne mleko 2L, irlandzkie pochodzenie i identyczną pełną deklarację 100ml 267kJ/64kcal,fat3.5,sat2.2,carbs4.7,sugars4.7,protein3.4,salt0.11. Oficjalny Avonmore publikuje ten profil i pojemność 2L. EAN 5011056020053 jest powiązany z Avonmore Milk 2 Litre w indeksowanej karcie MasterMarket (lokalne ceny Tesco/Dunnes) i niezależnie w Chomp (Milk by Avonmore). Identyfikator EAN wsparty źródłami wtórnymi, makra wyłącznie źródłami pierwotnymi.",WŁASNY PROFIL PR — przeliczenie z rzeczywistej etykiety,0,Dane kompletne. Końcowy PR poza Mapperem według istniejącej konwencji.,Ustalono konkretną butelkę 2L zamiast 1L z brakującym EAN. EAN nie jest traktowany jako dowód składu — wartości pochodzą od producenta i dokładnej oferty 2L.,AUTO PO AKCEPTACJI,LEAD,EAN_ON_AGGREGATOR,https://chompthis.com/product/?id=419344
IE,★★★★★,EU27,CREAM,130,PI-ING-000180,CREAM-GTIN-5900820000455,KANDYDAT_PR,VERIFY_CANDIDATE,"EAN printed on a page serving this market + label facts (ingredients, nutrition) from manufacturer/retailer",Łaciata Śmietanka UHT 30% 500 ml,Łaciata,500 ml,5900820000455,"Manufacturer explicit exactGTIN5900820000455,500ml,Polishorigin,30%. E.Leclerc exactGTIN500ml publishes complete7 per100ml and ingredients. Moldova Stores Ireland explicitsameGTIN500ml and localstores.",WŁASNY PROFIL PR — rzeczywista etykieta,0,Dane kompletne. Końcowy PR poza Mapperem według istniejącej konwencji.,Select available Polish imported exact30% plaincream rather than unsupported Oldenburger or locally thicker cream. SameGTIN legitimately used across two markets.,AUTO PO AKCEPTACJI,CONFIRMED,EAN_ON_MARKET_PAGE,https://moldovastore.ie/products/114/8433
IE,★★★★★,EU27,SMP,35,PI-ING-000270,SMP-GTIN-05060113910714,KANDYDAT_PR,VERIFY_CANDIDATE,"EAN printed on a page serving this market + label facts (ingredients, nutrition) from manufacturer/retailer",Milfresh Gold Superior Granulated Skimmed Milk 500 g,Milfresh / Aimia Foods,500 g; karton 10 × 500 g,5060113910714,"Specyfikacja Aimia Foods SUPSKIM: per 100 g as sold, komplet 7 makro. Erudus, wersja 2.0 przegląd 27.06.2024, wydruk 15.07.2026: EAN pojedynczej paczki 5060113910714 i masa 500 g; outer case 05060113910738 dotyczy 10 × 500 g. Wszystkie 7 makro identyczne z kartą Aimia; błonnik w Erudus <0,5 g pozostawiono nieoznaczony liczbowo, mimo że Brakes zaokrągla do 0,5 g. Nasycone 0,5 g w tabeli szczegółowej Aimia i Erudus; kafelek Erudus <0,5 nie jest podstawą.",Własny profil SMP — Engine przelicza rzeczywiste dane i jawne estymacje,0,"błonnik: PI-ING-000270 (0 /100 g). Produkt importowany dostępny w sklepie obsługującym rynek irlandzki. Błonnik <0,5 g/100 g; ewentualne oszacowanie musi zachować tę granicę.","Wybrano czyste SMP o docelowym tłuszczu 0,8 g/100 g. Zastępuje wcześniej rozważany Marvel, którego tłuszcz <0,5 g nie był ścisłą liczbą. To Milfresh Gold, nie Silver (mieszanka).",AUTO PO AKCEPTACJI,LEAD,EAN_ON_FOREIGN_MARKET_PAGE,https://www.templemanrv.co.uk/nutrition-pdf/9501/
IE,★★★★★,EU27,DEXTROSE,30,PI-ING-000494,DEX-IE-PRODUCT,WYMAGA_ETYKIETY,LABEL_EVIDENCE_MISSING,label/composition evidence missing — current label (ingredients + nutrition per 100 g/ml),Dextrose Monohydrate 25 kg,Kiernan’s Food Ingredients,25 kg,,"Irlandzki dostawca: nazwa Dextrose Monohydrate, produkt food industry, koordynowana woda; SKU DEX,25kg.",Postać monohydrat; NIP i model aktywności osobno,0,"PI-ING-000494 uzupełnia: kcal=364; tłuszcz=0; nasycone=0; węglowodany=90.9; cukry=90.9; białko=0; sól=0; błonnik=0 /100g. To oszacowanie, nie deklaracja etykiety. MODEL PI: 90,9g aktywnej dekstrozy +9,1g wody/100g; nie jest pomiarem partii. Czystość suchej masy i zaokrąglone cukry NIP nie zastępują CoA.",,AUTO PO AKCEPTACJI,BRAK,NO_EAN_IN_V7,https://kiernans.ie/product/dextrose-monohydrate/
IE,★★★★★,EU27,TARA,3,PI-ING-000492,TARA-GTIN-08055728540170,KANDYDAT_PR,VERIFY_CANDIDATE,"EAN printed on a page serving this market + label facts (ingredients, nutrition) from manufacturer/retailer",SaporePuro Farina di Semi di Tara / Gomma di Tara E417,SaporePuro,50 g,8055728540170,"IMPORT; Zweryfikowano08.09.2026. TDS producenta rew.17.07.2026: skład/pochodzenie/alergeny na s.1–2; wartości odżywcze na100g i wilgotność na s.10; matryca alergenów na s.11–12. Pełne wartości odżywcze z jednej aktualnej TDS. Dostępność kraju oparta na jawnej polityce dostaw UE/UK/CH, nie na samej domenie ani ogólnym zasięgu marki. Lokalna alternatywa Odaios Foods Sosa700g/SKU140753 istnieje, lecz wybrano produkt z jednoznaczną TDS bez zastrzeżenia standaryzacji cukrami.","Energia źródła, jeśli dostępna; brakujące pola z PI. Nie narzucano zgodności różnych konwencji znakowania.",0,"Wszystkie 8 pól z etykiety/TDS lub jawnego przeliczenia porcji/sodu/błonnika. Aktywność względna=1 wyłącznie MODEL PI, nie oznaczenie handlowej partii. Dawka odniesienia 3 g/1000 g (0,3%) bez automatycznego skalowania. Lepkość ani 100% składnika nie oznaczają 100% galaktomannanu. Woda z TDS: 7 g/100 g; W TDS wilgotność7% jako wartość referencyjna, nie pomiar partii; strona sklepu podaje<9,11%, co pozostaje odnotowaną rozbieżnością źródeł. IMPORT z Włoch. Sklep producenta oznacza wybrany wariant 50 g jako dostępny; polityka dostaw wprost obejmuje całą UE, w tym Irlandii. Orientacyjny termin 3–7 dni roboczych; warunki dla adresu i zapas potwierdzić w checkout.",Wybrano jednoskładnikowy produkt z TDS; nie mieszać z SaporePuro Neutro zawierającym maltodekstrynę/tarę/guar. Nie przypisano kodu Sosa700g ani niepotwierdzonego kodu8052744883445 do SaporePuro50g. TDS ma pierwszeństwo przed rozbieżnymi danymi wilgotności/lepkości na stronie sklepu. AKTUALIZACJA: oficjalny JSON producenta potwierdza dla 50 g SKU SPGT50 i EAN 8055728540170; poprzedni brak identyfikatora zamknięty.,AUTO PO AKCEPTACJI,LEAD,EAN_ON_GENERIC_TLD_PAGE,https://saporepuro.com/products/farina-di-semi-di-tara-gomma-di-tara-origine-peru-e417-confezionato-in-italia-1
CA,★★★★★,CANADA,MILK,672,PI-ING-000236,MILK-GTIN-0064420010025,KANDYDAT_PR,VERIFY_CANDIDATE,"EAN printed on a page serving this market + label facts (ingredients, nutrition) from manufacturer/retailer",Natrel Fine-Filtered Homogenized Milk 3.25% M.F. 2 L,Natrel,2 L,0064420010025,"Producent/dystrybutor potwierdza dokładne 2 L i UPC 064420010025. Pełna tabela porcji 250 ml: 160 kcal; tłuszcz 8 g; nasycone 5 g; węglowodany 13 g; cukry 13 g; białko 9 g; błonnik 0 g; sód 95 mg. Wszystkie wartości przeliczono z tej jednej deklaracji. Parametr nominalny 3,25% jest oddzielny od zaokrąglonej wartości żywieniowej 3,2 g/100 ml.",WŁASNY PROFIL PR — przeliczenie z rzeczywistej etykiety,-0.2999999999999998,Dane kompletne. Końcowy PR poza Mapperem według istniejącej konwencji.,"Uzupełniono pełną deklarację dokładnego opakowania 2 L; nie zastąpiono wartości z etykiety ogólnym profilem mleka 3,25%.",AUTO PO AKCEPTACJI,CONFIRMED,EAN_ON_MARKET_PAGE,https://www.agropursolutions.ca/fr/produits/lait/finement-filtre/2l-natrel-lait-finement-filtre-325
CA,★★★★★,CANADA,CREAM,130,PI-ING-000180,CREAM-GTIN-068700100451,KANDYDAT_PR,VERIFY_CANDIDATE,"EAN printed on a page serving this market + label facts (ingredients, nutrition) from manufacturer/retailer",Dairyland Whipping Cream 33% M.F.,Dairyland,"473 ml, karton",068700100451,"Oficjalna strona producenta: linia33%, skład, format473ml. Save-On-Foods: dokładny GTIN473ml i kompletna etykieta porcji1łyżka; przeliczenie15ml. Zera są deklaracjami małej porcji na etykiecie, nie oznaczają absolutnego braku laktozy/białka.",WŁASNY PROFIL PR — rzeczywista etykieta,3.3333333333333357,Dane kompletne. Końcowy PR poza Mapperem według istniejącej konwencji.,"Zamiast niepotwierdzonego importu30% wybrano lokalne33%. GTIN z dokumentu odpowiada473ml, nie237ml. Tłuszcz nominalny33%; z zaokrąglonej deklaracji5g/15ml wychodzi33,333g/100ml.",AUTO PO AKCEPTACJI,LEAD,MARKET_PAGE_WITHOUT_EAN,https://www.dairyland.ca/en/products/cream/33-whipping-cream
CA,★★★★★,CANADA,SMP,35,PI-ING-000270,SMP-GTIN-00059000111322,KANDYDAT_PR,VERIFY_CANDIDATE,"EAN printed on a page serving this market + label facts (ingredients, nutrition) from manufacturer/retailer",Carnation Fat Free Instant Skim Milk Powder,Carnation,500 g,059000111322,Odczyt całej etykiety z oficjalnej fotografii producenta. Podstawa 25 g suchego proszku (4 łyżki); UPC i 500 g zgodne.,Własny profil SMP — Engine przelicza rzeczywiste dane i jawne estymacje,-0.8,"Wszystkie pola pochodzą z etykiety; przeliczenie masy porcji i sodu nie jest estymacją. Zera tłuszczu i NKT są zaokrągloną deklaracją porcji, nie dowodem chemicznego braku tłuszczu. Dodane witaminy A i D.","Przeliczenie ×4 z 25 g proszku, nie z objętości mleka po odtworzeniu.",AUTO PO AKCEPTACJI,CONFIRMED,EAN_ON_MARKET_PAGE,https://www.carnationmilk.ca/en/products/instant-skim
CA,★★★★★,CANADA,DEXTROSE,30,PI-ING-000494,DEX-GTIN-00700956300208,WYMAGA_ETYKIETY,LABEL_EVIDENCE_MISSING,label/composition evidence missing — current label (ingredients + nutrition per 100 g/ml),ProteinCo Dextrose Plain,ProteinCo,"2,27 kg / 5 lb",700956300208,Monohydrat wskazany w nazwie i opisie oferty spożywczej.,Postać monohydrat; NIP i model aktywności osobno,0,"PI-ING-000494 uzupełnia: kcal=364; węglowodany=90.9 /100g. To oszacowanie, nie deklaracja etykiety. MODEL PI: 90,9g aktywnej dekstrozy +9,1g wody/100g; nie jest pomiarem partii. Czystość suchej masy i zaokrąglone cukry NIP nie zastępują CoA. Oficjalny sklep: in stock. Pełne wyjaśnienie etykiety kcal/węglowodanów wymaga producenta.",Węglowodany30g/30g i120kcal/30g kolidują z deklarowanym monohydratem z wodą krystalizacyjną. Oryginał zachowano w danych surowych; kcal i węglowodany roboczo z PI. Nie łączyć z kodami NOW.,AUTO PO AKCEPTACJI,CONFIRMED,EAN_ON_MARKET_PAGE,https://proteinco.ca/products/dextrose
CA,★★★★★,CANADA,TARA,3,PI-ING-000492,TARA-CA-PRODUCT,WYMAGA_ETYKIETY,LABEL_EVIDENCE_MISSING,label/composition evidence missing — current label (ingredients + nutrition per 100 g/ml),Louis François Tara Gum 1 kg,Louis François,1 kg,,"LOCAL; Kanadyjski sklep podaje Louis François, opakowanie 1 kg, zastosowanie spożywcze gumy z endospermu nasion, odbiór w Markham i wysyłkę w Kanadzie.","Energia źródła, jeśli dostępna; brakujące pola z PI. Nie narzucano zgodności różnych konwencji znakowania.",0,"ESTIMATED z PI-ING-000492: kcal=180; tłuszcz=0.5; nasycone=0; węglowodany dostępne=1.5; cukry=0; białko=2; sól=0; błonnik=86.5 /100 g. To model, nie etykieta produktu. Aktywność względna=1 wyłącznie MODEL PI, nie oznaczenie handlowej partii. Dawka odniesienia 3 g/1000 g (0,3%) bez automatycznego skalowania. Lepkość ani 100% składnika nie oznaczają 100% galaktomannanu. Woda 9,5 g/100 g: ESTIMATED z PI; brak oznaczenia produktu. Lokalna oferta Gusta Supplies z ceną 190 CAD, opcją koszyka i odbioru w Markham; koszt i termin dostawy zależne od adresu.",Zastąpiono słabiej udokumentowaną ofertę importową lokalnym dostawcą. Nie przyjęto Peru/Boliwii jako pochodzenia konkretnej partii na podstawie ogólnego opisu rośliny.,AUTO PO AKCEPTACJI,BRAK,NO_EAN_IN_V7,https://supplies.gusta.ca/products/louis-francois-tara-gum
DE,★★★★★,EU27,MILK,672,PI-ING-000236,MILK-GTIN-4045500011145,KANDYDAT_PR,VERIFY_CANDIDATE,"EAN printed on a page serving this market + label facts (ingredients, nutrition) from manufacturer/retailer","frischli H-Vollmilch 3,5% 1 L",frischli,1 L carton; case12 x1L,4045500011145,"Oficjalna niemiecka karta producenta w asortymencie Einzelhandel: nr1114, GTIN4045500011145,1L, cały profil na100g, opis czystego mleka bez dodatków. Amazon.de potwierdza sprzedaż opakowań12x1L.",WŁASNY PROFIL PR — przeliczenie z rzeczywistej etykiety,0,Dane kompletne. Końcowy PR poza Mapperem według istniejącej konwencji.,Zamiana kandydata bezEAN na konkretny niemiecki detaliczny produkt3.5%1L. Nie użyto profilu10L BiB (4.8g węglowodanów); właściwy1L ma4.7g.,AUTO PO AKCEPTACJI,CONFIRMED,EAN_ON_MARKET_PAGE,https://www.frischli.de/produkte/index.htm?showproduct=67006&showrange=73333
DE,★★★★★,EU27,CREAM,130,PI-ING-000180,CREAM-GTIN-4070700003058,KANDYDAT_PR,VERIFY_CANDIDATE,"EAN printed on a page serving this market + label facts (ingredients, nutrition) from manufacturer/retailer",Hofgut Schlagsahne 30% 200 g,Hofgut,200 g,4070700003058,"Manufacturer specification explicitly unitGTIN4070700003058,200g and full7; Edeka Foodservice Germany confirms sameGTIN, ingredients and all7 in embedded product JSON (lastChange20260116). CaseGTIN4070700931740 excluded.",WŁASNY PROFIL PR — rzeczywista etykieta,0,Dane kompletne. Końcowy PR poza Mapperem według istniejącej konwencji.,Retains exact Hofgut identity. Both manufacturer and Edeka declare288kcal; not overwritten with macro-derived energy.,AUTO PO AKCEPTACJI,CONFIRMED,EAN_ON_MARKET_PAGE,https://www.hohenloher-molkerei.de/hubfs/website/produkte/Sahne/Datenblatt/35305_Hofgut_Schlagsahne_30_200g.pdf?hsLang=de
DE,★★★★★,EU27,SMP,35,PI-ING-000270,SMP-GTIN-04008230010901,KANDYDAT_PR,VERIFY_CANDIDATE,"EAN printed on a page serving this market + label facts (ingredients, nutrition) from manufacturer/retailer",Saliter Magermilchpulver 250 g,Saliter,250 g,4008230010901,"Producent i REWE podają pełną tabelę100g suchego proszku. SKU16051091 to kod sklepu producenta, nie GTIN. Oficjalny PDF producenta, strona2: EAN opakowania4008230010901, EAN kartonu10×250g4008230010918; odczyt wizualny kodów kreskowych.",Własny profil SMP — Engine przelicza rzeczywiste dane i jawne estymacje,0.19999999999999996,błonnik: PI-ING-000270 (0 /100 g).,"SMP1,0% zamiast celu0,8%.",AUTO PO AKCEPTACJI,LEAD,MARKET_PAGE_WITHOUT_EAN,https://saliter.de/milchprodukte/milchpulver/magermilchpulver/
DE,★★★★★,EU27,DEXTROSE,30,PI-ING-000494,DEX-GTIN-04250573301738,KANDYDAT_PR,VERIFY_CANDIDATE,"EAN printed on a page serving this market + label facts (ingredients, nutrition) from manufacturer/retailer",Dextrose monohydrat Pulver 5 kg,Golden Peanut,5 kg wiadro,4250573301738,"Oficjalna karta producenta dla SKU11135-01 i5kg:100% monohydrat, bez dodatków, przeznaczony do żywności; tabela unzubereitet pro100g.",Postać monohydrat; NIP i model aktywności osobno,0,"Całe8pól z etykiety/TDS. MODEL PI: 90,9g aktywnej dekstrozy +9,1g wody/100g; nie jest pomiarem partii. Czystość suchej masy i zaokrąglone cukry NIP nie zastępują CoA.",,AUTO PO AKCEPTACJI,CONFIRMED,EAN_ON_MARKET_PAGE,https://www.golden-peanut.de/Dextrose-monohydrat-Pulver/11135-01
DE,★★★★★,EU27,TARA,3,PI-ING-000492,TARA-GTIN-08055728540170,KANDYDAT_PR,VERIFY_CANDIDATE,"EAN printed on a page serving this market + label facts (ingredients, nutrition) from manufacturer/retailer",SaporePuro Farina di Semi di Tara / Gomma di Tara E417,SaporePuro,50 g,8055728540170,"IMPORT; Zweryfikowano08.09.2026. TDS producenta rew.17.07.2026: skład/pochodzenie/alergeny na s.1–2; wartości odżywcze na100g i wilgotność na s.10; matryca alergenów na s.11–12. Pełne wartości odżywcze z jednej aktualnej TDS. Dostępność kraju oparta na jawnej polityce dostaw UE/UK/CH, nie na samej domenie ani ogólnym zasięgu marki.","Energia źródła, jeśli dostępna; brakujące pola z PI. Nie narzucano zgodności różnych konwencji znakowania.",0,"Wszystkie 8 pól z etykiety/TDS lub jawnego przeliczenia porcji/sodu/błonnika. Aktywność względna=1 wyłącznie MODEL PI, nie oznaczenie handlowej partii. Dawka odniesienia 3 g/1000 g (0,3%) bez automatycznego skalowania. Lepkość ani 100% składnika nie oznaczają 100% galaktomannanu. Woda z TDS: 7 g/100 g; W TDS wilgotność7% jako wartość referencyjna, nie pomiar partii; strona sklepu podaje<9,11%, co pozostaje odnotowaną rozbieżnością źródeł. IMPORT z Włoch. Sklep producenta oznacza wybrany wariant 50 g jako dostępny; polityka dostaw wprost obejmuje całą UE, w tym Niemiec. Orientacyjny termin 3–7 dni roboczych; warunki dla adresu i zapas potwierdzić w checkout.",Wybrano jednoskładnikowy produkt z TDS; nie mieszać z SaporePuro Neutro zawierającym maltodekstrynę/tarę/guar. Nie przypisano kodu Sosa700g ani niepotwierdzonego kodu8052744883445 do SaporePuro50g. TDS ma pierwszeństwo przed rozbieżnymi danymi wilgotności/lepkości na stronie sklepu. AKTUALIZACJA: oficjalny JSON producenta potwierdza dla 50 g SKU SPGT50 i EAN 8055728540170; poprzedni brak identyfikatora zamknięty.,AUTO PO AKCEPTACJI,LEAD,EAN_ON_GENERIC_TLD_PAGE,https://saporepuro.com/products/farina-di-semi-di-tara-gomma-di-tara-origine-peru-e417-confezionato-in-italia-1
NO,★★★★★,EEA_NON_EU,MILK,672,PI-ING-000236,MILK-NO-TINE-35-1L,KANDYDAT_PR,VERIFY_CANDIDATE,"EAN printed on a page serving this market + label facts (ingredients, nutrition) from manufacturer/retailer","TINE Helmelk 3,5% fett 1 L",TINE,1 L,7038010000065,Producent + MENY; exact EAN i pełna tabela,WŁASNY PROFIL PR — przeliczenie z rzeczywistej etykiety,0,Dane kompletne. Końcowy PR poza Mapperem według istniejącej konwencji.,Najbliższy powszechny wariant krajowy; wartości exact PR wygrywają z PI.,AUTO PO AKCEPTACJI,LEAD,MARKET_PAGE_WITHOUT_EAN,https://www.tine.no/merkevarer/tinemelk/produkter/tinemelk-helmelk-3-5-fett;
NO,★★★★★,EEA_NON_EU,CREAM,130,PI-ING-000180,CREAM-GTIN-7038010041914,KANDYDAT_PR,VERIFY_CANDIDATE,"EAN printed on a page serving this market + label facts (ingredients, nutrition) from manufacturer/retailer",TINE Kremfløte 37% 3 dl,TINE,300 ml,7038010041914,"LocalMENY exactproductEAN7038010041914,300ml,37%; embedded official retailer productdata nutritionalContent all7 per100g:353kcal1454kJ,37fat,24sat,2.9carbs/sugars,2.1protein,.1salt; ingredientscream. SPAR localidenticalSKU.",WŁASNY PROFIL PR — rzeczywista etykieta,7,Dane kompletne. Końcowy PR poza Mapperem według istniejącej konwencji.,Current37% exactpack replaces unsupported Oldenburger and user38% unspecifiedpack. Jerseymeieriet30% searched but retailers unavailable/discontinued; use locally available plain37%.,AUTO PO AKCEPTACJI,LEAD,SOURCE_NOT_READABLE,https://meny.no/varer/meieri-egg/flote/kremflote/kremflote-37-7038010041914
NO,★★★★★,EEA_NON_EU,SMP,35,PI-ING-000270,SMP-GTIN-08445291393738,KANDYDAT_PR,VERIFY_CANDIDATE,"EAN printed on a page serving this market + label facts (ingredients, nutrition) from manufacturer/retailer",Nestlé Skimmed Milk Powder 500 g,Nestlé,500 g,8445291393738,"Norweski PDF Nestlé wskazuje materiał12594687,100g i8g oraz pełną tabelę; norweski sprzedawca potwierdza500g/EAN8445291393738. Karta Nestlé w Dabas podaje Portugalię.",Własny profil SMP — Engine przelicza rzeczywiste dane i jawne estymacje,0.30000000000000004,"Wszystkie pola pochodzą z etykiety; przeliczenie masy porcji i sodu nie jest estymacją. Treść marketingowa mówi<1% tłuszczu, lecz tabela aktualnego12594687 podaje1,1g/100g; użyto tabeli.","ODT:7613035886179 to dawny karton, nie500g; dawny500g=7613035886155. Obecny500g=8445291393738; obecnykarton=8445291393745.",AUTO PO AKCEPTACJI,CONFIRMED,EAN_ON_MARKET_PAGE,https://magnar-eikeland.emo.no/web/ePortal/ctrl?action=showiteminfo&itemNo=170806
NO,★★★★★,EEA_NON_EU,DEXTROSE,30,PI-ING-000494,DEX-GTIN-05709286720064,WYMAGA_ETYKIETY,LABEL_EVIDENCE_MISSING,label/composition evidence missing — current label (ingredients + nutrition per 100 g/ml),Urtegaarden Druesukker 500 g,Urtegaarden,500 g,5709286720064,Duńska karta tego samego produktu Urtegaarden 500 g opisuje dextrose monohydrat; tożsamość produktu w kraju sprzedaży powiązana przez EAN 5709286720064.,Postać monohydrat; NIP i model aktywności osobno,0,"PI-ING-000494 uzupełnia: tłuszcz=0; nasycone=0; białko=0; błonnik=0 /100g. To oszacowanie, nie deklaracja etykiety. MODEL PI: 90,9g aktywnej dekstrozy +9,1g wody/100g; nie jest pomiarem partii. Czystość suchej masy i zaokrąglone cukry NIP nie zastępują CoA. Sprzedaż lokalna. Dane uzupełniające z Danii dotyczą identycznego produktu powiązanego EAN; aktualną etykietę partii należy sprawdzić przy zakupie.",Zastępuje Sanivo Druesukker 650 g z przestarzałym oznaczeniem dostawcy. EAN 7038312167704 z ODT nie został potwierdzony.,AUTO PO AKCEPTACJI,CONFIRMED,EAN_ON_MARKET_PAGE,https://www.med24.no/matvarer/soetstoff/druesukker/urtegaarden-druesukker-500-g
NO,★★★★★,EEA_NON_EU,TARA,3,PI-ING-000492,TARA-GTIN-04251510635756,WYMAGA_ETYKIETY,LABEL_EVIDENCE_MISSING,label/composition evidence missing — current label (ingredients + nutrition per 100 g/ml),Tarakernmehl / Tara gum 100 g,Buxtrade,"100 g, zamykana torebka",4251510635756,"IMPORT; Zweryfikowano 08.09.2026. SKU i EAN dla wariantu 100 g z danych strukturalnych producenta; EAN tej samej masy potwierdza Shop-Apotheke AT. W RAW zachowano dokładnie tabelę producenta na 100 g. BŁĄD ŹRÓDŁA: 86,63 g węglowodanów przy 0 g błonnika i 185,09 kcal nie tworzy zgodnej deklaracji; także 742,93 kJ i 185,09 kcal są niespójne. Konwencja CHO pozostaje UNKNOWN. Nie przenosić automatycznie kcal/CHO/błonnika do obliczeń; brak podstaw do samodzielnego przepisania 86,63 g na błonnik. Norwegia ma oddzielny cennik, a FAQ wymienia ją wprost mimo pominięcia w liście otwierającej politykę.",SPRZECZNE ŹRÓDŁO: energia została jawnie zastąpiona PI.,0,"ESTIMATED z PI-ING-000492: kcal=180; węglowodany dostępne=1.5; błonnik=86.5 /100 g. To model, nie etykieta produktu. Aktywność względna=1 wyłącznie MODEL PI, nie oznaczenie handlowej partii. Dawka odniesienia 3 g/1000 g (0,3%) bez automatycznego skalowania. Lepkość ani 100% składnika nie oznaczają 100% galaktomannanu. Woda 9,5 g/100 g: ESTIMATED z PI; brak oznaczenia produktu. Produkt 100 g na stanie w Niemczech. FAQ wprost potwierdza wysyłkę do Norwegii; cennik: do 1 kg 18,99 EUR, ogólny termin zagraniczny 5–7 dni roboczych. Warunki/stan należy sprawdzić przy zamówieniu.","Usunięto niepotwierdzone użycie kodu Sosa 700 g dla opakowań 100/500 g i ogólne zapewnienie bezpieczeństwa dla alergików z materiału wejściowego. Lokalna alternatywa Sosa700g w Gastronaut istnieje, ale specyfikacja Sosa dopuszcza standaryzację cukrami; wybrano surowiec z potwierdzonym składem bielma bez takich dodatków.",AUTO PO AKCEPTACJI,LEAD,EAN_ON_FOREIGN_MARKET_PAGE,https://buxtrade.de/products/tarakernmehl
NZ,★★★★★,ANZ,MILK,672,PI-ING-000236,MILK-GTIN-94152210,KANDYDAT_PR,VERIFY_CANDIDATE,"EAN printed on a page serving this market + label facts (ingredients, nutrition) from manufacturer/retailer",Anchor Blue Milk 2 L,Anchor,2 L,94152210,"Oficjalny nowozelandzki profil Anchor Blue na 100 ml; krajowe oferty 2 L podają EAN-8 94152210. EAN-8 jest prawidłowym formatem GTIN i nie wymaga sztucznego wydłużenia. Sód 40 mg/100 ml daje 0,1 g soli.",WŁASNY PROFIL PR — przeliczenie z rzeczywistej etykiety,-0.10000000000000009,Dane kompletne. Końcowy PR poza Mapperem według istniejącej konwencji.,"Ogólny kandydat importowany zastąpiony lokalnym Anchor Blue 2 L 3,4% z pełną dokumentacją.",AUTO PO AKCEPTACJI,CONFIRMED,EAN_ON_MARKET_PAGE,https://thegroceryhub.co.nz/products/anchor-blue-full-cream-milk-2l/
NZ,★★★★★,ANZ,CREAM,130,PI-ING-000180,CREAM-GTIN-94150803,KANDYDAT_PR,VERIFY_CANDIDATE,"EAN printed on a page serving this market + label facts (ingredients, nutrition) from manufacturer/retailer",Anchor Long Life Dessert Cream Original,Anchor,250 ml,94150803,"Anchor NZ official exact 250 ml Original Longlife page provides full nutrition per 100 ml, ingredients and milk allergen. Woolworths NZ repeats the same exact profile and lists local sale. The Warehouse case of 24 × 250 ml gives single-unit Item No / EAN-8 94150803.",WŁASNY PROFIL PR — rzeczywista etykieta,5.899999999999999,Dane kompletne. Końcowy PR poza Mapperem według istniejącej konwencji.,"Select Original Longlife, not Lite or the different fresh cream profile. Fat 35.9 is declared actual, no separate nominal percent published. Sodium 27 mg × 2.5 / 1000 = 0.0675 g salt.",AUTO PO AKCEPTACJI,LEAD,MARKET_PAGE_WITHOUT_EAN,https://www.anchordairy.com/nz/en/products/cream-custard/anchor-longlife-dessert-cream-250ml.html
NZ,★★★★★,ANZ,SMP,35,PI-ING-000270,SMP-GTIN-09300633765712,KANDYDAT_PR,VERIFY_CANDIDATE,"EAN printed on a page serving this market + label facts (ingredients, nutrition) from manufacturer/retailer",Woolworths Milk Skim Powder,Woolworths,1 kg,9300633765712,"Woolworths NZ: 1 kg,  produkt Nowej Zelandii,  100% dried skimmed milk. Fotografia frontu deklaruje wydajność 10 litrów z 1 kg,  czyli 25 g proszku na porcję 250 ml. Tabela porcji 250 ml: 380 kJ,  białko 8,2 g,  tłuszcz 0,2 g,  NKT 0,2 g,  węglowodany i cukry po 13,6 g,  sód 98 mg. Przeliczono ×4. GTIN 9300633765712 odczytany z danych strukturalnych strony lokalnego detalisty.",Własny profil SMP — Engine przelicza rzeczywiste dane i jawne estymacje,0,"błonnik: PI-ING-000270 (0 /100 g). Makra obliczone z tabeli odtworzonego mleka i potwierdzonej fotograficznie wydajności 1 kg → 10 litrów. Porcja 25 g wyprowadzona z tej wydajności,  nie podana osobno w instrukcji. NKT = tłuszcz wskutek zaokrąglenia porcji. GTIN potwierdzony w danych strukturalnych lokalnego detalisty.",GTIN użytkownika 9300633765712 potwierdzony bezpośrednio w znaczniku Product JSON-LD (gtin13) strony Woolworths NZ dla SKU 789358. Makra przeliczono na suchy proszek z wydajności 1 kg → 10 litrów.,AUTO PO AKCEPTACJI,LEAD,PAGE_WITHOUT_EAN,https://assets.woolworths.com.au/images/2010/789358_1.jpg?impolicy=wowb2bgpkhx
NZ,★★★★★,ANZ,DEXTROSE,30,PI-ING-000494,DEX-GTIN-09317127061786,KANDYDAT_PR,VERIFY_CANDIDATE,"EAN printed on a page serving this market + label facts (ingredients, nutrition) from manufacturer/retailer",Lotus Glucose Powder (Dextrose) 500g,Lotus,500 g,9317127061786,Oficjalny skład Kadac: Dextrose Monohydrate (Glucose) 100%.,Postać monohydrat; NIP i model aktywności osobno,0,"Całe8pól z etykiety/TDS. MODEL PI: 90,9g aktywnej dekstrozy +9,1g wody/100g; nie jest pomiarem partii. Czystość suchej masy i zaokrąglone cukry NIP nie zastępują CoA. NIP źródeł jest sprzeczna: zdjęcie500g podaje97g węglowodanów/90g cukrów i1630kJ; WholesomeMarket91,5g/91,5g i1531(jednostka pominięta). Zachowano odczyt etykiety, bez uznawania97g za aktywną dekstrozę. Monohydrat potwierdzony składem; przed ostateczną formulacją potwierdzić aktualny NIP i COA.",Kod 500 g potwierdzony. 1 kg posiada odrębny EAN 9317127003663; nie mieszać wariantów.,AUTO PO AKCEPTACJI,LEAD,EAN_ON_FOREIGN_MARKET_PAGE,https://www.kadac.com.au/browser/product.php?sku=6178
NZ,★★★★★,ANZ,TARA,3,PI-ING-000492,TARA-GTIN-08055728540170,KANDYDAT_PR,VERIFY_CANDIDATE,"EAN printed on a page serving this market + label facts (ingredients, nutrition) from manufacturer/retailer",Tara Gum 50gr. / Gomma di Tara E417,SaporePuro,50 g,8055728540170,"IMPORT; TDS rev. 17/07/2026, pages 1–2 food identity/allergens/origin, p10 nutrition and physical data, pp11–12 allergen matrix. Manufacturer public product JSON maps 50gr variant 48245876949339 to SPGT50 and barcode 8055728540170. Distributor lists 50g and Add to cart. TDS values are product-wide specifications, not a lot COA.","Energia źródła, jeśli dostępna; brakujące pola z PI. Nie narzucano zgodności różnych konwencji znakowania.",0,"Wszystkie 8 pól z etykiety/TDS lub jawnego przeliczenia porcji/sodu/błonnika. Aktywność względna=1 wyłącznie MODEL PI, nie oznaczenie handlowej partii. Dawka odniesienia 3 g/1000 g (0,3%) bez automatycznego skalowania. Lepkość ani 100% składnika nie oznaczają 100% galaktomannanu. Woda z TDS: 7 g/100 g; TDS moisture 7%, no inequality printed. IMPORT from Hong Kong; New Zealand explicitly listed in international tariff table. Final order freight/import clearance pending.",The Sourcery lead is sold out and product description now focuses on cosmetic formulation; general E417 mention does not establish its supplied grade as food-grade. Andean Star barcode claim not transferred. Selected separately documented food E417 SaporePuro. AKTUALIZACJA: oficjalny JSON producenta potwierdza dla 50 g SKU SPGT50 i EAN 8055728540170; poprzedni brak identyfikatora zamknięty.,AUTO PO AKCEPTACJI,LEAD,EAN_ON_GENERIC_TLD_PAGE,https://saporepuro.myshopify.com/products/farina-di-semi-di-tara-gomma-di-tara-origine-peru-e417-confezionato-in-italia-1
PL,★★★★★,EU27,MILK,672,PI-ING-000236,MILK-GTIN-5900820016296,KANDYDAT_PR,VERIFY_CANDIDATE,"EAN printed on a page serving this market + label facts (ingredients, nutrition) from manufacturer/retailer","Łaciate Mleko UHT 3,5%, 200 ml",Łaciate,200 ml karton,5900820016296,Mlekpol official page explicitly associates barcode5900820016296 with200ml and3.5%. E.Leclerc Poland exact card repeatsEAN and200ml pack and declares all seven nutrients per100ml. Carrefour exact card also publishesEAN and profile; readily listed in multiple Polish supermarkets.,WŁASNY PROFIL PR — przeliczenie z rzeczywistej etykiety,0,Dane kompletne. Końcowy PR poza Mapperem według istniejącej konwencji.,Replacement pack200ml preserves3.5%target and provides exact nutritional profile. Existing1L5900820012434 is confirmed in manufacturer catalogue but its complete exact nutrition was not found; never transfer200ml declaration to old1L PR. Create a separate PR proposal for newEAN and routePL to it; oldPR-ING-007172 identity remains unchanged.,AUTO PO AKCEPTACJI,CONFIRMED,EAN_ON_MARKET_PAGE,https://mlekpol.com.pl/index.php/en/produkt/laciate-uht-milk-35-2/
PL,★★★★★,EU27,CREAM,130,PI-ING-000180,CREAM-GTIN-5900512300634,KANDYDAT_PR,VERIFY_CANDIDATE,"EAN printed on a page serving this market + label facts (ingredients, nutrition) from manufacturer/retailer",Śmietanka Polska 30% UHT 1 L,Mlekovita,1 L,5900512300634,"Oficjalna karta producenta podaje produkt1L, jednostkowy EAN5900512300634, skład oraz cały profil na100ml; odsyła do własnego polskiego sklepu Mlekovitka.",WŁASNY PROFIL PR — rzeczywista etykieta,0,Dane kompletne. Końcowy PR poza Mapperem według istniejącej konwencji.,Zachowano istniejący produkt; uzupełniono EAN i profil. Kod kartonu5900512330228 nie jest kodem jednostkowym.,AUTO PO AKCEPTACJI,CONFIRMED,EAN_ON_MARKET_PAGE,https://mlekovita.com.pl/produkt/smietanka-uht-polska-30-tluszczu-1-l-491
PL,★★★★★,EU27,SMP,35,PI-ING-000270,SMP-GTIN-05900512500546,KANDYDAT_PR,VERIFY_CANDIDATE,"EAN printed on a page serving this market + label facts (ingredients, nutrition) from manufacturer/retailer",Mleko w proszku odtłuszczone instant,Mlekovita,250 g,5900512500546,Kod kreskowy i opakowanie 250 g potwierdza Torimpex. Pełny profil suchego proszku i skład potwierdzają Divinebody oraz PolskiSklep.,Własny profil SMP — Engine przelicza rzeczywiste dane i jawne estymacje,0.44999999999999996,"błonnik: PI-ING-000270 (0 /100 g). Sklepy podają sól 1,1 lub 1,2 g; wybrano zgodną wartość 1,2 g z dwóch ofert opakowania 250 g.","Nie używać 32 kcal/100 g mleka przygotowanego. Tłuszcz 1,25% różni się od PI 0,8%.",AUTO PO AKCEPTACJI,CONFIRMED,EAN_ON_MARKET_PAGE,https://www.divinebody.pl/pl/p/Mlekovita-Mleko-w-proszku-odtluszczone-instant-250/3244
PL,★★★★★,EU27,DEXTROSE,30,PI-ING-000494,DEX-PL-PRODUCT,WYMAGA_GTIN,GTIN_MISSING,barcode not established for the chosen pack — label photo or market page printing the GTIN,Dekstroza – glukoza spożywcza jednowodna 100g,KicCake,100 g,,Nazwa i skład sprzedawcy jednoznacznie podają glukozę jednowodną.,Postać monohydrat; NIP i model aktywności osobno,0,"Całe8pól z etykiety/TDS. MODEL PI: 90,9g aktywnej dekstrozy +9,1g wody/100g; nie jest pomiarem partii. Czystość suchej masy i zaokrąglone cukry NIP nie zastępują CoA. Oferta lokalna; kod to identyfikator oferty, nie EAN.",Wybrano czysty proszek spożywczy z potwierdzonym monohydratem.,AUTO PO AKCEPTACJI,BRAK,NO_EAN_IN_V7,https://kiccake.pl/pl/products/dekstroza-glukoza-spozywcza-jednowodna-100g-kiccake-109326.html
PL,★★★★★,EU27,TARA,3,PI-ING-000492,TARA-PL-PRODUCT,WYMAGA_GTIN,GTIN_MISSING,barcode not established for the chosen pack — label photo or market page printing the GTIN,Guma Tara (E417) 130002 SEMPRE,SEMPRE,500 g black PE jar,,"LOCAL; Ingredient, nutrition per 100 g, pack and product code appear on the same product page. Declared energy is 786 kJ/185 kcal, a slightly inconsistent pair retained as printed. Sodium 6.2 mg; salt undeclared.","Energia źródła, jeśli dostępna; brakujące pola z PI. Nie narzucano zgodności różnych konwencji znakowania.",0,"Wszystkie 8 pól z etykiety/TDS lub jawnego przeliczenia porcji/sodu/błonnika. Aktywność względna=1 wyłącznie MODEL PI, nie oznaczenie handlowej partii. Dawka odniesienia 3 g/1000 g (0,3%) bez automatycznego skalowania. Lepkość ani 100% składnika nie oznaczają 100% galaktomannanu. Woda 9,5 g/100 g: ESTIMATED z PI; brak oznaczenia produktu. Polish retailer displayed 52 units in stock. InPost courier/parcel locker delivery and physical collection offered.","SEMPRE 500 g differs from Sosa 700 g. Do not transfer Sosa EAN, 86.5 g fiber or 0.8 g saturated fat. Storage relative humidity 60% is not product water content.",AUTO PO AKCEPTACJI,BRAK,NO_EAN_IN_V7,https://www.cukieteria.pl/dodatki-funkcjonalne-do-lodow/13953-op-500-g-guma-tara-e417-130002-sempre-dodatek-do-zywnosci-o-wlasciwosciach-zageszczajacych-i-stabilizujacych.html
PT,★★★★★,EU27,MILK,672,PI-ING-000236,MILK-GTIN-5601049131998,KANDYDAT_PR,VERIFY_CANDIDATE,"EAN printed on a page serving this market + label facts (ingredients, nutrition) from manufacturer/retailer",Leite Mimosa UHT Inteiro 1L,Mimosa,1 L karton UHT,5601049131998,"Auchan Portugal na jednej karcie potwierdza konsumencki EAN 5601049131998, 1L, lokalną ofertę, producenta Lactogal i kompletną deklarację 100ml: 273kJ/65kcal, fat3.6,sat2.3,carbs4.9,sugars4.9,protein3.3,salt0.1. Mimosa opisuje pełne mleko krowie UHT.",WŁASNY PROFIL PR — przeliczenie z rzeczywistej etykiety,0.10000000000000009,Dane kompletne. Końcowy PR poza Mapperem według istniejącej konwencji.,"Zamyka brak EAN przez dokładny aktualny SKU z Auchan. Do kalkulacji bierzemy faktyczne 3.6g/100ml, nie opisowe ok.3.5%.",AUTO PO AKCEPTACJI,CONFIRMED,EAN_ON_MARKET_PAGE,https://www.auchan.pt/pt/alimentacao/produtos-lacteos/leites/leite-uht/leite-mimosa-uht-inteiro-1l/11864.html
PT,★★★★★,EU27,CREAM,130,PI-ING-000180,CREAM-GTIN-5603089007370,KANDYDAT_PR,VERIFY_CANDIDATE,"EAN printed on a page serving this market + label facts (ingredients, nutrition) from manufacturer/retailer",Parmalat Nata para Bater 30% 500 ml,Parmalat,500 ml,5603089007370,"Parmalat publikuje skład, opakowanie 500 ml i komplet wartości na 100 ml. Auchan Portugal potwierdza jednostkowy EAN 5603089007370, identyczny profil, lokalną ofertę oraz pochodzenie Palmela, Portugalia.",WŁASNY PROFIL PR — rzeczywista etykieta,0,Dane kompletne. Końcowy PR poza Mapperem według istniejącej konwencji.,"Zachowano markę i wariant 30%, doprecyzowano opakowanie 500 ml oraz EAN.",AUTO PO AKCEPTACJI,CONFIRMED,EAN_ON_MARKET_PAGE,https://www.auchan.pt/pt/alimentacao/produtos-lacteos/natas-bechamel-e-chantilly/natas/nata-parmalat-para-bater-500ml/2307302.html
PT,★★★★★,EU27,SMP,35,PI-ING-000270,SMP-GTIN-03043932663704,KANDYDAT_PR,VERIFY_CANDIDATE,"EAN printed on a page serving this market + label facts (ingredients, nutrition) from manufacturer/retailer",Leite Magro em Pó,Régilait,250 g,3043932663704,"Auchan Portugal potwierdza EAN, 250 g, importera Bricer, skład i pełne siedem makr na 100 g nieprzygotowanego produktu (Não Preparado).",Własny profil SMP — Engine przelicza rzeczywiste dane i jawne estymacje,0,błonnik: PI-ING-000270 (0 /100 g).,"Wybrano dostępny lokalnie Régilait 0,8% zamiast Molico 0,7% wzbogaconego wapniem, jako bliższy odpowiednik PI.",AUTO PO AKCEPTACJI,CONFIRMED,EAN_ON_MARKET_PAGE,https://www.auchan.pt/pt/alimentacao/produtos-lacteos/leites/leite-em-po/leite-em-po-regilait-magro-250g/3717097.html
PT,★★★★★,EU27,DEXTROSE,30,PI-ING-000494,DEX-GTIN-05600985800333,KANDYDAT_PR,VERIFY_CANDIDATE,"EAN printed on a page serving this market + label facts (ingredients, nutrition) from manufacturer/retailer",Zumub Dextrose 1kg,Zumub,1 kg,5600985800333,Oficjalna karta producenta podaje Dextrosa Monohidrato w składzie.,Postać monohydrat; NIP i model aktywności osobno,0,"Całe8pól z etykiety/TDS. MODEL PI: 90,9g aktywnej dekstrozy +9,1g wody/100g; nie jest pomiarem partii. Czystość suchej masy i zaokrąglone cukry NIP nie zastępują CoA. Oferta lokalna; dostępny wariant1kg.",Niedostępny ICPP zastąpiono Zumub. Normalizacja NIP z45g do100g przez×100/45; wyniki odzwierciedlają zaokrąglenia etykiety.,AUTO PO AKCEPTACJI,CONFIRMED,EAN_ON_MARKET_PAGE,https://www.zumub.com/PT/nutri-ao-desportiva/dextrose/dextrose-1kg-p-9210
PT,★★★★★,EU27,TARA,3,PI-ING-000492,TARA-GTIN-08055728540170,KANDYDAT_PR,VERIFY_CANDIDATE,"EAN printed on a page serving this market + label facts (ingredients, nutrition) from manufacturer/retailer",SaporePuro Farina di Semi di Tara / Gomma di Tara E417,SaporePuro,50 g,8055728540170,"IMPORT; Manufacturer TDS revision 17 July 2026: pages 1–2 ingredient, origin and milk warning; page 10 nutrition per 100 g and moisture; pages 11–12 allergen matrix. Shipping policy covers the EU as a bloc, UK and Switzerland. EU shipping: 0–5 kg EUR18; free above EUR50. Individual EU countries are not enumerated.","Energia źródła, jeśli dostępna; brakujące pola z PI. Nie narzucano zgodności różnych konwencji znakowania.",0,"Wszystkie 8 pól z etykiety/TDS lub jawnego przeliczenia porcji/sodu/błonnika. Aktywność względna=1 wyłącznie MODEL PI, nie oznaczenie handlowej partii. Dawka odniesienia 3 g/1000 g (0,3%) bez automatycznego skalowania. Lepkość ani 100% składnika nie oznaczają 100% galaktomannanu. Woda z TDS: 7 g/100 g; TDS moisture 7% is a stated reference value, not a batch measurement. Storefront instead says <9.11%; source conflict retained. Selected 50 g variant available at review (348 units shown); 250 g and 1 kg also offered. Shipping policy explicitly covers the EU with an estimated 3–7 working days. Final stock and postcode acceptance require checkout.","User EAN 8052744883445 is unverified. Do not confuse this sole-ingredient E417 gum with SaporePuro Neutro containing maltodextrin, tara and guar. Prefer current TDS over differing storefront moisture and viscosity data. Ferrer confirms Tara E417 B2B availability in Portugal, but exact pack and NIP are unpublished. Selected documented retail import. AKTUALIZACJA: oficjalny JSON producenta potwierdza dla 50 g SKU SPGT50 i EAN 8055728540170; poprzedni brak identyfikatora zamknięty.",AUTO PO AKCEPTACJI,LEAD,EAN_ON_GENERIC_TLD_PAGE,https://saporepuro.com/products/farina-di-semi-di-tara-gomma-di-tara-origine-peru-e417-confezionato-in-italia-1
US,★★★★★,UNITED_STATES,MILK,672,PI-ING-000236,MILK-GTIN-0093966513004,KANDYDAT_PR,VERIFY_CANDIDATE,"EAN printed on a page serving this market + label facts (ingredients, nutrition) from manufacturer/retailer",Organic Valley Whole Milk Half Gallon,Organic Valley,"64 fl oz / 1,89 L",0093966513004,"Jedna karta amerykańskiego detalisty łączy GTIN-14 00093966513004, half gallon i pełną tabelę porcji 240 ml: 150 kcal; tłuszcz 8 g; nasycone 5 g; węglowodany 12 g; cukry 11 g; białko 8 g; błonnik 0 g; sód 120 mg. UPC-A i EAN-13 są równoważnymi zapisami tego samego GTIN.",WŁASNY PROFIL PR — przeliczenie z rzeczywistej etykiety,-0.16666666666666652,Dane kompletne. Końcowy PR poza Mapperem według istniejącej konwencji.,Zastosowano udokumentowane lokalne mleko pełne. Nie użyto innego kodu 093966000917 z ogólnej karty producenta. Zaokrąglone wartości etykiety przeliczono z 240 ml.,AUTO PO AKCEPTACJI,LEAD,SOURCE_NOT_READABLE,https://www.priceritemarketplace.com/sm/planning/rsid/377/product/organic-valley-whole-milk-half-gallon-id-00093966513004
US,★★★★★,UNITED_STATES,CREAM,130,PI-ING-000180,CREAM-GTIN-092825922230,KANDYDAT_PR,VERIFY_CANDIDATE,"EAN printed on a page serving this market + label facts (ingredients, nutrition) from manufacturer/retailer","Brookshire’s Whipping Cream Ultra-Pasteurized, minimum36% milkfat",Brookshire’s,1 pint (473ml),092825922230,"FRESH by Brookshire’s dokładna karta produktu potwierdzaEAN092825922230,1pint,pełne wartości oraz lokalną sprzedaż3.59USD. Własna platforma dostaw Brookshire’s publikuje fizyczne zdjęcia tego różowego opakowania: front473ml, panel32porcje po1Tbsp15ml, pełne7wartości zgodne z FRESH. Zdjęcie składu jawnie MINIMUM36%MILKFAT.",WŁASNY PROFIL PR — rzeczywista etykieta,3.3333333333333357,Dane kompletne. Końcowy PR poza Mapperem według istniejącej konwencji.,"Stary tytuł platformy dostaw30% jest sprzeczny z fizyczną etykietą36%; przyjęto36%. Zmieniono opakowaniez1quartna1pint z udokumentowaną porcją15ml i lokalnymEAN. Zera są deklarowanymi zaokrągleniami na15ml, a nie analitycznym brakiem laktozy/białka. Per100ml przelicza się wyłącznie wartości drukowane;5g/15ml daje33.333g/100ml i nie zastępuje nominalnych min36%. Kandydatpełny36%, lecz jestdalejodcelu30% niż Darigold30% z ograniczeniem<1gcarbs.",AUTO PO AKCEPTACJI,LEAD,PAGE_WITHOUT_EAN,https://delivery.brookshires.com/store/brookshires/products/18635421-brookshire-s-whipping-cream-ultra-pasteurized-30-milkfat-16-oz
US,★★★★★,UNITED_STATES,SMP,35,PI-ING-000270,SMP-BRM-11520,KANDYDAT_PR,VERIFY_CANDIDATE,"EAN printed on a page serving this market + label facts (ingredients, nutrition) from manufacturer/retailer",Bob's Red Mill Nonfat Dry Milk Powder,Bob's Red Mill,22 oz / 624 g,039978115201,"Producent i Swanson publikują etykietę porcji 24 g. Vitacost potwierdza UPC, 624 g i ofertę.",Własny profil SMP — Engine przelicza rzeczywiste dane i jawne estymacje,-0.8,Wszystkie pola pochodzą z etykiety; przeliczenie masy porcji i sodu nie jest estymacją. Etykieta deklaruje 1 g błonnika na 24 g mimo składu nonfat dry milk; zachowano deklarację producenta. Zera etykietowe są zaokrąglone.,Starsza tabela 20 g nie została połączona z obecną 24 g.,AUTO PO AKCEPTACJI,LEAD,EAN_ON_GENERIC_TLD_PAGE,https://www.vitacost.com/products/bob-s-red-mill-milk-powder-nonfat-dry-22-oz-624-g-97753
US,★★★★★,UNITED_STATES,DEXTROSE,30,PI-ING-000494,DEX-US-BREWMASTER-AD310,WYMAGA_ETYKIETY,LABEL_EVIDENCE_MISSING,label/composition evidence missing — current label (ingredients + nutrition per 100 g/ml),Brewmaster Corn Sugar / Dextrose Monohydrate,Brewmaster,"1 lb / 453,6 g",843200100039,Monohydrat wskazany w nazwie i opisie oferty spożywczej.,Postać monohydrat; NIP i model aktywności osobno,0,"PI-ING-000494 uzupełnia: kcal=364; tłuszcz=0; nasycone=0; węglowodany=90.9; cukry=90.9; białko=0; sól=0; błonnik=0 /100g. To oszacowanie, nie deklaracja etykiety. MODEL PI: 90,9g aktywnej dekstrozy +9,1g wody/100g; nie jest pomiarem partii. Czystość suchej masy i zaokrąglone cukry NIP nie zastępują CoA. Oferta katalogowa; aktualny zapas i warunki dostawy przy zamówieniu.","Zachowano tożsamość AD310; wcześniejsze 364kcal/90,9g nie były etykietą produktu i pozostają oznaczone jako PI.",AUTO PO AKCEPTACJI,LEAD,EAN_ON_GENERIC_TLD_PAGE,https://morebeer.com/products/corn-sugar
US,★★★★★,UNITED_STATES,TARA,3,PI-ING-000492,TARA-MP-1508-50,HOLD_US,HELD_IN_V7,held by the v7 author — see v7 message,Tara Gum — Home 50g,Modernist Pantry,50 g,819543011967,"LOCAL; Etykieta 50 g producenta potwierdza UPC i wszystkie dane NIP na 100 g: 360 kcal, tłuszcz 1 g, NKT 0 g, total carbohydrate 85 g, fiber 85 g, cukry 0 g, białko 2 g, sód 0 mg. Lokalna oferta producenta 50 g. Zachowano istniejący HOLD_US z arkusza QA; podstawa prawna użycia konkretnego produktu nie została zamknięta.",ENERGIA DO WYJAŚNIENIA: etykieta 360 kcal/100 g; available carbs 0 g po odjęciu błonnika. Zachowano deklarowaną energię; przeliczenie 9/4/4/2 daje 187 kcal. Różna konwencja energii błonnika — nie używać do automatycznego znakowania UE.,0,"Wszystkie 8 pól z etykiety/TDS lub jawnego przeliczenia porcji/sodu/błonnika. Aktywność względna=1 wyłącznie MODEL PI, nie oznaczenie handlowej partii. Dawka odniesienia 3 g/1000 g (0,3%) bez automatycznego skalowania. Lepkość ani 100% składnika nie oznaczają 100% galaktomannanu. Woda 9,5 g/100 g: ESTIMATED z PI; brak oznaczenia produktu. Lokalna oferta producenta 50 g. Zachowano istniejący HOLD_US z arkusza QA; podstawa prawna użycia konkretnego produktu nie została zamknięta.","Rzeczywisty UPC 50 g z etykiety producenta. Węglowodany 85 g obejmują błonnik 85 g; dostępne wynoszą 0 g. Energia 360 kcal zachowana z etykiety, z jawną uwagą o konwencji energii; nie przeliczono jej po cichu. Kategoria gumy guar w marketplace nie zmienia składnika wskazanego na etykiecie. Memo FDA z 10.04.2024 rozróżnia tara flour od gumy tara z endospermu. Dotyczy mąki, nie jest dowodem zakazu całej kategorii gumy. Dotychczasowy HOLD w pliku pozostaje otwarty.",AUTO PO AKCEPTACJI,LEAD,EAN_ON_GENERIC_TLD_PAGE,https://modernistpantry.com/products/tara-gum.html
CH,★★★★★,SWITZERLAND,MILK,672,PI-ING-000236,MILK-GTIN-7610900041589,KANDYDAT_PR,VERIFY_CANDIDATE,"EAN printed on a page serving this market + label facts (ingredients, nutrition) from manufacturer/retailer",Prima Vollmilch UHT 3.5% 1L Tetra Base,Prima,1 L Tetra Base; jednostka konsumencka w zgrzewce 12 x 1 L,7610900041589,"Oficjalny PDF Emmi ma wprost GTIN Konsumenteneinheit 7610900041589 (oddzielny GTIN zgrzewki 7610900041596), Szwajcarię jako pochodzenie, 12 jednostek po 1L oraz deklarację 100ml 270kJ/65kcal,fat3.6,sat2.2,carbs/sugars4.9,protein3.2,salt0.1. Bieżąca karta Emmi potwierdza tę samą recepturę, Ofrex.ch lokalną sprzedaż jednostki 1L i EAN.",WŁASNY PROFIL PR — przeliczenie z rzeczywistej etykiety,0.10000000000000009,Dane kompletne. Końcowy PR poza Mapperem według istniejącej konwencji.,Zamiennik za niejednoznaczne Coop/Migros: dokładny szwajcarski SKU Prima/Emmi. Nie używać GTIN zgrzewki jako EAN 1L.,AUTO PO AKCEPTACJI,CONFIRMED,EAN_ON_MARKET_PAGE,https://ofrex.ch/products/1647201013
CH,★★★★★,SWITZERLAND,CREAM,130,PI-ING-000180,CREAM-GTIN-7613269880585,KANDYDAT_PR,VERIFY_CANDIDATE,"EAN printed on a page serving this market + label facts (ingredients, nutrition) from manufacturer/retailer",Valflora Vollrahm UHT 35% 250 ml,Valflora,250 ml,7613269880585,"Official Migros/Migipedia article204111300000 is250ml35% liquidcream; indexed official productinformation lists unitGTIN7613269880585 (also legacyEAN8 76102653), full7per100ml, ingredients and Swissness/IP-Suisse. Numericdata verified using targeted official-page searches because directfetch403. Local Migros productoffer2.10CHF250ml.",WŁASNY PROFIL PR — rzeczywista etykieta,5,Dane kompletne. Końcowy PR poza Mapperem według istniejącej konwencji.,Replaces unsupported Oldenburger30 and rejects Coop250ml candidate whose present onlinecard says0.9g salt and unavailable. Selected complete coherent Valflora35 profile. No averaging from otherpacks.,AUTO PO AKCEPTACJI,LEAD,SOURCE_NOT_READABLE,https://migipedia.migros.ch/de/valflora-vollrahm-35-milchfett-uht-204111300000?community=details
CH,★★★★★,SWITZERLAND,SMP,35,PI-ING-000270,SMP-CH-SKU,WYMAGA_GTIN,GTIN_MISSING,barcode not established for the chosen pack — label photo or market page printing the GTIN,Coop Magermilchpulver 350 g,Coop,350 g,,"Oficjalna karta Coop:350g,100g proszku i porcja25g (14porcji/paczka),100% SMP,CH2409,Szwajcaria. Zewnętrzna baza MyRealFood łączy kandydat7610800996958 z nazwą Coop lait écrémé en poudre i zgodnymi makrami, ale nie zweryfikowano GTIN na stronie Coop ani zdjęciu etykiety; pozostawiono null.",Własny profil SMP — Engine przelicza rzeczywiste dane i jawne estymacje,0,"Wszystkie pola pochodzą z etykiety; przeliczenie masy porcji i sodu nie jest estymacją. Pełne makra potwierdzone; EAN wymaga potwierdzenia, obecnie dostępny SKU3080756. Brak GTIN; użyto identyfikatora SKU/TDS.",EAN7610800996958 z ODT nie został potwierdzony; nie użyto tabeli Rapilait dla mleka przygotowanego.,AUTO PO AKCEPTACJI,BRAK,NO_EAN_IN_V7,https://www.coop.ch/de/lebensmittel/milchprodukte-eier/milch/spezialmilch/magermilchpulver/p/3080756
CH,★★★★★,SWITZERLAND,DEXTROSE,30,PI-ING-000494,DEX-GTIN-07640153565938,KANDYDAT_PR,VERIFY_CANDIDATE,"EAN printed on a page serving this market + label facts (ingredients, nutrition) from manufacturer/retailer",Dextrose Pulver Neutral 1000 g,Lee-Sport®,1000 g,7640153565938,"Oficjalna karta1000gNeutral:100%Dextrose-Monohydrat(Europa), brakdodatków. Tabela pro100g. Oficjalny publiczny endpointproduktu.js wiąże SKUDEXT-PULV-1000 zbarcode7640153565938 i available:true.",Postać monohydrat; NIP i model aktywności osobno,0,"PI-ING-000494 uzupełnia: błonnik=0 /100g. To oszacowanie, nie deklaracja etykiety. MODEL PI: 90,9g aktywnej dekstrozy +9,1g wody/100g; nie jest pomiarem partii. Czystość suchej masy i zaokrąglone cukry NIP nie zastępują CoA. Producent deklaruje dostępność i dostawę w 1 dzień roboczy.",Zastąpiono tabletkiDextroEnergyClassic zODT czystym monohydratemLee-Sport. Alternatywa miniSchoggi300g miała brakstanu i sprzeczną macierzalergenów.,AUTO PO AKCEPTACJI,CONFIRMED,EAN_ON_MARKET_PAGE,https://whey-protein.ch/products/dextrose-pulver
CH,★★★★★,SWITZERLAND,TARA,3,PI-ING-000492,TARA-GTIN-08055728540170,KANDYDAT_PR,VERIFY_CANDIDATE,"EAN printed on a page serving this market + label facts (ingredients, nutrition) from manufacturer/retailer",SaporePuro Farina di Semi di Tara / Gomma di Tara E417,SaporePuro,50 g,8055728540170,"IMPORT; Zweryfikowano08.09.2026. TDS producenta rew.17.07.2026: skład/pochodzenie/alergeny na s.1–2; wartości odżywcze na100g i wilgotność na s.10; matryca alergenów na s.11–12. Pełne wartości odżywcze z jednej aktualnej TDS. Dostępność kraju oparta na jawnej polityce dostaw UE/UK/CH, nie na samej domenie ani ogólnym zasięgu marki.","Energia źródła, jeśli dostępna; brakujące pola z PI. Nie narzucano zgodności różnych konwencji znakowania.",0,"Wszystkie 8 pól z etykiety/TDS lub jawnego przeliczenia porcji/sodu/błonnika. Aktywność względna=1 wyłącznie MODEL PI, nie oznaczenie handlowej partii. Dawka odniesienia 3 g/1000 g (0,3%) bez automatycznego skalowania. Lepkość ani 100% składnika nie oznaczają 100% galaktomannanu. Woda z TDS: 7 g/100 g; W TDS wilgotność7% jako wartość referencyjna, nie pomiar partii; strona sklepu podaje<9,11%, co pozostaje odnotowaną rozbieżnością źródeł. IMPORT z Włoch. Wybrany wariant 50 g dostępny w sklepie producenta; polityka dostaw wprost wymienia Szwajcarię:15CHF poniżej100CHF, orientacyjnie7–15dni roboczych poza UE, dostawa DAP; opłaty importowe po stronie odbiorcy. Zapas i adres potwierdzić w checkout.",Wybrano jednoskładnikowy produkt z TDS; nie mieszać z SaporePuro Neutro zawierającym maltodekstrynę/tarę/guar. Nie przypisano kodu Sosa700g ani niepotwierdzonego kodu8052744883445 do SaporePuro50g. TDS ma pierwszeństwo przed rozbieżnymi danymi wilgotności/lepkości na stronie sklepu. Wzmianka o Golden Peanut250g/EAN4260331024342 z materiału wejściowego nie miała potwierdzonego źródła tożsamości/dostawy; nie została przyjęta. AKTUALIZACJA: oficjalny JSON producenta potwierdza dla 50 g SKU SPGT50 i EAN 8055728540170; poprzedni brak identyfikatora zamknięty.,AUTO PO AKCEPTACJI,LEAD,EAN_ON_GENERIC_TLD_PAGE,https://saporepuro.com/products/farina-di-semi-di-tara-gomma-di-tara-origine-peru-e417-confezionato-in-italia-1
SE,★★★★★,EU27,MILK,672,PI-ING-000236,MILK-GTIN-5709310050303,KANDYDAT_PR,VERIFY_CANDIDATE,"EAN printed on a page serving this market + label facts (ingredients, nutrition) from manufacturer/retailer","Arla Sødmælk / Mjölk 3,5% UHT 1 L",Arla,1 L carton with screw cap,5709310050303,"Chefs Culinar Sverige: szwedzka karta nr34231043, Arla3.5%UHT1L, GTIN5709310050303 oraz pełny profil zgodny z kartą producentaGS1. Ta identyczna jednostka jest sprzedawana wSE jako import zDK; nie jest to deklaracja produkcji szwedzkiej.",WŁASNY PROFIL PR — przeliczenie z rzeczywistej etykiety,0,Dane kompletne. Końcowy PR poza Mapperem według istniejącej konwencji.,"Znaleziono dokładne3.5% w lokalnej dystrybucji gastronomicznej, więc nie potrzeba zastępować go szwedzkim standardowym3.0%. Ten samEAN co wDK jest prawidłowy dla identycznego importowanego SKU.",AUTO PO AKCEPTACJI,CONFIRMED,EAN_ON_MARKET_PAGE,https://www.chefsculinar.se/sv-se/mat-and-dryck/mejeri-and-gg/mj-lk/mj-lk-3-5-uht-1l-34231043
SE,★★★★★,EU27,CREAM,130,PI-ING-000180,CREAM-GTIN-7311043021192,KANDYDAT_PR,VERIFY_CANDIDATE,"EAN printed on a page serving this market + label facts (ingredients, nutrition) from manufacturer/retailer",DairyFood Grädde Lång Hållbarhet 30% 2.5 dl,DairyFood,250 ml,7311043021192,"Delitea Swedish retailer exactEAN7311043021192,250ml,30%, ingredients and full7 per100ml; in stock at review. Production country not stated; not inferred from barcode.",WŁASNY PROFIL PR — rzeczywista etykieta,0,Dane kompletne. Końcowy PR poza Mapperem według istniejącej konwencji.,Retains exact legacy DairyFood30; fills complete label.,AUTO PO AKCEPTACJI,CONFIRMED,EAN_ON_MARKET_PAGE,https://www.delitea.se/dairy-food-gradde-lang-hallbarhet-30-25dl
SE,★★★★★,EU27,SMP,35,PI-ING-000270,SMP-GTIN-07310100318985,KANDYDAT_PR,VERIFY_CANDIDATE,"EAN printed on a page serving this market + label facts (ingredients, nutrition) from manufacturer/retailer","Semper Mjölkpulver till bak, mat och dryck 480 g",Semper,480 g,7310100318985,"Dabas (dane dostawcy Semper) rozróżnia Ej tillagad100gr:360kcal,1fat,51carb,36protein od Tillagad100ml. Mathem uzupełnia sat0,7,sugars50,salt1,1. GTIN bazowy07310100318985=EAN13 7310100318985.",Własny profil SMP — Engine przelicza rzeczywiste dane i jawne estymacje,0.19999999999999996,błonnik: PI-ING-000270 (0 /100 g).,"0,1% dotyczy mleka po odtworzeniu; suchy proszek zawiera1% tłuszczu.",AUTO PO AKCEPTACJI,CONFIRMED,EAN_ON_MARKET_PAGE,https://www.martinservera.se/produkter/633057/torrmjolk-fettfri-480g
SE,★★★★★,EU27,DEXTROSE,30,PI-ING-000494,DEX-GTIN-05709286720064,WYMAGA_ETYKIETY,LABEL_EVIDENCE_MISSING,label/composition evidence missing — current label (ingredients + nutrition per 100 g/ml),Urtegaarden Druvsocker 500 g,Urtegaarden,500 g,5709286720064,Duńska karta tego samego produktu Urtegaarden 500 g opisuje dextrose monohydrat; tożsamość produktu w kraju sprzedaży powiązana przez EAN 5709286720064.,Postać monohydrat; NIP i model aktywności osobno,0,"PI-ING-000494 uzupełnia: tłuszcz=0; nasycone=0; białko=0; błonnik=0 /100g. To oszacowanie, nie deklaracja etykiety. MODEL PI: 90,9g aktywnej dekstrozy +9,1g wody/100g; nie jest pomiarem partii. Czystość suchej masy i zaokrąglone cukry NIP nie zastępują CoA. Sprzedaż lokalna. Dane uzupełniające z Danii dotyczą identycznego produktu powiązanego EAN; aktualną etykietę partii należy sprawdzić przy zakupie.",Wybrano stały produkt z EAN zamiast worka Bryggsocker 25 kg o zmiennej marce.,AUTO PO AKCEPTACJI,CONFIRMED,EAN_ON_MARKET_PAGE,https://www.med24.se/matvaror/socker-sirap-honung/druvsocker/urtegaarden-druvsocker-500-g
SE,★★★★★,EU27,TARA,3,PI-ING-000492,TARA-GTIN-08055728540170,KANDYDAT_PR,VERIFY_CANDIDATE,"EAN printed on a page serving this market + label facts (ingredients, nutrition) from manufacturer/retailer",SaporePuro Farina di Semi di Tara / Gomma di Tara E417,SaporePuro,50 g,8055728540170,"IMPORT; Zweryfikowano08.09.2026. TDS producenta rew.17.07.2026: skład/pochodzenie/alergeny na s.1–2; wartości odżywcze na100g i wilgotność na s.10; matryca alergenów na s.11–12. Pełne wartości odżywcze z jednej aktualnej TDS. Dostępność kraju oparta na jawnej polityce dostaw UE/UK/CH, nie na samej domenie ani ogólnym zasięgu marki.","Energia źródła, jeśli dostępna; brakujące pola z PI. Nie narzucano zgodności różnych konwencji znakowania.",0,"Wszystkie 8 pól z etykiety/TDS lub jawnego przeliczenia porcji/sodu/błonnika. Aktywność względna=1 wyłącznie MODEL PI, nie oznaczenie handlowej partii. Dawka odniesienia 3 g/1000 g (0,3%) bez automatycznego skalowania. Lepkość ani 100% składnika nie oznaczają 100% galaktomannanu. Woda z TDS: 7 g/100 g; W TDS wilgotność7% jako wartość referencyjna, nie pomiar partii; strona sklepu podaje<9,11%, co pozostaje odnotowaną rozbieżnością źródeł. IMPORT z Włoch. Sklep producenta oznacza wybrany wariant 50 g jako dostępny; polityka dostaw wprost obejmuje całą UE, w tym Szwecji. Orientacyjny termin 3–7 dni roboczych; warunki dla adresu i zapas potwierdzić w checkout.",Wybrano jednoskładnikowy produkt z TDS; nie mieszać z SaporePuro Neutro zawierającym maltodekstrynę/tarę/guar. Nie przypisano kodu Sosa700g ani niepotwierdzonego kodu8052744883445 do SaporePuro50g. TDS ma pierwszeństwo przed rozbieżnymi danymi wilgotności/lepkości na stronie sklepu. AKTUALIZACJA: oficjalny JSON producenta potwierdza dla 50 g SKU SPGT50 i EAN 8055728540170; poprzedni brak identyfikatora zamknięty.,AUTO PO AKCEPTACJI,LEAD,EAN_ON_GENERIC_TLD_PAGE,https://saporepuro.com/products/farina-di-semi-di-tara-gomma-di-tara-origine-peru-e417-confezionato-in-italia-1
GB,★★★★★,UNITED_KINGDOM,MILK,672,PI-ING-000236,MILK-GTIN-5000181024050,KANDYDAT_PR,VERIFY_CANDIDATE,"EAN printed on a page serving this market + label facts (ingredients, nutrition) from manufacturer/retailer",Arla Cravendale Whole Milk 2L,Arla Cravendale,"2 L butelka, świeże filtrowane mleko",5000181024050,"Oficjalna brytyjska karta Arla podaje na jednej stronie produkt 2L, EAN 5000181024050, skład Milk oraz wszystkie wartości 100G:271kJ/65kcal,fat3.6,sat2.3,carbs4.7,sugars4.7,protein3.4,salt0.1. To zwykłe mleko bez dodatków, lokalna brytyjska marka i oferta.",WŁASNY PROFIL PR — przeliczenie z rzeczywistej etykiety,0.10000000000000009,Dane kompletne. Końcowy PR poza Mapperem według istniejącej konwencji.,Wybrano dokładny gotowy produkt 2L zamiast wcześniejszego kandydata bez EAN. Filtracja nie usuwa laktozy i nie czyni produktu lactose-free.,AUTO PO AKCEPTACJI,CONFIRMED,EAN_ON_MARKET_PAGE,https://www.arlafoods.co.uk/brands/arla-cravendale/cravendale-whole-milk-2l/
GB,★★★★★,UNITED_KINGDOM,CREAM,130,PI-ING-000180,CREAM-GTIN-5900820000455,KANDYDAT_PR,VERIFY_CANDIDATE,"EAN printed on a page serving this market + label facts (ingredients, nutrition) from manufacturer/retailer",Łaciata Śmietanka UHT 30% 500 ml,Łaciata,500 ml,5900820000455,"Manufacturer explicit exactGTIN5900820000455,500ml,Polishorigin,30%. E.Leclerc exactGTIN500ml publishes complete7 per100ml and ingredients. FoodPlus UK exactnamed500ml30% retailavailability. UK TopDeli corroborates: https://topdeli.co.uk/product/smietana-uht-laciata-30-500-ml-mlekpol",WŁASNY PROFIL PR — rzeczywista etykieta,0,Dane kompletne. Końcowy PR poza Mapperem według istniejącej konwencji.,Select available Polish imported exact30% plaincream rather than unsupported Oldenburger or locally thicker cream. SameGTIN legitimately used across two markets.,AUTO PO AKCEPTACJI,CONFIRMED,EAN_ON_MARKET_PAGE,https://uk.foodplus.eu/en_GB/p/UHT-Laciata-30-Cream-500ml-Mlekpol/26418
GB,★★★★★,UNITED_KINGDOM,SMP,35,PI-ING-000270,SMP-GTIN-05060113910714,KANDYDAT_PR,VERIFY_CANDIDATE,"EAN printed on a page serving this market + label facts (ingredients, nutrition) from manufacturer/retailer",Milfresh Gold Superior Granulated Skimmed Milk 500 g,Milfresh / Aimia Foods,500 g; karton 10 × 500 g,5060113910714,"Specyfikacja Aimia Foods SUPSKIM: per 100 g as sold, komplet 7 makro. Erudus, wersja 2.0 przegląd 27.06.2024, wydruk 15.07.2026: EAN pojedynczej paczki 5060113910714 i masa 500 g; outer case 05060113910738 dotyczy 10 × 500 g. Wszystkie 7 makro identyczne z kartą Aimia; błonnik w Erudus <0,5 g pozostawiono nieoznaczony liczbowo, mimo że Brakes zaokrągla do 0,5 g. Nasycone 0,5 g w tabeli szczegółowej Aimia i Erudus; kafelek Erudus <0,5 nie jest podstawą.",Własny profil SMP — Engine przelicza rzeczywiste dane i jawne estymacje,0,"błonnik: PI-ING-000270 (0 /100 g). Błonnik <0,5 g/100 g; ewentualne oszacowanie musi zachować tę granicę.","Wybrano czyste SMP o docelowym tłuszczu 0,8 g/100 g. Zastępuje wcześniej rozważany Marvel, którego tłuszcz <0,5 g nie był ścisłą liczbą. To Milfresh Gold, nie Silver (mieszanka).",AUTO PO AKCEPTACJI,CONFIRMED,EAN_ON_MARKET_PAGE,https://www.templemanrv.co.uk/nutrition-pdf/9501/
GB,★★★★★,UNITED_KINGDOM,DEXTROSE,30,PI-ING-000494,DEX-GB-PRODUCT,WYMAGA_ETYKIETY,LABEL_EVIDENCE_MISSING,label/composition evidence missing — current label (ingredients + nutrition per 100 g/ml),Meritose 200 Dextrose Monohydrate 25 kg,Meritose 200,25 kg,,"TDS MERITOSE200 D1200A0/000 z07.06.2023 potwierdza monohydrat i zgodność z wymaganiami żywności; wilgotność7–9%,glukoza≥99,5%/ds. To zakres produktu, nie równo9,1%wody.",Postać monohydrat; NIP i model aktywności osobno,0,"PI-ING-000494 uzupełnia: kcal=364; tłuszcz=0; nasycone=0; węglowodany=90.9; cukry=90.9; białko=0; sól=0; błonnik=0 /100g. To oszacowanie, nie deklaracja etykiety. MODEL PI: 90,9g aktywnej dekstrozy +9,1g wody/100g; nie jest pomiarem partii. Czystość suchej masy i zaokrąglone cukry NIP nie zastępują CoA. Do dokładnej korekty dawki według wilgotności potrzebny jest wynik CoA partii; TDS podaje zakres 7–9%.",,AUTO PO AKCEPTACJI,BRAK,NO_EAN_IN_V7,https://www.kentfoodsdirect.co.uk/products/dextrose-monohydrate-m200-25kg
GB,★★★★★,UNITED_KINGDOM,TARA,3,PI-ING-000492,TARA-GTIN-08055728540170,KANDYDAT_PR,VERIFY_CANDIDATE,"EAN printed on a page serving this market + label facts (ingredients, nutrition) from manufacturer/retailer",SaporePuro Farina di Semi di Tara / Gomma di Tara E417,SaporePuro,50 g,8055728540170,"IMPORT; Zweryfikowano08.09.2026. TDS producenta rew.17.07.2026: skład/pochodzenie/alergeny na s.1–2; wartości odżywcze na100g i wilgotność na s.10; matryca alergenów na s.11–12. Pełne wartości odżywcze z jednej aktualnej TDS. Dostępność kraju oparta na jawnej polityce dostaw UE/UK/CH, nie na samej domenie ani ogólnym zasięgu marki. Lokalna alternatywa B2B Unifect Organic Tara Gum Food Grade25kg jest konkretnym produktem spożywczym, ale publiczna NIP/TDS nie została odczytana; wybrano mniejsze opakowanie z pełną TDS.","Energia źródła, jeśli dostępna; brakujące pola z PI. Nie narzucano zgodności różnych konwencji znakowania.",0,"Wszystkie 8 pól z etykiety/TDS lub jawnego przeliczenia porcji/sodu/błonnika. Aktywność względna=1 wyłącznie MODEL PI, nie oznaczenie handlowej partii. Dawka odniesienia 3 g/1000 g (0,3%) bez automatycznego skalowania. Lepkość ani 100% składnika nie oznaczają 100% galaktomannanu. Woda z TDS: 7 g/100 g; W TDS wilgotność7% jako wartość referencyjna, nie pomiar partii; strona sklepu podaje<9,11%, co pozostaje odnotowaną rozbieżnością źródeł. IMPORT z Włoch. Wybrany wariant 50 g dostępny w sklepie producenta; polityka dostaw wprost wymienia UK: do10kg25EUR, orientacyjnie7–15dni roboczych poza UE, dostawa DAP; opłaty importowe po stronie odbiorcy. Zapas i adres potwierdzić w checkout.",Wybrano jednoskładnikowy produkt z TDS; nie mieszać z SaporePuro Neutro zawierającym maltodekstrynę/tarę/guar. Nie przypisano kodu Sosa700g ani niepotwierdzonego kodu8052744883445 do SaporePuro50g. TDS ma pierwszeństwo przed rozbieżnymi danymi wilgotności/lepkości na stronie sklepu. AKTUALIZACJA: oficjalny JSON producenta potwierdza dla 50 g SKU SPGT50 i EAN 8055728540170; poprzedni brak identyfikatora zamknięty.,AUTO PO AKCEPTACJI,LEAD,EAN_ON_GENERIC_TLD_PAGE,https://saporepuro.com/products/farina-di-semi-di-tara-gomma-di-tara-origine-peru-e417-confezionato-in-italia-1
IT,★★★★★,EU27,MILK,672,PI-ING-000236,MILK-IT-GRANAROLO,KANDYDAT_PR,VERIFY_CANDIDATE,"EAN printed on a page serving this market + label facts (ingredients, nutrition) from manufacturer/retailer",Granarolo Latte Intero UHT,Granarolo,1 l,8002670169607,IT: bezpośredni dowód sprzedaży,WŁASNY PROFIL PR — przeliczenie z rzeczywistej etykiety,0.10000000000000009,Dane kompletne. Końcowy PR poza Mapperem według istniejącej konwencji.,,AUTO PO AKCEPTACJI,CONFIRMED,EAN_ON_MARKET_PAGE,https://www.carrefour.it/p/granarolo-latte-intero-uht-a-lunga-conservazione-1-l/8002670169607.html
IT,★★★★★,EU27,CREAM,130,PI-ING-000180,CREAM-GTIN-4034900027405,KANDYDAT_PR,VERIFY_CANDIDATE,"EAN printed on a page serving this market + label facts (ingredients, nutrition) from manufacturer/retailer",Meggle Panna non zuccherata da montare e per cucinare UHT 30% 200 ml,Meggle,200 ml,4034900027405,"Oficjalna włoska karta Meggle podaje Art2740,200ml, kod jednostkowy4034900027405 oraz pełne7pól na100g i skład. Lokalny detalista CosìComodo potwierdza to samo opakowanie i EAN.",WŁASNY PROFIL PR — rzeczywista etykieta,0,Dane kompletne. Końcowy PR poza Mapperem według istniejącej konwencji.,Zachowano istniejący produkt. Profil dotyczy standardowej śmietanki z laktozą; nie mieszać z wersją bez laktozy4036500000949. Producent deklaruje opakowanie kubekPP/foliaALU; karton zbiorczy4034900127402.,AUTO PO AKCEPTACJI,CONFIRMED,EAN_ON_MARKET_PAGE,https://www.meggle.it/i-prodotti/panna/panna-da-montare
IT,★★★★★,EU27,SMP,35,PI-ING-000270,SMP-GTIN-08004990133030,KANDYDAT_PR,VERIFY_CANDIDATE,"EAN printed on a page serving this market + label facts (ingredients, nutrition) from manufacturer/retailer",Latte scremato in polvere istantaneo,Ristora,puszka 300 g,8004990133030,"Bevande Istantanee podaje pełny profil na 100 g, skład i opakowanie 300 g. Spesa Sicura potwierdza EAN, producenta i te same makra.",Własny profil SMP — Engine przelicza rzeczywiste dane i jawne estymacje,0.3999999999999999,"błonnik: PI-ING-000270 (0 /100 g). Buonitaly ma błędny wpis kwasów nasyconych 1,2 g; trzy zgodne oferty podają 0,7 g.","Wybrano detaliczne 300 g. Nie łączono profilu worka 500 g 1,5% z puszką 300 g 1,2%.",AUTO PO AKCEPTACJI,CONFIRMED,EAN_ON_MARKET_PAGE,https://www.bevandeistantanee.it/products/latte-scremato-in-polvere-ristora
IT,★★★★★,EU27,DEXTROSE,30,PI-ING-000494,DEX-GTIN-08050246530061,KANDYDAT_PR,VERIFY_CANDIDATE,"EAN printed on a page serving this market + label facts (ingredients, nutrition) from manufacturer/retailer",Destrosio Monoidrato 1kg,Artegustando,1 kg,8050246530061,Jednoznaczna nazwa oraz skład: Destrosio monoidrato.,Postać monohydrat; NIP i model aktywności osobno,0,"Całe8pól z etykiety/TDS. MODEL PI: 90,9g aktywnej dekstrozy +9,1g wody/100g; nie jest pomiarem partii. Czystość suchej masy i zaokrąglone cukry NIP nie zastępują CoA. Dostępny w sklepie internetowym.","Sól12,5mg przeliczono na0,0125g; nie traktować tej liczby jako sodu.",AUTO PO AKCEPTACJI,LEAD,EAN_ON_GENERIC_TLD_PAGE,https://artegustando.com/products/destrosio-monoidrato
IT,★★★★★,EU27,TARA,3,PI-ING-000492,TARA-GTIN-08055728540170,KANDYDAT_PR,VERIFY_CANDIDATE,"EAN printed on a page serving this market + label facts (ingredients, nutrition) from manufacturer/retailer",SaporePuro Farina di Semi di Tara / Gomma di Tara E417,SaporePuro,50 g,8055728540170,"LOCAL; Manufacturer TDS revision 17 July 2026: pages 1–2 ingredient, origin and milk warning; page 10 nutrition per 100 g and moisture; pages 11–12 allergen matrix. Shipping policy covers the EU as a bloc, UK and Switzerland. EU shipping: 0–5 kg EUR18; free above EUR50. Individual EU countries are not enumerated.","Energia źródła, jeśli dostępna; brakujące pola z PI. Nie narzucano zgodności różnych konwencji znakowania.",0,"Wszystkie 8 pól z etykiety/TDS lub jawnego przeliczenia porcji/sodu/błonnika. Aktywność względna=1 wyłącznie MODEL PI, nie oznaczenie handlowej partii. Dawka odniesienia 3 g/1000 g (0,3%) bez automatycznego skalowania. Lepkość ani 100% składnika nie oznaczają 100% galaktomannanu. Woda z TDS: 7 g/100 g; TDS moisture 7% is a stated reference value, not a batch measurement. Storefront instead says <9.11%; source conflict retained. Italian manufacturer/packer in Turin offers the 50 g retail pack. Selected variant available at review. Italy shipping explicitly listed: 24–48 hours mainland, 48–72 hours islands/remote areas. Final stock and postcode acceptance require checkout.","User EAN 8052744883445 is unverified. Do not confuse this sole-ingredient E417 gum with SaporePuro Neutro containing maltodextrin, tara and guar. Prefer current TDS over differing storefront moisture and viscosity data. AKTUALIZACJA: oficjalny JSON producenta potwierdza dla 50 g SKU SPGT50 i EAN 8055728540170; poprzedni brak identyfikatora zamknięty.",AUTO PO AKCEPTACJI,LEAD,EAN_ON_GENERIC_TLD_PAGE,https://saporepuro.com/products/farina-di-semi-di-tara-gomma-di-tara-origine-peru-e417-confezionato-in-italia-1
DZ,★★★★,MAGHREB,MILK,672,PI-ING-000236,MILK-GTIN-6130760003592,KANDYDAT_PR,VERIFY_CANDIDATE,"EAN printed on a page serving this market + label facts (ingredients, nutrition) from manufacturer/retailer",Lait Entier Stérilisé UHT 1L,Soummam,1 L,6130760003592,"Soummam oficjalnie publikuje pełną tabelę dla LAIT UHT Entier 1L na 100 g: 237.73 kJ/56.76 kcal, tłuszcz 2.8, nasycone 1.74, węglowodany/cukry 4.89, białko 3, sól 0.1. Katalog GS1 Algeria Mantooj w indeksowanym rekordzie produktu 13821 podaje GTIN 6130760003592, LAITERIE SOUMMAM oraz rynek docelowy Algérie. Taibaoline potwierdza algierską ofertę 1 L (w chwili odczytu brak zapasu).",WŁASNY PROFIL PR — przeliczenie z rzeczywistej etykiety,-0.7000000000000002,Dane kompletne. Końcowy PR poza Mapperem według istniejącej konwencji.,"Wybrano lokalne Soummam 2.8% zamiast niepotwierdzonego importu Président. Podstawa producenta 100 g, nie przeliczano z innego produktu. Błonnik nie deklarowany.",AUTO PO AKCEPTACJI,CONFIRMED,EAN_ON_MARKET_PAGE,https://www.taibaoline.com/product/soummam-lait-entier-1-litre/
DZ,★★★★,MAGHREB,CREAM,130,PI-ING-000180,CREAM-GTIN-3412290032215,KANDYDAT_WARUNKOWY,CONDITIONAL_CANDIDATE,conditional — see v7 activation condition,Paysan Breton La Crème Pâtisserie & Cuisine UHT 30%,Paysan Breton,20 cl,3412290032215,Fizyczny karton20cl30% opublikowany przez detalistę pokazuje pełne7pól na100ml oraz w języku arabskim jawne oznaczenie importera w Algierii (Alger). Druga strona tego samego kartonu pokazujeGTIN3412290032215. To dowód produktu kierowanego na rynek algierski; brak niezależnego potwierdzenia bieżącego stanu u algierskiego detalisty.,WŁASNY PROFIL PR — rzeczywista etykieta,0,DOSTĘPNOŚĆ: etykieta wskazuje importera w Algierii; aktualny stan lokalnego detalisty niepotwierdzony.,Dobrano dokładną mleczną śmietankę30%20cl z pełnymprofilem. RynekDZ potwierdzony nadrukiem importera na tej samej etykiecie. Bieżący stan lokalnego sklepu niepotwierdzony; nie oznaczono dostępności od ręki.,AUTO PO AKCEPTACJI,LEAD,PAGE_WITHOUT_EAN,https://bf1af2.akinoncloudcdn.com/products/2025/03/28/87485/697134c3-73cd-408b-8a68-2100017edff8_size1920_cropCenter.jpg
DZ,★★★★,MAGHREB,SMP,35,PI-ING-000270,SMP-GTIN-00733739058324,KANDYDAT_PR,VERIFY_CANDIDATE,"EAN printed on a page serving this market + label facts (ingredients, nutrition) from manufacturer/retailer",NOW Real Food Organic Non-Fat Dry Milk Powder,NOW Foods Real Food,torebka 12 oz (340 g),733739058324,"Indywidualnie odczytana karta katalogu dz.iherb.com: dokładna nazwa/340 g; In stock; Add to Cart; DA1836.12. Oficjalna strona wysyłki potwierdza kraj Algieria i przewoźnika: FedEx, wysyłka z USA. Producent potwierdza UPC 733739058324, SKU5832, skład i tabelę dla 3 tbsp (24 g) = 8 oz milk. Masa suchego proszku jest jawnie udokumentowana, więc przeliczono ×100/24; sól z sodu100mg ×100/24 ×0,0025 =1,0416667 g/100g.",Własny profil SMP — Engine przelicza rzeczywiste dane i jawne estymacje,-0.8,"Wszystkie pola pochodzą z etykiety; przeliczenie masy porcji i sodu nie jest estymacją. Oferta importowa e-commerce do wskazanego kraju, nie dowód lokalnego magazynu ani powszechności w sklepach. Karta In stock i dostępny kanał wysyłki; dokładna dostawa do adresu, koszt i termin zależą od koszyka. Makro przeliczone z zaokrąglonych deklaracji amerykańskiej etykiety, zera nie są wynikiem analitycznym.","Wybrano w pełni udokumentowany SMP w krajowym kanale importowym zamiast produktu z niekompletną etykietą/dostępnością: OLA Lait Écrémé en Poudre Instantané à 0% de matières grasses (500 g). Kod OLA potwierdzony niezależnie; uzupełniono brakującą gramaturę 500 g. Nie potwierdzono Belle France 3258561090115 ani deklaracji o największej dostępności. Wartości NOW 0 g fat/sat/fiber pochodzą z rzeczywistej tabeli24 g, nie z hasła 0%.",AUTO PO AKCEPTACJI,LEAD,EAN_ON_GENERIC_TLD_PAGE,https://www.nowfoods.com/products/natural-foods/non-fat-dry-milk-powder-organic
DZ,★★★★,MAGHREB,DEXTROSE,30,PI-ING-000494,DEX-DZ-PRODUCT,WYMAGA_ETYKIETY,LABEL_EVIDENCE_MISSING,label/composition evidence missing — current label (ingredients + nutrition per 100 g/ml),Dextrose Monohydrate — food grade,Chemstock,B2B — opakowanie niepubliczne,,"Chemstock: C6H12O6·H2O, masa198,17g/mol, zastosowanie w żywności i lodach.",Postać monohydrat; NIP i model aktywności osobno,0,"PI-ING-000494 uzupełnia: kcal=364; tłuszcz=0; nasycone=0; węglowodany=90.9; cukry=90.9; białko=0; sól=0; błonnik=0 /100g. To oszacowanie, nie deklaracja etykiety. MODEL PI: 90,9g aktywnej dekstrozy +9,1g wody/100g; nie jest pomiarem partii. Czystość suchej masy i zaokrąglone cukry NIP nie zastępują CoA. ImportB2B do Algierii deklarowany przez dostawcę; gramatura, oferta cenowa i finalna dostawa wymagają uzgodnienia.","GTIN6136930000019 potwierdzony wGS1 dla RAOUFEZZINE, lecz bez specyfikacji spożywczej. Wybrano jawny food-grade import Chemstock; nie przeniesiono tamtegoGTIN.",AUTO PO AKCEPTACJI,BRAK,NO_EAN_IN_V7,https://chemstock.ae/industrial-chemicals/food-chemicals/dextrose-monohydrate-supplier-uae/
DZ,★★★★,MAGHREB,TARA,3,PI-ING-000492,TARA-GTIN-00711221973065,WYMAGA_DOSTAWY,LOCAL_PURCHASE_PATH_MISSING,no evidenced local purchase/delivery path in this market,Cape Crystal Brands Tara Gum Powder,Cape Crystal Brands,8 oz (226.8 g),711221973065,"UNCONFIRMED; Country product page displays stock, USA import and delivery estimate with conflicting restriction text. Package and barcode are package-specific listing data; barcode is UPC-A, preserved without adding digits. No nutritional label retrieved.","Energia źródła, jeśli dostępna; brakujące pola z PI. Nie narzucano zgodności różnych konwencji znakowania.",0,"ESTIMATED z PI-ING-000492: kcal=180; tłuszcz=0.5; nasycone=0; węglowodany dostępne=1.5; cukry=0; białko=2; sól=0; błonnik=86.5 /100 g. To model, nie etykieta produktu. Aktywność względna=1 wyłącznie MODEL PI, nie oznaczenie handlowej partii. Dawka odniesienia 3 g/1000 g (0,3%) bez automatycznego skalowania. Lepkość ani 100% składnika nie oznaczają 100% galaktomannanu. Woda 9,5 g/100 g: ESTIMATED z PI; brak oznaczenia produktu. Advertised USA import to Algeria: listing in stock on 2026-09-08, estimated arrival 2026-09-23, shipping/customs at checkout. However, the page also contains a Remove Restriction control and says not all listed products are for sale. Country fulfillment remains unconfirmed.",No Sosa or Rafex barcode transferred to Cape Crystal. Marketplace dietary and health marketing is not treated as an allergen guarantee or nutrient analysis.,AUTO PO AKCEPTACJI,LEAD,EAN_ON_GENERIC_TLD_PAGE,https://www.capecrystalbrands.com/products/tara-gum
SA,★★★★,GCC,MILK,672,PI-ING-000236,MILK-GTIN-6281007040235,KANDYDAT_PR,VERIFY_CANDIDATE,"EAN printed on a page serving this market + label facts (ingredients, nutrition) from manufacturer/retailer",Almarai Fresh Milk Full Fat 1 L,Almarai,1 L,6281007040235,"Ten sam dokładny GTIN jak KW. Oficjalna karta Almarai wymienia opakowanie 1 L i publikuje na 250 ml: 152 kcal, tłuszcz 8 g, nasycone 5 g, sód 129 mg, węglowodany/cukry 12 g, białko 8 g, błonnik 0. Mohideen detalista identyfikuje 1 L SKU/GTIN 6281007040235. Kuwejcki FURDTK publikuje dostępne Almarai Fresh Milk Full Fat 1L, cenę 0.480 KWD i dodanie do koszyka.",WŁASNY PROFIL PR — przeliczenie z rzeczywistej etykiety,-0.2999999999999998,Dane kompletne. Końcowy PR poza Mapperem według istniejącej konwencji.,Ujednolicono profil tego samego GTIN z aktualną kartą. Zachowano źródło rynku SA.,AUTO PO AKCEPTACJI,LEAD,EAN_ON_GENERIC_TLD_PAGE,https://mohideensupermarket.com/product/almarai-milk-full-fat-3-1-ltr/
SA,★★★★,GCC,CREAM,130,PI-ING-000180,CREAM-GTIN-3412290032215,KANDYDAT_PR,VERIFY_CANDIDATE,"EAN printed on a page serving this market + label facts (ingredients, nutrition) from manufacturer/retailer",Paysan Breton La Crème Pâtisserie & Cuisine UHT 30%,Paysan Breton,20 cl,3412290032215,"Physical 20cl 30% carton images published by Lulu: side shows GTIN 3412290032215, France producer and Tunisia importer; rear shows complete seven nutrition values. Casinetto publishes identical seven values and exact 20cl pack. Nutrition basis on actual label is per 100ml. Local retailer listing confirms same 200ml product and market; stock status may vary. Carrefour Saudi product595748 exact Paysan Breton La Crème Pâtisserie &Cuisine20cl UHT front image viewed; same carton type as the physical30% nutrient label and GTIN. Local listing establishes Saudi market, out-of-stock at lookup.",WŁASNY PROFIL PR — rzeczywista etykieta,0,Dane kompletne. Końcowy PR poza Mapperem według istniejącej konwencji.,Exact 30% liquid cream selected. Retailer text giving 35% is not used because physical current 30% label confirms profile. Fibre undeclared.,AUTO PO AKCEPTACJI,LEAD,PAGE_WITHOUT_EAN,https://bf1af2.akinoncloudcdn.com/products/2025/03/28/87485/697134c3-73cd-408b-8a68-2100017edff8_size1920_cropCenter.jpg
SA,★★★★,GCC,SMP,35,PI-ING-000270,SMP-GTIN-03043931692415,KANDYDAT_PR,VERIFY_CANDIDATE,"EAN printed on a page serving this market + label facts (ingredients, nutrition) from manufacturer/retailer",Régilait Instant Skimmed Milk Powder 0% Fat,Régilait,puszka 700 g,3043931692415,Makro na 100 g suchego proszku i gramatury 300/700 g: aktualna oficjalna strona Régilait export. EAN+gramatura: regionalna karta handlowa. Lokalna karta produktu potwierdza ofertę dla wskazanego kraju; nie stanowi dowodu dominacji rynkowej.,Własny profil SMP — Engine przelicza rzeczywiste dane i jawne estymacje,0,"błonnik: PI-ING-000270 (0 /100 g). Przed użyciem produkcyjnym dopasować aktualną etykietę regionalnej puszki do profilu producenta; sprawdzić wersję witaminową. LuLu oznacza ofertę jako Out of Stock; to oferta katalogowa, stan bieżący niepotwierdzony.","ODT podawał 3025520023405 bez potwierdzenia; wybrano niezależnie potwierdzony 3043931692415. Luna z podanego linku to FULL CREAM, odrzucono. Producent ma błędny opis 52 g jako „sucres ajoutés”; są to cukry wykazane przy węglowodanach, nie dowód dodawania cukru. Starsza karta Sharaf DG pokazuje 356 kcal, 51,7 g węglowodanów/cukrów, 35,5 g białka i podejrzaną jednostkę sodu 0,42 mg; przyjęto nowszy kompletny profil producenta, bez mieszania danych.",AUTO PO AKCEPTACJI,LEAD,EAN_ON_FOREIGN_MARKET_PAGE,https://www.amazon.ae/REGILAIT-NON-SKIMD-MILK-700G/dp/B07NF7B1H6
SA,★★★★,GCC,DEXTROSE,30,PI-ING-000494,DEX-SA-PRODUCT,WYMAGA_ETYKIETY,LABEL_EVIDENCE_MISSING,label/composition evidence missing — current label (ingredients + nutrition per 100 g/ml),DEXTROSE MONOHYDRATE 25kg,Unspecified manufacturer,25 kg,,Saudi pastry ingredient retailer explicitly lists monohydrate 25kg with actual SKU.,Postać monohydrat; NIP i model aktywności osobno,0,"PI-ING-000494 uzupełnia: kcal=364; tłuszcz=0; nasycone=0; węglowodany=90.9; cukry=90.9; białko=0; sól=0; błonnik=0 /100g. To oszacowanie, nie deklaracja etykiety. MODEL PI: 90,9g aktywnej dekstrozy +9,1g wody/100g; nie jest pomiarem partii. Czystość suchej masy i zaokrąglone cukry NIP nie zastępują CoA. Local listing currently out of stock; regional Chemstock/Palvi quotation possible",Original NOW product codes/form not corroborated; local professional 25kg replacement.,AUTO PO AKCEPTACJI,BRAK,NO_EAN_IN_V7,https://bsaten-althuaq.com/en/products/dextrose-monohydrate-25kg-%D8%AF%D9%83%D8%B3%D8%AA%D8%B1%D9%88%D8%B2
SA,★★★★,GCC,TARA,3,PI-ING-000492,TARA-GTIN-00711221973058,WYMAGA_DOSTAWY,LOCAL_PURCHASE_PATH_MISSING,no evidenced local purchase/delivery path in this market,Cape Crystal Brands Tara Gum Powder,Cape Crystal Brands,2 oz (56.7 g),711221973058,"UNCONFIRMED; Country product page displays stock, USA import and delivery estimate with conflicting restriction text. Package and barcode are package-specific listing data; barcode is UPC-A, preserved without adding digits. No nutritional label retrieved.","Energia źródła, jeśli dostępna; brakujące pola z PI. Nie narzucano zgodności różnych konwencji znakowania.",0,"ESTIMATED z PI-ING-000492: kcal=180; tłuszcz=0.5; nasycone=0; węglowodany dostępne=1.5; cukry=0; białko=2; sól=0; błonnik=86.5 /100 g. To model, nie etykieta produktu. Aktywność względna=1 wyłącznie MODEL PI, nie oznaczenie handlowej partii. Dawka odniesienia 3 g/1000 g (0,3%) bez automatycznego skalowania. Lepkość ani 100% składnika nie oznaczają 100% galaktomannanu. Woda 9,5 g/100 g: ESTIMATED z PI; brak oznaczenia produktu. Advertised USA import to Saudi Arabia: listing in stock on 2026-09-08, estimated arrival 2026-09-16, shipping/customs at checkout. However, the page also contains a Remove Restriction control and says not all listed products are for sale. Country fulfillment remains unconfirmed.",No Sosa or Rafex barcode transferred to Cape Crystal. Marketplace dietary and health marketing is not treated as an allergen guarantee or nutrient analysis.,AUTO PO AKCEPTACJI,LEAD,EAN_ON_GENERIC_TLD_PAGE,https://www.capecrystalbrands.com/products/tara-gum
AR,★★★★,LATAM_SOUTH_CONE,MILK,672,PI-ING-000236,MILK-AR-LASERENISIMA-30-1L,KANDYDAT_PR,VERIFY_CANDIDATE,"EAN printed on a page serving this market + label facts (ingredients, nutrition) from manufacturer/retailer",La Serenísima Leche Larga Vida Clásica 3% 1 L,La Serenísima,1 L,7790742308801,Carrefour Argentina + Coto + producent; exact wariant 3%,WŁASNY PROFIL PR — przeliczenie z rzeczywistej etykiety,-0.5,Dane kompletne. Końcowy PR poza Mapperem według istniejącej konwencji.,Najbliższy powszechny wariant krajowy; wartości exact PR wygrywają z PI.,AUTO PO AKCEPTACJI,CONFIRMED,EAN_ON_MARKET_PAGE,https://www.coto.com.ar/productos/_/A-00253482-00253482-200/;
AR,★★★★,LATAM_SOUTH_CONE,CREAM,130,PI-ING-000180,CREAM-GTIN-7794820901670,KANDYDAT_PR,VERIFY_CANDIDATE,"EAN printed on a page serving this market + label facts (ingredients, nutrition) from manufacturer/retailer",Milkaut Profesional Crema de Leche 39%,Milkaut,"5 l, sachet",7794820901670,"Oficjalna karta producenta dokładnej śmietanki39%, pełna tabela na15ml, skład100%śmietanka. Lokalny sprzedawcaValentino potwierdza GTIN i format5L.",WŁASNY PROFIL PR — rzeczywista etykieta,9.333333333333336,Dane kompletne. Końcowy PR poza Mapperem według istniejącej konwencji.,Zamiennik z kompletną tabelą producenta. BliższaLaSerenísima35%200ml nie deklaruje liczbowo cukrów (jedynie ilości nieznaczące); nie wpisano fikcyjnego0. Profil39% odrębny od bazowego30%; zachowane zaokrąglenia porcji.,AUTO PO AKCEPTACJI,LEAD,EAN_ONLY_ECHOED_FROM_URL_OR_QUERY,https://www.cocinaconvalentino.com.ar/cremas-de-leche/17213-crema-de-leche-milkaut-sachet-x-5-lts-39-7794820901670.html
AR,★★★★,LATAM_SOUTH_CONE,SMP,35,PI-ING-000270,SMP-GTIN-07790742436405,KANDYDAT_PR,VERIFY_CANDIDATE,"EAN printed on a page serving this market + label facts (ingredients, nutrition) from manufacturer/retailer",La Serenísima Leche en Polvo Liviana / Descremada Instantánea 400 g,La Serenísima,400 g,7790742436405,"Aktualne dane Jumbo: productId323345, productReference11240102004, itemId322194, ean7790742436405, nazwa Leche en Polvo Liviana 400 Grs La Serenisima, AvailableQuantity100. EAN dodatkowo potwierdzony przez SuperTop i innych lokalnych sprzedawców. Zdjęcie aktualnej etykiety 11240102004-02 (asset869467) odczytano wizualnie; wskazuje wyraźnie masę suchego proszku20g do przygotowania200ml. Użyto całej kolumny Cant.por porción, ×5; sól=92mg sodu×5×0,0025=1,15g. Zdjęcie label zawiera 400g oraz komplet 7 makro. Zero tłuszczu i nasyconych pochodzi z etykiety; nie oznacza udowodnionego absolutnego braku tłuszczu w suchej masie.",Własny profil SMP — Engine przelicza rzeczywiste dane i jawne estymacje,-0.8,"błonnik: PI-ING-000270 (0 /100 g). Makro przeliczone z potwierdzonej porcji20g suchego proszku. Tłuszcz i nasycone0 są deklaracją etykietową zaokrągloną na porcję20g; dokładny niezaokrąglony poziom tłuszczu suchego proszku nieznany. Błonnik opisano tylko jako ilość nieznaczącą, więc null.","Odrzucono stary EAN7790742106605 związany z innym, nieaktywnym SKU11240102002. Nie użyto błędnego wewnętrznego GTIN00322194 z pierwszego bloku JSON-LD Jumbo; właściwy EAN13 potwierdzają właściwość ean aktywnego itemu i drugi JSON-LD. Nie pomieszano kolumn100ml i porcji20g. PampaDirect ma błędny transkrypt: sugars5,5 i protein3,9 dla rzekomej porcji20g; aktualny obraz Jumbo wyraźnie podaje odpowiednio11 i6,6. Starszy obraz producenta tablapolvodesc.png zawiera71kcal i10gcarbs/20g; do bazy przyjęto nowy obraz dla aktualnegoSKU.",AUTO PO AKCEPTACJI,CONFIRMED,EAN_ON_MARKET_PAGE,https://www.jumbo.com.ar/leche-en-polvo-descremada-la-serenisima-400-gr/p
AR,★★★★,LATAM_SOUTH_CONE,DEXTROSE,30,PI-ING-000494,DEX-AR-PRODUCT,WYMAGA_ETYKIETY,LABEL_EVIDENCE_MISSING,label/composition evidence missing — current label (ingredients + nutrition per 100 g/ml),Dextrosa Monohidratada x 1kg,Bioenzim,1 kg,,Monohydrat wskazany w nazwie i opisie oferty spożywczej.,Postać monohydrat; NIP i model aktywności osobno,0,"PI-ING-000494 uzupełnia: kcal=364; tłuszcz=0; nasycone=0; węglowodany=90.9; cukry=90.9; białko=0; sól=0; błonnik=0 /100g. To oszacowanie, nie deklaracja etykiety. MODEL PI: 90,9g aktywnej dekstrozy +9,1g wody/100g; nie jest pomiarem partii. Czystość suchej masy i zaokrąglone cukry NIP nie zastępują CoA. Oferta katalogowa; aktualny zapas i warunki dostawy przy zamówieniu.",Quality i EAN7798154340578 zastąpiono produktem jednoznacznie opisanym jako monohydrat; bez przenoszenia GTIN między markami.,AUTO PO AKCEPTACJI,BRAK,NO_EAN_IN_V7,https://bioenzimtienda.com/productos/dextrosa-monohidratada-x-1kg-1j5jc/
AR,★★★★,LATAM_SOUTH_CONE,TARA,3,PI-ING-000492,TARA-AR-PRODUCT,WYMAGA_ETYKIETY,LABEL_EVIDENCE_MISSING,label/composition evidence missing — current label (ingredients + nutrition per 100 g/ml),Goma Tara Grado Alimenticio Calidad Premium,Química Palumbo,Gramatura niepubliczna,,LOCAL; Lokalny sklep jednoznacznie opisuje spożywczą gumę tara z endospermu nasion; produkt z ceną i wyborem wariantu. Gramatura nie została odczytana z publicznej strony.,"Energia źródła, jeśli dostępna; brakujące pola z PI. Nie narzucano zgodności różnych konwencji znakowania.",0,"ESTIMATED z PI-ING-000492: kcal=180; tłuszcz=0.5; nasycone=0; węglowodany dostępne=1.5; cukry=0; białko=2; sól=0; błonnik=86.5 /100 g. To model, nie etykieta produktu. Aktywność względna=1 wyłącznie MODEL PI, nie oznaczenie handlowej partii. Dawka odniesienia 3 g/1000 g (0,3%) bez automatycznego skalowania. Lepkość ani 100% składnika nie oznaczają 100% galaktomannanu. Woda 9,5 g/100 g: ESTIMATED z PI; brak oznaczenia produktu. Produkt detaliczny w argentyńskim sklepie; dokładny wariant opakowania i zapas do potwierdzenia.",Nie przypisano 100 g ze zbliżonej oferty marketplace do wariantu producenta bez dowodu zgodności.,AUTO PO AKCEPTACJI,BRAK,NO_EAN_IN_V7,https://www.quimicapalumbo.com.ar/productos/goma-tara-grado-alimenticio-calidad-premium/
BH,★★★★,GCC,MILK,672,PI-ING-000236,MILK-GTIN-5711953072352,KANDYDAT_PR,VERIFY_CANDIDATE,"EAN printed on a page serving this market + label facts (ingredients, nutrition) from manufacturer/retailer",Organic Milk Full Fat 200ml,Arla,200 ml,5711953072352,"Oficjalna karta Arla dla dokładnej wersji 200 ml w regionie MEA publikuje na 100 g: 65 kcal, tłuszcz 3.5, nasycone 2.3, węglowodany 4.8, cukry 4.8, białko 3.5. The Fresh Market Dubai ma ten sam produkt 200 ml i SKU/GTIN 5711953072352, skład, sód 44 mg oraz błonnik 0 g. LuLu Bahrain publikuje lokalną ofertę exact Arla Organic Milk Full Fat 200 ml (w chwili odczytu out of stock).",WŁASNY PROFIL PR — przeliczenie z rzeczywistej etykiety,0,Dane kompletne. Końcowy PR poza Mapperem według istniejącej konwencji.,"Saudia 1 L w aktualnej karcie SADAFCO ma 3.0%, nie wcześniejsze 3.5%. Zastąpiono ją dokładnym 3.5% Arla. Sól obliczona z 44 mg sodu: 44/1000*2.5=0.11 g. Detalista błędnie wpisuje węglowodany 0 przy cukrach 4.8; węglowodany wzięto z nadrzędnej oficjalnej karty Arla (4.8). Arla publikuje 100 g, detalista per 100; zastosowano uzgodnioną podstawę aplikacji 100 ml=100 g.",AUTO PO AKCEPTACJI,LEAD,EAN_ON_FOREIGN_MARKET_PAGE,https://www.thefreshmarketdubai.com/products/arla-organic-milk-full-fat-200ml-5711953072352
BH,★★★★,GCC,CREAM,130,PI-ING-000180,CREAM-GTIN-5700426230177,KANDYDAT_PR,VERIFY_CANDIDATE,"EAN printed on a page serving this market + label facts (ingredients, nutrition) from manufacturer/retailer",Puck Whipping Cream UHT,Puck,200 ml,5700426230177,"Official Puck Arabia page covers200ml/500ml/1L whipping cream, explicitly declares all seven nutrition values per100g. Sharjah Coop exact200ml productURL identifies GTIN5700426230177. Lulu local market lists200ml, milkcream,E407 and minimum34%fat with add-to-cart.",WŁASNY PROFIL PR — rzeczywista etykieta,5.200000000000003,Dane kompletne. Końcowy PR poza Mapperem według istniejącej konwencji.,Pure dairy substitute. Nominalfat is minimum34%; nutritional fat35.2g/100g retained. Declared salt0.1g used rather than recomputing from rounded sodium23mg. Fibre undeclared.,AUTO PO AKCEPTACJI,LEAD,EAN_ON_FOREIGN_MARKET_PAGE,https://www.sharjahcoop.ae/en/puck-whipping-cream-200ml/p/5700426230177
BH,★★★★,GCC,SMP,35,PI-ING-000270,SMP-GTIN-03043931692415,KANDYDAT_PR,VERIFY_CANDIDATE,"EAN printed on a page serving this market + label facts (ingredients, nutrition) from manufacturer/retailer",Régilait Instant Skimmed Milk Powder 0% Fat,Régilait,puszka 700 g,3043931692415,Makro na 100 g suchego proszku i gramatury 300/700 g: aktualna oficjalna strona Régilait export. EAN+gramatura: regionalna karta handlowa. Lokalna karta produktu potwierdza ofertę dla wskazanego kraju; nie stanowi dowodu dominacji rynkowej.,Własny profil SMP — Engine przelicza rzeczywiste dane i jawne estymacje,0,błonnik: PI-ING-000270 (0 /100 g). Przed użyciem produkcyjnym dopasować aktualną etykietę regionalnej puszki do profilu producenta; sprawdzić wersję witaminową. Karta lokalna dostępna w indeksie wyszukiwania; brak potwierdzonego stanu magazynowego.,"EAN 700 g zgodny z ODT; lokalna karta Sharaf DG potwierdzona w indeksie, dostępność niepotwierdzona. Producent ma błędny opis 52 g jako „sucres ajoutés”; są to cukry wykazane przy węglowodanach, nie dowód dodawania cukru. Starsza karta Sharaf DG pokazuje 356 kcal, 51,7 g węglowodanów/cukrów, 35,5 g białka i podejrzaną jednostkę sodu 0,42 mg; przyjęto nowszy kompletny profil producenta, bez mieszania danych.",AUTO PO AKCEPTACJI,LEAD,EAN_ON_FOREIGN_MARKET_PAGE,https://www.amazon.ae/REGILAIT-NON-SKIMD-MILK-700G/dp/B07NF7B1H6
BH,★★★★,GCC,DEXTROSE,30,PI-ING-000494,DEX-BH-PRODUCT,WYMAGA_ETYKIETY,LABEL_EVIDENCE_MISSING,label/composition evidence missing — current label (ingredients + nutrition per 100 g/ml),Dextrose Monohydrate – food applications,Unspecified manufacturer,B2B — opakowanie niepubliczne,,"Supplier specifies monohydrate, C6H12O6·H2O, food applications, and explicitly names destination among markets served.",Postać monohydrat; NIP i model aktywności osobno,0,"PI-ING-000494 uzupełnia: kcal=364; tłuszcz=0; nasycone=0; węglowodany=90.9; cukry=90.9; białko=0; sól=0; błonnik=0 /100g. To oszacowanie, nie deklaracja etykiety. MODEL PI: 90,9g aktywnej dekstrozy +9,1g wody/100g; nie jest pomiarem partii. Czystość suchej masy i zaokrąglone cukry NIP nie zastępują CoA. B2B import quotation required; local retail stock not established",Replaces unverified original retail or blended glucose claim with documented regional B2B import option.,AUTO PO AKCEPTACJI,BRAK,NO_EAN_IN_V7,https://chemstock.ae/industrial-chemicals/food-chemicals/dextrose-monohydrate-supplier-uae/
BH,★★★★,GCC,TARA,3,PI-ING-000492,TARA-MP-1508-50,WYMAGA_DOSTAWY,LOCAL_PURCHASE_PATH_MISSING,no evidenced local purchase/delivery path in this market,Modernist Pantry Pure Tara Gum Powder,Modernist Pantry,50 g,819543011967,"UNCONFIRMED; 50 g back label visually checked: per100g values transcribed; 85 g total carbohydrate includes 85 g fiber. Label energy 360 kcal retained as declared, not recalculated. UPC-A819543011967 also visible on label.",ENERGIA DO WYJAŚNIENIA: etykieta 360 kcal/100 g; available carbs 0 g po odjęciu błonnika. Zachowano deklarowaną energię; przeliczenie 9/4/4/2 daje 187 kcal. Różna konwencja energii błonnika — nie używać do automatycznego znakowania UE.,0,"Wszystkie 8 pól z etykiety/TDS lub jawnego przeliczenia porcji/sodu/błonnika. Aktywność względna=1 wyłącznie MODEL PI, nie oznaczenie handlowej partii. Dawka odniesienia 3 g/1000 g (0,3%) bez automatycznego skalowania. Lepkość ani 100% składnika nie oznaczają 100% galaktomannanu. Woda 9,5 g/100 g: ESTIMATED z PI; brak oznaczenia produktu. Conditional import to Bahrain. Bahrain listing shows in stock, USA import, estimated arrival 2026-09-16. Exact address, final terms and availability require checkout confirmation. Page also contains a Remove Restriction control and says not all listed products are for sale; country fulfillment remains unconfirmed.",Preserve manufacturer 50 g identity despite marketplace title 50g/2oz and conflicting ancillary weights/flavour fields. User-supplied Sosa/Modernist alternative codes not transferred. Import is not local shelf stock.,AUTO PO AKCEPTACJI,LEAD,EAN_ON_GENERIC_TLD_PAGE,https://modernistpantry.com/products/tara-gum.html
BD,★★★★,SOUTH_ASIA,MILK,672,PI-ING-000236,MILK-GTIN-9311697100173,KANDYDAT_PR,VERIFY_CANDIDATE,"EAN printed on a page serving this market + label facts (ingredients, nutrition) from manufacturer/retailer",Harvey Fresh Full Cream Longlife Milk 1L,Harvey Fresh,"1 L, karton UHT",9311697100173,"Producent Harvey Fresh: dokładny produkt UHT 1L, skład i pełna tabela per 100mL (energia 290 kJ; fat 3.5; saturated 2.6; carbohydrate 5.1; sugars 5.1; protein 3.4; sodium 40mg). Foodpanda Bangladesh: lokalna oferta tego produktu 1L, pochodzenie Australia. Consumer Council Hong Kong oraz Daily: identyfikacja opakowania 1L kodem 9311697100173. Energia przeliczona wyłącznie z deklarowanych 290kJ / 4.184; sól = 40mg sodu × 2.5 / 1000. Błonnik nie jest deklarowany. Dane etykietowe per100ml; aplikacja przyjmuje per100g zgodnie z regułą projektu.",WŁASNY PROFIL PR — przeliczenie z rzeczywistej etykiety,0,Dane kompletne. Końcowy PR poza Mapperem według istniejącej konwencji.,Zamiana niepewnego Arla/Aarong na lokalnie oferowany Harvey Fresh Full Cream UHT 1L z pełną kartą producenta. Zachowano 3.5% tłuszczu.,AUTO PO AKCEPTACJI,LEAD,EAN_ON_FOREIGN_MARKET_PAGE,https://online-price-watch.consumer.org.hk/opw/product/P000002592
BD,★★★★,SOUTH_ASIA,CREAM,130,PI-ING-000180,CREAM-GTIN-5701215046399,KANDYDAT_PR,VERIFY_CANDIDATE,"EAN printed on a page serving this market + label facts (ingredients, nutrition) from manufacturer/retailer",Emborg Natural Whipping Cream UHT 35.1% 1 L,Emborg,1 L,5701215046399,"Current official Emborg Natural Whipping Cream page (March 2026) explicitly lists 200 ml and 1 L European cow-milk cream, milk allergen and full per100ml table:1387kJ/337kcal,F35.1,Sat22,C3.3,Sugar3.3,Fibre0,P2.1,Salt0.07. Exact consumer pack GTIN corroborated by primary Tops/Maxmart/Meatup retailer. Local market source(s) identify same natural UHT dairy whipping cream and matching consumer pack, with sale listing; see URLs. Manufacturer’s explicitly stated kcal retained, not recomputed from independently rounded kJ.",WŁASNY PROFIL PR — rzeczywista etykieta,5.100000000000001,Dane kompletne. Końcowy PR poza Mapperem według istniejącej konwencji.,"Replaces unsupported regional Oldenburger30 candidate with verified locally listed plain dairy cream35.1. Search did not establish local Oldenburger30 exact SKU; no assertion that all possible30 products are unavailable. Source35.1 actual fat retained. No vegetable-fat or sweetened whipping toppings used. Reject user Arla Whip & Cook30: skim milk/vegetable palm-kernel blend, per https://www.prb.co.id/en/news-detail/arla-pro-whip--cook-30-fat. Shwapno and Import Shop BD confirm local1L availability; DCC Bazar search extract reproduces official nutrition.",AUTO PO AKCEPTACJI,LEAD,EAN_ON_GENERIC_TLD_PAGE,https://www.meatup.shop/products/cream-whipping
BD,★★★★,SOUTH_ASIA,SMP,35,PI-ING-000270,SMP-GTIN-00733739058324,KANDYDAT_PR,VERIFY_CANDIDATE,"EAN printed on a page serving this market + label facts (ingredients, nutrition) from manufacturer/retailer",Real Food Organic Non-Fat Dry Milk Powder,NOW Foods,12 oz (340 g),733739058324,"PEŁNA ETYKIETA: producent wiąże opakowanie 12 oz z UPC 733739058324 i SKU 5832. Tabela na porcję 3 tbsp (24 g) suchego proszku: 90 kcal, tłuszcz 0 g, NKT 0 g, węglowodany 12 g, cukry 12 g, białko 9 g, błonnik 0 g, sód 100 mg. Producent podaje skład i Product of the USA. WARUNKOWA DOSTAWA: krajowy katalog iHerb dla Bangladeszu pokazuje In stock; oficjalna strona shipping potwierdza ogólną wysyłkę do kraju. Nie zaobserwowano aktywnego ustawienia Deliver to dla danego kraju; próba odczytu w przeglądarce zakończyła się weryfikacją Cloudflare.",Własny profil SMP — Engine przelicza rzeczywiste dane i jawne estymacje,-0.8,Wszystkie pola pochodzą z etykiety; przeliczenie masy porcji i sodu nie jest estymacją. WARUNKOWY IMPORT: krajowy katalog iHerb pokazuje produkt jako in stock i oficjalna ogólna wysyłka do kraju jest potwierdzona. Dostawa tego SKU na konkretny adres nie została przetestowana; nie potwierdzono aktywnego ustawienia Deliver to dla kraju. Pełność etykiety żywieniowej jest potwierdzona niezależnie od pewności dostawy.,"Wybrano czyste SMP z pełną etykietą i potwierdzonym UPC zamiast MARKS (400 g), dla którego brakowało pełnego profilu żywieniowego. Poprzedni lokalny produkt i jego korekty identyfikatora zachowano w local_alternatives_asia_south.json. Normalizacja: każda wartość ×100/24; sól =100 mg sodu ×0,0025 ×100/24 =1,041667 g/100 g.",AUTO PO AKCEPTACJI,LEAD,EAN_ON_GENERIC_TLD_PAGE,https://www.nowfoods.com/products/natural-foods/non-fat-dry-milk-powder-organic
BD,★★★★,SOUTH_ASIA,DEXTROSE,30,PI-ING-000494,DEX-BD-PRODUCT,WYMAGA_ETYKIETY,LABEL_EVIDENCE_MISSING,label/composition evidence missing — current label (ingredients + nutrition per 100 g/ml),Unicorn Dextrose Monohydrate Food Grade,Unicorn,50 kg HDPE bag; minimum order 100 kg,,"Nazwa i specyfikacja dostawcy: Dextrose Monohydrate Food Grade; Grade Food, IP; biały proszek.",Postać monohydrat; NIP i model aktywności osobno,0,"PI-ING-000494 uzupełnia: kcal=364; tłuszcz=0; nasycone=0; węglowodany=90.9; cukry=90.9; białko=0; sól=0; błonnik=0 /100g. To oszacowanie, nie deklaracja etykiety. MODEL PI: 90,9g aktywnej dekstrozy +9,1g wody/100g; nie jest pomiarem partii. Czystość suchej masy i zaokrąglone cukry NIP nie zastępują CoA. B2B; przed zakupem potwierdzić producenta i aktualną partię, CoA/typ hydratu, brak dodatków i alergeny. Podana cena nie określa jednoznacznie jednostki sprzedaży.","Zastępuje konsumenckie Glucose-D/Glaxose-D i niepotwierdzony EAN 8941103665101. Czystość 99,99% nie oznacza 99,99 g glukozy/100 g proszku jednowodnego.",AUTO PO AKCEPTACJI,BRAK,NO_EAN_IN_V7,https://echem.com.bd/item/unicorn-dextrose-monohydrate-food-grade-34g0679qp7
BD,★★★★,SOUTH_ASIA,TARA,3,PI-ING-000492,TARA-MP-1508-50,WYMAGA_DOSTAWY,LOCAL_PURCHASE_PATH_MISSING,no evidenced local purchase/delivery path in this market,Tara Gum — Home 50g,Modernist Pantry,50 g (manufacturer Home pack; Ubuy title also calls it 2 oz),819543011967,"UNCONFIRMED; Manufacturer exact 50g back image visually verified: UPC 819543011967. Nutrition explicitly per100g: 360 kcal; fat1g;saturated0g;sodium0mg;total carbohydrate85g;dietary fiber85g;sugars0g;protein2g. Ingredients:tara gum. Label energy is preserved as printed and does not follow available-carbohydrate plus fiber2kcal/g accounting. Total carbohydrate includes dietary fiber; do not add fiber to it. Ubuy Bangladesh item21344995 advertises US import,in stock,estimated delivery and simultaneously displays restriction/global-search disclaimers. Delivery remains unconfirmed.",ENERGIA DO WYJAŚNIENIA: etykieta 360 kcal/100 g; available carbs 0 g po odjęciu błonnika. Zachowano deklarowaną energię; przeliczenie 9/4/4/2 daje 187 kcal. Różna konwencja energii błonnika — nie używać do automatycznego znakowania UE.,0,"Wszystkie 8 pól z etykiety/TDS lub jawnego przeliczenia porcji/sodu/błonnika. Aktywność względna=1 wyłącznie MODEL PI, nie oznaczenie handlowej partii. Dawka odniesienia 3 g/1000 g (0,3%) bez automatycznego skalowania. Lepkość ani 100% składnika nie oznaczają 100% galaktomannanu. Woda 9,5 g/100 g: ESTIMATED z PI; brak oznaczenia produktu. Concrete US import listing for Bangladesh with price and delivery estimate, but same page contains Remove Restriction control and says not all listed products are for sale. Confirm checkout acceptance and exact pack before purchase.","Primary package image confirms UPC819543011967; user-suggested barcode811234023249 is not used for this exact50g pack. Manufacturer label resolves ambiguous retailer package metadata. Nutrition records US total carbohydrate including fiber, and label energy360 is not recalculated silently. No universal allergy guarantee.",AUTO PO AKCEPTACJI,LEAD,EAN_ON_GENERIC_TLD_PAGE,https://modernistpantry.com/products/tara-gum.html
BR,★★★★,BRAZIL,MILK,672,PI-ING-000236,MILK-GTIN-7898215151708,KANDYDAT_PR,VERIFY_CANDIDATE,"EAN printed on a page serving this market + label facts (ingredients, nutrition) from manufacturer/retailer",Piracanjuba Leite Integral UHT 1 L,Piracanjuba,1 L,7898215151708,"Pełna etykieta odczytana wizualnie z obrazu publikowanego na stronie producenta dla dokładnego produktu 1 L. Covabra i Imigrantes potwierdzają EAN 7898215151708. W kolumnie 100 ml: 58 kcal, 3 g tłuszczu, 1,9 g nasyconych, 4,6 g węglowodanów i cukrów, 3,1 g białka, 0 g błonnika, 61 mg sodu. Sól = sód × 2,5.",WŁASNY PROFIL PR — przeliczenie z rzeczywistej etykiety,-0.5,Dane kompletne. Końcowy PR poza Mapperem według istniejącej konwencji.,"Niepewny wariant Carrefour zastąpiono lokalnym Piracanjuba 3,0%, z kompletną etykietą i jednoznacznym kodem.",AUTO PO AKCEPTACJI,CONFIRMED,EAN_ON_MARKET_PAGE,https://www.covabra.com.br/leite-piracanjuba-integral-1l/p
BR,★★★★,BRAZIL,CREAM,130,PI-ING-000180,CREAM-GTIN-7898215151975,KANDYDAT_PR,VERIFY_CANDIDATE,"EAN printed on a page serving this market + label facts (ingredients, nutrition) from manufacturer/retailer",Piracanjuba Seleção Creme de Leite Gourmet 30%,Piracanjuba,"200 g, karton",7898215151975,Odczytano pełną aktualną tabelę100g z obrazu producenta. GTIN200g potwierdzają katalog producenta u dystrybutoraHotbel i LojaSantoAntonio. Skład bez tłuszczu roślinnego i skrobi.,WŁASNY PROFIL PR — rzeczywista etykieta,0,Dane kompletne. Końcowy PR poza Mapperem według istniejącej konwencji.,"Zamieniono35% BateChantilly na dokładne30% Gourmet. Opakowanie200g zgodnie z producentem; nie200ml z tytułu sklepu. Sól=67mg sodu ×2,5/1000.",AUTO PO AKCEPTACJI,CONFIRMED,EAN_ON_MARKET_PAGE,https://www.lojasantoantonio.com.br/69883-creme-de-leite-gourmet-30--gordura-200ml-piracanjuba/p
BR,★★★★,BRAZIL,SMP,35,PI-ING-000270,SMP-GTIN-07891000101506,KANDYDAT_PR,VERIFY_CANDIDATE,"EAN printed on a page serving this market + label facts (ingredients, nutrition) from manufacturer/retailer",Molico Desnatado Leite em Pó,Nestlé Molico,280 g,7891000101506,"Oficjalny sklep Nestlé podaje SKU 12240801, dokładny skład i kompletną kolumnę 20 g proszku. Estrela wiąże SKU producenta z EAN 7891000101506.",Własny profil SMP — Engine przelicza rzeczywiste dane i jawne estymacje,-0.8,"Wszystkie pola pochodzą z etykiety; przeliczenie masy porcji i sodu nie jest estymacją. Produkt wzbogacony minerałami i witaminami. Nie łączyć z Molico Zero Lactose, który jest innym produktem. Zera w porcji są deklaracjami zaokrąglonymi.",Nie użyto kolumny 100 ml gotowego mleka; do suchego proszku zastosowano mnożnik ×5. Odrzucono niejednoznaczną tabelę Piracanjuba z nagłówkami 20 g / 25 g.,AUTO PO AKCEPTACJI,CONFIRMED,EAN_ON_MARKET_PAGE,https://compre.estreladistribuicao.com.br/leite-em-po-molico-desnatado-lata-280g-122947
BR,★★★★,BRAZIL,DEXTROSE,30,PI-ING-000494,DEX-BR-PRODUCT,WYMAGA_ETYKIETY,LABEL_EVIDENCE_MISSING,label/composition evidence missing — current label (ingredients + nutrition per 100 g/ml),Dextrose Monohidratada,Allimentari,1 kg,,Monohydrat wskazany w nazwie i opisie oferty spożywczej.,Postać monohydrat; NIP i model aktywności osobno,0,"PI-ING-000494 uzupełnia: kcal=364; tłuszcz=0; nasycone=0; węglowodany=90.9; cukry=90.9; białko=0; sól=0; błonnik=0 /100g. To oszacowanie, nie deklaracja etykiety. MODEL PI: 90,9g aktywnej dekstrozy +9,1g wody/100g; nie jest pomiarem partii. Czystość suchej masy i zaokrąglone cukry NIP nie zastępują CoA. Oficjalna oferta: dostępność natychmiastowa; zapas wskazany przez sklep.",Zamiast niejednoznacznych smakowych suplementów i niepotwierdzonych EAN wybrano spożywczy jednoskładnikowy monohydrat.,AUTO PO AKCEPTACJI,BRAK,NO_EAN_IN_V7,https://www.allimentari.com.br/produto/dextrose-monohidratada-1-kg.html
BR,★★★★,BRAZIL,TARA,3,PI-ING-000492,TARA-BR-PRODUCT,WYMAGA_ETYKIETY,LABEL_EVIDENCE_MISSING,label/composition evidence missing — current label (ingredients + nutrition per 100 g/ml),Goma Tara INS 417 — 1 kg,Allimentari,1 kg,,"LOCAL; Sklep spożywczy wymienia gumę tara INS 417, galaktomannan i zastosowania w lodach oraz warianty 100 g, 500 g i 1 kg.","Energia źródła, jeśli dostępna; brakujące pola z PI. Nie narzucano zgodności różnych konwencji znakowania.",0,"ESTIMATED z PI-ING-000492: kcal=180; tłuszcz=0.5; nasycone=0; węglowodany dostępne=1.5; cukry=0; białko=2; sól=0; błonnik=86.5 /100 g. To model, nie etykieta produktu. Aktywność względna=1 wyłącznie MODEL PI, nie oznaczenie handlowej partii. Dawka odniesienia 3 g/1000 g (0,3%) bez automatycznego skalowania. Lepkość ani 100% składnika nie oznaczają 100% galaktomannanu. Woda 9,5 g/100 g: ESTIMATED z PI; brak oznaczenia produktu. Lokalny katalog z opcją 1 kg i koszykiem; zapas wybranego wariantu potwierdzić przy zamówieniu.","Wybrano gumę tara spożywczą; odrzucono kosmetyczne tropy z materiału wejściowego. PN901000 jest kodem rodziny, nie potwierdzonym EAN wariantu 1 kg.",AUTO PO AKCEPTACJI,BRAK,NO_EAN_IN_V7,https://www.allimentari.com.br/produto/goma-tara.html
BG,★★★★,EU27,MILK,672,PI-ING-000236,MILK-BG-PRESIDENT-UHT-36-1L,KANDYDAT_PR,VERIFY_CANDIDATE,"EAN printed on a page serving this market + label facts (ingredients, nutrition) from manufacturer/retailer","Président UHT 3,5% / 3,6% 1 L",Président,1 L,3228022980095,Bułgarski detalista publikuje exact EAN i pełny profil,WŁASNY PROFIL PR — przeliczenie z rzeczywistej etykiety,0.10000000000000009,Dane kompletne. Końcowy PR poza Mapperem według istniejącej konwencji.,Najbliższy powszechny wariant krajowy; wartości exact PR wygrywają z PI.,AUTO PO AKCEPTACJI,LEAD,EAN_ONLY_ECHOED_FROM_URL_OR_QUERY,https://shop24.bg/pryasno-mlyako/466-pryasno-mlyako-president-35-1l-3228022980095.html
BG,★★★★,EU27,CREAM,130,PI-ING-000180,CREAM-GTIN-8593803253053,KANDYDAT_PR,VERIFY_CANDIDATE,"EAN printed on a page serving this market + label facts (ingredients, nutrition) from manufacturer/retailer",Madeta Jihočeská smetana UHT 31%,Madeta,250 ml carton,8593803253053,"eBag Bulgaria: Madeta Dairy31%UHT250ml, lokalna oferta2.55EUR, kod114675, termin21/10/2026, pochodzenieCZ. Oficjalny producent Madeta: identyczna śmietankaUHT31%250ml, GTIN8593803253053, skład oraz pełna tabela100ml.",WŁASNY PROFIL PR — rzeczywista etykieta,1,Dane kompletne. Końcowy PR poza Mapperem według istniejącej konwencji.,"Zastąpiono niepotwierdzonyEANPrésident30%250ml kompletnie udokumentowaną śmietanką31%, odchylenie+1pp. Nie użyto kultur fermentacji ani śmietany kwaśnej.",AUTO PO AKCEPTACJI,LEAD,EAN_ON_FOREIGN_MARKET_PAGE,https://www.madeta.cz/produkty/jihoceska-smetana-trvanliva-31-250_ml
BG,★★★★,EU27,SMP,35,PI-ING-000270,SMP-GTIN-03800081460239,KANDYDAT_PR,VERIFY_CANDIDATE,"EAN printed on a page serving this market + label facts (ingredients, nutrition) from manufacturer/retailer","Сухо обезмаслено мляко 1,5%",Bioset,50 g,3800081460239,"BulMag: lokalna oferta i pełna tabela na 100 g proszku, skład, producent i pochodzenie. Randi: kod 3800081460239 dla 50 g 1,5%. T Market: oferta w magazynie. Data sprawdzenia 2026-09-08.",Własny profil SMP — Engine przelicza rzeczywiste dane i jawne estymacje,0.7,błonnik: PI-ING-000270 (0 /100 g). Oferta detaliczna w Bułgarii; dostępność wielu sklepów BulMag.,"ODT pomija możliwe ślady glutenu i jaj; nie przyjmować twierdzenia o bezglutenowości. Link ODT do Miocorn nie dotyczy mleka. Randi ma błędny tekst produktu powiązanego 26%, dlatego skład i makro zaczerpnięto z BulMag.",AUTO PO AKCEPTACJI,CONFIRMED,EAN_ON_MARKET_PAGE,https://randi.bg/suho-mliako-bioset-15-50gr
BG,★★★★,EU27,DEXTROSE,30,PI-ING-000494,DEX-GTIN-08588006139983,KANDYDAT_PR,VERIFY_CANDIDATE,"EAN printed on a page serving this market + label facts (ingredients, nutrition) from manufacturer/retailer","Декстроза - GymBeam, bez dodatków smakowych",GymBeam,1000 g,8588006139983,W składzie i tabeli substancji czynnych producent wprost wymienia krystaliczny monohydrat D-glukozy; 100 g monohydratu / 100 g produktu.,Postać monohydrat; NIP i model aktywności osobno,0,"PI-ING-000494 uzupełnia: błonnik=0 /100g. To oszacowanie, nie deklaracja etykiety. MODEL PI: 90,9g aktywnej dekstrozy +9,1g wody/100g; nie jest pomiarem partii. Czystość suchej masy i zaokrąglone cukry NIP nie zastępują CoA. Jednoskładnikowy spożywczy proszek (sprzedawany jako suplement). Forma monohydratu potwierdzona; 91% to zaokrąglona deklaracja producenta, nie wynik oznaczenia czystości/wody. Do PI 90,9%/9,1% stosować jawnie założenie stechiometryczne. Uwaga dokumentacyjna: ogólny blok ostrzeżeń strony zawiera sformułowanie o substancjach słodzących; skład nadal wymienia wyłącznie monohydrat i tabela deklaruje 100 g monohydratu/100 g.",Zachowano GymBeam i potwierdzono EAN 8588006139983. Nie przeniesiono ogólnego ostrzeżenia o śladach alergenów bez podstawy produktowej.,AUTO PO AKCEPTACJI,LEAD,SOURCE_NOT_READABLE,https://gymbeam.bg/dekstroza-1000-g-gymbeam.html
BG,★★★★,EU27,TARA,3,PI-ING-000492,TARA-GTIN-08055728540170,KANDYDAT_PR,VERIFY_CANDIDATE,"EAN printed on a page serving this market + label facts (ingredients, nutrition) from manufacturer/retailer",SaporePuro Farina di Semi di Tara / Gomma di Tara E417,SaporePuro,50 g,8055728540170,IMPORT; SaporePuro manufacturer TDS revision 17/07/2026: sole ingredient E417; per 100 g nutrition and moisture on page 10; allergy information on pages 1–2 and 11–12. EU shipping coverage is explicit.,"Energia źródła, jeśli dostępna; brakujące pola z PI. Nie narzucano zgodności różnych konwencji znakowania.",0,"Wszystkie 8 pól z etykiety/TDS lub jawnego przeliczenia porcji/sodu/błonnika. Aktywność względna=1 wyłącznie MODEL PI, nie oznaczenie handlowej partii. Dawka odniesienia 3 g/1000 g (0,3%) bez automatycznego skalowania. Lepkość ani 100% składnika nie oznaczają 100% galaktomannanu. Woda z TDS: 7 g/100 g; TDS reference moisture 7%, not a batch measurement. Storefront states <9.11%; source discrepancy retained. IMPORT from Italy to Bulgaria. Manufacturer lists the selected 50 g variant available. Shipping policy expressly covers the EU, with estimated delivery in 3–7 working days; final postcode and charges at checkout. Countries are covered as an EU bloc, not individually named.",No Bulgarian local seller of a pure tara product was verified; the original generic Sosa distribution claim is replaced by an explicit EU import route. Do not reuse user EAN8052744883445: unverified and different from secondary250g barcode lead. Do not confuse this E417 ingredient with SaporePuro Neutro stabilizer containing maltodextrin/tara/guar. Current TDS takes precedence over storefront moisture/viscosity values. AKTUALIZACJA: oficjalny JSON producenta potwierdza dla 50 g SKU SPGT50 i EAN 8055728540170; poprzedni brak identyfikatora zamknięty.,AUTO PO AKCEPTACJI,LEAD,EAN_ON_GENERIC_TLD_PAGE,https://saporepuro.com/products/farina-di-semi-di-tara-gomma-di-tara-origine-peru-e417-confezionato-in-italia-1
CL,★★★★,LATAM_SOUTH_CONE,MILK,672,PI-ING-000236,MILK-CL-COLUN-UHT-31-1L,KANDYDAT_PR,VERIFY_CANDIDATE,"EAN printed on a page serving this market + label facts (ingredients, nutrition) from manufacturer/retailer","COLUN Leche Entera Natural 3,1% 1 L",COLUN,1 L,7802920777542,Producent + krajowi detaliści + exact EAN i profil,WŁASNY PROFIL PR — przeliczenie z rzeczywistej etykiety,-0.3999999999999999,Dane kompletne. Końcowy PR poza Mapperem według istniejącej konwencji.,Najbliższy powszechny wariant krajowy; wartości exact PR wygrywają z PI.,AUTO PO AKCEPTACJI,LEAD,EAN_ON_AGGREGATOR,https://cl.openfoodfacts.org/producto/7802920777542/leche-entera-colun
CL,★★★★,LATAM_SOUTH_CONE,CREAM,130,PI-ING-000180,CREAM-GTIN-7802900107017,KANDYDAT_PR,VERIFY_CANDIDATE,"EAN printed on a page serving this market + label facts (ingredients, nutrition) from manufacturer/retailer",Soprole Crema para Batir Larga Vida 35%,Soprole,"1 l, karton UHT",7802900107017,Oficjalna tabela100ml i skład dokładnej śmietanki1L. Eltit i Frozenter publikują ten sam GTIN1L z lokalną ofertą.,WŁASNY PROFIL PR — rzeczywista etykieta,5.299999999999997,Dane kompletne. Końcowy PR poza Mapperem według istniejącej konwencji.,"Wybrano potwierdzoną zwykłą śmietankę35%, profil rzeczywisty35,3g tłuszczu. Sól przeliczona z33mg sodu; cukry3,9g różne od węglowodanów4,7g. Odrzucono bliższą25%Espesa z cukrem i aromatem.",AUTO PO AKCEPTACJI,CONFIRMED,EAN_ON_MARKET_PAGE,https://super.eltit.cl/products/crema-l-vida-soprole-1lt-p-batir
CL,★★★★,LATAM_SOUTH_CONE,SMP,35,PI-ING-000270,SMP-GTIN-07802920009865,KANDYDAT_PR,VERIFY_CANDIDATE,"EAN printed on a page serving this market + label facts (ingredients, nutrition) from manufacturer/retailer",Colun Leche Descremada en Polvo,COLUN,800 g,7802920009865,"Oficjalny producent: EAN, SAP i opakowanie 800 g. Sklep producenta: pełne 7 makro suchego proszku; sód 394 mg/100 g.",Własny profil SMP — Engine przelicza rzeczywiste dane i jawne estymacje,-0.30000000000000004,błonnik: PI-ING-000270 (0 /100 g).,"Deklaracja 0% na froncie nie zastępuje rzeczywistej tabeli proszku: 0,5 g tłuszczu/100 g. Wariant 350 g z witaminą D jest innym produktem.",AUTO PO AKCEPTACJI,CONFIRMED,EAN_ON_MARKET_PAGE,https://www.colun.cl/productos/categoria/detalle/leche-colun-descremada-en-polvo-800gr
CL,★★★★,LATAM_SOUTH_CONE,DEXTROSE,30,PI-ING-000494,DEX-CL-PRODUCT,WYMAGA_ETYKIETY,LABEL_EVIDENCE_MISSING,label/composition evidence missing — current label (ingredients + nutrition per 100 g/ml),Dextrosa Monohidratada,SanoAlimentos,1 kg,,Monohydrat wskazany w nazwie i opisie oferty spożywczej.,Postać monohydrat; NIP i model aktywności osobno,0,"PI-ING-000494 uzupełnia: kcal=364; tłuszcz=0; nasycone=0; węglowodany=90.9; cukry=90.9; białko=0; sól=0; błonnik=0 /100g. To oszacowanie, nie deklaracja etykiety. MODEL PI: 90,9g aktywnej dekstrozy +9,1g wody/100g; nie jest pomiarem partii. Czystość suchej masy i zaokrąglone cukry NIP nie zastępują CoA. Oferta katalogowa; aktualny zapas i warunki dostawy przy zamówieniu.",Nie użyto błędnego kodu00988328741664 z ODT; identyfikacja przez rzeczywisty SKU lokalnego produktu.,AUTO PO AKCEPTACJI,BRAK,NO_EAN_IN_V7,https://www.sanoalimentos.cl/productos/dextrosa-monohidratada---1-kg
CL,★★★★,LATAM_SOUTH_CONE,TARA,3,PI-ING-000492,TARA-CL-PRODUCT,WYMAGA_ETYKIETY,LABEL_EVIDENCE_MISSING,label/composition evidence missing — current label (ingredients + nutrition per 100 g/ml),Goma Tara 100 Grs,Nutrigood,100 g,,"LOCAL; Dostawca opisuje spożywczą gumę tara E417, opakowanie 100 g, pochodzenie Peru i wysyłkę na terenie całego Chile.","Energia źródła, jeśli dostępna; brakujące pola z PI. Nie narzucano zgodności różnych konwencji znakowania.",0,"ESTIMATED z PI-ING-000492: kcal=180; tłuszcz=0.5; nasycone=0; węglowodany dostępne=1.5; cukry=0; białko=2; sól=0; błonnik=86.5 /100 g. To model, nie etykieta produktu. Aktywność względna=1 wyłącznie MODEL PI, nie oznaczenie handlowej partii. Dawka odniesienia 3 g/1000 g (0,3%) bez automatycznego skalowania. Lepkość ani 100% składnika nie oznaczają 100% galaktomannanu. Woda 9,5 g/100 g: ESTIMATED z PI; brak oznaczenia produktu. Lokalna oferta z wysyłką w całym Chile; aktualny stan magazynowy do potwierdzenia.",Opis produktu zaleca 95°C dla pełnego rozpuszczenia; zachowano tę różnicę względem procesu bazy 75–80°C. Nie przenoszono twierdzeń o taninach na skład odżywczy gumy.,AUTO PO AKCEPTACJI,BRAK,NO_EAN_IN_V7,https://www.nutrigood.cl/tara
CN,★★★★,GREATER_CHINA,MILK,672,PI-ING-000236,MILK-GTIN-4036300069450,KANDYDAT_PR,VERIFY_CANDIDATE,"EAN printed on a page serving this market + label facts (ingredients, nutrition) from manufacturer/retailer",Oldenburger UHT Full Cream Milk 3.5% fat — Chinese label SKU 14642,Oldenburger,1 L carton; sold on JD as 12 x 1 L,4036300069450,"Official Oldenburger assortment catalogue 2023/2024, PDF page index 6 (printed pages 12–13), identifies SKU 14642 as 3.5% full cream UHT milk, 1 L, label languages CN/EN, and gives per 100 ml: energy 269 kJ, fat 3.5 g, saturated fat 2.4 g, carbohydrate 4.8 g, sugars 4.8 g, protein 3.4 g, salt 0.13 g, ingredient milk. PDF page index 27 (printed pages 54–55), inspected visually, links the same SKU 14642 to consumer GTIN 4036300069450 and outer-carton GTIN 4036300669452. JD China listing currently identifies the 3.4 g protein whole-milk 1 L x 12 item, linked to item 100051221729; direct item page requires JD verification. kcal derived solely from declared energy: 269 / 4.184 = 64.29254 kcal. All nutritional quantities are per 100 ml. No volume-to-mass density claim is made; the project applies its existing 100 ml = 100 g convention.",WŁASNY PROFIL PR — przeliczenie z rzeczywistej etykiety,0,Dane kompletne. Końcowy PR poza Mapperem według istniejącej konwencji.,Replaces uncertain Yili barcode/profile with exactly identified 3.5% plain milk. Chinese SKU 14642 has protein 3.4 g and 269 kJ; it must not be assigned the 3.3 g/267 kJ profile of export SKU 11067.,AUTO PO AKCEPTACJI,LEAD,EAN_ON_GENERIC_TLD_PAGE,https://www.oldenburger-professional.com/media/13/8d/af/1696234639/OLB%20Assortmentlist%202023_2024_combined.pdf
CN,★★★★,GREATER_CHINA,CREAM,130,PI-ING-000180,CREAM-GTIN-4036300066749,KANDYDAT_PR,VERIFY_CANDIDATE,"EAN printed on a page serving this market + label facts (ingredients, nutrition) from manufacturer/retailer",Oldenburger Whipping Cream 30% fat UHT,Oldenburger,200 g,4036300066749,"Official exact 200 g product page provides all seven nutrition fields per 100 ml and ingredients. Official assortment catalogue 2023/24, final page, identifies 30% 200 g SKU 7774, EN/CN language pack, single-unit EAN 4036300066749 (outer-case EAN 4036300666741). Oldenburger Dairy (Shanghai) own SIAL China listing and JD catalogue list the exact 30% 200 g cream locally.",WŁASNY PROFIL PR — rzeczywista etykieta,0,Dane kompletne. Końcowy PR poza Mapperem według istniejącej konwencji.,Exact target 30%. Retail carton net quantity is 200 g; manufacturer nutrition table says per 100 ml. No 1 kg EAN reused.,AUTO PO AKCEPTACJI,LEAD,EAN_ON_GENERIC_TLD_PAGE,https://www.oldenburger-professional.com/media/13/8d/af/1696234639/OLB%20Assortmentlist%202023_2024_combined.pdf
CN,★★★★,GREATER_CHINA,SMP,35,PI-ING-000270,SMP-GTIN-09300639999005,KANDYDAT_PR,VERIFY_CANDIDATE,"EAN printed on a page serving this market + label facts (ingredients, nutrition) from manufacturer/retailer",Devondale Instant Skim Milk Powder (德运脱脂奶粉),Devondale,1 kg,9300639999005,"Chiński detalista Ping He Tang: 德运脱脂奶粉1 KG/袋,  kod kreskowy 9300639999005,  cena 112 CNY. Makra z australijskiej oferty tego samego produktu.",Własny profil SMP — Engine przelicza rzeczywiste dane i jawne estymacje,0.09999999999999998,błonnik: PI-ING-000270 (0 /100 g). Makra dla wersji AU o tym samym GTIN; sprawdzić etykietę importowanej partii,Zastąpiono niepotwierdzony kod użytkownika 9310036021665 kodem 9300639999005 potwierdzonym lokalnie. Nie używać tabeli mleka po rozpuszczeniu.,AUTO PO AKCEPTACJI,LEAD,PAGE_WITHOUT_EAN,https://www.devondale.com.au/en/products/milk/skim-milk-powder
CN,★★★★,GREATER_CHINA,DEXTROSE,30,PI-ING-000494,DEX-CN-PRODUCT,WYMAGA_ETYKIETY,LABEL_EVIDENCE_MISSING,label/composition evidence missing — current label (ingredients + nutrition per 100 g/ml),Dextrose monohydrate food grade,TNJ Chemical,25 kg papierowy worek,,Producent wskazuje CAS 5996-10-1 i wzór C6H12O6.H2O; food grade; 25 kg.,Postać monohydrat; NIP i model aktywności osobno,0,"PI-ING-000494 uzupełnia: kcal=364; tłuszcz=0; nasycone=0; węglowodany=90.9; cukry=90.9; białko=0; sól=0; błonnik=0 /100g. To oszacowanie, nie deklaracja etykiety. MODEL PI: 90,9g aktywnej dekstrozy +9,1g wody/100g; nie jest pomiarem partii. Czystość suchej masy i zaokrąglone cukry NIP nie zastępują CoA. Zamówić wyłącznie wariant food grade (strona obejmuje również gatunki farmaceutyczne). NIP i alergeny nie opublikowane.",Nie potwierdzono pierwotnego ogólnego produktu Zhaojun 500 g ani EAN 6920150301147. Zastąpiono nazwanym produktem B2B.,AUTO PO AKCEPTACJI,BRAK,NO_EAN_IN_V7,https://www.tnjchem.com/dextrose-monohydrate-food-grade-at-factory-price_p2824.html
CN,★★★★,GREATER_CHINA,TARA,3,PI-ING-000492,TARA-CN-PRODUCT,WYMAGA_ETYKIETY,LABEL_EVIDENCE_MISSING,label/composition evidence missing — current label (ingredients + nutrition per 100 g/ml),"他拉胶 / 刺云实胶 / 塔拉胶 (Tara gum), food grade",大丰收 (Dafengshou),25 kg,,"B2B; Supplier listing states 25kg, food grade, brand Dafengshou, China/Xi'an origin, domestic/non-imported, local Xi'an contact address, endosperm source. General prose gives polysaccharide 80–84% and protein 3–4%; these are not a product nutrition panel and were not assigned as nutrient values.","Energia źródła, jeśli dostępna; brakujące pola z PI. Nie narzucano zgodności różnych konwencji znakowania.",0,"ESTIMATED z PI-ING-000492: kcal=180; tłuszcz=0.5; nasycone=0; węglowodany dostępne=1.5; cukry=0; białko=2; sól=0; błonnik=86.5 /100 g. To model, nie etykieta produktu. Aktywność względna=1 wyłącznie MODEL PI, nie oznaczenie handlowej partii. Dawka odniesienia 3 g/1000 g (0,3%) bez automatycznego skalowania. Lepkość ani 100% składnika nie oznaczają 100% galaktomannanu. Woda 9,5 g/100 g: ESTIMATED z PI; brak oznaczenia produktu. Local Xi'an food-ingredient supplier with 25kg package and price tiers starting at 1kg; quote, lot COA and current stock to confirm. Listing updated 2025-02-27.","CAS/EINECS are substance identifiers, not EAN. Do not convert seller 99% effective substance or general polysaccharide range into fiber nutrition. Chinese origin is the seller's product-origin field, not proof of botanical cultivation country.",AUTO PO AKCEPTACJI,BRAK,NO_EAN_IN_V7,https://www.dafengshou88.com/products/show13150638.html
HR,★★★★,EU27,MILK,672,PI-ING-000236,MILK-GTIN-3838800040578,KANDYDAT_PR,VERIFY_CANDIDATE,"EAN printed on a page serving this market + label facts (ingredients, nutrition) from manufacturer/retailer","Alpsko trajno mlijeko 3,5% m.m. 1 l",Alpsko / Ljubljanske mlekarne,1 l karton UHT,3838800040578,"Konzum HR potwierdza lokalną ofertę dokładnego mleka Alpsko 3,5% 1 l i pełną tabelę 100 g/ml: 266 kJ/64 kcal, tłuszcz 3,5, nasycone 2,3, węglowodany/cukry 4,7, białko 3,3, sól 0,12. Dukatshop HR potwierdza ten produkt, skład, lokalnego dystrybutora Dukat oraz EAN w URL. Tus C&C jawnie wymienia EAN 3838800040578 dla Alpsko pełnego 1 l. Błonnika źródło nie deklaruje.",WŁASNY PROFIL PR — przeliczenie z rzeczywistej etykiety,0,Dane kompletne. Końcowy PR poza Mapperem według istniejącej konwencji.,"Zamiana K Plus z niepewnym przypisaniem kodu na identyczny funkcjonalnie produkt 3,5% Alpsko, z pełną kartą w Konzum i potwierdzonym EAN.",AUTO PO AKCEPTACJI,LEAD,MARKET_PAGE_WITHOUT_EAN,https://www.konzum.hr/web/products/alpsko-trajno-mlijeko-3-5-m-m-1-l
HR,★★★★,EU27,CREAM,130,PI-ING-000180,CREAM-GTIN-3850354001348,KANDYDAT_PR,VERIFY_CANDIDATE,"EAN printed on a page serving this market + label facts (ingredients, nutrition) from manufacturer/retailer",Dukat Brzo & Fino Vrhnje za šlag 33%,Brzo & Fino,500 g carton,3850354001348,"Konzum Croatia: dokładne500g33%, pełny7-polowy profil100g/ml, skład i oferta4.29EUR. OficjalnyDukatshopłączy500g zeGTIN3850354001348; lokalnyBirotapotwierdzaGTIN dlavrhnjezašlagDukat0.5l.",WŁASNY PROFIL PR — rzeczywista etykieta,3,Dane kompletne. Końcowy PR poza Mapperem według istniejącej konwencji.,"Bliższe33% zamiast36%Vindija. Podany przez użytkownika3850108033649 toVindija1L, nie500ml. Brzo&Fino nie zawiera cukru dodanego ani roślinnego tłuszczu zastępującego śmietankę.",AUTO PO AKCEPTACJI,CONFIRMED,EAN_ON_MARKET_PAGE,https://shop.birota.hr/Katalog/RobeView?g=4714
HR,★★★★,EU27,SMP,35,PI-ING-000270,SMP-GTIN-03850355001132,KANDYDAT_PR,VERIFY_CANDIDATE,"EAN printed on a page serving this market + label facts (ingredients, nutrition) from manufacturer/retailer",Obrano mlijeko u prahu 1% m.m.,Dukat,1 kg,3850355001132,"Oficjalny Dukat webshop podaje SKU 11113, GTIN w adresie, 1 kg, pełną tabelę 100 g oraz opis obranego mleka. Cijene potwierdza GTIN 3850355001132 i lokalne sklepy. Oficjalny katalog promocji Dukat/Kaufland również wymienia ten EAN. Pakuje Dukat w Zagrzebiu.",Własny profil SMP — Engine przelicza rzeczywiste dane i jawne estymacje,0.7,"błonnik: PI-ING-000270 (0 /100 g). Oficjalny sklep na subdomenie razvoj; niezależna aktualna lokalna oferta potwierdzona przez Cijene. Nazwa 1% kontra tabela 1,5% wymaga zachowania jawnej rozbieżności.",Zastępuje pełnotłusty Dukat 26% i niepotwierdzony kod z ODT. Prawdziwy odtłuszczony Dukat jest dostępny detalicznie. Nie użyto tabeli rekonstytuowanego mleka (91 g proszku/litr).,AUTO PO AKCEPTACJI,LEAD,EAN_ON_AGGREGATOR,https://www.cijene.hr/mlijeko/dukat-obrano-mlijeko-u-prahu-1-mm-1-kg-cijena-749180081
HR,★★★★,EU27,DEXTROSE,30,PI-ING-000494,DEX-GTIN-08588006139983,KANDYDAT_PR,VERIFY_CANDIDATE,"EAN printed on a page serving this market + label facts (ingredients, nutrition) from manufacturer/retailer","Dekstroza - GymBeam, bez dodatków smakowych",GymBeam,1000 g,8588006139983,W składzie i tabeli substancji czynnych producent wprost wymienia krystaliczny monohydrat D-glukozy; 100 g monohydratu / 100 g produktu.,Postać monohydrat; NIP i model aktywności osobno,0,"PI-ING-000494 uzupełnia: błonnik=0 /100g. To oszacowanie, nie deklaracja etykiety. MODEL PI: 90,9g aktywnej dekstrozy +9,1g wody/100g; nie jest pomiarem partii. Czystość suchej masy i zaokrąglone cukry NIP nie zastępują CoA. Jednoskładnikowy spożywczy proszek (sprzedawany jako suplement). Forma monohydratu potwierdzona; 91% to zaokrąglona deklaracja producenta, nie wynik oznaczenia czystości/wody. Do PI 90,9%/9,1% stosować jawnie założenie stechiometryczne. Uwaga dokumentacyjna: ogólny blok ostrzeżeń strony zawiera sformułowanie o substancjach słodzących; skład nadal wymienia wyłącznie monohydrat i tabela deklaruje 100 g monohydratu/100 g.",Zamieniono sugerowane tabletki i produkty wzbogacane witaminami na jednoskładnikowy proszek monohydratu.,AUTO PO AKCEPTACJI,CONFIRMED,EAN_ON_MARKET_PAGE,https://gymbeam.hr/dekstroza-gymbeam.html
HR,★★★★,EU27,TARA,3,PI-ING-000492,TARA-GTIN-08055728540170,KANDYDAT_PR,VERIFY_CANDIDATE,"EAN printed on a page serving this market + label facts (ingredients, nutrition) from manufacturer/retailer",SaporePuro Farina di Semi di Tara / Gomma di Tara E417,SaporePuro,50 g,8055728540170,IMPORT; SaporePuro manufacturer TDS revision 17/07/2026: sole ingredient E417; per 100 g nutrition and moisture on page 10; allergy information on pages 1–2 and 11–12. EU shipping coverage is explicit. Other product sources are included only to document a rejected local candidate.,"Energia źródła, jeśli dostępna; brakujące pola z PI. Nie narzucano zgodności różnych konwencji znakowania.",0,"Wszystkie 8 pól z etykiety/TDS lub jawnego przeliczenia porcji/sodu/błonnika. Aktywność względna=1 wyłącznie MODEL PI, nie oznaczenie handlowej partii. Dawka odniesienia 3 g/1000 g (0,3%) bez automatycznego skalowania. Lepkość ani 100% składnika nie oznaczają 100% galaktomannanu. Woda z TDS: 7 g/100 g; TDS reference moisture 7%, not a batch measurement. Storefront states <9.11%; source discrepancy retained. IMPORT from Italy to Croatia. Manufacturer lists the selected 50 g variant available. Shipping policy expressly covers the EU, with estimated delivery in 3–7 working days; final postcode and charges at checkout. Countries are covered as an EU bloc, not individually named.","GourmetShop lists Sosa Tara Gumi 700 g (1TEGO212), currently out of stock. Sosa TDS permits sugar standardization, so the verified sole-ingredient alternative is selected. Do not reuse user EAN8052744883445: unverified and different from secondary250g barcode lead. Do not confuse this E417 ingredient with SaporePuro Neutro stabilizer containing maltodextrin/tara/guar. Current TDS takes precedence over storefront moisture/viscosity values. AKTUALIZACJA: oficjalny JSON producenta potwierdza dla 50 g SKU SPGT50 i EAN 8055728540170; poprzedni brak identyfikatora zamknięty.",AUTO PO AKCEPTACJI,LEAD,EAN_ON_GENERIC_TLD_PAGE,https://saporepuro.com/products/farina-di-semi-di-tara-gomma-di-tara-origine-peru-e417-confezionato-in-italia-1
CY,★★★★,EU27,MILK,672,PI-ING-000236,MILK-CY-MEGGLE-UHT-35-1L,KANDYDAT_PR,VERIFY_CANDIDATE,"EAN printed on a page serving this market + label facts (ingredients, nutrition) from manufacturer/retailer","MEGGLE UHT Whole Milk 3,5% 1 L",MEGGLE,1 L,8585002504432,Sklavenitis/Wolt Cyprus potwierdza exact EAN i produkt,WŁASNY PROFIL PR — przeliczenie z rzeczywistej etykiety,0,Dane kompletne. Końcowy PR poza Mapperem według istniejącej konwencji.,Najbliższy powszechny wariant krajowy; wartości exact PR wygrywają z PI.,AUTO PO AKCEPTACJI,LEAD,EAN_ON_MARKETPLACE_MARKET_PAGE,https://wolt.com/en/cyp/ammochostos/venue/sklavenitis-paralimni/meggle-uht-whole-milk-3-5-fat-1lt-8585002504432-713974-itemid-2a4ee6410142efb41258dd27
CY,★★★★,EU27,CREAM,130,PI-ING-000180,CREAM-GTIN-5290036002436,KANDYDAT_PR,VERIFY_CANDIDATE,"EAN printed on a page serving this market + label facts (ingredients, nutrition) from manufacturer/retailer",Charalambides Christis Dairy Whipping Cream 35% 500 ml,Charalambides Christis,500 ml,5290036002436,"Cypryjski producent podaje pełne 7 pól na 100 ml, skład, pochodzenie Cyprus i opakowanie 500 ml. SupermarketCY i lokalny Spyros poprzez Fetch publikują jednostkowy kod 5290036002436 oraz ofertę dokładnego wariantu 35% 500 ml.",WŁASNY PROFIL PR — rzeczywista etykieta,5.100000000000001,Dane kompletne. Końcowy PR poza Mapperem według istniejącej konwencji.,"Zastąpiono niepotwierdzony lokalnie Oldenburger 30% lokalną śmietanką 35%. Nominalnie 35%, rzeczywista deklaracja tłuszczu 35.1 g. Skorygowano dane użytkownika według producenta, zwłaszcza białko 2.0 g i sól 0.06 g.",AUTO PO AKCEPTACJI,LEAD,MARKET_PAGE_WITHOUT_EAN,https://en.charalambideschristis.com.cy/products/manufactured/cream-en/whipping-cream-en/dairy-cream-en
CY,★★★★,EU27,SMP,35,PI-ING-000270,SMP-GTIN-03043939531112,KANDYDAT_PR,VERIFY_CANDIDATE,"EAN printed on a page serving this market + label facts (ingredients, nutrition) from manufacturer/retailer",Instant Skimmed Milk Powder With 0% Fat,Régilait,puszka 300 g,3043939531112,"Alphamega podaje pełne siedem makr na 100 g proszku, 300 g, skład z witaminami A/D3/C i alergeny. SupermarketCy potwierdza kod 3043939531112 dla 300 g.",Własny profil SMP — Engine przelicza rzeczywiste dane i jawne estymacje,0,błonnik: PI-ING-000270 (0 /100 g). Wariant eksportowy różni się kodem i składem od francuskiego kartonu 300 g.,Nie potwierdzono EAN 3120150125439 z ODT; zastąpiono go kodem 3043939531112 z lokalnej oferty.,AUTO PO AKCEPTACJI,LEAD,MARKET_PAGE_WITHOUT_EAN,https://www.alphamega.com.cy/en/groceries/food-cupboard/coffee-tea-cocoa/coffee/instant-coffee/regilait-instant-skimmed-milk-powder-with-0-fat-300-g
CY,★★★★,EU27,DEXTROSE,30,PI-ING-000494,DEX-CY-PRODUCT,WYMAGA_GTIN,GTIN_MISSING,barcode not established for the chosen pack — label photo or market page printing the GTIN,Prozis Dextrose900g (3-pack),Prozis,3×900 g,,Lokalny sprzedawca podaje Dextrose Monohydrate w składzie.,Postać monohydrat; NIP i model aktywności osobno,0,"PI-ING-000494 uzupełnia: błonnik=0 /100g. To oszacowanie, nie deklaracja etykiety. MODEL PI: 90,9g aktywnej dekstrozy +9,1g wody/100g; nie jest pomiarem partii. Czystość suchej masy i zaokrąglone cukry NIP nie zastępują CoA. Ostatnie sztuki w magazynie.",Warriorlab nie ma dowodu monohydratu i podaje100g węglowodanów/100g. Zastąpiono jawnie jednowodnym Prozis.,AUTO PO AKCEPTACJI,BRAK,NO_EAN_IN_V7,https://www.cycheapersupplements.com/muscle-mass/11699-3x-prozis-dextrose-900-g-22-servings-2700-g-66-servings.html
CY,★★★★,EU27,TARA,3,PI-ING-000492,TARA-GTIN-08055728540170,KANDYDAT_PR,VERIFY_CANDIDATE,"EAN printed on a page serving this market + label facts (ingredients, nutrition) from manufacturer/retailer",SaporePuro Farina di Semi di Tara / Gomma di Tara E417,SaporePuro,50 g,8055728540170,"IMPORT; Manufacturer TDS revision 17 July 2026: pages 1–2 ingredient, origin and milk warning; page 10 nutrition per 100 g and moisture; pages 11–12 allergen matrix. Shipping policy covers the EU as a bloc, UK and Switzerland. EU shipping: 0–5 kg EUR18; free above EUR50. Individual EU countries are not enumerated.","Energia źródła, jeśli dostępna; brakujące pola z PI. Nie narzucano zgodności różnych konwencji znakowania.",0,"Wszystkie 8 pól z etykiety/TDS lub jawnego przeliczenia porcji/sodu/błonnika. Aktywność względna=1 wyłącznie MODEL PI, nie oznaczenie handlowej partii. Dawka odniesienia 3 g/1000 g (0,3%) bez automatycznego skalowania. Lepkość ani 100% składnika nie oznaczają 100% galaktomannanu. Woda z TDS: 7 g/100 g; TDS moisture 7% is a stated reference value, not a batch measurement. Storefront instead says <9.11%; source conflict retained. Selected 50 g variant available at review (348 units shown); 250 g and 1 kg also offered. Shipping policy explicitly covers the EU with an estimated 3–7 working days. Final stock and postcode acceptance require checkout.","User EAN 8052744883445 is unverified. Do not confuse this sole-ingredient E417 gum with SaporePuro Neutro containing maltodextrin, tara and guar. Prefer current TDS over differing storefront moisture and viscosity data. AKTUALIZACJA: oficjalny JSON producenta potwierdza dla 50 g SKU SPGT50 i EAN 8055728540170; poprzedni brak identyfikatora zamknięty.",AUTO PO AKCEPTACJI,LEAD,EAN_ON_GENERIC_TLD_PAGE,https://saporepuro.com/products/farina-di-semi-di-tara-gomma-di-tara-origine-peru-e417-confezionato-in-italia-1
CZ,★★★★,EU27,MILK,672,PI-ING-000236,MILK-GTIN-8593803224015,KANDYDAT_PR,VERIFY_CANDIDATE,"EAN printed on a page serving this market + label facts (ingredients, nutrition) from manufacturer/retailer",Madeta Jihočeské mléko trvanlivé plnotučné 3.5% 1L,Madeta,1 L karton UHT,8593803224015,"Czeski sklep Agrola na jednej karcie potwierdza EAN8593803224015,1,000ml,markę Madeta, dostawę w Czechach i tabelę100ml:266kJ/64kcal,fat3.5,sat2.3,carbs4.8,sugars4.8,protein3.2,salt0.1. Wszystkie wartości zgodne z oficjalną kartą producenta dokładnego UHT3.5%1L.",WŁASNY PROFIL PR — przeliczenie z rzeczywistej etykiety,0,Dane kompletne. Końcowy PR poza Mapperem według istniejącej konwencji.,Dokładny SKU Madeta zamyka brak EAN; nie mieszano z mlekiem ESL/świeżym.,AUTO PO AKCEPTACJI,CONFIRMED,EAN_ON_MARKET_PAGE,https://eshop.agrola.cz/trvanlive/800-mleko-trvanlive-plnot35-8593803224015.html
CZ,★★★★,EU27,CREAM,130,PI-ING-000180,CREAM-GTIN-8585002520043,KANDYDAT_PR,VERIFY_CANDIDATE,"EAN printed on a page serving this market + label facts (ingredients, nutrition) from manufacturer/retailer",Meggle Smetana ke šlehání 30%,MEGGLE Slovakia,250 ml carton,8585002520043,"Oficjalna MeggleCZ karta publikuje GTIN produktu (oddzielny od kartonu),250ml, pełne7 wartości/100g oraz sieci lokalnej sprzedaży. Globus potwierdza250ml i dostępną ofertę. Karta sprzedawcy Allegro CZ dla tego samego EAN 8585002520043 potwierdza skład: śmietanka, odtłuszczone mleko w proszku, karagen.",WŁASNY PROFIL PR — rzeczywista etykieta,0,Dane kompletne. Końcowy PR poza Mapperem według istniejącej konwencji.,Nie mieszać z200ml/HU290kcal/P2.3 ani błędną kartąFoodo10%fat.,AUTO PO AKCEPTACJI,CONFIRMED,EAN_ON_MARKET_PAGE,https://globusonline.cz/p/meggle-smetana-ke-slehani-30-tuku-250-ml
CZ,★★★★,EU27,SMP,35,PI-ING-000270,SMP-GTIN-08369921447533,KANDYDAT_PR,VERIFY_CANDIDATE,"EAN printed on a page serving this market + label facts (ingredients, nutrition) from manufacturer/retailer",Sušené odtučněné mléko ALMECO,ALMECO,150 g,8369921447533,"Cukrar-shop: aktualny tytuł i opis ALMECO odtłuszczone 150 g, EAN 8369921447533, cena i koszyk; komplet makro na 100 g. Pastry: ta sama receptura ALMECO i tabela dla worka 2 kg potwierdzają wartości.",Własny profil SMP — Engine przelicza rzeczywiste dane i jawne estymacje,0.5,błonnik: PI-ING-000270 (0 /100 g). Lokalny czeski sklep cukierniczy; wariant detaliczny 150 g.,"Historyczny slug URL zawiera plnotucne-400g, ale aktualna strona jednoznacznie dotyczy odtłuszczonego ALMECO 150 g. Nie stosować błędnego 12-cyfrowego EAN 859173120531 ze strony 2 kg.",AUTO PO AKCEPTACJI,CONFIRMED,EAN_ON_MARKET_PAGE,https://www.cukrar-shop.cz/Susene-mleko-plnotucne-400g-d2388.htm
CZ,★★★★,EU27,DEXTROSE,30,PI-ING-000494,DEX-GTIN-08588006139983,KANDYDAT_PR,VERIFY_CANDIDATE,"EAN printed on a page serving this market + label facts (ingredients, nutrition) from manufacturer/retailer","Dextróza - GymBeam, bez dodatków smakowych",GymBeam,1000 g,8588006139983,W składzie i tabeli substancji czynnych producent wprost wymienia krystaliczny monohydrat D-glukozy; 100 g monohydratu / 100 g produktu.,Postać monohydrat; NIP i model aktywności osobno,0,"PI-ING-000494 uzupełnia: błonnik=0 /100g. To oszacowanie, nie deklaracja etykiety. MODEL PI: 90,9g aktywnej dekstrozy +9,1g wody/100g; nie jest pomiarem partii. Czystość suchej masy i zaokrąglone cukry NIP nie zastępują CoA. Jednoskładnikowy spożywczy proszek (sprzedawany jako suplement). Forma monohydratu potwierdzona; 91% to zaokrąglona deklaracja producenta, nie wynik oznaczenia czystości/wody. Do PI 90,9%/9,1% stosować jawnie założenie stechiometryczne. Uwaga dokumentacyjna: ogólny blok ostrzeżeń strony zawiera sformułowanie o substancjach słodzących; skład nadal wymienia wyłącznie monohydrat i tabela deklaruje 100 g monohydratu/100 g.",Dodano zweryfikowany produkt na rynku czeskim.,AUTO PO AKCEPTACJI,CONFIRMED,EAN_ON_MARKET_PAGE,https://gymbeam.cz/dextroza-1000-g-gym-beam.html
CZ,★★★★,EU27,TARA,3,PI-ING-000492,TARA-CZ-PRODUCT,WYMAGA_ETYKIETY,LABEL_EVIDENCE_MISSING,label/composition evidence missing — current label (ingredients + nutrition per 100 g/ml),Guma Tara Valknut / Tara guma Valknut,Valknut,500 g,,"LOCAL; SKU VAL444, 500 g. Retailer NIP gives 742 kJ/185 kcal, fat 0.13 g, carbohydrates 86.63 g, protein 2.26 g per 100 g. Energy pair is inconsistent; carbohydrate convention is unstated and fiber absent, so 86.63 g must not be treated as available carbohydrate or combined with estimated fiber.",SPRZECZNE ŹRÓDŁO: energia została jawnie zastąpiona PI.,0,"ESTIMATED z PI-ING-000492: kcal=180; nasycone=0; węglowodany dostępne=1.5; cukry=0; sól=0; błonnik=86.5 /100 g. To model, nie etykieta produktu. Aktywność względna=1 wyłącznie MODEL PI, nie oznaczenie handlowej partii. Dawka odniesienia 3 g/1000 g (0,3%) bez automatycznego skalowania. Lepkość ani 100% składnika nie oznaczają 100% galaktomannanu. Woda 9,5 g/100 g: ESTIMATED z PI; brak oznaczenia produktu. CZ: retail product in stock; domestic PPL/GLS delivery listed.","Selected a food product explicitly labelled 100% E417. Retain raw values for audit, but replace disputed energy/carbohydrate inputs with flagged PI estimates; no barcode guessed.",AUTO PO AKCEPTACJI,BRAK,NO_EAN_IN_V7,https://www.valknut.cz/guma-tara-valknut/
DO,★★★★,LATAM_NORTH_ANDEAN,MILK,672,PI-ING-000236,MILK-GTIN-4100290023195,KANDYDAT_PR,VERIFY_CANDIDATE,"EAN printed on a page serving this market + label facts (ingredients, nutrition) from manufacturer/retailer",Milex Leche UHT Entera 1 L,Milex,1 L,4100290023195,"Dominikański Lindo Market wiąże EAN 4100290023195 z Milex UHT Entera 1 L. Oficjalna regionalna karta Arla publikuje wszystkie siedem pól na 100 g; zachowano dokładnie deklarowaną sól 0,05 g. Hipermercados Iberia potwierdza lokalną ofertę tego mleka. Nie użyto innego kodu 5000181035582 z porównywarki.",WŁASNY PROFIL PR — przeliczenie z rzeczywistej etykiety,0.10000000000000009,Dane kompletne. Końcowy PR poza Mapperem według istniejącej konwencji.,Bravo bez pewnego kodu zastąpiono lokalnie oferowanym Milex z regionalną kartą producenta i kodem potwierdzonym u detalisty.,AUTO PO AKCEPTACJI,CONFIRMED,EAN_ON_MARKET_PAGE,https://www.arla.com/es-do/productos/milex-leche-entera-1l-194976/
DO,★★★★,LATAM_NORTH_ANDEAN,CREAM,130,PI-ING-000180,CREAM-GTIN-30028777,KANDYDAT_PR,VERIFY_CANDIDATE,"EAN printed on a page serving this market + label facts (ingredients, nutrition) from manufacturer/retailer",Elle & Vire Crème Liquide Whipping Cream UHT 35% 200 ml,Elle & Vire,200 ml carton,30028777,"Nacional local Dominican Republic primary retailer specifies 20 cl, 35% whipping cream, recipe cream+carrageenan and kcal335/fat35/carbs2.9/sugar2.9/protein2.1; product front image inspected confirms 200 ml UHT 35% variant. Savencia technical sheet 09/2021 covers this exact 200 ml whipping cream: EAN-8 30028777, full7 per100ml 335/35/24.6/2.9/2.9/2.1/.07, fibre0. EAN-8 checksum valid; do not pad to EAN13 or mistake for retail SKU.",WŁASNY PROFIL PR — rzeczywista etykieta,5,Dane kompletne. Końcowy PR poza Mapperem według istniejącej konwencji.,"Replaced incomplete original and generic Elle&Vire1L candidate: local 1L can mean Advantage15%, not Excellence35%. Use plain 35%200ml. Nacional labels .07g as Sodio; manufacturer explicitly states .07g SALT (.03g sodium rounded), so use manufacturer salt.",AUTO PO AKCEPTACJI,LEAD,EAN_ON_GENERIC_TLD_PAGE,https://savencia.kameleon-apps.com/storage/2022/09/26720909.pdf
DO,★★★★,LATAM_NORTH_ANDEAN,SMP,35,PI-ING-000270,SMP-DO-SKU,WYMAGA_ETYKIETY,LABEL_EVIDENCE_MISSING,label/composition evidence missing — current label (ingredients + nutrition per 100 g/ml),Milex Polvo Descremada Slim,Milex,torebka 800 g,,"Oficjalna strona Arla dla Dominikany podaje skład, format 800 g oraz na 100 g: 1500 kJ / 355 kcal, tłuszcz 1 g i białko 32 g. Nasycone, węglowodany, cukry i sól producent publikuje jako kreski. Nacional potwierdza ten profil i rzeczywisty lokalny SKU; MercaSID potwierdza dystrybucję wariantu Slim 800 g.",Własny profil SMP — Engine przelicza rzeczywiste dane i jawne estymacje,0.19999999999999996,"Nasycone: 0,625 × tłuszcz (proporcja z pełnej etykiety Régilait 0,5/0,8); PI ma niewiarygodne 0. węglowodany: PI-ING-000270 (51.98 /100 g). Cukry: MIN(PI 51 g, węglowodany PR). sól: PI-ING-000270 (1.2 /100 g). błonnik: PI-ING-000270 (0 /100 g). Brak nasyconych, węglowodanów, cukrów i soli wymaga jawnej estymacji. Miejsce produkcji niepotwierdzone. Kandydat EAN: https://prices.nedostavka.net/en/product/5760466991254 oraz https://farmacias.do/producto/milex-descremada-slim-800grm-5760466991254. Brak GTIN; użyto identyfikatora SKU/TDS.","Kreski z tabeli producenta nie oznaczają zera. Nie użyto instrukcji przygotowania z tej strony, gdyż błędnie odnoszą się do Milex Sin Lactosa. Kandydat EAN 5760466991254 występuje w porównywarkach, lecz nie został potwierdzony w źródle producenta lub sklepu; EAN pozostaje null.",AUTO PO AKCEPTACJI,BRAK,NO_EAN_IN_V7,https://www.arla.com/es-do/productos/milex-polvo-descremada-194961/
DO,★★★★,LATAM_NORTH_ANDEAN,DEXTROSE,30,PI-ING-000494,DEX-DO-PRODUCT,WYMAGA_ETYKIETY,LABEL_EVIDENCE_MISSING,label/composition evidence missing — current label (ingredients + nutrition per 100 g/ml),Dextrosa Monohidratada,Multiquimica (dystrybutor),"25 kg, funda (worek)",,"Oficjalna karta produktu wprost nazywa substancję Dextrosa Monohidratada; zastosowania obejmują lody, słodycze i pieczywo.",Postać monohydrat; NIP i model aktywności osobno,0,"PI-ING-000494 uzupełnia: kcal=364; tłuszcz=0; nasycone=0; węglowodany=90.9; cukry=90.9; białko=0; sól=0; błonnik=0 /100g. To oszacowanie, nie deklaracja etykiety. MODEL PI: 90,9g aktywnej dekstrozy +9,1g wody/100g; nie jest pomiarem partii. Czystość suchej masy i zaokrąglone cukry NIP nie zastępują CoA. Wiarygodna oferta B 2 B rzeczywistego dostawcy dominikańskiego. Sama karta nakazuje potwierdzić dostępność w kraju; zapasu i natychmiastowego zakupu nie potwierdzono. Przed produkcją wymagana specyfikacja spożywcza/CoA partii; NIP i czystość nieznane.",Usunięto „uniwersalne” kody 0602573177651/0084534015093 niepowiązane z opakowaniem. Roztworymedyczne odrzucone. Zastąpiono katalog PalmaRosa z danymi szablonowymi ofertą Multiquimica z rzeczywistym SKU i zweryfikowaną tożsamością dostawcy; opakowanie zmieniono z 1 kg na 25 kg.,AUTO PO AKCEPTACJI,BRAK,NO_EAN_IN_V7,https://dgii.gov.do/cicloContribuyente/facturacion/comprobantesFiscalesElectronicosE-CF/Paginas/Implemantacion-FE-listado-grandes-contribuyentes-nacionales.aspx
DO,★★★★,LATAM_NORTH_ANDEAN,TARA,3,PI-ING-000492,TARA-MP-1508-50,WYMAGA_DOSTAWY,LOCAL_PURCHASE_PATH_MISSING,no evidenced local purchase/delivery path in this market,Tara Gum — Home 50g,Modernist Pantry,50 g (Home pack),819543011967,"UNCONFIRMED; Exact manufacturer 50 g back label visibly states UPC 819543011967 and nutrition per 100 g: 360 kcal, fat 1 g, saturates 0 g, total carbohydrate 85 g including fiber 85 g, sugars 0 g, protein 2 g, sodium 0 mg. Country-specific Yaxa catalogue has an indexed 50 g listing; full catalogue and exact-product delivery could not be retrieved. No stronger Dominican Republic delivery evidence was found in the bounded search.",ENERGIA DO WYJAŚNIENIA: etykieta 360 kcal/100 g; available carbs 0 g po odjęciu błonnika. Zachowano deklarowaną energię; przeliczenie 9/4/4/2 daje 187 kcal. Różna konwencja energii błonnika — nie używać do automatycznego znakowania UE.,0,"Wszystkie 8 pól z etykiety/TDS lub jawnego przeliczenia porcji/sodu/błonnika. Aktywność względna=1 wyłącznie MODEL PI, nie oznaczenie handlowej partii. Dawka odniesienia 3 g/1000 g (0,3%) bez automatycznego skalowania. Lepkość ani 100% składnika nie oznaczają 100% galaktomannanu. Woda 9,5 g/100 g: ESTIMATED z PI; brak oznaczenia produktu. Country catalogue search result lists Modernist Pantry Pure Tara Gum 50 g. Product-specific import delivery and stock were not verified; treat as a concrete candidate, not confirmed local availability.",Use verified manufacturer UPC rather than the unsupported user barcode. Label calories are preserved as declared; EU energy harmonization must be flagged separately. Total carbohydrates include fiber: do not add fiber or treat all 85 g as available carbohydrate. Do not treat the user Andean Star Ubuy claim or generic country storefront as confirmed delivery of the selected 50 g Modernist Pantry product.,AUTO PO AKCEPTACJI,LEAD,EAN_ON_GENERIC_TLD_PAGE,https://modernistpantry.com/products/tara-gum.html
EG,★★★★,EGYPT,MILK,672,PI-ING-000236,MILK-EG-JUHAYNA-UHT-30-1L,KANDYDAT_PR,VERIFY_CANDIDATE,"EAN printed on a page serving this market + label facts (ingredients, nutrition) from manufacturer/retailer","Juhayna Full Cream Milk UHT 3,0% 1 L",Juhayna,1 L,6223000350065,Juhayna + Carrefour/Spinneys Egypt + exact EAN,WŁASNY PROFIL PR — przeliczenie z rzeczywistej etykiety,-0.5,Dane kompletne. Końcowy PR poza Mapperem według istniejącej konwencji.,Najbliższy powszechny wariant krajowy; wartości exact PR wygrywają z PI.,AUTO PO AKCEPTACJI,CONFIRMED,EAN_ON_MARKET_PAGE,https://www.carrefouregypt.com/mafegy/en/full-cream-milk/juhayna-full-cream-milk-1l/p/12721
EG,★★★★,EGYPT,CREAM,130,PI-ING-000180,CREAM-GTIN-3161911703385,KANDYDAT_PR,VERIFY_CANDIDATE,"EAN printed on a page serving this market + label facts (ingredients, nutrition) from manufacturer/retailer",Elle & Vire Professionnel Excellence Whipping Cream UHT 35%,Elle & Vire,1 L brik (989 g net per official technical sheet),3161911703385,Manufacturer current product page links technical sheet explicitly giving GTIN3161911703385 for 1L Excellence Whipping Cream35%; ingredients and complete nutrients. Linked multilingual nutrition sheet explicitly states335kcal/35fat/24.6sat/2.9carbs/2.9sugars/2.1protein/.07salt/0fibre per100g. Amazon Egypt exact branded1L Excellence UHT Whipping listing verifies local market.,WŁASNY PROFIL PR — rzeczywista etykieta,5,Dane kompletne. Końcowy PR poza Mapperem według istniejącej konwencji.,"Verified dairy35% alternative: local Lamar cooking30% exists but no full exactsevenvalues was located (saturates and sugars undeclared in fetched sources). Nominal35 retained from official,current product recipe unchanged with new packaging. Official sameSKU net989g per1L preserved; app uses its stated100g=100ml convention.",AUTO PO AKCEPTACJI,LEAD,EAN_ONLY_ECHOED_FROM_URL_OR_QUERY,https://www.elle-et-vire.com/int/en/pro/creams/products/excellence-whipping-cream-35fat/
EG,★★★★,EGYPT,SMP,35,PI-ING-000270,SMP-GTIN-00733739058324,KANDYDAT_PR,VERIFY_CANDIDATE,"EAN printed on a page serving this market + label facts (ingredients, nutrition) from manufacturer/retailer",NOW Real Food Organic Non-Fat Dry Milk Powder,NOW Foods Real Food,torebka 12 oz (340 g),733739058324,"Indywidualnie odczytana karta katalogu eg.iherb.com: dokładna nazwa/340 g; In stock; Add to Cart; EGP704.06. Oficjalna strona wysyłki potwierdza kraj Egipt i przewoźnika: DHL Express, wysyłka z USA. Producent potwierdza UPC 733739058324, SKU5832, skład i tabelę dla 3 tbsp (24 g) = 8 oz milk. Masa suchego proszku jest jawnie udokumentowana, więc przeliczono ×100/24; sól z sodu100mg ×100/24 ×0,0025 =1,0416667 g/100g.",Własny profil SMP — Engine przelicza rzeczywiste dane i jawne estymacje,-0.8,"Wszystkie pola pochodzą z etykiety; przeliczenie masy porcji i sodu nie jest estymacją. Oferta importowa e-commerce do wskazanego kraju, nie dowód lokalnego magazynu ani powszechności w sklepach. Karta In stock i dostępny kanał wysyłki; dokładna dostawa do adresu, koszt i termin zależą od koszyka. Makro przeliczone z zaokrąglonych deklaracji amerykańskiej etykiety, zera nie są wynikiem analitycznym.","Wybrano w pełni udokumentowany SMP w krajowym kanale importowym zamiast produktu z niekompletną etykietą/dostępnością: Miro Skimmed Milk Powder Light (800 g). ODT EAN 6224000373070 (700 g) i 6224000373117 (20 g) niepotwierdzone — nie użyto. Wybrano jawnie zidentyfikowany lokalny format 800 g/SKU. Dane sklepowe 0 kcal/0 g carb/0 g cukrów to braki techniczne, nie rzeczywiste wartości. Wartości NOW 0 g fat/sat/fiber pochodzą z rzeczywistej tabeli24 g, nie z hasła 0%.",AUTO PO AKCEPTACJI,LEAD,EAN_ON_GENERIC_TLD_PAGE,https://www.nowfoods.com/products/natural-foods/non-fat-dry-milk-powder-organic
EG,★★★★,EGYPT,DEXTROSE,30,PI-ING-000494,DEX-EG-PRODUCT,WYMAGA_ETYKIETY,LABEL_EVIDENCE_MISSING,label/composition evidence missing — current label (ingredients + nutrition per 100 g/ml),Dextrose Powder 100% Pure 250g,Peak Supps,250 g,,Amazon Egypt exact 250g listing; manufacturer explicitly ingredients 100% Dextrose Monohydrate Powder from corn starch.,Postać monohydrat; NIP i model aktywności osobno,0,"PI-ING-000494 uzupełnia: nasycone=0; błonnik=0 /100g. To oszacowanie, nie deklaracja etykiety. MODEL PI: 90,9g aktywnej dekstrozy +9,1g wody/100g; nie jest pomiarem partii. Czystość suchej masy i zaokrąglone cukry NIP nie zastępują CoA. Supplier listing verified; confirm lot food grade, availability and specification","Original EAN not corroborated; use actual ASIN. Manufacturer allergen statement is None, not hypothetical factory warning.",AUTO PO AKCEPTACJI,BRAK,NO_EAN_IN_V7,https://www.amazon.eg/-/en/Dextrose-Powder-100-Pure-250g/dp/B00NA1KQ28
EG,★★★★,EGYPT,TARA,3,PI-ING-000492,TARA-EG-PRODUCT,WYMAGA_DOSTAWY,LOCAL_PURCHASE_PATH_MISSING,no evidenced local purchase/delivery path in this market,Cape Crystal Brands Tara Gum Powder,Cape Crystal Brands,14 oz (396.9 g),,"UNCONFIRMED; Egypt product listing identifies Cape Crystal14oz bag, stock, USA import and delivery date with conflicting restriction text. No package-specific barcode or nutritional label retrieved.","Energia źródła, jeśli dostępna; brakujące pola z PI. Nie narzucano zgodności różnych konwencji znakowania.",0,"ESTIMATED z PI-ING-000492: kcal=180; tłuszcz=0.5; nasycone=0; węglowodany dostępne=1.5; cukry=0; białko=2; sól=0; błonnik=86.5 /100 g. To model, nie etykieta produktu. Aktywność względna=1 wyłącznie MODEL PI, nie oznaczenie handlowej partii. Dawka odniesienia 3 g/1000 g (0,3%) bez automatycznego skalowania. Lepkość ani 100% składnika nie oznaczają 100% galaktomannanu. Woda 9,5 g/100 g: ESTIMATED z PI; brak oznaczenia produktu. Advertised USA import to Egypt: listing in stock on 2026-09-08, estimated arrival 2026-09-16, shipping/customs at checkout. However, the page also contains a Remove Restriction control and says not all listed products are for sale. Country fulfillment remains unconfirmed.",No Sosa or Rafex barcode transferred to Cape Crystal. Marketplace dietary and health marketing is not treated as an allergen guarantee or nutrient analysis.,AUTO PO AKCEPTACJI,BRAK,NO_EAN_IN_V7,https://www.capecrystalbrands.com/products/tara-gum
EE,★★★★,EU27,MILK,672,PI-ING-000236,MILK-EE-TERE-UHT-35-1L,KANDYDAT_PR,VERIFY_CANDIDATE,"EAN printed on a page serving this market + label facts (ingredients, nutrition) from manufacturer/retailer","Tere Cappuccino UHT Milk 3,5% 1 L",Tere,1 L,4740036009085,Producent + Rimi/Coop Estonia; exact EAN i profil,WŁASNY PROFIL PR — przeliczenie z rzeczywistej etykiety,0,Dane kompletne. Końcowy PR poza Mapperem według istniejącej konwencji.,Najbliższy powszechny wariant krajowy; wartości exact PR wygrywają z PI.,AUTO PO AKCEPTACJI,LEAD,MARKET_PAGE_WITHOUT_EAN,https://www.rimi.ee/epood/en/products/dairy-products-eggs-cheese/milk/high-pasteurized-milk/piim-cappuccino-tere-3-5-1l/p/286625
EE,★★★★,EU27,CREAM,130,PI-ING-000180,CREAM-GTIN-4740125220049,KANDYDAT_PR,VERIFY_CANDIDATE,"EAN printed on a page serving this market + label facts (ingredients, nutrition) from manufacturer/retailer",Alma vahukoor 35%,Valio Eesti AS / Alma,400 ml carton,4740125220049,"Valio producent: dokładne400ml, GTIN4740125220049, pełna tabela100g, skład i pochodzenie. COOP oferuje dokładnyGTIN w magazynie.",WŁASNY PROFIL PR — rzeczywista etykieta,5,Dane kompletne. Końcowy PR poza Mapperem według istniejącej konwencji.,Najbliższa udokumentowana zwykła lokalna śmietanka35%. Użyto337kcal/P2.5/Sat23 ze źródła producenta zamiast335/P2/Sat23.5 oraz błędnych35g węglowodanówCOOP.,AUTO PO AKCEPTACJI,CONFIRMED,EAN_ON_MARKET_PAGE,https://www.valio.ee/tooted/alma-vahukoor-35-400ml/
EE,★★★★,EU27,SMP,35,PI-ING-000270,SMP-GTIN-06408430840625,KANDYDAT_PR,VERIFY_CANDIDATE,"EAN printed on a page serving this market + label facts (ingredients, nutrition) from manufacturer/retailer",Piimapulber rasvavaba / rasvaton maitojauhe instant,Valio,400 g,6408430840625,"Estoński Kaupmees potwierdza lokalny produkt 400 g, EAN i C75619. Oficjalna Valio i S-kaupat podają pełne 7 wartości dla suchego proszku. Halpahalli wiąże EAN ze składem i oznacza bazę UNPREPARED 100 g.",Własny profil SMP — Engine przelicza rzeczywiste dane i jawne estymacje,-0.20000000000000007,błonnik: PI-ING-000270 (0 /100 g). Lokalna oferta estońska; wartości identycznego GTIN z fińskiej karty producenta.,ODT błędnie deklarował 100% mleko bez dodatków: etykieta zawiera lecytynę rzepakową i witaminę D. Nie mylić z niskotłuszczowym laktozowym wariantem EAN 6408430840618.,AUTO PO AKCEPTACJI,LEAD,EAN_ON_FOREIGN_MARKET_PAGE,https://www.valio.fi/tuotteet/valio-rasvaton-maitojauhe-instant/
EE,★★★★,EU27,DEXTROSE,30,PI-ING-000494,DEX-GTIN-04744130012590,WYMAGA_ETYKIETY,LABEL_EVIDENCE_MISSING,label/composition evidence missing — current label (ingredients + nutrition per 100 g/ml),"ICONFIT Dextro, czysta dekstroza w proszku",ICONFIT,1000 g,4744130012590,Producent wprost deklaruje pure dextrose monohydrate; skład jednoskładnikowy Dekstroos monohüdraat / Dekstrozes monohidrāts / Dextrose monohydrate.,Postać monohydrat; NIP i model aktywności osobno,0,"PI-ING-000494 uzupełnia: nasycone=0; sól=0; błonnik=0 /100g. To oszacowanie, nie deklaracja etykiety. MODEL PI: 90,9g aktywnej dekstrozy +9,1g wody/100g; nie jest pomiarem partii. Czystość suchej masy i zaokrąglone cukry NIP nie zastępują CoA. Forma monohydratu potwierdzona niezależnie od tabeli żywieniowej. Zachowano deklarację 92 g węglowodanów i 91,8 g cukrów; nie są to analityczne dane o czystości lub wodzie. PI 90,9%/9,1% wyłącznie jako jawne założenie stechiometryczne.","Wybrano zweryfikowaną alternatywę ICONFIT zamiast Alvo 400 g. Nie zakładano, że sam napis dekstroza potwierdza monohydrat. Starsza tabela EE/LT ma odwróconą kolejność kJ/kcal w nagłówku: 368/1541; poprawne jednostki potwierdza aktualna strona producenta LV/LT.",AUTO PO AKCEPTACJI,CONFIRMED,EAN_ON_MARKET_PAGE,https://iconfit.ee/products/dextrose
EE,★★★★,EU27,TARA,3,PI-ING-000492,TARA-GTIN-08055728540170,KANDYDAT_PR,VERIFY_CANDIDATE,"EAN printed on a page serving this market + label facts (ingredients, nutrition) from manufacturer/retailer",SaporePuro Farina di Semi di Tara / Gomma di Tara E417,SaporePuro,50 g,8055728540170,IMPORT; SaporePuro manufacturer TDS revision 17/07/2026: sole ingredient E417; per 100 g nutrition and moisture on page 10; allergy information on pages 1–2 and 11–12. EU shipping coverage is explicit.,"Energia źródła, jeśli dostępna; brakujące pola z PI. Nie narzucano zgodności różnych konwencji znakowania.",0,"Wszystkie 8 pól z etykiety/TDS lub jawnego przeliczenia porcji/sodu/błonnika. Aktywność względna=1 wyłącznie MODEL PI, nie oznaczenie handlowej partii. Dawka odniesienia 3 g/1000 g (0,3%) bez automatycznego skalowania. Lepkość ani 100% składnika nie oznaczają 100% galaktomannanu. Woda z TDS: 7 g/100 g; TDS reference moisture 7%, not a batch measurement. Storefront states <9.11%; source discrepancy retained. IMPORT from Italy to Estonia. Manufacturer lists the selected 50 g variant available. Shipping policy expressly covers the EU, with estimated delivery in 3–7 working days; final postcode and charges at checkout. Countries are covered as an EU bloc, not individually named.",The original Gemoss/Kaupmees local-distribution assertions were not corroborated for this exact ingredient; select the verified EU import route. Do not reuse user EAN8052744883445: unverified and different from secondary250g barcode lead. Do not confuse this E417 ingredient with SaporePuro Neutro stabilizer containing maltodextrin/tara/guar. Current TDS takes precedence over storefront moisture/viscosity values. AKTUALIZACJA: oficjalny JSON producenta potwierdza dla 50 g SKU SPGT50 i EAN 8055728540170; poprzedni brak identyfikatora zamknięty.,AUTO PO AKCEPTACJI,LEAD,EAN_ON_GENERIC_TLD_PAGE,https://saporepuro.com/products/farina-di-semi-di-tara-gomma-di-tara-origine-peru-e417-confezionato-in-italia-1
PH,★★★★,ASEAN,MILK,672,PI-ING-000236,MILK-GTIN-5701215046832,KANDYDAT_PR,VERIFY_CANDIDATE,"EAN printed on a page serving this market + label facts (ingredients, nutrition) from manufacturer/retailer",Emborg Full Cream Milk 3.5% 1L,Emborg,"1 L, karton UHT",5701215046832,"Emborg: oficjalna karta produktu 1L, 3.5%, cow's milk, pełny profil per100mL, aktualizacja 18.03.2026. PTC Commercial i Foodplus PH: dystrybucja filipińska, exact 1L/full cream/UHT3.5. MaxMart i Meatup: dokładny wariant 1L z GTIN 5701215046832. EAN nie pochodzi z domysłu dotyczącego marki. Cały profil odżywczy z jednej oficjalnej karty, nie z innego rynku/SKU.",WŁASNY PROFIL PR — przeliczenie z rzeczywistej etykiety,0,Dane kompletne. Końcowy PR poza Mapperem według istniejącej konwencji.,"Wybrano pełny produkt Emborg 3.5% zamiast pozostawiania Filipin bez pewnego EAN. Białko wynosi 3.2g zgodnie z bieżącą kartą producenta, nie 3.0g z wcześniejszych opisów.",AUTO PO AKCEPTACJI,LEAD,EAN_ON_GENERIC_TLD_PAGE,https://maxmartonline.com/emborg-milk-full-cream-1ltr
PH,★★★★,ASEAN,CREAM,130,PI-ING-000180,CREAM-GTIN-5701215046375,KANDYDAT_PR,VERIFY_CANDIDATE,"EAN printed on a page serving this market + label facts (ingredients, nutrition) from manufacturer/retailer",Emborg Natural Whipping Cream UHT 35.1% 200 ml,Emborg,200 ml,5701215046375,"Current official Emborg Natural Whipping Cream page (March 2026) explicitly lists 200 ml and 1 L European cow-milk cream, milk allergen and full per100ml table:1387kJ/337kcal,F35.1,Sat22,C3.3,Sugar3.3,Fibre0,P2.1,Salt0.07. Exact consumer pack GTIN corroborated by primary Tops/Maxmart/Meatup retailer. Local market source(s) identify same natural UHT dairy whipping cream and matching consumer pack, with sale listing; see URLs. Manufacturer’s explicitly stated kcal retained, not recomputed from independently rounded kJ.",WŁASNY PROFIL PR — rzeczywista etykieta,5.100000000000001,Dane kompletne. Końcowy PR poza Mapperem według istniejącej konwencji.,Replaces unsupported regional Oldenburger30 candidate with verified locally listed plain dairy cream35.1. Search did not establish local Oldenburger30 exact SKU; no assertion that all possible30 products are unavailable. Source35.1 actual fat retained. No vegetable-fat or sweetened whipping toppings used.,AUTO PO AKCEPTACJI,LEAD,EAN_ON_GENERIC_TLD_PAGE,https://maxmartonline.com/emborg-whipping-cream-200ml
PH,★★★★,ASEAN,SMP,35,PI-ING-000270,SMP-GTIN-09300639999005,KANDYDAT_PR,VERIFY_CANDIDATE,"EAN printed on a page serving this market + label facts (ingredients, nutrition) from manufacturer/retailer",Devondale Instant Skim Milk Powder,Devondale,1 kg,9300639999005,"ShopeePH: produkt1kg sprzedajeNANA MALL, cenaPHP1580. Campbells potwierdza jednostkowy kod9300639999005. Woolworths podaje makro suchego proszku na100g; energia i wysoka zawartość białka wykluczają mleko po rozpuszczeniu. Costco potwierdza alergenMilk, HKTVMall składskim milk.",Własny profil SMP — Engine przelicza rzeczywiste dane i jawne estymacje,0.09999999999999998,błonnik: PI-ING-000270 (0 /100 g). Oferta importowana na platformiePH; nie potwierdza szerokiej lokalnej dystrybucji. Termin przydatności konkretnej partii należy sprawdzić przed zamówieniem (inne oferty mają daty historyczne).,"Wybrano zwykłe czysteSMP z ofertą dlaFilipin. OdrzuconoAlaska Fortified Powdered Milk Drink jako napój mleczny. Kcal=1455/4,184, sól=428mg×0,0025.",AUTO PO AKCEPTACJI,LEAD,MARKET_PAGE_WITHOUT_EAN,https://shopee.ph/Devondale-Instant-Skim-Milk-Powder-1kg-i.82265567.23335805507
PH,★★★★,ASEAN,DEXTROSE,30,PI-ING-000494,DEX-PH-PRODUCT,WYMAGA_ETYKIETY,LABEL_EVIDENCE_MISSING,label/composition evidence missing — current label (ingredients + nutrition per 100 g/ml),Purechem Dextrose Monohydrate,,B2B — opakowanie niepubliczne,,"Nazwa w oficjalnym katalogu Purechem: Dextrose Monohydrate; funkcja Sweetener, kategoria Bakery Ingredients.",Postać monohydrat; NIP i model aktywności osobno,0,"PI-ING-000494 uzupełnia: kcal=364; tłuszcz=0; nasycone=0; węglowodany=90.9; cukry=90.9; białko=0; sól=0; błonnik=0 /100g. To oszacowanie, nie deklaracja etykiety. MODEL PI: 90,9g aktywnej dekstrozy +9,1g wody/100g; nie jest pomiarem partii. Czystość suchej masy i zaokrąglone cukry NIP nie zastępują CoA. B2B do wyceny; potwierdzić rozmiar opakowania, producenta, CoA i brak dodatków przed zakupem.","Zamiast nieudokumentowanego CM Dextrose 300g wybrano jednoznacznie nazwany surowiec spożywczy; nie wybierać produktów IV, weterynaryjnych ani nieokreślonych proszków aptecznych.",AUTO PO AKCEPTACJI,BRAK,NO_EAN_IN_V7,https://www.purechem.com.ph/shop/bakery/dextrose-monohydrate
PH,★★★★,ASEAN,TARA,3,PI-ING-000492,TARA-MP-1508-50,WYMAGA_DOSTAWY,LOCAL_PURCHASE_PATH_MISSING,no evidenced local purchase/delivery path in this market,Tara Gum — Home 50g,Modernist Pantry,50 g (manufacturer Home pack; retailer title also says2oz),819543011967,"UNCONFIRMED; Manufacturer exact 50g back image visually verified: UPC 819543011967. Nutrition explicitly per100g: 360 kcal; fat1g;saturated0g;sodium0mg;total carbohydrate85g;dietary fiber85g;sugars0g;protein2g. Ingredients:tara gum. Label energy is preserved as printed and does not follow available-carbohydrate plus fiber2kcal/g accounting. Total carbohydrate includes dietary fiber; do not add fiber to it. Ubuy Philippines item21344995 advertises US import,in stock,PHP1852 and estimated delivery; acceptance of exact destination/order not confirmed.",ENERGIA DO WYJAŚNIENIA: etykieta 360 kcal/100 g; available carbs 0 g po odjęciu błonnika. Zachowano deklarowaną energię; przeliczenie 9/4/4/2 daje 187 kcal. Różna konwencja energii błonnika — nie używać do automatycznego znakowania UE.,0,"Wszystkie 8 pól z etykiety/TDS lub jawnego przeliczenia porcji/sodu/błonnika. Aktywność względna=1 wyłącznie MODEL PI, nie oznaczenie handlowej partii. Dawka odniesienia 3 g/1000 g (0,3%) bez automatycznego skalowania. Lepkość ani 100% składnika nie oznaczają 100% galaktomannanu. Woda 9,5 g/100 g: ESTIMATED z PI; brak oznaczenia produktu. Specific Philippines listing offers US import with PHP price and estimate; acceptance for exact address/order is unverified and Ubuy listings can be restricted. Confirm checkout before purchasing.","Primary package image confirms UPC819543011967; user-suggested barcode811234023249 is not used for this exact50g pack. Manufacturer label resolves ambiguous retailer package metadata. Nutrition records US total carbohydrate including fiber, and label energy360 is not recalculated silently. No universal allergy guarantee.",AUTO PO AKCEPTACJI,LEAD,EAN_ON_GENERIC_TLD_PAGE,https://modernistpantry.com/products/tara-gum.html
GH,★★★★,WEST_AFRICA,MILK,672,PI-ING-000236,MILK-GH-DANO-UHT-36-1L,KANDYDAT_PR,VERIFY_CANDIDATE,"EAN printed on a page serving this market + label facts (ingredients, nutrition) from manufacturer/retailer","Dano UHT Full Cream Milk 3,5% / 3,6% 1 L",Dano,1 L,4100290099800,Arla regional + Melcom Ghana + exact GTIN,WŁASNY PROFIL PR — przeliczenie z rzeczywistej etykiety,0.10000000000000009,Dane kompletne. Końcowy PR poza Mapperem według istniejącej konwencji.,Najbliższy powszechny wariant krajowy; wartości exact PR wygrywają z PI.,AUTO PO AKCEPTACJI,LEAD,SOURCE_NOT_READABLE,https://www.arla.ng/brands/arla-dano-full-cream-uht-35pct-fat-1l-408775/;
GH,★★★★,WEST_AFRICA,CREAM,130,PI-ING-000180,CREAM-GTIN-5701215046375,KANDYDAT_PR,VERIFY_CANDIDATE,"EAN printed on a page serving this market + label facts (ingredients, nutrition) from manufacturer/retailer",Emborg Natural Whipping Cream UHT 35%,Emborg,200 ml,5701215046375,"Official Emborg current product page explicitly covers 200ml and 1L, seven nutrients plus fibre, update 21/03/2026. MaxMart Ghana exact 200ml listing provides GTIN 5701215046375. Local retailer lists Emborg dairy whipping cream 200ml; identical brand/type/pack to GTIN source.",WŁASNY PROFIL PR — rzeczywista etykieta,5.100000000000001,Dane kompletne. Końcowy PR poza Mapperem według istniejącej konwencji.,Verified pure dairy 35% alternative to target 30%. Actual label fat 35.1g; replaces unverified user profile (protein 2.3/salt .08) with current official protein 2.1/salt .07. Precise EU manufacturing country not stated by official page.,AUTO PO AKCEPTACJI,LEAD,EAN_ON_GENERIC_TLD_PAGE,https://maxmartonline.com/emborg-whipping-cream-200ml
GH,★★★★,WEST_AFRICA,SMP,35,PI-ING-000270,SMP-GTIN-00733739058324,KANDYDAT_PR,VERIFY_CANDIDATE,"EAN printed on a page serving this market + label facts (ingredients, nutrition) from manufacturer/retailer",NOW Real Food Organic Non-Fat Dry Milk Powder,NOW Foods Real Food,torebka 12 oz (340 g),733739058324,"Indywidualnie odczytana karta katalogu gh.iherb.com: dokładna nazwa/340 g; In stock; Add to Cart; GH₵145.29. Oficjalna strona wysyłki potwierdza kraj Ghana i przewoźnika: FedEx, wysyłka z USA. Producent potwierdza UPC 733739058324, SKU5832, skład i tabelę dla 3 tbsp (24 g) = 8 oz milk. Masa suchego proszku jest jawnie udokumentowana, więc przeliczono ×100/24; sól z sodu100mg ×100/24 ×0,0025 =1,0416667 g/100g.",Własny profil SMP — Engine przelicza rzeczywiste dane i jawne estymacje,-0.8,"Wszystkie pola pochodzą z etykiety; przeliczenie masy porcji i sodu nie jest estymacją. Oferta importowa e-commerce do wskazanego kraju, nie dowód lokalnego magazynu ani powszechności w sklepach. Karta In stock i dostępny kanał wysyłki; dokładna dostawa do adresu, koszt i termin zależą od koszyka. Makro przeliczone z zaokrąglonych deklaracji amerykańskiej etykiety, zera nie są wynikiem analitycznym.","Wybrano w pełni udokumentowany SMP w krajowym kanale importowym zamiast produktu z niekompletną etykietą/dostępnością: Marvel Original Dried Skimmed Milk (175 g). Odrzucono Cowbell z tłuszczem roślinnym/cukrem. Nie przenoszono profilu Snappy (346 kcal; 0,6 fat; 0,4 sat; 50,3 carb; 49,8 sugar; 34,9 protein; 1,3 salt), bo HTML Snappy wiąże go z INNYM GTIN 5000354909856; lokalny MaxMart ma 5000354909849. Wartości NOW 0 g fat/sat/fiber pochodzą z rzeczywistej tabeli24 g, nie z hasła 0%.",AUTO PO AKCEPTACJI,LEAD,EAN_ON_GENERIC_TLD_PAGE,https://www.nowfoods.com/products/natural-foods/non-fat-dry-milk-powder-organic
GH,★★★★,WEST_AFRICA,DEXTROSE,30,PI-ING-000494,DEX-GH-PRODUCT,WYMAGA_ETYKIETY,LABEL_EVIDENCE_MISSING,label/composition evidence missing — current label (ingredients + nutrition per 100 g/ml),Dextrose Monohydrate,Unspecified manufacturer,B2B — opakowanie niepubliczne,,"Local Ghana distributor identifies monohydrate and use as sweetener in confectioneries, baking, desserts, beverages.",Postać monohydrat; NIP i model aktywności osobno,0,"PI-ING-000494 uzupełnia: kcal=364; tłuszcz=0; nasycone=0; węglowodany=90.9; cukry=90.9; białko=0; sól=0; błonnik=0 /100g. To oszacowanie, nie deklaracja etykiety. MODEL PI: 90,9g aktywnej dekstrozy +9,1g wody/100g; nie jest pomiarem partii. Czystość suchej masy i zaokrąglone cukry NIP nie zastępują CoA. Supplier listing verified; confirm lot food grade, availability and specification",Replaces unverified Glucolin pure composition/EAN with documented local ingredient supplier.,AUTO PO AKCEPTACJI,BRAK,NO_EAN_IN_V7,https://www.maridav.com/hnh-product-description.php?p_id=67&prod_class=Pharmaceuticals
GH,★★★★,WEST_AFRICA,TARA,3,PI-ING-000492,TARA-GTIN-00711221973058,WYMAGA_DOSTAWY,LOCAL_PURCHASE_PATH_MISSING,no evidenced local purchase/delivery path in this market,Cape Crystal Brands Tara Gum Powder,Cape Crystal Brands,2 oz (56.7 g),711221973058,"UNCONFIRMED; Country product page displays stock, USA import and delivery estimate with conflicting restriction text. Package and barcode are package-specific listing data; barcode is UPC-A, preserved without adding digits. No nutritional label retrieved.","Energia źródła, jeśli dostępna; brakujące pola z PI. Nie narzucano zgodności różnych konwencji znakowania.",0,"ESTIMATED z PI-ING-000492: kcal=180; tłuszcz=0.5; nasycone=0; węglowodany dostępne=1.5; cukry=0; białko=2; sól=0; błonnik=86.5 /100 g. To model, nie etykieta produktu. Aktywność względna=1 wyłącznie MODEL PI, nie oznaczenie handlowej partii. Dawka odniesienia 3 g/1000 g (0,3%) bez automatycznego skalowania. Lepkość ani 100% składnika nie oznaczają 100% galaktomannanu. Woda 9,5 g/100 g: ESTIMATED z PI; brak oznaczenia produktu. Advertised USA import to Ghana: listing in stock on 2026-09-08, estimated arrival 2026-09-16, shipping/customs at checkout. However, the page also contains a Remove Restriction control and says not all listed products are for sale. Country fulfillment remains unconfirmed.",Benosen 4 oz lead is explicitly out of stock. Selected Cape Crystal 2 oz import listing instead; Benosen UPC795258106153 is not transferred.,AUTO PO AKCEPTACJI,LEAD,EAN_ON_GENERIC_TLD_PAGE,https://www.capecrystalbrands.com/products/tara-gum
GR,★★★★,EU27,MILK,672,PI-ING-000236,MILK-GR-DELTA-HHT-35-15L,KANDYDAT_PR,VERIFY_CANDIDATE,"EAN printed on a page serving this market + label facts (ingredients, nutrition) from manufacturer/retailer","DELTA mmmMilk Family High Pasteurized Full 3,5% 1,5 L",DELTA,"1,5 L",5201037509107,Producent + Sklavenitis + exact EAN i pełna tabela,WŁASNY PROFIL PR — przeliczenie z rzeczywistej etykiety,0,Dane kompletne. Końcowy PR poza Mapperem według istniejącej konwencji.,Najbliższy powszechny wariant krajowy; wartości exact PR wygrywają z PI.,AUTO PO AKCEPTACJI,LEAD,MARKET_PAGE_WITHOUT_EAN,https://www.delta.gr/en/gala/milk-oikogeneiako-plires-15lt-2/;
GR,★★★★,EU27,CREAM,130,PI-ING-000180,CREAM-GTIN-5711953155949,KANDYDAT_PR,VERIFY_CANDIDATE,"EAN printed on a page serving this market + label facts (ingredients, nutrition) from manufacturer/retailer",Arla Κρέμα Γάλακτος UHT 35% 200 g,Arla,200 g,5711953155949,"Oficjalna grecka karta Arla publikuje jednostkowy EAN 5711953155949, 200 g, duńskie pochodzenie i pełne 7 pól na 100 g. Grecki detalista Thanopoulos publikuje ten sam EAN, skład i lokalną ofertę.",WŁASNY PROFIL PR — rzeczywista etykieta,5,Dane kompletne. Końcowy PR poza Mapperem według istniejącej konwencji.,"Zastąpiono nieudokumentowany lokalnie Oldenburger 30% Arlą 35%. Dane użytkownika pochodziły częściowo z Fage: zastosowano wyłącznie profil Arla. Detalista nazywa opakowanie 200 ml, producent 200 g; zachowano wielkość producenta. Karta Arla ma literówkę w procentach składników (96.5+3.7>100) i starą stopkę 36%; nie przeniesiono tych sprzecznych tekstów, pozostawiono jednoznaczne 35% tytułu, profilu i sklepu.",AUTO PO AKCEPTACJI,CONFIRMED,EAN_ON_MARKET_PAGE,https://www.arlafoods.gr/our-brands/arla/krema-galaktos-35-200g/
GR,★★★★,EU27,SMP,35,PI-ING-000270,SMP-GTIN-03043932643706,KANDYDAT_PR,VERIFY_CANDIDATE,"EAN printed on a page serving this market + label facts (ingredients, nutrition) from manufacturer/retailer",Γάλα Αποβουτυρωμένο σε σκόνη,Régilait,250 g,3043932643706,"Sklavenitis podaje tabelę na 100 g i na 25 g proszku (10 porcji w 250 g), skład, producenta francuskiego i importera greckiego. Bazaar podaje kod 3043932643706.",Własny profil SMP — Engine przelicza rzeczywiste dane i jawne estymacje,0,błonnik: PI-ING-000270 (0 /100 g).,Wybrano lokalne opakowanie 250 g z własnym EAN; nie przypisano mu kodu francuskiego opakowania 300 g.,AUTO PO AKCEPTACJI,CONFIRMED,EAN_ON_MARKET_PAGE,https://www.bazaar-online.gr/regilait-250g-gala-se-skoni
GR,★★★★,EU27,DEXTROSE,30,PI-ING-000494,DEX-GR-PRODUCT,WYMAGA_GTIN,GTIN_MISSING,barcode not established for the chosen pack — label photo or market page printing the GTIN,Dextrose Powder,Louis François,5 kg,,Lokalny sprzedawca jawnie podaje glucose monohydrated; TDS C6H12O6H2O i kod455B5kg.,Postać monohydrat; NIP i model aktywności osobno,0,"Całe8pól z etykiety/TDS. MODEL PI: 90,9g aktywnej dekstrozy +9,1g wody/100g; nie jest pomiarem partii. Czystość suchej masy i zaokrąglone cukry NIP nie zastępują CoA. Dostępny na zamówienie.","Rozbieżność soli zamknięta kartą producenta2024:12,5mg/100g =0,0125g, nie0,125g ani12,5g. TDSobejmuje1kg450A/5kg455B/25kg330D.",AUTO PO AKCEPTACJI,BRAK,NO_EAN_IN_V7,https://www.infusion.gr/en/bar-chef-e/sugar-polyols/dextrose-powder-5kg-louis-francois
GR,★★★★,EU27,TARA,3,PI-ING-000492,TARA-GR-PRODUCT,WYMAGA_ETYKIETY,LABEL_EVIDENCE_MISSING,label/composition evidence missing — current label (ingredients + nutrition per 100 g/ml),Τάρα Γκαμ (Tara Gum) NoCarb 100 g,NoCarb,100 g,,LOCAL; Manufacturer declares 19.99 kcal/83.9 kJ per 100 g alongside 86.7 g fiber. Energy is inconsistent with EU fiber-inclusive energy accounting and rejected for normalization. Other macros retained as declared. No exact allergen statement.,SPRZECZNE ŹRÓDŁO: energia została jawnie zastąpiona PI.,0,"ESTIMATED z PI-ING-000492: kcal=180; nasycone=0 /100 g. To model, nie etykieta produktu. Aktywność względna=1 wyłącznie MODEL PI, nie oznaczenie handlowej partii. Dawka odniesienia 3 g/1000 g (0,3%) bez automatycznego skalowania. Lepkość ani 100% składnika nie oznaczają 100% galaktomannanu. Woda 9,5 g/100 g: ESTIMATED z PI; brak oznaczenia produktu. Greek producer catalog with an Athens office, local stockists and B2B links. Exact current stock and delivery date require confirmation.",Reject universal allergen-free claim and borrowed SEMPRE cross-contact warning. This is not Chios mastiha. Unverified barcode omitted.,AUTO PO AKCEPTACJI,BRAK,NO_EAN_IN_V7,https://nocarb.gr/product/tara-gam-100g/
IN,★★★★,SOUTH_ASIA,MILK,672,PI-ING-000236,MILK-GTIN-8901262152983,KANDYDAT_PR,VERIFY_CANDIDATE,"EAN printed on a page serving this market + label facts (ingredients, nutrition) from manufacturer/retailer",Amul Homogenised Cow Milk 1L Tetra Pak,Amul,"1 L, karton Tetra Pak UHT",8901262152983,"BigBasket oferuje Amul Homogenised Cow Milk 1L w Indiach. Zdjęcie nr3 opakowania: odczytany EAN 8901262152983 i nadruk FOR SALE IN INDIA ONLY. Zdjęcie nr4: skład, 3.5% minimum fat i SNF8.5%. Zdjęcie nr5: kompletna etykieta, amount per100mL: 62kcal, 3.5g fat, 2.0g saturated, 4.7g carbohydrate, 4.7g total sugars, 3.0g protein, 44mg sodium. Sól=44mg×2.5/1000=0.11g. Błonnik nie zadeklarowany. Billclap PP Supermarket niezależnie potwierdza kod i opakowanie1L. Zdjęcia zapisane lokalnie jako amul3.jpg/amul4.jpg/amul5.jpg w gelato_global_work.",WŁASNY PROFIL PR — przeliczenie z rzeczywistej etykiety,0,Dane kompletne. Końcowy PR poza Mapperem według istniejącej konwencji.,"Zamiana błędnie opisanego Amul Taaza na identyfikowalne mleko krowie Amul UHT3.5% w kartonie1L. Nie przenoszono etykiety z pouch500ml. Odrzucono błędny opis Buffalo dla tego EAN w ikart, ponieważ fizyczne zdjęcie BigBasket i dwóch innych detalistów pokazują Cow Milk.",AUTO PO AKCEPTACJI,CONFIRMED,EAN_ON_MARKET_PAGE,https://www.billclap.com/business/88521/pp-supermarket/products/1643849/amul-cow-milk-1l
IN,★★★★,SOUTH_ASIA,CREAM,130,PI-ING-000180,CREAM-GTIN-3161911703385,KANDYDAT_PR,VERIFY_CANDIDATE,"EAN printed on a page serving this market + label facts (ingredients, nutrition) from manufacturer/retailer",Elle & Vire Professionnel Excellence Whipping Cream 35%,Elle & Vire Professionnel,1 L Tetra Pak,3161911703385,"Delta Nutritives Indian importer e-shop offers named Excellence35% 1L French cream at INR939; corporate range confirms exact35%1L. Manufacturer current page links technical and nutritional PDFs and states new packaging same recipe. Technical PDF gives unit GTIN3161911703385 (1L, net989g); nutrition PDF all7 fields per100g. Do not use 12-unit caseGTIN03451796012444.",WŁASNY PROFIL PR — rzeczywista etykieta,5,Dane kompletne. Końcowy PR poza Mapperem według istniejącej konwencji.,"Replaces unsupported Oldenburger30. Amul30 is closer nominalfat but its exact250ml label omits total sugars and sodium/salt. Selected complete plain dairy Excellence35. Some Asian reseller titles describe35.1%; this record uses explicitly35% Delta product and manufacturer35% profile, not reseller35.1 values.",AUTO PO AKCEPTACJI,LEAD,EAN_ONLY_ECHOED_FROM_URL_OR_QUERY,https://www.elle-et-vire.com/int/en/pro/creams/products/excellence-whipping-cream-35fat/
IN,★★★★,SOUTH_ASIA,SMP,35,PI-ING-000270,SMP-GTIN-08901262110068,KANDYDAT_PR,VERIFY_CANDIDATE,"EAN printed on a page serving this market + label facts (ingredients, nutrition) from manufacturer/retailer",Sagar Skimmed Milk Powder Pouch,Amul / Sagar,500 g,8901262110068,"Oficjalny sklep Amul: 500g, SKU SMPCP60_01, milk solids, lokalna oferta. Producent Dudhsagar: tabela per 100g suchego produktu (357kcal, fat1, sat0.6, carbs52, sugars52, protein35, sodium450mg). KiranaMarket wiąże kod 8901262110068 z opakowaniem 500g.",Własny profil SMP — Engine przelicza rzeczywiste dane i jawne estymacje,0.19999999999999996,błonnik: PI-ING-000270 (0 /100 g).,"EAN użytkownika potwierdzony. Dopuszczalny najbliższy SMP 1,0% zamiast PI 0,8%.",AUTO PO AKCEPTACJI,CONFIRMED,EAN_ON_MARKET_PAGE,https://kiranamarket.com/amul-sagar-skim-milk-powder-500g/
IN,★★★★,SOUTH_ASIA,DEXTROSE,30,PI-ING-000494,DEX-IN-PRODUCT,WYMAGA_GTIN,GTIN_MISSING,barcode not established for the chosen pack — label photo or market page printing the GTIN,Gujarat Ambuja Dextrose Monohydrate Powder,Gujarat Ambuja / GAEL,25 kg bag; available also 50 kg (supplier listing),,"Karta techniczna producenta wprost Dextrose Monohydrate; wilgotność 7,5–9,5%, sucha substancja 90,5–92,5%.",Postać monohydrat; NIP i model aktywności osobno,0,"PI-ING-000494 uzupełnia: błonnik=0 /100g. To oszacowanie, nie deklaracja etykiety. MODEL PI: 90,9g aktywnej dekstrozy +9,1g wody/100g; nie jest pomiarem partii. Czystość suchej masy i zaokrąglone cukry NIP nie zastępują CoA. B2B, dostawca Akshar podaje MOQ 5000 kg. Woda 9,1% może być modelem recepturowym; realna karta określa zakres 7,5–9,5%, a nie stałe 9,1%. NIP91,5g pochodzi z niedatowanej karty GAEL na Leroma; nie traktować jako potwierdzenia stałej wilgotności8,5%. Karta podaje sprzeczne limity siarczynów<10mg/kg i20ppm.",Zastępuje Glucon-D Regular i Tangy Orange: napoje z dodatkami nie są czystą dekstrozą. Przedstawione wcześniej EAN dotyczą mieszanin.,AUTO PO AKCEPTACJI,BRAK,NO_EAN_IN_V7,https://www.ambujagroup.com/assets/tds-file/tds-dextrose-monohydrate-powder.pdf
IN,★★★★,SOUTH_ASIA,TARA,3,PI-ING-000492,TARA-IN-PRODUCT,WYMAGA_ETYKIETY,LABEL_EVIDENCE_MISSING,label/composition evidence missing — current label (ingredients + nutrition per 100 g/ml),Tara Gum Food Grade,Meron,25 kg Kraft bag / corrugated carton,,"B2B; Direct Marine Hydrocolloids catalogue gives Meron Tara Gum25kg, Food Grade, origin Made in India. A company sales listing offers enquiry and domestic product. No product nutrition or barcode in reviewed main supplier entry.","Energia źródła, jeśli dostępna; brakujące pola z PI. Nie narzucano zgodności różnych konwencji znakowania.",0,"ESTIMATED z PI-ING-000492: kcal=180; tłuszcz=0.5; nasycone=0; węglowodany dostępne=1.5; cukry=0; białko=2; sól=0; błonnik=86.5 /100 g. To model, nie etykieta produktu. Aktywność względna=1 wyłącznie MODEL PI, nie oznaczenie handlowej partii. Dawka odniesienia 3 g/1000 g (0,3%) bez automatycznego skalowania. Lepkość ani 100% składnika nie oznaczają 100% galaktomannanu. Woda 9,5 g/100 g: ESTIMATED z PI; brak oznaczenia produktu. Local Indian supplier quotation; bulk25kg pack. Confirm current batch COA, food-grade identity and full single-ingredient specification when ordering.",Replaced vague IndiaMart/import lead with named local bulk product. Did not borrow data from adjacent guar/xanthan/gellan entries; their viscosity/moisture data do not belong to tara gum.,AUTO PO AKCEPTACJI,BRAK,NO_EAN_IN_V7,https://www.agaragar.in/gums.html
ID,★★★★,ASEAN,MILK,672,PI-ING-000236,MILK-GTIN-8993351121307,KANDYDAT_PR,VERIFY_CANDIDATE,"EAN printed on a page serving this market + label facts (ingredients, nutrition) from manufacturer/retailer",Greenfields Full Cream UHT Milk 1L,Greenfields,"1 L, karton UHT",8993351121307,"Shopifull: exact EAN8993351121307, 1L, produkt Indonezji, skład fresh milk, pełna tabela dla250ml: 160kcal; fat9g; sat6g; carbs12g; sugars12g; protein8g; fiber0g; sodium90mg. Wszystkie wartości podzielone przez2.5, sól następnie wyliczona sodium×2.5/1000. Asba Jaya Berkah w Dżakarcie publikuje ten sam profil dla1L; ma chwilowy brak zapasu. Redmed Surabaya i oferta dostawcy PT Jaya Utama Santikah: lokalne katalogi potwierdzają ten sam EAN i1L. Oficjalny Greenfields potwierdza UHT full cream3.5% nominalnie. Wartość fat3.6g/100ml pochodzi z zaokrąglonej deklaracji9g/250ml, bez podmieniania na nominalne3.5g.",WŁASNY PROFIL PR — przeliczenie z rzeczywistej etykiety,0.10000000000000009,Dane kompletne. Końcowy PR poza Mapperem według istniejącej konwencji.,"Zamiana wcześniejszego Greenfields Fresh na Greenfields UHT1L, dla którego można powiązać pełny profil i EAN. Na części rynku nowsze opakowania950ml: nie przenoszono ich danych do wariantu1L.",AUTO PO AKCEPTACJI,LEAD,EAN_ON_GENERIC_TLD_PAGE,https://shopifull.com/product/greenfields-full-cream-uht-milk-1ltr/
ID,★★★★,ASEAN,CREAM,130,PI-ING-000180,CREAM-GTIN-5701215046375,KANDYDAT_PR,VERIFY_CANDIDATE,"EAN printed on a page serving this market + label facts (ingredients, nutrition) from manufacturer/retailer",Emborg Natural Whipping Cream UHT 35.1% 200 ml,Emborg,200 ml,5701215046375,"Current official Emborg Natural Whipping Cream page (March 2026) explicitly lists 200 ml and 1 L European cow-milk cream, milk allergen and full per100ml table:1387kJ/337kcal,F35.1,Sat22,C3.3,Sugar3.3,Fibre0,P2.1,Salt0.07. Exact consumer pack GTIN corroborated by primary Tops/Maxmart/Meatup retailer. Local market source(s) identify same natural UHT dairy whipping cream and matching consumer pack, with sale listing; see URLs. Manufacturer’s explicitly stated kcal retained, not recomputed from independently rounded kJ. AEON Indonesia direct product page confirms Emborg200ml stock at Rp52000, SKU7719165.",WŁASNY PROFIL PR — rzeczywista etykieta,5.100000000000001,Dane kompletne. Końcowy PR poza Mapperem według istniejącej konwencji.,Replaces unsupported regional Oldenburger30 candidate with verified locally listed plain dairy cream35.1. Search did not establish local Oldenburger30 exact SKU; no assertion that all possible30 products are unavailable. Source35.1 actual fat retained. No vegetable-fat or sweetened whipping toppings used.,AUTO PO AKCEPTACJI,LEAD,EAN_ON_GENERIC_TLD_PAGE,https://maxmartonline.com/emborg-whipping-cream-200ml
ID,★★★★,ASEAN,SMP,35,PI-ING-000270,SMP-GTIN-09556958338807,WYMAGA_ETYKIETY,LABEL_EVIDENCE_MISSING,label/composition evidence missing — current label (ingredients + nutrition per 100 g/ml),Sunlac Low Fat Instant Skim Milk Powder,Sunlac,700 g,9556958338807,"Lokalna oferta indonezyjska PROMO TOKO WIJAYA BSD, strona 2 kategorii mlecznej: SUSU SUNLAC 700GRAM, Barcode 9556958338807, Stok 12, cena Rp129.000. Dodatkowo Shopee Indonesia: TOKO WIJAYA w Tangerang Selatan oraz Royal Golden Mart w Medan oferują dokładne 700g. Parametry identycznego produktu 700g ze strony marki/dystrybutora Dailylac; pochodzenie NZ i 100% SMP potwierdza Sunlac.",Własny profil SMP — Engine przelicza rzeczywiste dane i jawne estymacje,0.09999999999999998,"Nasycone: 0,625 × tłuszcz (proporcja z pełnej etykiety Régilait 0,5/0,8); PI ma niewiarygodne 0. Cukry: MIN(PI 51 g, węglowodany PR). błonnik: PI-ING-000270 (0 /100 g). Dostępność importowanego produktu zależy od sklepu; nie jest to dowód ogólnokrajowej dystrybucji.",Nie potwierdzono podanego Nestlé EAN 8992696522435. Zastąpiono zweryfikowanym czystym SMP Sunlac o zgodnym EAN i lokalnej ofercie.,AUTO PO AKCEPTACJI,LEAD,EAN_ON_GENERIC_TLD_PAGE,https://store18714.store.link/category/promo-susu-beli-1-lebih-murah?page=2
ID,★★★★,ASEAN,DEXTROSE,30,PI-ING-000494,DEX-ID-PRODUCT,WYMAGA_ETYKIETY,LABEL_EVIDENCE_MISSING,label/composition evidence missing — current label (ingredients + nutrition per 100 g/ml),Dextrose Monohydrate – PT Lam Seng Hang Indonesia,,25 kg PP bag,,Własna strona dystrybutora wprost opisuje purified and crystallized D-glucose containing one molecule of water of crystallization.,Postać monohydrat; NIP i model aktywności osobno,0,"PI-ING-000494 uzupełnia: kcal=364; tłuszcz=0; nasycone=0; węglowodany=90.9; cukry=90.9; białko=0; sól=0; błonnik=0 /100g. To oszacowanie, nie deklaracja etykiety. MODEL PI: 90,9g aktywnej dekstrozy +9,1g wody/100g; nie jest pomiarem partii. Czystość suchej masy i zaokrąglone cukry NIP nie zastępują CoA. B2B; marka producenta, brak dodatków i specyfikacja danej partii do potwierdzenia u LSH.",Zastępuje Gluco V.D. (dodatki witaminy D i wapnia) oraz nieudokumentowaną czystość R&W gula donat. Nie używać ogólnej nazwy cukru do pączków jako dowodu monohydratu.,AUTO PO AKCEPTACJI,BRAK,NO_EAN_IN_V7,https://www.lsh-indonesia.com/product/dextrose-monohydrate/
ID,★★★★,ASEAN,TARA,3,PI-ING-000492,TARA-ID-PRODUCT,WYMAGA_ETYKIETY,LABEL_EVIDENCE_MISSING,label/composition evidence missing — current label (ingredients + nutrition per 100 g/ml),Tara Gum,Dupont — named by distributor,25 kg,,"B2B; Indexed supplier page names product Tara Gum, Dupont, Amerika and25kg. The same page gives Jakarta office and Tangerang warehouse and describes importing food ingredients. Direct fetch was403; cached search record provided the product detail.","Energia źródła, jeśli dostępna; brakujące pola z PI. Nie narzucano zgodności różnych konwencji znakowania.",0,"ESTIMATED z PI-ING-000492: kcal=180; tłuszcz=0.5; nasycone=0; węglowodany dostępne=1.5; cukry=0; białko=2; sól=0; błonnik=86.5 /100 g. To model, nie etykieta produktu. Aktywność względna=1 wyłącznie MODEL PI, nie oznaczenie handlowej partii. Dawka odniesienia 3 g/1000 g (0,3%) bez automatycznego skalowania. Lepkość ani 100% składnika nie oznaczają 100% galaktomannanu. Woda 9,5 g/100 g: ESTIMATED z PI; brak oznaczenia produktu. Local Jakarta/Tangerang food ingredient distributor; request exact food-grade tara-only specification and COA before ordering. No claim of consumer shelf availability.",Removed unrelated Rafex barcode5902888156891 and unsupported DPO/Brenntag/Tokopedia availability claims. No invented cross-contact warning or hypoallergenic claim.,AUTO PO AKCEPTACJI,BRAK,NO_EAN_IN_V7,https://sumberberkatingredia.com/produk/tara-gum/
IS,★★★★,EEA_NON_EU,MILK,672,PI-ING-000236,MILK-GTIN-5690527101011,KANDYDAT_PR,VERIFY_CANDIDATE,"EAN printed on a page serving this market + label facts (ingredients, nutrition) from manufacturer/retailer",MS Nýmjólk 1 l,MS,"1 L karton, produkt MS nr0101",5690527101011,"Oficjalna karta MS produktu0101 ma Nýmjólk1L, strikamerki5690527101011 i kompletną tabelę100g:280kJ/67kcal,fat3.9,sat2.3,carbs/sugars4.7,protein3.3,salt0.1. Islandzki monitoring cen ASÍ wiąże tę samą nazwę1L z dokładnym barcode; Neytandinn potwierdza bieżące oferty m.in.Bónus/Krónan/Nettó.",WŁASNY PROFIL PR — przeliczenie z rzeczywistej etykiety,0.3999999999999999,Dane kompletne. Końcowy PR poza Mapperem według istniejącej konwencji.,"Pozostaje lokalne3.9%, zgodnie ze zgodą na najbliższy powszechny tłuszcz. EAN potwierdzony na oficjalnej stronie i w islandzkiej bazie cen; nie mylić z wariantem wzbogaconym D lub lactose-free.",AUTO PO AKCEPTACJI,CONFIRMED,EAN_ON_MARKET_PAGE,https://www.ms.is/vorur/vara/nymjolk-1-l
IS,★★★★,EEA_NON_EU,CREAM,130,PI-ING-000180,CREAM-GTIN-5690527172011,KANDYDAT_PR,VERIFY_CANDIDATE,"EAN printed on a page serving this market + label facts (ingredients, nutrition) from manufacturer/retailer",MS Rjómi 36% 500 ml,MS,500 ml,5690527172011,"MS Iceland manufacturer product0172 explicitly500ml,36%pasteurizedcream,full7per100g. Barcode5690527172011 is in page SVG id and embeddedproductJSON. Official Icelandic manufacturer distributeslocally and lists Iceland product catalogue.",WŁASNY PROFIL PR — rzeczywista etykieta,6,Dane kompletne. Końcowy PR poza Mapperem według istniejącej konwencji.,Corrects user incompatible250mlbarcode. New exact500ml GTIN5690527172011; do not use5690516002503. Target30 nearest verified ordinary36% cream.,AUTO PO AKCEPTACJI,CONFIRMED,EAN_ON_MARKET_PAGE,https://www.ms.is/vorur/vara/rjomi-500-ml
IS,★★★★,EEA_NON_EU,SMP,35,PI-ING-000270,SMP-GTIN-05690516075156,KANDYDAT_PR,VERIFY_CANDIDATE,"EAN printed on a page serving this market + label facts (ingredients, nutrition) from manufacturer/retailer",Undanrennuduft úða/iðn 25 kg,MS Mjólkursamsalan,25 kg,5690516075156,"Oficjalna karta produktu: SKU7515, worek25kg, skład i komplet7makro100g suchego proszku. Oficjalny HTML ms.is łączy title25kg, sku7515 i barcode5690516075156; ten sam kod identyfikuje SVG kodu kreskowego.",Własny profil SMP — Engine przelicza rzeczywiste dane i jawne estymacje,0,"błonnik: PI-ING-000270 (0 /100 g). B2B, worek25kg.",ODT podał niepowiązany EAN4025084160149 dla rzekomego opakowania1kg. Weryfikowalny wariant25kg ma oficjalny EAN5690516075156 i SKU7515.,AUTO PO AKCEPTACJI,CONFIRMED,EAN_ON_MARKET_PAGE,https://www.ms.is/vorur/vara/undanrennuduft-uda-idn-25-kg
IS,★★★★,EEA_NON_EU,DEXTROSE,30,PI-ING-000494,DEX-GTIN-05060326271725,KANDYDAT_PR,VERIFY_CANDIDATE,"EAN printed on a page serving this market + label facts (ingredients, nutrition) from manufacturer/retailer",Dextrose Powder Unflavoured 1 kg,HSN Raw Series,1 kg,5060326271725,Tylna etykieta tego samego opakowania 1 kg z EAN 5060326271725: Ingredients: Dextrose monohydrate. Oficjalna karta potwierdza C6H12O6 × H2O.,Postać monohydrat; NIP i model aktywności osobno,0,"PI-ING-000494 uzupełnia: błonnik=0 /100g. To oszacowanie, nie deklaracja etykiety. MODEL PI: 90,9g aktywnej dekstrozy +9,1g wody/100g; nie jest pomiarem partii. Czystość suchej masy i zaokrąglone cukry NIP nie zastępują CoA. Import detaliczny z Hiszpanii do Islandii; dostawa potwierdzona polityką HSN, koszt ustalany przy zamówieniu. Dane dotyczą zdjęcia oznakowanego opakowania; aktualną etykietę partii należy sprawdzić przy zakupie.",Odrzucono tabletki Dextro Energy z ODT oraz lokalny Katla 25 kg bez potwierdzonej hydratacji. Wybrano czysty monohydrat z udokumentowaną dostawą do Islandii. Doniesienia o 399 kcal/100 g nie zastąpiły czytelnej etykiety tego konkretnego opakowania.,AUTO PO AKCEPTACJI,LEAD,PAGE_WITHOUT_EAN,https://storage.googleapis.com/catalog-pictures-carrefour-es/catalog/pictures/hd_1500x_/5060326271725_3.jpg
IS,★★★★,EEA_NON_EU,TARA,3,PI-ING-000492,TARA-MP-1508-50,WYMAGA_DOSTAWY,LOCAL_PURCHASE_PATH_MISSING,no evidenced local purchase/delivery path in this market,Pure Tara Gum Powder 50 g,Modernist Pantry,50 g (oferta marketplace opisuje także jako 2 oz),819543011967,"UNCONFIRMED; Zweryfikowano 08.09.2026. Tożsamość 50 g oraz SKU1508-50 potwierdza producent; listing Ubuy wskazuje markę, krajowy rynek Iceland, cenę ISK i import z USA. Nie użyto błędnych pól marketplace masy produktu 39,97 g ani paczki 1lb jako masy netto. Źródłowa strona producenta udostępnia Spec/SDS/COA/Misc poprzez Google Drive, ale treść dokumentów nie była publicznie odczytywalna w tej kontroli.",ENERGIA DO WYJAŚNIENIA: etykieta 360 kcal/100 g; available carbs 0 g po odjęciu błonnika. Zachowano deklarowaną energię; przeliczenie 9/4/4/2 daje 187 kcal. Różna konwencja energii błonnika — nie używać do automatycznego znakowania UE.,0,"Wszystkie 8 pól z etykiety/TDS lub jawnego przeliczenia porcji/sodu/błonnika. Aktywność względna=1 wyłącznie MODEL PI, nie oznaczenie handlowej partii. Dawka odniesienia 3 g/1000 g (0,3%) bez automatycznego skalowania. Lepkość ani 100% składnika nie oznaczają 100% galaktomannanu. Woda 9,5 g/100 g: ESTIMATED z PI; brak oznaczenia produktu. Konkretny listing Ubuy Iceland w ISK, opisany jako import z US z kosztami wysyłki i cła obliczanymi w checkout. Widoczna oferta nie stanowi gwarancji zapasu w Islandii; data dostawy w indeksowanej wersji jest nieaktualna. Potwierdzić bieżącą wysyłkę i masę netto przy zamówieniu. Oferta Ubuy pozostaje kandydatem importowym: nie zweryfikowano przyjęcia konkretnego zamówienia do Islandii.",Zastąpiono ogólną sugestię szeroko dostępnej Sosa konkretnym potwierdzonym listingiem importowym. Kod Sosa8414933014454 nie dotyczy Modernist Pantry. Nie przepisano niezweryfikowanego UPC811234023249 z materiału wejściowego. Etykieta producenta dokładnego wariantu 50 g zamyka UPC i NIP; dostępne węglowodany=85−85=0 g.,AUTO PO AKCEPTACJI,LEAD,EAN_ON_GENERIC_TLD_PAGE,https://modernistpantry.com/products/tara-gum.html
IL,★★★★,ISRAEL,MILK,672,PI-ING-000236,MILK-IL-TNUVA-CLASSIC-38-1L,KANDYDAT_PR,VERIFY_CANDIDATE,"EAN printed on a page serving this market + label facts (ingredients, nutrition) from manufacturer/retailer","Tnuva Milk with a Classic Taste 3,8% 1 L",Tnuva,1 L,7290000051352,Aktualny rynek izraelski + exact EAN + pełny profil,WŁASNY PROFIL PR — przeliczenie z rzeczywistej etykiety,0.2999999999999998,Dane kompletne. Końcowy PR poza Mapperem według istniejącej konwencji.,Najbliższy powszechny wariant krajowy; wartości exact PR wygrywają z PI.,AUTO PO AKCEPTACJI,LEAD,EAN_ON_AGGREGATOR,https://www.supercompare.co.il/en/product/7290000051352;
IL,★★★★,ISRAEL,CREAM,130,PI-ING-000180,CREAM-GTIN-7290104728310,KANDYDAT_PR,VERIFY_CANDIDATE,"EAN printed on a page serving this market + label facts (ingredients, nutrition) from manufacturer/retailer",Yotvata Whipping Cream 38% 250 ml (שמנת להקצפה 38%),Yotvata / יטבתה,250 ml,7290104728310,"Shufersal dokładny GTIN 7290104728310, marka Yotvata, kraj produkcji Izrael i profil 364 kcal / tłuszcz 38 / nasycone 25 / węglowodany 3.5 / białko 2 / sód 35 mg. Lokalne sklepy Primadona, MyMarket i Lipsker publikują zgodny profil oraz deklarowane cukry 3.5 g (laktoza 3.5 g), opakowanie 250 ml i skład mleko + E339 + E407. Dane dostępne w indeksowanych treściach lokalnych kart; bez twierdzenia o obejrzeniu fizycznego skanu etykiety. Shuk Nachalat potwierdza dokładną markę, wariant 38%, pojemność 250 ml oraz brak dodanego cukru w opublikowanej liście składników.",WŁASNY PROFIL PR — rzeczywista etykieta,8,Dane kompletne. Końcowy PR poza Mapperem według istniejącej konwencji.,"Zamieniono Tnuva 38% 500 ml na kompletnie opisane Yotvata 38% 250 ml. Sprawdzone izraelskie warianty 32% zawierają dodany cukier, dlatego wybór zwykłej śmietanki 38%. Nie skopiowano starszego profilu Yotvata z 2016 (362 kcal, 23 g nasyconych) ani danych innych sklepów 366 kcal. Sól przeliczono z deklarowanego sodu 35 mg × 2.5 / 1000 = 0.0875 g. Część sklepów oznacza wielkość 250 g, Primadona/Lipsker wskazują 250 ml; stosowana konwencja aplikacji 100 ml = 100 g.",AUTO PO AKCEPTACJI,LEAD,MARKET_PAGE_WITHOUT_EAN,https://www.shuk-nachalat.co.il/product-details/29072/שמנת_להקצפה_38_יטבתה_250_מ_ל
IL,★★★★,ISRAEL,SMP,35,PI-ING-000270,SMP-IL-SKU,WYMAGA_ETYKIETY,LABEL_EVIDENCE_MISSING,label/composition evidence missing — current label (ingredients + nutrition per 100 g/ml),אבקת חלב רזה 0.8% שומן,,200 g,,"Indeks lokalnego sklepu Sir Pele potwierdza produkt 0,8%, opakowanie 200 g i skład 100% pasteryzowanego mleka krowiego. Brak publicznej tabeli żywieniowej wybranej oferty.",Własny profil SMP — Engine przelicza rzeczywiste dane i jawne estymacje,0,"kcal: PI-ING-000270 (362 /100 g). Nasycone: 0,625 × tłuszcz (proporcja z pełnej etykiety Régilait 0,5/0,8); PI ma niewiarygodne 0. węglowodany: PI-ING-000270 (51.98 /100 g). Cukry: MIN(PI 51 g, węglowodany PR). białko: PI-ING-000270 (35.7 /100 g). sól: PI-ING-000270 (1.2 /100 g). błonnik: PI-ING-000270 (0 /100 g). Poza tłuszczem pełny profil wymaga jawnej estymacji. Nie potwierdzono producenta ani kraju pochodzenia. Brak GTIN; użyto identyfikatora SKU/TDS.",Kod 4298 z ODT nie został potwierdzony. Użyto jawnie oznaczonego identyfikatora oferty 677937; EAN pozostaje null. Nie powielono niezweryfikowanych śladów alergenów.,AUTO PO AKCEPTACJI,BRAK,NO_EAN_IN_V7,https://sir-pele.co.il/items/677937-%D7%90%D7%91%D7%A7%D7%AA-%D7%97%D7%9C%D7%91-%D7%A8%D7%96%D7%94-0-8-%D7%A9%D7%95%D7%9E%D7%9F-200-%D7%92%D7%A8%D7%9D
IL,★★★★,ISRAEL,DEXTROSE,30,PI-ING-000494,DEX-IL-PRODUCT,WYMAGA_ETYKIETY,LABEL_EVIDENCE_MISSING,label/composition evidence missing — current label (ingredients + nutrition per 100 g/ml),דקסטרוז שק / Dextrose Monohydrate,Homebrewing.co.il (bez marki producenta),25 kg,,"Lokalna karta: דקסטרוז מונוהידרט, tj.dekstroza monohydrat.",Postać monohydrat; NIP i model aktywności osobno,0,"PI-ING-000494 uzupełnia: kcal=364; tłuszcz=0; nasycone=0; węglowodany=90.9; cukry=90.9; białko=0; sól=0; błonnik=0 /100g. To oszacowanie, nie deklaracja etykiety. MODEL PI: 90,9g aktywnej dekstrozy +9,1g wody/100g; nie jest pomiarem partii. Czystość suchej masy i zaokrąglone cukry NIP nie zastępują CoA. Dostawa worka tylko do wymienionych rejonów Izraela, po uzgodnieniu.",Nie potwierdzono deklarowanego ALFA300g ani jego EAN; zastąpiono ofertą z jawnym monohydratem.,AUTO PO AKCEPTACJI,BRAK,NO_EAN_IN_V7,https://homebrewing.co.il/catalog.asp?page=newshowprod.asp&prodid=2998212
IL,★★★★,ISRAEL,TARA,3,PI-ING-000492,TARA-MP-1508-50,WYMAGA_DOSTAWY,LOCAL_PURCHASE_PATH_MISSING,no evidenced local purchase/delivery path in this market,Modernist Pantry Tara Gum 50 g,Modernist Pantry,50 g,819543011967,"UNCONFIRMED; Exact 50 g manufacturer back label shows UPC819543011967 and nutrition per 100 g: 360 kcal, fat1 g, saturated0 g, total carbohydrate85 g including fiber85 g, sugars0 g, protein2 g, sodium0 mg. Retain declared energy360; do not silently replace with EU calculation187. Fiber is included in total carbohydrate, not added on top. Generic worldwide banner does not establish Israel delivery.",ENERGIA DO WYJAŚNIENIA: etykieta 360 kcal/100 g; available carbs 0 g po odjęciu błonnika. Zachowano deklarowaną energię; przeliczenie 9/4/4/2 daje 187 kcal. Różna konwencja energii błonnika — nie używać do automatycznego znakowania UE.,0,"Wszystkie 8 pól z etykiety/TDS lub jawnego przeliczenia porcji/sodu/błonnika. Aktywność względna=1 wyłącznie MODEL PI, nie oznaczenie handlowej partii. Dawka odniesienia 3 g/1000 g (0,3%) bez automatycznego skalowania. Lepkość ani 100% składnika nie oznaczają 100% galaktomannanu. Woda 9,5 g/100 g: ESTIMATED z PI; brak oznaczenia produktu. Concrete 50 g manufacturer product in stock; delivery to Israel unconfirmed. Detailed international policy requires a FedEx checkout quote for the actual destination.","Reject user UPC850024468601 and811340020473 for this package. Verified UPC819543011967. CAS and E417 identify the substance, not the retail pack. Do not transfer Sosa NIP.",AUTO PO AKCEPTACJI,LEAD,EAN_ON_GENERIC_TLD_PAGE,https://modernistpantry.com/products/tara-gum.html
JP,★★★★,EAST_ASIA,MILK,672,PI-ING-000236,MILK-GTIN-4955447100416,KANDYDAT_PR,VERIFY_CANDIDATE,"EAN printed on a page serving this market + label facts (ingredients, nutrition) from manufacturer/retailer",Hokkaido Hidaka 3.6 Long Life Milk 200 ml,Hokkaido Hidaka,200 ml carton; retailer case 24 cartons,4955447100416,"Japanese domestic retailer souvenirshop Chidoriya on Yahoo Shopping explicitly publishes JAN 4955447100416, Hokkaido Hidaka 3.6 milk 200 ml, 24-carton case, 100% raw milk and domestic Japan shipping. Tajimaya Japan independently identifies that JAN with the 200 ml carton. The same JAN is sold by USE Taiwan importer. Full nutrition is from the HUG Taiwan retailer declaration for that exported 200 ml product, all fields together per 100 ml: 71 kcal, protein 3.4 g, fat 4.2 g, saturates 2.6 g, carbs 4.9 g, sugars 4.5 g, sodium 41.5 mg. Salt = sodium g * 2.5 = 0.10375 g. No transfer of isolated values from Meiji or another JAN. Fiber not published. Independent photo of exact 200 ml manufacturer package (OFF image 2, uploaded 21 September 2025) shows per 200 ml 142 kcal, protein 6.8 g, fat 8.4 g, carbs 9.8 g, salt 0.2 g, matching the HUG whole profile core macros after halving and its salt after label rounding. Image 1 confirms Hokkaido Hidaka 3.6, 100% raw milk and 200 ml. The photograph itself does not print saturates/sugars; those remain explicitly sourced to HUG full retailer table. OFF database values sat=0 and sugar=2.5 are unsupported by its photograph and were rejected.",WŁASNY PROFIL PR — przeliczenie z rzeczywistej etykiety,0.7000000000000002,Dane kompletne. Końcowy PR poza Mapperem według istniejącej konwencji.,"Replace Meiji Oishii 900 ml (4902705126558), for which official Japan nutrition does not disclose sugars or saturates. Replacement has domestic Japan availability and a complete exported retail declaration for the same JAN. Calculation uses HUG's measured/declared 4.2 g fat, not the 3.6 minimum in the name. This profile is higher in fat than the original Meiji 3.9 g, and is selected for complete documented macros. USE's other published 3.8 g profile is incomplete and is not mixed with HUG values.",AUTO PO AKCEPTACJI,LEAD,EAN_ON_GENERIC_TLD_PAGE,https://www.tajimaya-cc.net/products/36120
JP,★★★★,EAST_ASIA,CREAM,130,PI-ING-000180,CREAM-GTIN-3252920035502,KANDYDAT_WARUNKOWY,CONDITIONAL_CANDIDATE,conditional — see v7 activation condition,Le Gall Crème fleurette entière 30% MG,Le Gall,250 ml bottle,3252920035502,"Parisの台所 offers exact Le Gall 30% 250 ml bottle with checkout and specifies refrigerated international shipping from Paris to Japan, origin France, ingredients pasteurised cream + lactic starter. Its photograph visibly confirms standard non-organic 30% fleurette 25cl bottle. French Match/Auchan listings explicitly identify GTIN3252920035502 and provide all seven nutrition fields. CoursesU publishes same full panel explicitly per100g. Manufacturer describes gently matured lactic-cultured fleurette without acidity, useful for hot/cold cooking and whipped cream.",WŁASNY PROFIL PR — rzeczywista etykieta,0,WARIANT TECHNOLOGICZNY: dodane kultury mleczarskie; import chłodzony do Japonii. Nie utożsamiać z niefermentowaną śmietanką30%.,"Wybrano kompletny zamiennik mleczny30%: fleurette LeGall250ml. Zawiera kultury mleczarskie i jest lekko dojrzewająca; producent opisuje brak kwasowości. To odmienny wariant technologiczny wymagający uwzględnienia w recepturze. Dostępność: chłodzona dostawa specjalistyczna z Francji do Japonii, nie zwykła półka marketu. Nakazawa30% odrzucona z powodu braku nasyconych i cukrów w etykiecie. Dane7pól kompletne, bez szacowania.",AUTO PO AKCEPTACJI,LEAD,EAN_ON_FOREIGN_MARKET_PAGE,https://www.auchan.fr/legall-creme-fleurette-entiere-30-mg/pr-C1176894
JP,★★★★,EAST_ASIA,SMP,35,PI-ING-000270,SMP-GTIN-04908013127805,WYMAGA_ETYKIETY,LABEL_EVIDENCE_MISSING,label/composition evidence missing — current label (ingredients + nutrition per 100 g/ml),よつ葉 北海道スキムミルク (Yotsuba Hokkaido Skim Milk),Yotsuba / よつ葉,150 g,4908013127805,"Producent podaje 150 g,  skład 生乳 北海道産,  alergen mleko i makra/100 g:359 kcal, B 36,2, T 0,7, W 51,9, sól 1,09. Askul potwierdza jednostkowy JAN 4908013127805 przy kartonie 12×150 g.",Własny profil SMP — Engine przelicza rzeczywiste dane i jawne estymacje,-0.10000000000000009,"Nasycone: 0,625 × tłuszcz (proporcja z pełnej etykiety Régilait 0,5/0,8); PI ma niewiarygodne 0. Cukry: MIN(PI 51 g, węglowodany PR). błonnik: PI-ING-000270 (0 /100 g). Dokładny profil podstawowy producenta,  pozostałe pola wymagają specyfikacji","Kod 4908013110609 użytkownika nie potwierdzony; wybrano aktualny format 150 g i potwierdzony JAN. Brak japońskiej deklaracji cukrów i NKT,  nie wywnioskowano ich z węglowodanów/tłuszczu.",AUTO PO AKCEPTACJI,LEAD,MARKET_PAGE_WITHOUT_EAN,https://www.yotsuba.co.jp/product/milk-powder_12780.html
JP,★★★★,EAST_ASIA,DEXTROSE,30,PI-ING-000494,DEX-JP-PRODUCT,WYMAGA_ETYKIETY,LABEL_EVIDENCE_MISSING,label/composition evidence missing — current label (ingredients + nutrition per 100 g/ml),ブドウ糖 / 含水結晶ぶどう糖 1kg,加藤化学 Kato Kagaku / Fuji Cryster (フジクリスター),1 kg,,Sklep nazywa produkt 含水結晶ぶどう糖. Producent Kato Kagaku definiuje Fuji Cryster jako glukozę krystalizowaną z jedną cząsteczką wody.,Postać monohydrat; NIP i model aktywności osobno,0,"PI-ING-000494 uzupełnia: kcal=364; tłuszcz=0; nasycone=0; węglowodany=90.9; cukry=90.9; białko=0; sól=0; błonnik=0 /100g. To oszacowanie, nie deklaracja etykiety. MODEL PI: 90,9g aktywnej dekstrozy +9,1g wody/100g; nie jest pomiarem partii. Czystość suchej masy i zaokrąglone cukry NIP nie zastępują CoA. Brak analizy partii; potwierdzić specyfikację i alergeny u dostawcy.","Odrzucono Morinaga Ramune (cukierki z dodatkami) i tabletki Daimaru. Odrzucono także 1kg małej konfekcji Tama5ya, którego strona wyklucza spożycie.",AUTO PO AKCEPTACJI,BRAK,NO_EAN_IN_V7,https://item.rakuten.co.jp/nk/455447/
JP,★★★★,EAST_ASIA,TARA,3,PI-ING-000492,TARA-JP-PRODUCT,WYMAGA_ETYKIETY,LABEL_EVIDENCE_MISSING,label/composition evidence missing — current label (ingredients + nutrition per 100 g/ml),"スピノガムD (Spinogum D), tara gum",Fuso Chemical (扶桑化学工業株式会社),Gramatura niepubliczna,,"B2B; Current Sansho page lists grade Spinogum D, manufacturer Fuso Chemical, processing Japan, food use and endosperm identity. Fuso parent Spinogum page gives food-label examples and general series viscosity 5000–7500 mPa/s for 1% solution; exact applicability to D grade is not established, so not used as grade-specific viscosity.","Energia źródła, jeśli dostępna; brakujące pola z PI. Nie narzucano zgodności różnych konwencji znakowania.",0,"ESTIMATED z PI-ING-000492: kcal=180; tłuszcz=0.5; nasycone=0; węglowodany dostępne=1.5; cukry=0; białko=2; sól=0; błonnik=86.5 /100 g. To model, nie etykieta produktu. Aktywność względna=1 wyłącznie MODEL PI, nie oznaczenie handlowej partii. Dawka odniesienia 3 g/1000 g (0,3%) bez automatycznego skalowania. Lepkość ani 100% składnika nie oznaczają 100% galaktomannanu. Woda 9,5 g/100 g: ESTIMATED z PI; brak oznaczenia produktu. Japanese distributor has concrete grade inquiry route and identifies Japan processing; package size, MOQ, lot TDS and quote pending.",Replaces generic retailer/import assertions and locust-bean-specific tatourui lead with a concrete local tara grade. Do not borrow nutrition from an unrelated tara brand.,AUTO PO AKCEPTACJI,BRAK,NO_EAN_IN_V7,https://sansho.co.jp/product/other-products/
QA,★★★★,GCC,MILK,672,PI-ING-000236,MILK-GTIN-5711953072352,KANDYDAT_PR,VERIFY_CANDIDATE,"EAN printed on a page serving this market + label facts (ingredients, nutrition) from manufacturer/retailer",Organic Milk Full Fat 200ml,Arla,200 ml,5711953072352,"Arla oficjalnie publikuje dla wersji 200 ml MEA pełne makra poza solą: 65 kcal, tłuszcz 3.5, nasycone 2.3, węglowodany/cukry 4.8, białko 3.5 na 100 g. The Fresh Market Dubai dokładnie identyfikuje 200 ml GTIN 5711953072352 oraz podaje sód 44 mg i błonnik 0 g. Indeksowana karta Noon Qatar identyfikuje lokalną ofertę Arla Organic Milk Full Fat Plain 200 ml; bezpośredni odczyt strony zakończył się timeoutem, potwierdzenie jest z indeksu wyszukiwarki.",WŁASNY PROFIL PR — przeliczenie z rzeczywistej etykiety,0,Dane kompletne. Końcowy PR poza Mapperem według istniejącej konwencji.,"Baladna GTIN 6300900236207 to UHT, nie fresh; oficjalna karta Baladna nie daje pełnych siedmiu pól. Zastąpiono produktem Arla 3.5% 200 ml. Sól z sodu 44 mg*2.5/1000=0.11 g. Błędne 0 g węglowodanów w karcie detalisty zastąpiono oficjalną wartością 4.8 g producenta. Uzgodniona podstawa aplikacji 100 ml=100 g.",AUTO PO AKCEPTACJI,LEAD,EAN_ON_FOREIGN_MARKET_PAGE,https://www.thefreshmarketdubai.com/products/arla-organic-milk-full-fat-200ml-5711953072352
QA,★★★★,GCC,CREAM,130,PI-ING-000180,CREAM-GTIN-3412290032215,KANDYDAT_PR,VERIFY_CANDIDATE,"EAN printed on a page serving this market + label facts (ingredients, nutrition) from manufacturer/retailer",Paysan Breton La Crème Pâtisserie & Cuisine UHT 30%,Paysan Breton,20 cl,3412290032215,"Physical 20cl 30% carton images published by Lulu: side shows GTIN 3412290032215, France producer and Tunisia importer; rear shows complete seven nutrition values. Casinetto publishes identical seven values and exact 20cl pack. Nutrition basis on actual label is per 100ml. Local retailer listing confirms same 200ml product and market; stock status may vary.",WŁASNY PROFIL PR — rzeczywista etykieta,0,Dane kompletne. Końcowy PR poza Mapperem według istniejącej konwencji.,Exact 30% liquid cream selected. Retailer text giving 35% is not used because physical current 30% label confirms profile. Fibre undeclared.,AUTO PO AKCEPTACJI,LEAD,PAGE_WITHOUT_EAN,https://bf1af2.akinoncloudcdn.com/products/2025/03/28/87485/697134c3-73cd-408b-8a68-2100017edff8_size1920_cropCenter.jpg
QA,★★★★,GCC,SMP,35,PI-ING-000270,SMP-GTIN-03043931691418,KANDYDAT_PR,VERIFY_CANDIDATE,"EAN printed on a page serving this market + label facts (ingredients, nutrition) from manufacturer/retailer",Régilait Instant Skimmed Milk Powder 0% Fat,Régilait,puszka 300 g,3043931691418,Makro na 100 g suchego proszku i gramatury 300/700 g: aktualna oficjalna strona Régilait export. EAN+gramatura: regionalna karta handlowa. Lokalna karta produktu potwierdza ofertę dla wskazanego kraju; nie stanowi dowodu dominacji rynkowej.,Własny profil SMP — Engine przelicza rzeczywiste dane i jawne estymacje,0,"błonnik: PI-ING-000270 (0 /100 g). Przed użyciem produkcyjnym dopasować aktualną etykietę regionalnej puszki do profilu producenta; sprawdzić wersję witaminową. LuLu oznacza ofertę jako Out of Stock; to oferta katalogowa, stan bieżący niepotwierdzony.","Potwierdzono 3043931691418; alternatywnego 3043931691319 nie potwierdzono. Nie utożsamiać 300 g, 400 g i 700 g. Producent ma błędny opis 52 g jako „sucres ajoutés”; są to cukry wykazane przy węglowodanach, nie dowód dodawania cukru. Starsza karta Sharaf DG pokazuje 356 kcal, 51,7 g węglowodanów/cukrów, 35,5 g białka i podejrzaną jednostkę sodu 0,42 mg; przyjęto nowszy kompletny profil producenta, bez mieszania danych.",AUTO PO AKCEPTACJI,CONFIRMED,EAN_ON_MARKET_PAGE,https://thegrocer.com.qa/product/regilait-instant-skimmed-milk-powder-non-fat-300g/
QA,★★★★,GCC,DEXTROSE,30,PI-ING-000494,DEX-QA-PRODUCT,WYMAGA_GTIN,GTIN_MISSING,barcode not established for the chosen pack — label photo or market page printing the GTIN,Dextrose Monohydrate 1kg,Louis François,1 kg; case 12,,"ChefMiddleEast monohydrate listing plus Louis François QUAL.FT.104 v4,08.01.2024 explicitly crystalline D-glucose monohydrate formula C6H12O6H2O and article450A.",Postać monohydrat; NIP i model aktywności osobno,0,"Całe8pól z etykiety/TDS. MODEL PI: 90,9g aktywnej dekstrozy +9,1g wody/100g; nie jest pomiarem partii. Czystość suchej masy i zaokrąglone cukry NIP nie zastępują CoA. Supplier operates Qatar; exact local inventory and eligibility of SKU18224 require confirmation","Excludes original tablets/glucose drink mixes; pure professional pastry ingredient. Salt is12.5mg=0.0125g, not12.5g or0.125g. Manufacturer TDS supersedes contradictory distributor values.",AUTO PO AKCEPTACJI,BRAK,NO_EAN_IN_V7,https://www.chefmiddleeast.com/products/18224/
QA,★★★★,GCC,TARA,3,PI-ING-000492,TARA-MP-1508-50,KANDYDAT_PR,VERIFY_CANDIDATE,"EAN printed on a page serving this market + label facts (ingredients, nutrition) from manufacturer/retailer",Modernist Pantry Pure Tara Gum Powder,Modernist Pantry,50 g,819543011967,"IMPORT; 50 g back label visually checked: per100g values transcribed; 85 g total carbohydrate includes 85 g fiber. Label energy 360 kcal retained as declared, not recalculated. UPC-A819543011967 also visible on label.",ENERGIA DO WYJAŚNIENIA: etykieta 360 kcal/100 g; available carbs 0 g po odjęciu błonnika. Zachowano deklarowaną energię; przeliczenie 9/4/4/2 daje 187 kcal. Różna konwencja energii błonnika — nie używać do automatycznego znakowania UE.,0,"Wszystkie 8 pól z etykiety/TDS lub jawnego przeliczenia porcji/sodu/błonnika. Aktywność względna=1 wyłącznie MODEL PI, nie oznaczenie handlowej partii. Dawka odniesienia 3 g/1000 g (0,3%) bez automatycznego skalowania. Lepkość ani 100% składnika nie oznaczają 100% galaktomannanu. Woda 9,5 g/100 g: ESTIMATED z PI; brak oznaczenia produktu. Conditional import to Qatar. Desertcart product-specific page states in stock and that it handles shipping and customs to Qatar. Exact address, final terms and availability require checkout confirmation.",Preserve manufacturer 50 g identity despite marketplace title 50g/2oz and conflicting ancillary weights/flavour fields. User-supplied Sosa/Modernist alternative codes not transferred. Import is not local shelf stock.,AUTO PO AKCEPTACJI,LEAD,EAN_ON_GENERIC_TLD_PAGE,https://modernistpantry.com/products/tara-gum.html
KE,★★★★,KENYA,MILK,672,PI-ING-000236,MILK-GTIN-6281007032568,KANDYDAT_PR,VERIFY_CANDIDATE,"EAN printed on a page serving this market + label facts (ingredients, nutrition) from manufacturer/retailer",Almarai Long Life Milk Full Fat 200 ml,Almarai,"200 ml UHT carton, individual unit",6281007032568,"Official manufacturer page explicitly selects Size 200.00 ml and publishes the complete nutrition profile per 250 ml: 155 kcal, fat 8.2 g, saturated fat 5.1 g, carbohydrate 12.8 g, total sugars 12.7 g, protein 7.6 g, fiber 0.0 g, sodium 125 mg. Every nutritional field in this record comes from that one current official table, divided by 2.5; salt = (125 mg / 2.5) * 2.5 / 1000 = 0.125 g. Local retailer Saving Home Nairobi's own post and its advertising image, inspected visually, show the exact blue/green Almarai Full Fat 200 ml UHT carton and a Kenyan price (Ksh180), Kenya branch and +254 contact. Local evidence photo is saved as eastasia/savinghome_fb_image.jpg. Spinneys/HungerStation and Shams both identify the single 200 ml product under GTIN 6281007032568; Shams product SKU and OFF 200 ml identification independently agree. EAN checksum verified. OFF ingredient photo, inspected, reads Fresh Cow's Milk, Vitamin D3; erroneous user-entered sodium fluoride text was rejected. Manufacturer profile is the basis, not the older OFF nutrition image: the older photograph has a different table and no values from it were mixed into this record. All nutrition values are per 100 ml; project uses its established 100 ml = 100 g convention.",WŁASNY PROFIL PR — przeliczenie z rzeczywistej etykiety,-0.22000000000000064,Dane kompletne. Końcowy PR poza Mapperem według istniejącej konwencji.,"Replaces Bio Whole Fresh Milk whose available local listing lacks saturated fat, sugars and salt. Uses locally advertised imported Almarai plain full-fat UHT with complete current official profile. Derived fat is 3.28 g/100 ml; do not label it as exactly 3.5%. Barcode 6281007032704 belongs to 18 x 200 ml case in current Spinneys listing, and is not used for this individual carton.",AUTO PO AKCEPTACJI,LEAD,EAN_ON_FOREIGN_MARKET_PAGE,https://hungerstation.com/sa-en/supermarkets/regions/jeddah/az-zahra/branch/spinneys-178611/product/almarai-milk-full-fat-200ml-6281007032568
KE,★★★★,KENYA,CREAM,130,PI-ING-000180,CREAM-GTIN-5701215046375,KANDYDAT_PR,VERIFY_CANDIDATE,"EAN printed on a page serving this market + label facts (ingredients, nutrition) from manufacturer/retailer",Emborg Natural Whipping Cream UHT 35%,Emborg,200 ml,5701215046375,"Official Emborg current product page explicitly covers 200ml and 1L, seven nutrients plus fibre, update 21/03/2026. MaxMart Ghana exact 200ml listing provides GTIN 5701215046375. Local retailer lists Emborg dairy whipping cream 200ml; identical brand/type/pack to GTIN source.",WŁASNY PROFIL PR — rzeczywista etykieta,5.100000000000001,Dane kompletne. Końcowy PR poza Mapperem według istniejącej konwencji.,Verified pure dairy 35% alternative to target 30%. Actual label fat 35.1g; replaces unverified user profile (protein 2.3/salt .08) with current official protein 2.1/salt .07. Precise EU manufacturing country not stated by official page.,AUTO PO AKCEPTACJI,CONFIRMED,EAN_ON_MARKET_PAGE,https://artcaffemarket.co.ke/products/emborg-whipping-cream-fat-uht-35-200ml
KE,★★★★,KENYA,SMP,35,PI-ING-000270,SMP-GTIN-00733739058324,KANDYDAT_PR,VERIFY_CANDIDATE,"EAN printed on a page serving this market + label facts (ingredients, nutrition) from manufacturer/retailer",NOW Real Food Organic Non-Fat Dry Milk Powder,NOW Foods Real Food,torebka 12 oz (340 g),733739058324,"Indywidualnie odczytana karta katalogu ke.iherb.com: dokładna nazwa/340 g; In stock; Add to Cart; pierwszy odczyt nagłówka Deliver to Kenya. Oficjalna strona wysyłki potwierdza kraj Kenia i przewoźnika: FedEx, wysyłka z USA. Producent potwierdza UPC 733739058324, SKU5832, skład i tabelę dla 3 tbsp (24 g) = 8 oz milk. Masa suchego proszku jest jawnie udokumentowana, więc przeliczono ×100/24; sól z sodu100mg ×100/24 ×0,0025 =1,0416667 g/100g.",Własny profil SMP — Engine przelicza rzeczywiste dane i jawne estymacje,-0.8,"Wszystkie pola pochodzą z etykiety; przeliczenie masy porcji i sodu nie jest estymacją. Oferta importowa e-commerce do wskazanego kraju, nie dowód lokalnego magazynu ani powszechności w sklepach. Karta In stock i dostępny kanał wysyłki; dokładna dostawa do adresu, koszt i termin zależą od koszyka. Makro przeliczone z zaokrąglonych deklaracji amerykańskiej etykiety, zera nie są wynikiem analitycznym.","Wybrano w pełni udokumentowany SMP w krajowym kanale importowym zamiast produktu z niekompletną etykietą/dostępnością: Kenya Highland Low Fat Skimmed Milk Powder (250 g). ODT 6009686620573 niepotwierdzony; niezależnie odczytany EAN w źródle 6161107821234. Odrzucono makro Carrefour 118 kcal/28 g, fat3 g/28 g (10,71% proszku), sugars0 i sodium0 — przeczą SMP i prawdopodobnie odnoszą się do innego wariantu/błędnego formularza. Wartości NOW 0 g fat/sat/fiber pochodzą z rzeczywistej tabeli24 g, nie z hasła 0%.",AUTO PO AKCEPTACJI,LEAD,EAN_ON_GENERIC_TLD_PAGE,https://www.nowfoods.com/products/natural-foods/non-fat-dry-milk-powder-organic
KE,★★★★,KENYA,DEXTROSE,30,PI-ING-000494,DEX-KE-PRODUCT,WYMAGA_ETYKIETY,LABEL_EVIDENCE_MISSING,label/composition evidence missing — current label (ingredients + nutrition per 100 g/ml),Dextrose Monohydrate (food grade),Unspecified manufacturer,25 kg,,"Page explicitly offers food-grade dextrose monohydrate from corn starch, 25kg bags, delivery Nairobi Mombasa Kisumu Nakuru Eldoret.",Postać monohydrat; NIP i model aktywności osobno,0,"PI-ING-000494 uzupełnia: kcal=364; tłuszcz=0; nasycone=0; węglowodany=90.9; cukry=90.9; białko=0; sól=0; błonnik=0 /100g. To oszacowanie, nie deklaracja etykiety. MODEL PI: 90,9g aktywnej dekstrozy +9,1g wody/100g; nie jest pomiarem partii. Czystość suchej masy i zaokrąglone cukry NIP nie zastępują CoA. Supplier listing verified; confirm lot food grade, availability and specification",Rapras/Excel hydrate and barcodes were not corroborated; replaced by food-grade B2B monohydrate.,AUTO PO AKCEPTACJI,BRAK,NO_EAN_IN_V7,https://zenithcoltd.com/product/dextrose-monohydrate-kenya/
KE,★★★★,KENYA,TARA,3,PI-ING-000492,TARA-KE-PRODUCT,WYMAGA_DOSTAWY,LOCAL_PURCHASE_PATH_MISSING,no evidenced local purchase/delivery path in this market,Modernist Pantry Pure Tara Gum Powder,Modernist Pantry,400 g,,"UNCONFIRMED; Concrete 400 g food product and Kenyan USA-import listing verified, but stock absent. Package-weight1lb field is not net400g. No exact400g barcode or nutrient label retrieved.","Energia źródła, jeśli dostępna; brakujące pola z PI. Nie narzucano zgodności różnych konwencji znakowania.",0,"ESTIMATED z PI-ING-000492: kcal=180; tłuszcz=0.5; nasycone=0; węglowodany dostępne=1.5; cukry=0; białko=2; sól=0; błonnik=86.5 /100 g. To model, nie etykieta produktu. Aktywność względna=1 wyłącznie MODEL PI, nie oznaczenie handlowej partii. Dawka odniesienia 3 g/1000 g (0,3%) bez automatycznego skalowania. Lepkość ani 100% składnika nie oznaczają 100% galaktomannanu. Woda 9,5 g/100 g: ESTIMATED z PI; brak oznaczenia produktu. Kenya candidate only: Ubuy 400 g listing explicitly OUT OF STOCK on 2026-09-08. No current country fulfillment confirmed.",User switches from Modernist400g/American Heritage1lb links to Happy Andes16oz and unrelated Rafex barcode; these identities cannot be combined.,AUTO PO AKCEPTACJI,BRAK,NO_EAN_IN_V7,https://modernistpantry.com/products/tara-gum.html
CO,★★★★,LATAM_NORTH_ANDEAN,MILK,672,PI-ING-000236,MILK-CO-ALQUERIA-SUPER-35-1100,KANDYDAT_PR,VERIFY_CANDIDATE,"EAN printed on a page serving this market + label facts (ingredients, nutrition) from manufacturer/retailer","Alquería Súper Cremosa Leche Entera 3,5% 1100 ml",Alquería,1100 ml worek,7702177022726,Producent + Éxito + specyfikacja techniczna + exact EAN,WŁASNY PROFIL PR — przeliczenie z rzeczywistej etykiety,0,Dane kompletne. Końcowy PR poza Mapperem według istniejącej konwencji.,Najbliższy powszechny wariant krajowy; wartości exact PR wygrywają z PI.,AUTO PO AKCEPTACJI,LEAD,SOURCE_NOT_READABLE,https://www.alqueria.com.co/productos/leche-entera/super-cremosa;
CO,★★★★,LATAM_NORTH_ANDEAN,CREAM,130,PI-ING-000180,CREAM-GTIN-7702177022344,KANDYDAT_PR,VERIFY_CANDIDATE,"EAN printed on a page serving this market + label facts (ingredients, nutrition) from manufacturer/retailer",Alquería Crema de Leche Original (fórmula PEC) 400 g,Alquería,"400 g, saszetka z zakrętką, 27 porcji po 15 g",7702177022344,"Alquería, aktualna oficjalna karta Crema de Leche Original: pełne siedem wartości na 100 g, błonnik 0; pod tabelą jawne stwierdzenie Información nutricional para formula PEC i lista formatów obejmująca 400 g (27 porcji). Dane dotyczą produkcji Cajicá, Palmira i Medellín. Mercaldas: API wiąże EAN 7702177022344 z 400 g, ofertą 12 100 COP i zdjęciem obecnego opakowania Original 400 g / 27 porcji; zdjęcie odczytane wzrokowo. Megatiendas niezależnie potwierdza ten sam EAN, 400 g i ofertę w Kolumbii. Karta techniczna producenta FTAC-011, wersja 10 z 26.12.2022, kopia Scribd, podaje skład i alergeny dla regionu Sabana/Occidente. Suma kontrolna EAN poprawna.",WŁASNY PROFIL PR — rzeczywista etykieta,1,Dane kompletne. Końcowy PR poza Mapperem według istniejącej konwencji.,"Wybór 31% jako najbliższego zweryfikowanego odpowiednika docelowych 30%. Nagłówek tabeli producenta wspomina 200 g, ale ta sama sekcja formuły PEC jawnie obejmuje 400 g. Nie użyto tabeli 20% z Makro: tam zdjęcia przedstawiają odmienny wariant Cocina, mimo podpięcia do EAN Original. Aktualne zdjęcie Mercaldas potwierdza Original; osobne produkty Cocina istnieją w katalogu Mercaldas. Sól obliczona z sodu 70 mg/100 g: 70×2.5/1000=0.175 g.",AUTO PO AKCEPTACJI,CONFIRMED,EAN_ON_MARKET_PAGE,https://www.megatiendas.co/crema-de-leche-alqueria-semientera-x-400-g-7702177022344/p
CO,★★★★,LATAM_NORTH_ANDEAN,SMP,35,PI-ING-000270,SMP-GTIN-07702129004572,WYMAGA_ETYKIETY,LABEL_EVIDENCE_MISSING,label/composition evidence missing — current label (ingredients + nutrition per 100 g/ml),Leche en Polvo Descremada Colanta Slight,Colanta,torebka 380 g,7702129004572,"Producent potwierdza rodzaj, skład, pochodzenie mleka z Kolumbii i opakowanie 380 g. Lokalny sklep Mercacentro potwierdza GTIN 7702129004572 i SKU 464814. Oficjalna tabela jest obrazem; jej pikseli nie udało się odczytać, ponieważ przeglądarka zwróciła „Acceso no autorizado”.",Własny profil SMP — Engine przelicza rzeczywiste dane i jawne estymacje,0,"kcal: PI-ING-000270 (362 /100 g). tłuszcz: PI-ING-000270 (0.8 /100 g). Nasycone: 0,625 × tłuszcz (proporcja z pełnej etykiety Régilait 0,5/0,8); PI ma niewiarygodne 0. węglowodany: PI-ING-000270 (51.98 /100 g). Cukry: MIN(PI 51 g, węglowodany PR). białko: PI-ING-000270 (35.7 /100 g). sól: PI-ING-000270 (1.2 /100 g). błonnik: PI-ING-000270 (0 /100 g). Brak zweryfikowanej pełnej tabeli na 100 g suchego proszku. Wszystkie wartości liczbowe pozostawiono nieznane; wymagają jawnej estymacji lub odczytu aktualnej etykiety.","Odrzucono nieprawidłowy kod 7702130000000 z dokumentu. Nie przenoszono składu z witaminami A i D3 ze starszych ofert, ponieważ obecna strona producenta podaje mleko i regulatory kwasowości.",AUTO PO AKCEPTACJI,CONFIRMED,EAN_ON_MARKET_PAGE,https://www.mercacentro.com/leche-colanta-en-polvo-descremada-slight-380--g/p
CO,★★★★,LATAM_NORTH_ANDEAN,DEXTROSE,30,PI-ING-000494,DEX-CO-PRODUCT,WYMAGA_ETYKIETY,LABEL_EVIDENCE_MISSING,label/composition evidence missing — current label (ingredients + nutrition per 100 g/ml),Dextrosa Monohidratada,Essentiall,1 kg,,Monohydrat wskazany w nazwie i opisie oferty spożywczej.,Postać monohydrat; NIP i model aktywności osobno,0,"PI-ING-000494 uzupełnia: kcal=364; tłuszcz=0; nasycone=0; węglowodany=90.9; cukry=90.9; białko=0; sól=0; błonnik=0 /100g. To oszacowanie, nie deklaracja etykiety. MODEL PI: 90,9g aktywnej dekstrozy +9,1g wody/100g; nie jest pomiarem partii. Czystość suchej masy i zaokrąglone cukry NIP nie zastępują CoA. Oferta katalogowa; aktualny zapas i warunki dostawy przy zamówieniu.",Roztwór do wstrzykiwań7707141349021 odrzucony; wybrano suchy monohydrat z oferty składników spożywczych.,AUTO PO AKCEPTACJI,BRAK,NO_EAN_IN_V7,https://tienda.essentiall.com.co/producto/dextrosa-monohidratada-x-1-kg/
CO,★★★★,LATAM_NORTH_ANDEAN,TARA,3,PI-ING-000492,TARA-MP-1508-50,KANDYDAT_PR,VERIFY_CANDIDATE,"EAN printed on a page serving this market + label facts (ingredients, nutrition) from manufacturer/retailer",Tara Gum — Home 50g,Modernist Pantry,50 g,819543011967,"IMPORT; Etykieta 50 g producenta potwierdza UPC i wszystkie dane NIP na 100 g: 360 kcal, tłuszcz 1 g, NKT 0 g, total carbohydrate 85 g, fiber 85 g, cukry 0 g, białko 2 g, sód 0 mg. Oferta importowa z ceną, statusem dostępności i wysyłką w całej Kolumbii na stronie produktu. Finalny termin i adres przy zamówieniu.",ENERGIA DO WYJAŚNIENIA: etykieta 360 kcal/100 g; available carbs 0 g po odjęciu błonnika. Zachowano deklarowaną energię; przeliczenie 9/4/4/2 daje 187 kcal. Różna konwencja energii błonnika — nie używać do automatycznego znakowania UE.,0,"Wszystkie 8 pól z etykiety/TDS lub jawnego przeliczenia porcji/sodu/błonnika. Aktywność względna=1 wyłącznie MODEL PI, nie oznaczenie handlowej partii. Dawka odniesienia 3 g/1000 g (0,3%) bez automatycznego skalowania. Lepkość ani 100% składnika nie oznaczają 100% galaktomannanu. Woda 9,5 g/100 g: ESTIMATED z PI; brak oznaczenia produktu. Oferta importowa z ceną, statusem dostępności i wysyłką w całej Kolumbii na stronie produktu. Finalny termin i adres przy zamówieniu.","Rzeczywisty UPC 50 g z etykiety producenta. Węglowodany 85 g obejmują błonnik 85 g; dostępne wynoszą 0 g. Energia 360 kcal zachowana z etykiety, z jawną uwagą o konwencji energii; nie przeliczono jej po cichu. Kategoria gumy guar w marketplace nie zmienia składnika wskazanego na etykiecie.",AUTO PO AKCEPTACJI,LEAD,EAN_ON_GENERIC_TLD_PAGE,https://modernistpantry.com/products/tara-gum.html
KR,★★★★,EAST_ASIA,MILK,672,PI-ING-000236,MILK-KR-MAEIL-ORIGINAL-36-900,KANDYDAT_PR,VERIFY_CANDIDATE,"EAN printed on a page serving this market + label facts (ingredients, nutrition) from manufacturer/retailer","Maeil Milk Original 3,6% 900 ml",Maeil,900 ml,8801121772874,Maeil + krajowi detaliści + exact EAN i profil,WŁASNY PROFIL PR — przeliczenie z rzeczywistej etykiety,0.10000000000000009,Dane kompletne. Końcowy PR poza Mapperem według istniejącej konwencji.,Najbliższy powszechny wariant krajowy; wartości exact PR wygrywają z PI.,AUTO PO AKCEPTACJI,LEAD,EAN_ON_AGGREGATOR,https://kr.openfoodfacts.org/produkt/8801121772874/original-3-6-milk-maeil
KR,★★★★,EAST_ASIA,CREAM,130,PI-ING-000180,CREAM-GTIN-3412290032215,KANDYDAT_PR,VERIFY_CANDIDATE,"EAN printed on a page serving this market + label facts (ingredients, nutrition) from manufacturer/retailer",Paysan Breton UHT Cooking & Whipping Cream 30%,Paysan Breton,200 ml (20 cl),3412290032215,"Casinetto publishes full seven-field profile and a legible photograph of the exact 20 cl capped carton: 1209 kJ/293 kcal, fat 30 g, saturated 21 g, carbs 3.4 g, sugars 3 g, protein 2.4 g, salt 0.07 g per 100 ml. Kurly exact 200 ml listing offers local chilled next-day delivery and no added sugar; its physical Korean label confirms cream 99.68%, milk protein, carrageenan, French plant LAITERIE DE SAINT-DENIS DE L’HOTEL and 30%-or-more class. Korean importer Wine & Food explicitly says 30% 200 ml. Lotte local product sales code is EAN 3412290032215.",WŁASNY PROFIL PR — rzeczywista etykieta,0,Dane kompletne. Końcowy PR poza Mapperem według istniejącej konwencji.,"Exact 30% replaces a verified but farther 35% alternative. Some older barcode directories still call this EAN 35%; use the current 30% formulation and pictured label. Casinetto HTML calls the basis 100 g, but the physical carton explicitly says 100 ml; the physical label basis is retained. For KR, discard Lotte’s erroneous Netherlands/Vepo producer field: Kurly physical label says France/Saint-Denis-de-l’Hotel.",AUTO PO AKCEPTACJI,CONFIRMED,EAN_ON_MARKET_PAGE,https://lottemartzetta.com/products/OS3412290032215/details
KR,★★★★,EAST_ASIA,SMP,35,PI-ING-000270,SMP-GTIN-08801115421078,KANDYDAT_PR,VERIFY_CANDIDATE,"EAN printed on a page serving this market + label facts (ingredients, nutrition) from manufacturer/retailer",서울우유 탈지분유 (Seoul Skim Milk Powder),Seoul Milk / 서울우유,1 kg,8801115421078,"Producent:1 kg i tabela 100 g:360 kcal, W 52, cukry 49, B 37, T 0,5, NKT 0,5, sód 540 mg. Lotte Mart potwierdza kod 8801115421078,1 kg,100%krajowe odtłuszczone mleko i ofertę 20 650 KRW.",Własny profil SMP — Engine przelicza rzeczywiste dane i jawne estymacje,-0.30000000000000004,błonnik: PI-ING-000270 (0 /100 g). Makra producenta na 100 g suchego produktu,"GTIN użytkownika potwierdzony; preferowano 360 kcal z aktualnej strony producenta,  nie 355 kcal z agregatora Danawa. Sól 540 mg×0,0025=1,35 g.",AUTO PO AKCEPTACJI,CONFIRMED,EAN_ON_MARKET_PAGE,https://lottemartzetta.com/products/OS8801115421078/details
KR,★★★★,EAST_ASIA,DEXTROSE,30,PI-ING-000494,DEX-KR-PRODUCT,WYMAGA_ETYKIETY,LABEL_EVIDENCE_MISSING,label/composition evidence missing — current label (ingredients + nutrition per 100 g/ml),함수결정포도당 Dextrose Monohydrate 1kg,ES식품원료 ES Food Ingredients,1 kg,,"ES oficjalny tytuł dwujęzyczny Dextrose Monohydrate / 함수결정포도당; typ produktu 포도당 (glukoza), proszek krystaliczny.",Postać monohydrat; NIP i model aktywności osobno,0,"PI-ING-000494 uzupełnia: kcal=364; tłuszcz=0; nasycone=0; węglowodany=90.9; cukry=90.9; białko=0; sól=0; błonnik=0 /100g. To oszacowanie, nie deklaracja etykiety. MODEL PI: 90,9g aktywnej dekstrozy +9,1g wody/100g; nie jest pomiarem partii. Czystość suchej masy i zaokrąglone cukry NIP nie zastępują CoA. Gmarket pole NIP oznacza „nie dotyczy”; nie oznacza zerowych wartości. Raport badań dostępny na życzenie w zamówieniu.","Nie potwierdzono EAN Garunara8809462151876. 8806102900093 dotyczy tabletek sól/glukoza, odrzucone. Skrobia jest surowcem procesu, nie należy wprowadzać skrobi jako składnika żelato zamiast dekstrozy.",AUTO PO AKCEPTACJI,BRAK,NO_EAN_IN_V7,https://www.esfood.kr/goods/goods_view.php?goodsNo=186786072
KR,★★★★,EAST_ASIA,TARA,3,PI-ING-000492,TARA-GTIN-08055728540170,KANDYDAT_PR,VERIFY_CANDIDATE,"EAN printed on a page serving this market + label facts (ingredients, nutrition) from manufacturer/retailer",Tara Gum 50gr. / Gomma di Tara E417,SaporePuro,50 g,8055728540170,"IMPORT; TDS rev. 17/07/2026, pages 1–2 food identity/allergens/origin, p10 nutrition and physical data, pp11–12 allergen matrix. Manufacturer public product JSON maps 50gr variant 48245876949339 to SPGT50 and barcode 8055728540170. Distributor lists 50g and Add to cart. TDS values are product-wide specifications, not a lot COA.","Energia źródła, jeśli dostępna; brakujące pola z PI. Nie narzucano zgodności różnych konwencji znakowania.",0,"Wszystkie 8 pól z etykiety/TDS lub jawnego przeliczenia porcji/sodu/błonnika. Aktywność względna=1 wyłącznie MODEL PI, nie oznaczenie handlowej partii. Dawka odniesienia 3 g/1000 g (0,3%) bez automatycznego skalowania. Lepkość ani 100% składnika nie oznaczają 100% galaktomannanu. Woda z TDS: 7 g/100 g; TDS moisture 7%, no inequality printed. IMPORT from Hong Kong; South Korea explicitly listed in international shipping tariff. Final freight and order eligibility to confirm.","Generic CAS and Korean warehouse-cross-contact wording in uploaded document were not product evidence. Jupiter local tara-gum lead exists, but concrete grade/pack and ordering details could not be verified; selected documented SaporePuro 50g import. AKTUALIZACJA: oficjalny JSON producenta potwierdza dla 50 g SKU SPGT50 i EAN 8055728540170; poprzedni brak identyfikatora zamknięty.",AUTO PO AKCEPTACJI,LEAD,EAN_ON_GENERIC_TLD_PAGE,https://saporepuro.myshopify.com/products/farina-di-semi-di-tara-gomma-di-tara-origine-peru-e417-confezionato-in-italia-1
CR,★★★★,LATAM_NORTH_ANDEAN,MILK,672,PI-ING-000236,MILK-CR-DOSPINOS-UHT-35-1L,KANDYDAT_PR,VERIFY_CANDIDATE,"EAN printed on a page serving this market + label facts (ingredients, nutrition) from manufacturer/retailer","Dos Pinos Leche Entera UAT 3,5% 1 L",Dos Pinos,1 L,7441001601071,Walmart Costa Rica + lokalni detaliści + exact EAN,WŁASNY PROFIL PR — przeliczenie z rzeczywistej etykiety,0,Dane kompletne. Końcowy PR poza Mapperem według istniejącej konwencji.,Najbliższy powszechny wariant krajowy; wartości exact PR wygrywają z PI.,AUTO PO AKCEPTACJI,LEAD,EAN_ON_GENERIC_TLD_PAGE,https://www.superarias.com/leche-entera-3-5-grasa-dos-pinos-1l-tb/
CR,★★★★,LATAM_NORTH_ANDEAN,CREAM,130,PI-ING-000180,CREAM-GTIN-7441001604508,KANDYDAT_PI_ESTIMATED,PI_ESTIMATE_ONLY,only a PI-level estimate — exact PR label profile incomplete,Dos Pinos Crema Dulce para Batir 35%,Dos Pinos,"250 ml, karton UHT",7441001604508,"Fizyczna etykieta250ml zawiera GTIN i6pól odżywczych na15ml. MegaSuper i producent potwierdzają ten dokładny produkt w Kostaryce. Cukry nie są deklarowane; skład zawiera dekstryny, dlatego cukry nie zostały utożsamione z węglowodanami.",ETYKIETA + ESTIMATED z PI; patrz15_CREAM_PRZELICZENIA,4.666666666666664,Profil roboczy kompletny; pola ESTIMATED: sugars. Bezpośredni fallback do total_sugars_percent kanonicznego PI30%; brak korekty gęstości ani nieudokumentowanej zawartości dekstryn.,"Zamiast niespójnego BlueValley dobrano lokalną śmietankę mleczną35%. Sześć wartości z fizycznej etykiety; cukry roboczo3,2g/100 z PI-ING-000180, ESTIMATED. To profil do obliczeń, a nie pełna zweryfikowana etykieta.",AUTO PO AKCEPTACJI,CONFIRMED,EAN_ON_MARKET_PAGE,https://www.megasuper.com/p/crema-dulce-dos-pinos-250ml-7441001604508
CR,★★★★,LATAM_NORTH_ANDEAN,SMP,35,PI-ING-000270,SMP-GTIN-07441001612039,WYMAGA_ETYKIETY,LABEL_EVIDENCE_MISSING,label/composition evidence missing — current label (ingredients + nutrition per 100 g/ml),Dos Pinos Leche descremada en polvo instantánea 0% grasa 400 g,Dos Pinos,"400 g, torebka",7441001612039,"Walmart Costa Rica podaje 400 g i EAN 7441001612039; kod jest też czytelny na zdjęciu tylnej etykiety. Zdjęcie zawiera kolumnę Por/per 100 g suchego proszku oraz osobno porcja 23 g; przód i instrukcja przygotowania potwierdzają 23 g proszku na 250 ml mleka. Tabela witryny Dos Pinos prowadzonej na domenie agencji pcreativas.com potwierdza dokładnie 1596 kJ/381 kcal, tłuszcz 1,4 g, nasycone 0,6 g, węglowodany 57 g, białko 35 g, sód 570 mg na 100 g. Sól przeliczona: 570×0,0025=1,425 g. Brak wiersza cukrów i błonnika na etykiecie i stronie; nie utożsamiono cukrów z węglowodanami. Etiqueteando pokazuje zaokrągloną porcję 23 g i również brak cukrów. Etykieta potwierdza produkcję w Costa Rica, skład i alergeny.",Własny profil SMP — Engine przelicza rzeczywiste dane i jawne estymacje,0.5999999999999999,"Cukry: MIN(PI 51 g, węglowodany PR). błonnik: PI-ING-000270 (0 /100 g). Lokalna oferta sprzedaży Walmart Costa Rica. Sześć z siedmiu wymaganych makr potwierdzone; cukry wymagają ESTIMATED z PI lub dodatkowego źródła. Błonnik brak deklaracji.","EAN z materiału użytkownika 7441001611995 odpowiada wariantowi 1,5 kg w ofercie La Monjaras, nie 400 g; dla 400 g poprawiono na 7441001612039. EAN 800 g w Masxmenos to 7441001627910. Dołączony w galerii 800 g osobny obraz tabeli (ID 934912) zawiera 23 g tłuszczu/100 g i dotyczy innego produktu; odrzucono go. Makr nie normalizowano z zaokrąglonej porcji 23 g, ponieważ istnieje tabela 100 g.",AUTO PO AKCEPTACJI,CONFIRMED,EAN_ON_MARKET_PAGE,https://www.walmart.co.cr/leche-dos-pinos-en-polvo-descremada-400-g-0/p
CR,★★★★,LATAM_NORTH_ANDEAN,DEXTROSE,30,PI-ING-000494,DEX-CR-PRODUCT,WYMAGA_ETYKIETY,LABEL_EVIDENCE_MISSING,label/composition evidence missing — current label (ingredients + nutrition per 100 g/ml),Dextrosa Monohidratada,CreaFoods,1 kg,,Monohydrat wskazany w nazwie i opisie oferty spożywczej.,Postać monohydrat; NIP i model aktywności osobno,0,"PI-ING-000494 uzupełnia: nasycone=0; sól=0; błonnik=0 /100g. To oszacowanie, nie deklaracja etykiety. MODEL PI: 90,9g aktywnej dekstrozy +9,1g wody/100g; nie jest pomiarem partii. Czystość suchej masy i zaokrąglone cukry NIP nie zastępują CoA. Oferta katalogowa; aktualny zapas i warunki dostawy przy zamówieniu.","Zmieniono Parafina na spożywczy CreaFoods z TDS. Nie potraktowano czystości suchej masy jako aktywnej dekstrozy w100g proszku. Sól, NKT i błonnikcałkowity oznaczone PI; limit sodu zachowany w dowodzie.",AUTO PO AKCEPTACJI,BRAK,NO_EAN_IN_V7,https://www.creafoods.com/dextrosa-monohidratada-1kg
CR,★★★★,LATAM_NORTH_ANDEAN,TARA,3,PI-ING-000492,TARA-MP-1508-50,KANDYDAT_PR,VERIFY_CANDIDATE,"EAN printed on a page serving this market + label facts (ingredients, nutrition) from manufacturer/retailer",Tara Gum — Home 50g,Modernist Pantry,50 g,819543011967,"IMPORT; Etykieta 50 g producenta potwierdza UPC i wszystkie dane NIP na 100 g: 360 kcal, tłuszcz 1 g, NKT 0 g, total carbohydrate 85 g, fiber 85 g, cukry 0 g, białko 2 g, sód 0 mg. Oferta importowa z ceną, statusem dostępności, ASIN B08175SQ89 i wysyłką w całej Kostaryce na stronie produktu. Finalny termin i adres przy zamówieniu.",ENERGIA DO WYJAŚNIENIA: etykieta 360 kcal/100 g; available carbs 0 g po odjęciu błonnika. Zachowano deklarowaną energię; przeliczenie 9/4/4/2 daje 187 kcal. Różna konwencja energii błonnika — nie używać do automatycznego znakowania UE.,0,"Wszystkie 8 pól z etykiety/TDS lub jawnego przeliczenia porcji/sodu/błonnika. Aktywność względna=1 wyłącznie MODEL PI, nie oznaczenie handlowej partii. Dawka odniesienia 3 g/1000 g (0,3%) bez automatycznego skalowania. Lepkość ani 100% składnika nie oznaczają 100% galaktomannanu. Woda 9,5 g/100 g: ESTIMATED z PI; brak oznaczenia produktu. Oferta importowa z ceną, statusem dostępności, ASIN B08175SQ89 i wysyłką w całej Kostaryce na stronie produktu. Finalny termin i adres przy zamówieniu.","Rzeczywisty UPC 50 g z etykiety producenta. Węglowodany 85 g obejmują błonnik 85 g; dostępne wynoszą 0 g. Energia 360 kcal zachowana z etykiety, z jawną uwagą o konwencji energii; nie przeliczono jej po cichu. Kategoria gumy guar w marketplace nie zmienia składnika wskazanego na etykiecie.",AUTO PO AKCEPTACJI,LEAD,EAN_ON_GENERIC_TLD_PAGE,https://modernistpantry.com/products/tara-gum.html
KW,★★★★,GCC,MILK,672,PI-ING-000236,MILK-GTIN-6281007040235,KANDYDAT_PR,VERIFY_CANDIDATE,"EAN printed on a page serving this market + label facts (ingredients, nutrition) from manufacturer/retailer",Fresh Milk Full Fat 1L,Almarai,1 L butelka,6281007040235,"Oficjalna karta Almarai wymienia opakowanie 1 L i publikuje na 250 ml: 152 kcal, tłuszcz 8 g, nasycone 5 g, sód 129 mg, węglowodany/cukry 12 g, białko 8 g, błonnik 0. Mohideen detalista identyfikuje 1 L SKU/GTIN 6281007040235. Kuwejcki FURDTK publikuje dostępne Almarai Fresh Milk Full Fat 1L, cenę 0.480 KWD i dodanie do koszyka.",WŁASNY PROFIL PR — przeliczenie z rzeczywistej etykiety,-0.2999999999999998,Dane kompletne. Końcowy PR poza Mapperem według istniejącej konwencji.,"Zastąpiono KDCOW/KDD produktem Almarai z pełną oficjalną tabelą. Każde makro podzielono przez 2.5 z porcji 250 ml. Sól: 129 mg sodu/2.5*2.5/1000=0.129 g na 100 ml. Fat 3.2 oznacza wynik analityczny tabeli, nie gwarantowany znak procentowy na froncie.",AUTO PO AKCEPTACJI,LEAD,EAN_ON_GENERIC_TLD_PAGE,https://mohideensupermarket.com/product/almarai-milk-full-fat-3-1-ltr/
KW,★★★★,GCC,CREAM,130,PI-ING-000180,CREAM-GTIN-3412290032215,KANDYDAT_PR,VERIFY_CANDIDATE,"EAN printed on a page serving this market + label facts (ingredients, nutrition) from manufacturer/retailer",Paysan Breton La Crème Pâtisserie & Cuisine UHT 30%,Paysan Breton,20 cl,3412290032215,"Physical 20cl 30% carton images published by Lulu: side shows GTIN 3412290032215, France producer and Tunisia importer; rear shows complete seven nutrition values. Casinetto publishes identical seven values and exact 20cl pack. Nutrition basis on actual label is per 100ml. Local retailer listing confirms same 200ml product and market; stock status may vary.",WŁASNY PROFIL PR — rzeczywista etykieta,0,Dane kompletne. Końcowy PR poza Mapperem według istniejącej konwencji.,Exact 30% liquid cream selected. Retailer text giving 35% is not used because physical current 30% label confirms profile. Fibre undeclared.,AUTO PO AKCEPTACJI,LEAD,PAGE_WITHOUT_EAN,https://bf1af2.akinoncloudcdn.com/products/2025/03/28/87485/697134c3-73cd-408b-8a68-2100017edff8_size1920_cropCenter.jpg
KW,★★★★,GCC,SMP,35,PI-ING-000270,SMP-GTIN-03043931691418,KANDYDAT_PR,VERIFY_CANDIDATE,"EAN printed on a page serving this market + label facts (ingredients, nutrition) from manufacturer/retailer",Régilait Instant Skimmed Milk Powder 0% Fat,Régilait,puszka 300 g,3043931691418,Makro na 100 g suchego proszku i gramatury 300/700 g: aktualna oficjalna strona Régilait export. EAN+gramatura: regionalna karta handlowa. Lokalna karta produktu potwierdza ofertę dla wskazanego kraju; nie stanowi dowodu dominacji rynkowej.,Własny profil SMP — Engine przelicza rzeczywiste dane i jawne estymacje,0,"błonnik: PI-ING-000270 (0 /100 g). Przed użyciem produkcyjnym dopasować aktualną etykietę regionalnej puszki do profilu producenta; sprawdzić wersję witaminową. LuLu oznacza ofertę jako Out of Stock; to oferta katalogowa, stan bieżący niepotwierdzony.","ODT 3043933232701 identyfikuje wariant demi-écrémé, nie SMP; wybrano potwierdzony wariant 0% 300 g. Vitamilk i Calcium Plus są osobnymi produktami. Producent ma błędny opis 52 g jako „sucres ajoutés”; są to cukry wykazane przy węglowodanach, nie dowód dodawania cukru. Starsza karta Sharaf DG pokazuje 356 kcal, 51,7 g węglowodanów/cukrów, 35,5 g białka i podejrzaną jednostkę sodu 0,42 mg; przyjęto nowszy kompletny profil producenta, bez mieszania danych.",AUTO PO AKCEPTACJI,LEAD,EAN_ON_FOREIGN_MARKET_PAGE,https://thegrocer.com.qa/product/regilait-instant-skimmed-milk-powder-non-fat-300g/
KW,★★★★,GCC,DEXTROSE,30,PI-ING-000494,DEX-KW-PRODUCT,WYMAGA_ETYKIETY,LABEL_EVIDENCE_MISSING,label/composition evidence missing — current label (ingredients + nutrition per 100 g/ml),Dextrose Monohydrate – food applications,Unspecified manufacturer,B2B — opakowanie niepubliczne,,"Supplier specifies monohydrate, C6H12O6·H2O, food applications, and explicitly names destination among markets served.",Postać monohydrat; NIP i model aktywności osobno,0,"PI-ING-000494 uzupełnia: kcal=364; tłuszcz=0; nasycone=0; węglowodany=90.9; cukry=90.9; białko=0; sól=0; błonnik=0 /100g. To oszacowanie, nie deklaracja etykiety. MODEL PI: 90,9g aktywnej dekstrozy +9,1g wody/100g; nie jest pomiarem partii. Czystość suchej masy i zaokrąglone cukry NIP nie zastępują CoA. B2B import quotation required; local retail stock not established",Replaces unverified original retail or blended glucose claim with documented regional B2B import option.,AUTO PO AKCEPTACJI,BRAK,NO_EAN_IN_V7,https://chemstock.ae/industrial-chemicals/food-chemicals/dextrose-monohydrate-supplier-uae/
KW,★★★★,GCC,TARA,3,PI-ING-000492,TARA-MP-1508-50,WYMAGA_DOSTAWY,LOCAL_PURCHASE_PATH_MISSING,no evidenced local purchase/delivery path in this market,Modernist Pantry Pure Tara Gum Powder,Modernist Pantry,50 g,819543011967,"UNCONFIRMED; 50 g back label visually checked: per100g values transcribed; 85 g total carbohydrate includes 85 g fiber. Label energy 360 kcal retained as declared, not recalculated. UPC-A819543011967 also visible on label.",ENERGIA DO WYJAŚNIENIA: etykieta 360 kcal/100 g; available carbs 0 g po odjęciu błonnika. Zachowano deklarowaną energię; przeliczenie 9/4/4/2 daje 187 kcal. Różna konwencja energii błonnika — nie używać do automatycznego znakowania UE.,0,"Wszystkie 8 pól z etykiety/TDS lub jawnego przeliczenia porcji/sodu/błonnika. Aktywność względna=1 wyłącznie MODEL PI, nie oznaczenie handlowej partii. Dawka odniesienia 3 g/1000 g (0,3%) bez automatycznego skalowania. Lepkość ani 100% składnika nie oznaczają 100% galaktomannanu. Woda 9,5 g/100 g: ESTIMATED z PI; brak oznaczenia produktu. Conditional import to Kuwait. Kuwait listing shows in stock, USA import, estimated arrival 2026-09-16; FAQ explicitly distinguishes import from local availability. Exact address, final terms and availability require checkout confirmation. Page also contains a Remove Restriction control and says not all listed products are for sale; country fulfillment remains unconfirmed.",Preserve manufacturer 50 g identity despite marketplace title 50g/2oz and conflicting ancillary weights/flavour fields. User-supplied Sosa/Modernist alternative codes not transferred. Import is not local shelf stock.,AUTO PO AKCEPTACJI,LEAD,EAN_ON_GENERIC_TLD_PAGE,https://modernistpantry.com/products/tara-gum.html
LT,★★★★,EU27,MILK,672,PI-ING-000236,MILK-GTIN-4770265041259,KANDYDAT_PR,VERIFY_CANDIDATE,"EAN printed on a page serving this market + label facts (ingredients, nutrition) from manufacturer/retailer","Pienas MŪ UAT 3,5% rieb. 1 l",MŪ,1 l karton UAT/UHT,4770265041259,"Barbora LT oraz Rimi LT potwierdzają dokładny wariant MŪ UAT 3,5% 1 l i dane w 100 g/ml: 264 kJ/63 kcal, tłuszcz 3,5, nasycone 2,1, węglowodany/cukry 4,7, białko 3,2, sól 0,1. Oliver LT wiąże ten wariant 1 l z kodem 4770265041259 w URL, a Printera jawnie podaje EAN 4770265041259. Błonnika brak w deklaracji.",WŁASNY PROFIL PR — przeliczenie z rzeczywistej etykiety,0,Dane kompletne. Końcowy PR poza Mapperem według istniejącej konwencji.,"Poprzedni niepotwierdzony EAN 4770154101185 zastąpiony kodem 4770265041259 przypisanym do MŪ UAT 3,5% 1 l w kilku kartach sklepów.",AUTO PO AKCEPTACJI,CONFIRMED,EAN_ON_MARKET_PAGE,https://www.printera.lt/c/p/pienas-mu-3-5-riebumo-1-l--246813
LT,★★★★,EU27,CREAM,130,PI-ING-000180,CREAM-GTIN-5901432003261,KANDYDAT_PR,VERIFY_CANDIDATE,"EAN printed on a page serving this market + label facts (ingredients, nutrition) from manufacturer/retailer",Meadow Star UHT whipping cream 30%,Meadow Star,500 ml carton,5901432003261,"ePROMO Latvia: dokładne500ml, GTIN5901432003261, producentŁowicz, pełna tabela100g/ml:1202kJ/292kcal,30/18/3.2/3.2/2.2/0.08. Rimi sprzedaje identyczną markę30%500ml lokalnie; użyto pełnej wersji ePROMO zidentyfikowanejGTIN. Profil wybrano w całości z jednej karty ePROMO, bez mieszania jej liczb z kartą Rimi. Wskazania producenta między detalistami są rozbieżne; kompletność dotyczy identyfikacji marki/GTIN/opakowania, lokalnego rynku i siedmiu wartości odżywczych.",WŁASNY PROFIL PR — rzeczywista etykieta,0,Dane kompletne. Końcowy PR poza Mapperem według istniejącej konwencji.,"Zastąpiono 35% dokładnym 30%. Wybrano kompletną tabelę ePROMO publikowaną razem z EAN 5901432003261 (sól 0.08 g). Rimi potwierdza lokalną sprzedaż tego samego produktu i opakowania, ale podaje sól 0.1 g. Zakład produkcyjny jest niejednoznaczny: ePROMO deklaruje OSM Łowicz, Rimi OSM Piątnica, a Wart-Milk prezentuje Meadow Star 30% 0.5L w katalogu producenta. Nie przypisano pewnego zakładu. Na obu kartach występuje nieścisłość 1202 kJ / 292 kcal; zachowano deklarowane 292 kcal.",AUTO PO AKCEPTACJI,LEAD,MARKET_PAGE_WITHOUT_EAN,https://www.rimi.lt/e-parduotuve/en/products/dairy-products-and-eggs/sour-and-sweet-cream-/cream/grietinele-meadow-star-uat-30-500-ml/p/4004128
LT,★★★★,EU27,SMP,35,PI-ING-000270,SMP-LT-SKU,WYMAGA_GTIN,GTIN_MISSING,barcode not established for the chosen pack — label photo or market page printing the GTIN,Lieso pieno milteliai,UAB Rilis / Yerbamate.lt,1000 g,,"Obie lokalne strony podają skład, opakowanie 1000 g, polskie pochodzenie, pakowacza UAB Rilis i pełną tabelę 100 g z błonnikiem. JSON-LD aone.lt ma sku 23348 i InStock. Nie ujawniono GTIN.",Własny profil SMP — Engine przelicza rzeczywiste dane i jawne estymacje,0.19999999999999996,Wszystkie pola pochodzą z etykiety; przeliczenie masy porcji i sodu nie jest estymacją. Lokalna oferta detaliczna; w pliku east_LT.html zachowano JSON-LD ze SKU. GTIN do uzyskania od sprzedawcy. Brak GTIN; użyto identyfikatora SKU/TDS.,Zastępuje nieudowodnioną lokalną dostępność Mlekovita z ODT. Brak GTIN nie jest zastąpiony domysłem; użyto rzeczywistego SKU lokalnego sprzedawcy.,AUTO PO AKCEPTACJI,BRAK,NO_EAN_IN_V7,https://aone.lt/produktas/lieso-pieno-milteliai-1000g/
LT,★★★★,EU27,DEXTROSE,30,PI-ING-000494,DEX-GTIN-04744130012590,WYMAGA_ETYKIETY,LABEL_EVIDENCE_MISSING,label/composition evidence missing — current label (ingredients + nutrition per 100 g/ml),"ICONFIT Dextro, czysta dekstroza w proszku",ICONFIT,1000 g,4744130012590,Producent wprost deklaruje pure dextrose monohydrate; skład jednoskładnikowy Dekstroos monohüdraat / Dekstrozes monohidrāts / Dextrose monohydrate.,Postać monohydrat; NIP i model aktywności osobno,0,"PI-ING-000494 uzupełnia: nasycone=0; sól=0; błonnik=0 /100g. To oszacowanie, nie deklaracja etykiety. MODEL PI: 90,9g aktywnej dekstrozy +9,1g wody/100g; nie jest pomiarem partii. Czystość suchej masy i zaokrąglone cukry NIP nie zastępują CoA. Forma monohydratu potwierdzona niezależnie od tabeli żywieniowej. Zachowano deklarację 92 g węglowodanów i 91,8 g cukrów; nie są to analityczne dane o czystości lub wodzie. PI 90,9%/9,1% wyłącznie jako jawne założenie stechiometryczne.",Zamieniono tabletki i słabo zidentyfikowany produkt Medeja na jednoznaczny monohydrat ICONFIT. Starsza tabela EE/LT ma odwróconą kolejność kJ/kcal w nagłówku: 368/1541; poprawne jednostki potwierdza aktualna strona producenta LV/LT.,AUTO PO AKCEPTACJI,CONFIRMED,EAN_ON_MARKET_PAGE,https://iconfit.lt/en/products/dextrose
LT,★★★★,EU27,TARA,3,PI-ING-000492,TARA-LT-PRODUCT,WYMAGA_ETYKIETY,LABEL_EVIDENCE_MISSING,label/composition evidence missing — current label (ingredients + nutrition per 100 g/ml),Tara guma,Aone / UAB Rilis,200 g,,LOCAL; 200 g selected; page also offers 400/600 g. Product lists Peru origin and UAB Rilis as packer/distributor. No nutrition or EAN published.,"Energia źródła, jeśli dostępna; brakujące pola z PI. Nie narzucano zgodności różnych konwencji znakowania.",0,"ESTIMATED z PI-ING-000492: kcal=180; tłuszcz=0.5; nasycone=0; węglowodany dostępne=1.5; cukry=0; białko=2; sól=0; błonnik=86.5 /100 g. To model, nie etykieta produktu. Aktywność względna=1 wyłącznie MODEL PI, nie oznaczenie handlowej partii. Dawka odniesienia 3 g/1000 g (0,3%) bez automatycznego skalowania. Lepkość ani 100% składnika nie oznaczają 100% galaktomannanu. Woda 9,5 g/100 g: ESTIMATED z PI; brak oznaczenia produktu. Product offers domestic Lithuanian courier/parcel-locker delivery in 1–2 working days and shop collection in Panevėžys.","The lead copied a Rafex 1 kg identifier to unrelated 200/400/600 g Rilis packs; rejected. The source confirms cross-contact risks, so blanket allergen-free claims are removed.",AUTO PO AKCEPTACJI,BRAK,NO_EAN_IN_V7,https://aone.lt/produktas/tara-guma-200g-400g-600g/
LU,★★★★,EU27,MILK,672,PI-ING-000236,MILK-LU-LUXLAIT-UHT-35-1L,KANDYDAT_PR,VERIFY_CANDIDATE,"EAN printed on a page serving this market + label facts (ingredients, nutrition) from manufacturer/retailer","Luxlait UHT Whole Milk 3,5% 1 L",Luxlait,1 L,5450168511507,"Oficjalna karta profesjonalna publikuje article EAN, pakiet EAN, format i tłuszcz",WŁASNY PROFIL PR — przeliczenie z rzeczywistej etykiety,0,Dane kompletne. Końcowy PR poza Mapperem według istniejącej konwencji.,Najbliższy powszechny wariant krajowy; wartości exact PR wygrywają z PI.,AUTO PO AKCEPTACJI,CONFIRMED,EAN_ON_MARKET_PAGE,https://www.luxlait.lu/en/product/uht-milk/pro
LU,★★★★,EU27,CREAM,130,PI-ING-000180,CREAM-GTIN-5450168531871,KANDYDAT_PR,VERIFY_CANDIDATE,"EAN printed on a page serving this market + label facts (ingredients, nutrition) from manufacturer/retailer",Luxlait Crème UHT L’entière 30% 200 ml,Luxlait,200 ml,5450168531871,"Karta producenta dla artykułu 53187 publikuje EAN jednostkowy 5450168531871, opakowanie 200 ml Tetra Prisma i 30% tłuszczu; źródło mleka Luksemburg. Auchan Luksemburg podaje pełny profil dokładnego produktu 20 cl. Luxcaddy potwierdza ofertę lokalną i skład.",WŁASNY PROFIL PR — rzeczywista etykieta,0,Dane kompletne. Końcowy PR poza Mapperem według istniejącej konwencji.,"Zastąpiono ogólny import Oldenburger bez lokalnego dowodu. Wartości użytkownika skorygowano do tabeli Auchan: 292 kcal, 21 g nasyconych, 3.1 g węglowodanów, 2.4 g białka, 0.11 g soli. Nie pomylono jednostkowego EAN z kodem kartonu 5450168331877.",AUTO PO AKCEPTACJI,CONFIRMED,EAN_ON_MARKET_PAGE,https://www.luxlait.lu/de/produkt/uht-schlagsahne/pro
LU,★★★★,EU27,SMP,35,PI-ING-000270,SMP-GTIN-03254560079519,KANDYDAT_PR,VERIFY_CANDIDATE,"EAN printed on a page serving this market + label facts (ingredients, nutrition) from manufacturer/retailer",Lait en poudre écrémé,Auchan,300 g,3254560079519,"Auchan Luxembourg podaje pełne siedem makr na 100 g suchego proszku oraz sód 0,52 g i jego ekwiwalent w soli 1,30 g. Publiczny HTML zawiera product_ean 3254560079519 i product_id 189847.",Własny profil SMP — Engine przelicza rzeczywiste dane i jawne estymacje,0,"błonnik: PI-ING-000270 (0 /100 g). Nagłówek tabeli brzmi 100 g/mL, ale wartości i produkt jednoznacznie odnoszą się do suchego proszku.",Zachowano lokalną tabelę 356 kcal; nie przenoszono profilu 359 kcal z bieżącej oferty francuskiej.,AUTO PO AKCEPTACJI,CONFIRMED,EAN_ON_MARKET_PAGE,https://auchan.lu/lait-concentre-en-poudre/6749-lait-en-poudre-ecreme-300g-189847.html
LU,★★★★,EU27,DEXTROSE,30,PI-ING-000494,DEX-LU-PRODUCT,WYMAGA_ETYKIETY,LABEL_EVIDENCE_MISSING,label/composition evidence missing — current label (ingredients + nutrition per 100 g/ml),Dextrose Monohydraté,Hobbyscuit (konfekcjonowany),500 g,,Jednoznaczna nazwa produktu: Dextrose Monohydraté.,Postać monohydrat; NIP i model aktywności osobno,0,"PI-ING-000494 uzupełnia: kcal=364; tłuszcz=0; nasycone=0; węglowodany=90.9; cukry=90.9; białko=0; sól=0; błonnik=0 /100g. To oszacowanie, nie deklaracja etykiety. MODEL PI: 90,9g aktywnej dekstrozy +9,1g wody/100g; nie jest pomiarem partii. Czystość suchej masy i zaokrąglone cukry NIP nie zastępują CoA. Import z Belgii z potwierdzoną dostawą doLU; potwierdzenie czystego składu na aktualnej etykiecie wymagane.",Odrzucono DextroEnergy89%z dodatkami; zamieniono na deklarowany monohydrat w proszku.,AUTO PO AKCEPTACJI,BRAK,NO_EAN_IN_V7,https://www.hobbyscuit.com/sucres/1268-dextrose-monohydrate.html
LU,★★★★,EU27,TARA,3,PI-ING-000492,TARA-GTIN-08055728540170,KANDYDAT_PR,VERIFY_CANDIDATE,"EAN printed on a page serving this market + label facts (ingredients, nutrition) from manufacturer/retailer",SaporePuro Farina di Semi di Tara / Gomma di Tara E417,SaporePuro,50 g,8055728540170,"IMPORT; Manufacturer TDS revision 17 July 2026: pages 1–2 ingredient, origin and milk warning; page 10 nutrition per 100 g and moisture; pages 11–12 allergen matrix. Shipping policy covers the EU as a bloc, UK and Switzerland. EU shipping: 0–5 kg EUR18; free above EUR50. Individual EU countries are not enumerated.","Energia źródła, jeśli dostępna; brakujące pola z PI. Nie narzucano zgodności różnych konwencji znakowania.",0,"Wszystkie 8 pól z etykiety/TDS lub jawnego przeliczenia porcji/sodu/błonnika. Aktywność względna=1 wyłącznie MODEL PI, nie oznaczenie handlowej partii. Dawka odniesienia 3 g/1000 g (0,3%) bez automatycznego skalowania. Lepkość ani 100% składnika nie oznaczają 100% galaktomannanu. Woda z TDS: 7 g/100 g; TDS moisture 7% is a stated reference value, not a batch measurement. Storefront instead says <9.11%; source conflict retained. Selected 50 g variant available at review (348 units shown); 250 g and 1 kg also offered. Shipping policy explicitly covers the EU with an estimated 3–7 working days. Final stock and postcode acceptance require checkout.","User EAN 8052744883445 is unverified. Do not confuse this sole-ingredient E417 gum with SaporePuro Neutro containing maltodextrin, tara and guar. Prefer current TDS over differing storefront moisture and viscosity data. AKTUALIZACJA: oficjalny JSON producenta potwierdza dla 50 g SKU SPGT50 i EAN 8055728540170; poprzedni brak identyfikatora zamknięty.",AUTO PO AKCEPTACJI,LEAD,EAN_ON_GENERIC_TLD_PAGE,https://saporepuro.com/products/farina-di-semi-di-tara-gomma-di-tara-origine-peru-e417-confezionato-in-italia-1
LV,★★★★,EU27,MILK,672,PI-ING-000236,MILK-GTIN-4770265041259,KANDYDAT_PR,VERIFY_CANDIDATE,"EAN printed on a page serving this market + label facts (ingredients, nutrition) from manufacturer/retailer","Piens MŪ 3,5% tauku 1 l",MŪ,1 l karton UAT/UHT,4770265041259,"Łotewska karta sprzedażowa Oliver24.lv potwierdza ofertę na LV produktu MŪ 3,5% 1 l, kod 4770265041259 w URL, sprzedaż pojedynczego kartonu i dostawę na adres/paczkomat; indeksowana karta wskazuje towar w magazynie, ale nie stanowi gwarancji bieżącego zapasu. Dane żywieniowe z kart Barbora/Rimi dotyczą tego samego litewskiego produktu MŪ 3,5% 1 l i tego samego EAN, potwierdzonego przez Printera: 264 kJ/63 kcal, tłuszcz 3,5, nasycone 2,1, węglowodany/cukry 4,7, białko 3,2, sól 0,1. Jest to import regionalny z Litwy, a nie produkt pochodzenia łotewskiego.",WŁASNY PROFIL PR — przeliczenie z rzeczywistej etykiety,0,Dane kompletne. Końcowy PR poza Mapperem według istniejącej konwencji.,"Zamiana niepewnego Limbažu/Rimi na dostępny w łotewskim handlu MŪ 3,5% 1 l z potwierdzonym kodem i kompletem makr. Alternatywa Annele 3,5% 2 l miała pewne makra/EAN 4770237041157, ale sklepy deklarowały 0 g soli lub pomijały to pole; nie przeniesiono podejrzanego zera.",AUTO PO AKCEPTACJI,LEAD,EAN_ON_FOREIGN_MARKET_PAGE,https://www.printera.lt/c/p/pienas-mu-3-5-riebumo-1-l--246813
LV,★★★★,EU27,CREAM,130,PI-ING-000180,CREAM-GTIN-5901432003261,KANDYDAT_PR,VERIFY_CANDIDATE,"EAN printed on a page serving this market + label facts (ingredients, nutrition) from manufacturer/retailer",Meadow Star UHT whipping cream 30%,Meadow Star,500 ml carton,5901432003261,"ePROMO Latvia: dokładne500ml, GTIN5901432003261, producentŁowicz, pełna tabela100g/ml:1202kJ/292kcal,30/18/3.2/3.2/2.2/0.08. Rimi sprzedaje identyczną markę30%500ml lokalnie; użyto pełnej wersji ePROMO zidentyfikowanejGTIN. Profil wybrano w całości z jednej karty ePROMO, bez mieszania jej liczb z kartą Rimi. Wskazania producenta między detalistami są rozbieżne; kompletność dotyczy identyfikacji marki/GTIN/opakowania, lokalnego rynku i siedmiu wartości odżywczych.",WŁASNY PROFIL PR — rzeczywista etykieta,0,Dane kompletne. Końcowy PR poza Mapperem według istniejącej konwencji.,"Zastąpiono 35% dokładnym 30%. Wybrano kompletną tabelę ePROMO publikowaną razem z EAN 5901432003261 (sól 0.08 g). Rimi potwierdza lokalną sprzedaż tego samego produktu i opakowania, ale podaje sól 0.1 g. Zakład produkcyjny jest niejednoznaczny: ePROMO deklaruje OSM Łowicz, Rimi OSM Piątnica, a Wart-Milk prezentuje Meadow Star 30% 0.5L w katalogu producenta. Nie przypisano pewnego zakładu. Na obu kartach występuje nieścisłość 1202 kJ / 292 kcal; zachowano deklarowane 292 kcal.",AUTO PO AKCEPTACJI,LEAD,MARKET_PAGE_WITHOUT_EAN,https://www.rimi.lv/e-veikals/en/products/dairy-and-eggs/cream/whipping-cream/saldais-krejums-meadow-star-uht-30-500ml/p/4004128
LV,★★★★,EU27,SMP,35,PI-ING-000270,SMP-LV-SKU,WYMAGA_GTIN,GTIN_MISSING,barcode not established for the chosen pack — label photo or market page printing the GTIN,Vājpiena pulveris,Rīgas piena kombināts,"25 kg, worek",,"Oficjalny łotewski producent: konkretny produkt HORECA Vājpiena pulveris 25 KG, skład piens, worek, pełne 7 makro na 100 g. Karta nie publikuje EAN ani kodu zamówieniowego.",Własny profil SMP — Engine przelicza rzeczywiste dane i jawne estymacje,0.44999999999999996,błonnik: PI-ING-000270 (0 /100 g). Potwierdzony produkt B2B w lokalnym katalogu producenta; wymaga uzyskania GTIN lub numeru zamówieniowego. Pochodzenie produkcji nie jest osobno deklarowane na karcie; siedziba dostawcy Łotwa. Brak GTIN; użyto identyfikatora SKU/TDS.,Zastępuje niepotwierdzoną dostępność Gostyń na Łotwie z ODT. Nie udowodniono EAN 5900691033217 dla lokalnej oferty; nie przeniesiono tego kodu na produkt łotewski.,AUTO PO AKCEPTACJI,BRAK,NO_EAN_IN_V7,https://piens.lv/produkti/vajpiena-pulveris
LV,★★★★,EU27,DEXTROSE,30,PI-ING-000494,DEX-GTIN-04744130012590,WYMAGA_ETYKIETY,LABEL_EVIDENCE_MISSING,label/composition evidence missing — current label (ingredients + nutrition per 100 g/ml),"ICONFIT Dextro, czysta dekstroza w proszku",ICONFIT,1000 g,4744130012590,Producent wprost deklaruje pure dextrose monohydrate; skład jednoskładnikowy Dekstroos monohüdraat / Dekstrozes monohidrāts / Dextrose monohydrate.,Postać monohydrat; NIP i model aktywności osobno,0,"PI-ING-000494 uzupełnia: nasycone=0; sól=0; błonnik=0 /100g. To oszacowanie, nie deklaracja etykiety. MODEL PI: 90,9g aktywnej dekstrozy +9,1g wody/100g; nie jest pomiarem partii. Czystość suchej masy i zaokrąglone cukry NIP nie zastępują CoA. Forma monohydratu potwierdzona niezależnie od tabeli żywieniowej. Zachowano deklarację 92 g węglowodanów i 91,8 g cukrów; nie są to analityczne dane o czystości lub wodzie. PI 90,9%/9,1% wyłącznie jako jawne założenie stechiometryczne.","Potwierdzono ICONFIT Dextro 1 kg oraz SKU Moonmart 1152298; potwierdzony EAN to 4744130012590, nie wcześniejszy 4744132014081. Ostrzeżenie o możliwych śladach soi, pszenicy i mleka zastępuje bezpodstawne ogólne zapewnienie o braku alergenów. Starsza tabela EE/LT ma odwróconą kolejność kJ/kcal w nagłówku: 368/1541; poprawne jednostki potwierdza aktualna strona producenta LV/LT.",AUTO PO AKCEPTACJI,CONFIRMED,EAN_ON_MARKET_PAGE,https://iconfit.lv/products/dextrose
LV,★★★★,EU27,TARA,3,PI-ING-000492,TARA-GTIN-08055728540170,KANDYDAT_PR,VERIFY_CANDIDATE,"EAN printed on a page serving this market + label facts (ingredients, nutrition) from manufacturer/retailer",SaporePuro Farina di Semi di Tara / Gomma di Tara E417,SaporePuro,50 g,8055728540170,IMPORT; SaporePuro manufacturer TDS revision 17/07/2026: sole ingredient E417; per 100 g nutrition and moisture on page 10; allergy information on pages 1–2 and 11–12. EU shipping coverage is explicit.,"Energia źródła, jeśli dostępna; brakujące pola z PI. Nie narzucano zgodności różnych konwencji znakowania.",0,"Wszystkie 8 pól z etykiety/TDS lub jawnego przeliczenia porcji/sodu/błonnika. Aktywność względna=1 wyłącznie MODEL PI, nie oznaczenie handlowej partii. Dawka odniesienia 3 g/1000 g (0,3%) bez automatycznego skalowania. Lepkość ani 100% składnika nie oznaczają 100% galaktomannanu. Woda z TDS: 7 g/100 g; TDS reference moisture 7%, not a batch measurement. Storefront states <9.11%; source discrepancy retained. IMPORT from Italy to Latvia. Manufacturer lists the selected 50 g variant available. Shipping policy expressly covers the EU, with estimated delivery in 3–7 working days; final postcode and charges at checkout. Countries are covered as an EU bloc, not individually named.",The original Rafex barcode/availability claim did not establish Latvian supply. Do not transfer a 1 kg Rafex identifier to another brand or pack. Do not reuse user EAN8052744883445: unverified and different from secondary250g barcode lead. Do not confuse this E417 ingredient with SaporePuro Neutro stabilizer containing maltodextrin/tara/guar. Current TDS takes precedence over storefront moisture/viscosity values. AKTUALIZACJA: oficjalny JSON producenta potwierdza dla 50 g SKU SPGT50 i EAN 8055728540170; poprzedni brak identyfikatora zamknięty.,AUTO PO AKCEPTACJI,LEAD,EAN_ON_GENERIC_TLD_PAGE,https://saporepuro.com/products/farina-di-semi-di-tara-gomma-di-tara-origine-peru-e417-confezionato-in-italia-1
MY,★★★★,ASEAN,MILK,672,PI-ING-000236,MILK-GTIN-5701215046832,KANDYDAT_PR,VERIFY_CANDIDATE,"EAN printed on a page serving this market + label facts (ingredients, nutrition) from manufacturer/retailer","Emborg UHT Full Cream Milk 3,5% 1 L",Emborg,1 L,5701215046832,"Ten sam dokładny GTIN jak PH. Emborg: oficjalna karta produktu 1L, 3.5%, cow's milk, pełny profil per100mL, aktualizacja 18.03.2026. PTC Commercial i Foodplus PH: dystrybucja filipińska, exact 1L/full cream/UHT3.5. MaxMart i Meatup: dokładny wariant 1L z GTIN 5701215046832. EAN nie pochodzi z domysłu dotyczącego marki. Cały profil odżywczy z jednej oficjalnej karty, nie z innego rynku/SKU.",WŁASNY PROFIL PR — przeliczenie z rzeczywistej etykiety,0,Dane kompletne. Końcowy PR poza Mapperem według istniejącej konwencji.,Ujednolicono profil tego samego GTIN z aktualną kartą. Zachowano źródło rynku MY.,AUTO PO AKCEPTACJI,LEAD,EAN_ON_GENERIC_TLD_PAGE,https://maxmartonline.com/emborg-milk-full-cream-1ltr
MY,★★★★,ASEAN,CREAM,130,PI-ING-000180,CREAM-GTIN-5701215046375,KANDYDAT_PR,VERIFY_CANDIDATE,"EAN printed on a page serving this market + label facts (ingredients, nutrition) from manufacturer/retailer",Emborg Natural Whipping Cream UHT 35.1% 200 ml,Emborg,200 ml,5701215046375,"Current official Emborg Natural Whipping Cream page (March 2026) explicitly lists 200 ml and 1 L European cow-milk cream, milk allergen and full per100ml table:1387kJ/337kcal,F35.1,Sat22,C3.3,Sugar3.3,Fibre0,P2.1,Salt0.07. Exact consumer pack GTIN corroborated by primary Tops/Maxmart/Meatup retailer. Local market source(s) identify same natural UHT dairy whipping cream and matching consumer pack, with sale listing; see URLs. Manufacturer’s explicitly stated kcal retained, not recomputed from independently rounded kJ.",WŁASNY PROFIL PR — rzeczywista etykieta,5.100000000000001,Dane kompletne. Końcowy PR poza Mapperem według istniejącej konwencji.,Replaces unsupported regional Oldenburger30 candidate with verified locally listed plain dairy cream35.1. Search did not establish local Oldenburger30 exact SKU; no assertion that all possible30 products are unavailable. Source35.1 actual fat retained. No vegetable-fat or sweetened whipping toppings used.,AUTO PO AKCEPTACJI,LEAD,EAN_ON_GENERIC_TLD_PAGE,https://maxmartonline.com/emborg-whipping-cream-200ml
MY,★★★★,ASEAN,SMP,35,PI-ING-000270,SMP-GTIN-09556958338807,WYMAGA_ETYKIETY,LABEL_EVIDENCE_MISSING,label/composition evidence missing — current label (ingredients + nutrition per 100 g/ml),Sunlac Low Fat Instant Skim Milk Powder,Sunlac,700 g,9556958338807,"Dailylac: jednoznaczna tabela per100g i per25g; do normalizacji użyto per100g. Mega Kulim: barcode9556958338807, wariant700g. AA Pharmacy: dostępne18 szt., skład skim milk powder. Strona Sunlac potwierdza100%SMP i Nową Zelandię.",Własny profil SMP — Engine przelicza rzeczywiste dane i jawne estymacje,0.09999999999999998,"Nasycone: 0,625 × tłuszcz (proporcja z pełnej etykiety Régilait 0,5/0,8); PI ma niewiarygodne 0. Cukry: MIN(PI 51 g, węglowodany PR). błonnik: PI-ING-000270 (0 /100 g).","EAN użytkownika potwierdzony. Energię kcal obliczono z1520kJ/4,184. Sól z350mg sodu×0,0025.",AUTO PO AKCEPTACJI,CONFIRMED,EAN_ON_MARKET_PAGE,https://megakulim.com.my/index.php?product_id=454&route=product%2Fproduct
MY,★★★★,ASEAN,DEXTROSE,30,PI-ING-000494,DEX-MY-PRODUCT,WYMAGA_ETYKIETY,LABEL_EVIDENCE_MISSING,label/composition evidence missing — current label (ingredients + nutrition per 100 g/ml),Pastry Pro Dextrose Monohydrate Food Grade 1kg,Pastry Pro,1 kg bag,,Strona produktu wprost Dextrose Monohydrate Food Grade; zastosowania obejmują lody i obniżanie temperatury zamarzania.,Postać monohydrat; NIP i model aktywności osobno,0,"PI-ING-000494 uzupełnia: kcal=364; tłuszcz=0; nasycone=0; węglowodany=90.9; cukry=90.9; białko=0; sól=0; błonnik=0 /100g. To oszacowanie, nie deklaracja etykiety. MODEL PI: 90,9g aktywnej dekstrozy +9,1g wody/100g; nie jest pomiarem partii. Czystość suchej masy i zaokrąglone cukry NIP nie zastępują CoA. Potwierdzić dostępność: tekst strony zawiera Sold Out, natomiast dane wariantu HTML wskazują available:true. Etykieta/CoA potrzebne do potwierdzenia braku dodatków i alergenów.",Zamiast niezweryfikowanych EAN Myprotein i BulkSupplements przyjęto lokalny produkt jednoznacznie nazwany monohydratem. Dekstroza nie jest produktem bez dodatku cukru w sensie składu – sama jest cukrem.,AUTO PO AKCEPTACJI,BRAK,NO_EAN_IN_V7,https://pastrypro.com.my/products/dextrose-monohydrate-food-grade-1kg
MY,★★★★,ASEAN,TARA,3,PI-ING-000492,TARA-MY-PRODUCT,WYMAGA_ETYKIETY,LABEL_EVIDENCE_MISSING,label/composition evidence missing — current label (ingredients + nutrition per 100 g/ml),Tara Gum Powder / Serbuk Gam Tara,Take It Global,100 g (500g and1kg variants also listed),,"LOCAL; Direct product page states100g,500g,1kg; RM15 for default100g; in stock; pickup/postings daily with Poslaju,GDex,J&T,FedEx. Describes food,cosmetic and industrial applications without a numerical purity/TDS or nutrition declaration.","Energia źródła, jeśli dostępna; brakujące pola z PI. Nie narzucano zgodności różnych konwencji znakowania.",0,"ESTIMATED z PI-ING-000492: kcal=180; tłuszcz=0.5; nasycone=0; węglowodany dostępne=1.5; cukry=0; białko=2; sól=0; błonnik=86.5 /100 g. To model, nie etykieta produktu. Aktywność względna=1 wyłącznie MODEL PI, nie oznaczenie handlowej partii. Dawka odniesienia 3 g/1000 g (0,3%) bez automatycznego skalowania. Lepkość ani 100% składnika nie oznaczają 100% galaktomannanu. Woda 9,5 g/100 g: ESTIMATED z PI; brak oznaczenia produktu. Malaysian retail listing with100g variant, RM15, In stock, cart, and local courier posting information. Confirm batch food-grade specification and full composition for production use.",No Shopee OEM barcode guessed. Plant origin alone does not establish halal certification; no unsupported halal/allergen guarantee.,AUTO PO AKCEPTACJI,BRAK,NO_EAN_IN_V7,https://takeitglobal.my/products/tara-gum-powder-serbuk-gam-tara-caesalpinia-spinosa-gum-%E5%A1%94%E6%8B%89%E8%83%B6%E7%B2%89
MT,★★★★,EU27,MILK,672,PI-ING-000236,MILK-MT-BENNA-FRESH-35-1L,KANDYDAT_PR,VERIFY_CANDIDATE,"EAN printed on a page serving this market + label facts (ingredients, nutrition) from manufacturer/retailer","Benna Fresh Whole Milk 3,5% 1 L",Benna,1 L,5350066100042,Producent + kilka sklepów Malta + exact EAN i pełny profil,WŁASNY PROFIL PR — przeliczenie z rzeczywistej etykiety,0,Dane kompletne. Końcowy PR poza Mapperem według istniejącej konwencji.,Najbliższy powszechny wariant krajowy; wartości exact PR wygrywają z PI.,AUTO PO AKCEPTACJI,CONFIRMED,EAN_ON_MARKET_PAGE,https://savemart.com.mt/product/3578/popup
MT,★★★★,EU27,CREAM,130,PI-ING-000180,CREAM-GTIN-3155250367896,KANDYDAT_PR,VERIFY_CANDIDATE,"EAN printed on a page serving this market + label facts (ingredients, nutrition) from manufacturer/retailer",Président Crème UHT semi-épaisse entière 30% MG 2×25cl,Président,2 × 250 ml,3155250367896,"Greens Malta publikuje lokalną ofertę President Whole Cream 2x250ml z identyfikatorem 3155250367896. Auchan France publikuje to samo EAN i opakowanie, pełne 7 pól oraz skład bez kultur fermentacji i bez dodanego cukru. Carrefour potwierdza dokładny wielopak 30%.",WŁASNY PROFIL PR — rzeczywista etykieta,0,Dane kompletne. Końcowy PR poza Mapperem według istniejącej konwencji.,"Zastąpiono niepotwierdzony lokalnie Oldenburger 30% dostępnym na Malcie Président 30%, bliższym parametrowi niż Benna 40%. Jest to śmietanka UHT zagęszczona skrobią, nie kwaśna crème fraîche ani topping roślinny; wielopak 2×250 ml, nie pojedynczy kubek 500 g.",AUTO PO AKCEPTACJI,LEAD,EAN_ON_FOREIGN_MARKET_PAGE,https://www.auchan.fr/president-creme-semi-epaisse-entiere-gastronomique-30-mg-uht/pr-C1174614
MT,★★★★,EU27,SMP,35,PI-ING-000270,SMP-GTIN-03043939531112,KANDYDAT_PR,VERIFY_CANDIDATE,"EAN printed on a page serving this market + label facts (ingredients, nutrition) from manufacturer/retailer",Skimmed Milk Powder,Régilait,puszka 300 g,3043939531112,"Savemart i Greens potwierdzają lokalną ofertę 300 g z kodem 3043939531112. Nutrition Empire i producent potwierdzają profil 359 kcal, 0,8 g tłuszczu, 0,5 g nasyconych, 52 g węglowodanów/cukrów, 36 g białka, 1,1 g soli.",Własny profil SMP — Engine przelicza rzeczywiste dane i jawne estymacje,0,błonnik: PI-ING-000270 (0 /100 g). Zielony wariant 0% i pomarańczowy Vitamilk to różne produkty.,Greens ma błędną energię 359000 kcal oraz zera cukrów i kwasów nasyconych; użyto poprawnej tabeli Nutrition Empire i producenta.,AUTO PO AKCEPTACJI,CONFIRMED,EAN_ON_MARKET_PAGE,https://savemart.com.mt/product/89655/popup
MT,★★★★,EU27,DEXTROSE,30,PI-ING-000494,DEX-GTIN-08050246530061,KANDYDAT_PR,VERIFY_CANDIDATE,"EAN printed on a page serving this market + label facts (ingredients, nutrition) from manufacturer/retailer",Destrosio Monoidrato 1kg,Artegustando,1 kg,8050246530061,Jednoznaczna nazwa oraz skład: Destrosio monoidrato.,Postać monohydrat; NIP i model aktywności osobno,0,"Całe8pól z etykiety/TDS. MODEL PI: 90,9g aktywnej dekstrozy +9,1g wody/100g; nie jest pomiarem partii. Czystość suchej masy i zaokrąglone cukry NIP nie zastępują CoA. Import z Włoch: sprzedawca wysyła do Europy i wymienia Maltę w selektorze kraju. Koszt i możliwość doręczenia pod adres należy sprawdzić przy zamówieniu.","Lokalne Bulk2.5kg i SugarCraftGlucosePowder nie mają zweryfikowanej formy hydratu. Wybrano jawnie jednowodny składnik do gelato dostępny przez import. Sól12,5mg/100g=0,0125g.",AUTO PO AKCEPTACJI,LEAD,EAN_ON_GENERIC_TLD_PAGE,https://artegustando.com/products/destrosio-monoidrato
MT,★★★★,EU27,TARA,3,PI-ING-000492,TARA-GTIN-08055728540170,KANDYDAT_PR,VERIFY_CANDIDATE,"EAN printed on a page serving this market + label facts (ingredients, nutrition) from manufacturer/retailer",SaporePuro Farina di Semi di Tara / Gomma di Tara E417,SaporePuro,50 g,8055728540170,"IMPORT; Manufacturer TDS revision 17 July 2026: pages 1–2 ingredient, origin and milk warning; page 10 nutrition per 100 g and moisture; pages 11–12 allergen matrix. Shipping policy covers the EU as a bloc, UK and Switzerland. EU shipping: 0–5 kg EUR18; free above EUR50. Individual EU countries are not enumerated.","Energia źródła, jeśli dostępna; brakujące pola z PI. Nie narzucano zgodności różnych konwencji znakowania.",0,"Wszystkie 8 pól z etykiety/TDS lub jawnego przeliczenia porcji/sodu/błonnika. Aktywność względna=1 wyłącznie MODEL PI, nie oznaczenie handlowej partii. Dawka odniesienia 3 g/1000 g (0,3%) bez automatycznego skalowania. Lepkość ani 100% składnika nie oznaczają 100% galaktomannanu. Woda z TDS: 7 g/100 g; TDS moisture 7% is a stated reference value, not a batch measurement. Storefront instead says <9.11%; source conflict retained. Selected 50 g variant available at review (348 units shown); 250 g and 1 kg also offered. Shipping policy explicitly covers the EU with an estimated 3–7 working days. Final stock and postcode acceptance require checkout.","User EAN 8052744883445 is unverified. Do not confuse this sole-ingredient E417 gum with SaporePuro Neutro containing maltodextrin, tara and guar. Prefer current TDS over differing storefront moisture and viscosity data. AKTUALIZACJA: oficjalny JSON producenta potwierdza dla 50 g SKU SPGT50 i EAN 8055728540170; poprzedni brak identyfikatora zamknięty.",AUTO PO AKCEPTACJI,LEAD,EAN_ON_GENERIC_TLD_PAGE,https://saporepuro.com/products/farina-di-semi-di-tara-gomma-di-tara-origine-peru-e417-confezionato-in-italia-1
MA,★★★★,MAGHREB,MILK,672,PI-ING-000236,MILK-GTIN-8410285127347,KANDYDAT_PR,VERIFY_CANDIDATE,"EAN printed on a page serving this market + label facts (ingredients, nutrition) from manufacturer/retailer",Lait de vache stérilisé UHT entier 3.5% M.G. 1L,Président,"1 L, karton eksportowy wielojęzyczny z nakrętką",8410285127347,"Oficjalny importer marokański Copralim publikuje dokładny Président Lait Entier 1L i fotografię wielojęzycznego kartonu eksportowego; jego telefon kontaktowy 0522 970 102 oraz Casablanca widnieją też w drobnym arabskim wpisie importera na fizycznej etykiecie z GTIN 8410285127347 (fotografia /2.webp, poniżej Lactalis International i powyżej importera Singapore). To wiąże fotografię opakowania eksportowego z marokańskim importerem, a nie tylko z rynkiem fotografującego sklepu. Karta Aswak Assalam i Carrefour Bringo potwierdzają detaliczny asortyment w Maroku i 1L; Aswak podaje En stock. Fotografia /2.webp pokazuje jednocześnie GTIN 8410285127347, Lactalis Puleva S.L. Spain i pełną tabelę na 100ml: 264kJ/63kcal, fat3.6, sat2.5, carbs4.7, sugars4.7, protein3.0, salt0.13. /4.webp pokazuje zbliżenie tej samej tabeli. /3.webp podaje 3.5% M.G. i 100% mleko krowie z Hiszpanii. Comercoo niezależnie łączy nazwę francuską Lait Président Entier 1L z tym GTIN. EAN nie jest osobno wypisany tekstowo przez detalistę marokańskiego; most do Maroka wynika z fizycznego wpisu importera i lokalnych kart produktu.",WŁASNY PROFIL PR — przeliczenie z rzeczywistej etykiety,0.10000000000000009,Dane kompletne. Końcowy PR poza Mapperem według istniejącej konwencji.,Zamiennik dla niepełnego Jaouda 6111242100220. Nie przeniesiono profilu ogólnego mleka ani innego kodu Président. Parametr klasyfikacyjny 3.5% zgodny ze składem na etykiecie; rzeczywista tabela żywieniowa fat3.6g/100ml. Błonnik nie deklarowany. Zdjęcie /2.webp zostało pobrane lokalnie jako president_8410285127347_label.webp dla kontroli.,AUTO PO AKCEPTACJI,LEAD,EAN_ON_GENERIC_TLD_PAGE,https://suatuoi.com/president/president-full-cream-1l-combo
MA,★★★★,MAGHREB,CREAM,130,PI-ING-000180,CREAM-GTIN-3155250367834,KANDYDAT_PR,VERIFY_CANDIDATE,"EAN printed on a page serving this market + label facts (ingredients, nutrition) from manufacturer/retailer",Bridélice Crème UHT entière fluide 30% MG,Bridélice,2 × 25 cl,3155250367834,"Carrefour France identifies exact GTIN and two 25cl bottles, ingredients and origin. Courses U same precise multipack publishes complete seven nutrients per 100g. Bringo Carrefour Morocco lists exactly 2 bottles 25cl Bridélice fluid UHT30%, internal product710622.",WŁASNY PROFIL PR — rzeczywista etykieta,0,Dane kompletne. Końcowy PR poza Mapperem według istniejącej konwencji.,Exact target 30% fluid UHT cream replaces uncertain local or fermented cream. Fibre undeclared.,AUTO PO AKCEPTACJI,LEAD,SOURCE_NOT_READABLE,https://www.carrefour.fr/p/creme-uht-fluide-entiere-30-mg-bridelice-3155250367834
MA,★★★★,MAGHREB,SMP,35,PI-ING-000270,SMP-GTIN-00733739058324,KANDYDAT_PR,VERIFY_CANDIDATE,"EAN printed on a page serving this market + label facts (ingredients, nutrition) from manufacturer/retailer",NOW Real Food Organic Non-Fat Dry Milk Powder,NOW Foods Real Food,torebka 12 oz (340 g),733739058324,"Indywidualnie odczytana karta katalogu ma.iherb.com: dokładna nazwa/340 g; In stock; Add to Cart; DH128.37. Oficjalna strona wysyłki potwierdza kraj Maroko i przewoźnika: Aramex, wysyłka z USA. Producent potwierdza UPC 733739058324, SKU5832, skład i tabelę dla 3 tbsp (24 g) = 8 oz milk. Masa suchego proszku jest jawnie udokumentowana, więc przeliczono ×100/24; sól z sodu100mg ×100/24 ×0,0025 =1,0416667 g/100g.",Własny profil SMP — Engine przelicza rzeczywiste dane i jawne estymacje,-0.8,"Wszystkie pola pochodzą z etykiety; przeliczenie masy porcji i sodu nie jest estymacją. Oferta importowa e-commerce do wskazanego kraju, nie dowód lokalnego magazynu ani powszechności w sklepach. Karta In stock i dostępny kanał wysyłki; dokładna dostawa do adresu, koszt i termin zależą od koszyka. Makro przeliczone z zaokrąglonych deklaracji amerykańskiej etykiety, zera nie są wynikiem analitycznym. Oficjalna strona wysyłki: limit2 kg na zamówienie oraz maks.5 produktów z tej samej kategorii.","Wybrano w pełni udokumentowany SMP w krajowym kanale importowym zamiast produktu z niekompletną etykietą/dostępnością: Lait écrémé en poudre (SMP) (worek 25 kg). Nie potwierdzono lokalnej detalicznej oferty Régilait z ODT; zastąpiono jawną lokalną ofertą B2B. Nie podawano EAN importowanego Régilait jako identyfikatora tego produktu. Wartości NOW 0 g fat/sat/fiber pochodzą z rzeczywistej tabeli24 g, nie z hasła 0%.",AUTO PO AKCEPTACJI,LEAD,EAN_ON_GENERIC_TLD_PAGE,https://www.nowfoods.com/products/natural-foods/non-fat-dry-milk-powder-organic
MA,★★★★,MAGHREB,DEXTROSE,30,PI-ING-000494,DEX-MA-PRODUCT,WYMAGA_ETYKIETY,LABEL_EVIDENCE_MISSING,label/composition evidence missing — current label (ingredients + nutrition per 100 g/ml),Dextrose Monohydrate 25kg,Unspecified manufacturer,25 kg paper bag,,Supplier technical sheet explicitly DEXTROSE MONOHYDRATE,Postać monohydrat; NIP i model aktywności osobno,0,"PI-ING-000494 uzupełnia: kcal=364; tłuszcz=0; nasycone=0; węglowodany=90.9; cukry=90.9; białko=0; sól=0; błonnik=0 /100g. To oszacowanie, nie deklaracja etykiety. MODEL PI: 90,9g aktywnej dekstrozy +9,1g wody/100g; nie jest pomiarem partii. Czystość suchej masy i zaokrąglone cukry NIP nie zastępują CoA. Local B2B quotation; confirm current lot specification and stock",Replaces generic glucose powder/unverified Teclab claims with named local human-food distributor and technical sheet; purity value not treated as as-is carbohydrate.,AUTO PO AKCEPTACJI,BRAK,NO_EAN_IN_V7,https://www.multitrade.ma/nos-produits/
MA,★★★★,MAGHREB,TARA,3,PI-ING-000492,TARA-MA-PRODUCT,WYMAGA_ETYKIETY,LABEL_EVIDENCE_MISSING,label/composition evidence missing — current label (ingredients + nutrition per 100 g/ml),E417 - Gomme de Tara / Tara Gum,Top Negoce (distributor; manufacturer undisclosed),25 kg bag,,"B2B; Supplier food-additive catalogue gives25kg pack. Contact page provides 8 Rue Abou Bakr Bnou Koutia, Oukacha, Ain Sebaa, Casablanca, Morocco. No barcode, nutrition or lot-specific purity/allergen specification published.","Energia źródła, jeśli dostępna; brakujące pola z PI. Nie narzucano zgodności różnych konwencji znakowania.",0,"ESTIMATED z PI-ING-000492: kcal=180; tłuszcz=0.5; nasycone=0; węglowodany dostępne=1.5; cukry=0; białko=2; sól=0; błonnik=86.5 /100 g. To model, nie etykieta produktu. Aktywność względna=1 wyłącznie MODEL PI, nie oznaczenie handlowej partii. Dawka odniesienia 3 g/1000 g (0,3%) bez automatycznego skalowania. Lepkość ani 100% składnika nie oznaczają 100% galaktomannanu. Woda 9,5 g/100 g: ESTIMATED z PI; brak oznaczenia produktu. Local Morocco B2B enquiry route: 25 kg bag in Casablanca supplier catalogue. Quote, current stock, sole-ingredient declaration and delivery terms must be confirmed.",Local B2B E417 offering confirmed; no unsupported claim that a specific retail brand is most popular or stocked nationwide.,AUTO PO AKCEPTACJI,BRAK,NO_EAN_IN_V7,https://catalogue.topnegoce.com/en/1221-999-e417-tara-gum-top-negoce.html
MX,★★★★,LATAM_NORTH_ANDEAN,MILK,672,PI-ING-000236,MILK-MX-ALPURA-UHT-34-1L,KANDYDAT_PR,VERIFY_CANDIDATE,"EAN printed on a page serving this market + label facts (ingredients, nutrition) from manufacturer/retailer","Alpura Clásica Leche Entera UHT 3,4% 1 L",Alpura,1 L,7501055900039,Oficjalny producent + bieżący lokalny detalista + exact GTIN dla UHT 1 L,WŁASNY PROFIL PR — przeliczenie z rzeczywistej etykiety,-0.08000000000000007,Dane kompletne. Końcowy PR poza Mapperem według istniejącej konwencji.,Najbliższy powszechny wariant krajowy; wartości exact PR wygrywają z PI.,AUTO PO AKCEPTACJI,CONFIRMED,EAN_ON_MARKET_PAGE,https://onixsuper.com/producto/leche-up-alpura-clasica-1-0-lt/
MX,★★★★,LATAM_NORTH_ANDEAN,CREAM,130,PI-ING-000180,CREAM-GTIN-7501092101031,KANDYDAT_PR,VERIFY_CANDIDATE,"EAN printed on a page serving this market + label facts (ingredients, nutrition) from manufacturer/retailer",Lyncott Crema para Batir 500 ml,Lyncott,500 ml,7501092101031,"Oficjalny producent publikuje pełny profil 100g dla Crema para Batir i wymienia format 500ml. Osobna karta producenta potwierdza dokładne 500ml. Lokalny Cuco Panaderos podaje kod7501092101031, format500 i sprzedaż pojedynczej sztuki/opakowania20szt. Walmart sprzedaje dokładne500ml w Meksyku. Nicsa publikuje pełny skład tego500ml.",WŁASNY PROFIL PR — rzeczywista etykieta,1.3299999999999983,Dane kompletne. Końcowy PR poza Mapperem według istniejącej konwencji.,"Producent podaje 31.33g tłuszczu/100g, nie30/35%. Param31.33 stanowi deklarowany tłuszcz tabeli; brak osobnej deklaracji nominalnej. Per100g producent315.93kcal ma pierwszeństwo nad błędnie podpisaną podwójną energią w HEB. Sodium27.8mg przeliczono ×2.5/1000 na0.0695gsoli. Detaliści Cuco/HEB tytułują500g, producent i Walmart500ml; exactkod identyfikuje rozmiar500.",AUTO PO AKCEPTACJI,CONFIRMED,EAN_ON_MARKET_PAGE,https://www.cucopanaderos.com.mx/tienda/cremas-/389-crema-p-batir-lyncott-20x500grs-5-0.html
MX,★★★★,LATAM_NORTH_ANDEAN,SMP,35,PI-ING-000270,SMP-GTIN-00733739058324,KANDYDAT_PR,VERIFY_CANDIDATE,"EAN printed on a page serving this market + label facts (ingredients, nutrition) from manufacturer/retailer",NOW Real Food Organic Non-Fat Dry Milk Powder,NOW Foods,12 oz / 340 g,733739058324,"Producent publikuje UPC, skład i pełną etykietę porcji 24 g. Katalog iHerb dla kraju wskazuje ten UPC, 340 g i stan in stock.",Własny profil SMP — Engine przelicza rzeczywiste dane i jawne estymacje,-0.8,"Wszystkie pola pochodzą z etykiety; przeliczenie masy porcji i sodu nie jest estymacją. Import przez sklep internetowy; oferta katalogu krajowego, bez potwierdzenia magazynu krajowego ani zamówienia na konkretny adres. Zakład przetwarza orzechy drzewne. Zera są zaokrąglone na porcję.","Zamiennik niepotwierdzonego produktu z ODT; 100% SMP, bez serwatki, tłuszczu roślinnego i cukru dodanego.",AUTO PO AKCEPTACJI,LEAD,EAN_ON_GENERIC_TLD_PAGE,https://www.nowfoods.com/products/natural-foods/non-fat-dry-milk-powder-organic
MX,★★★★,LATAM_NORTH_ANDEAN,DEXTROSE,30,PI-ING-000494,DEX-MX-PRODUCT,WYMAGA_ETYKIETY,LABEL_EVIDENCE_MISSING,label/composition evidence missing — current label (ingredients + nutrition per 100 g/ml),Dextrosa monohidratada,Pochteca Materias Primas (dystrybutor),25 kg,,"Oficjalna karta sklepu: Dextrosa monohidratada, synonim glucosa monohidratada, CAS 5996-10-1; wyraźnie grado alimenticio.",Postać monohydrat; NIP i model aktywności osobno,0,"PI-ING-000494 uzupełnia: kcal=364; tłuszcz=0; nasycone=0; węglowodany=90.9; cukry=90.9; białko=0; sól=0; błonnik=0 /100g. To oszacowanie, nie deklaracja etykiety. MODEL PI: 90,9g aktywnej dekstrozy +9,1g wody/100g; nie jest pomiarem partii. Czystość suchej masy i zaokrąglone cukry NIP nie zastępują CoA. Wariant 25 kg dostępny według publicznych danych sklepu w dniu kontroli. Widoczny w ekstrakcji ogólny napis Agotado nie opisuje stanu wariantu: JSON wariantu podaje available=true. Końcowa dostawa zależy od adresu w Meksyku. Brak zweryfikowanej NIP i CoA; linki do dokumentów wskazują plik ogólny, nie przyjęto ich za TDS.","Nie przeniesiono kodu 750625750710 z niepewnego wariantu 1 kg; dla 25 kg brak publicznego GTIN. Niedostępną ofertę Aroma Natural 25 kg zastąpiono jednoznacznie zidentyfikowanym, dostępnym wariantem Pochteca 25 kg SKU 66790. Nie nadano zastępczego GTIN.",AUTO PO AKCEPTACJI,BRAK,NO_EAN_IN_V7,https://tienda.pochteca.net/products/dextrosa-monohidratada
MX,★★★★,LATAM_NORTH_ANDEAN,TARA,3,PI-ING-000492,TARA-MX-PRODUCT,WYMAGA_ETYKIETY,LABEL_EVIDENCE_MISSING,label/composition evidence missing — current label (ingredients + nutrition per 100 g/ml),Goma Tara — oferta spożywcza B2B,Maprysa,Gramatura niepubliczna,,"B2B; Na stronie producenta/dostawcy, mimo adresu URL goma-de-konjac, znajduje się odrębna sekcja Goma Tara z zastosowaniem w mrożonych deserach i nabiale. Lokalny adres Maprysa w Querétaro.","Energia źródła, jeśli dostępna; brakujące pola z PI. Nie narzucano zgodności różnych konwencji znakowania.",0,"ESTIMATED z PI-ING-000492: kcal=180; tłuszcz=0.5; nasycone=0; węglowodany dostępne=1.5; cukry=0; białko=2; sól=0; błonnik=86.5 /100 g. To model, nie etykieta produktu. Aktywność względna=1 wyłącznie MODEL PI, nie oznaczenie handlowej partii. Dawka odniesienia 3 g/1000 g (0,3%) bez automatycznego skalowania. Lepkość ani 100% składnika nie oznaczają 100% galaktomannanu. Woda 9,5 g/100 g: ESTIMATED z PI; brak oznaczenia produktu. Lokalna oferta B2B; gramatura, producent partii i specyfikacja do uzgodnienia.",Źródłem jest wyłącznie sekcja Goma Tara. Nie pobierano składu ani parametrów gumy konjac z tej samej strony. Nie użyto niepotwierdzonego kodu Cape Crystal.,AUTO PO AKCEPTACJI,BRAK,NO_EAN_IN_V7,https://maprysa.com.mx/goma-de-konjac
NG,★★★★,WEST_AFRICA,MILK,672,PI-ING-000236,MILK-NG-PEAK-UHT-36-1L,KANDYDAT_PR,VERIFY_CANDIDATE,"EAN printed on a page serving this market + label facts (ingredients, nutrition) from manufacturer/retailer","Peak UHT Full Cream Milk 3,6% 1 L",Peak,1 L,8716200612883,Oficjalny producent publikuje exact profil; lokalny detalista potwierdza karton 1 L i kod produktu,WŁASNY PROFIL PR — przeliczenie z rzeczywistej etykiety,0.10000000000000009,Dane kompletne. Końcowy PR poza Mapperem według istniejącej konwencji.,Najbliższy powszechny wariant krajowy; wartości exact PR wygrywają z PI.,AUTO PO AKCEPTACJI,LEAD,MARKET_PAGE_WITHOUT_EAN,https://www.peakmilk.com.ng/assortment/ready-to-drink/peak-uht-milk-full-cream/;
NG,★★★★,WEST_AFRICA,CREAM,130,PI-ING-000180,CREAM-GTIN-5701215046375,KANDYDAT_PR,VERIFY_CANDIDATE,"EAN printed on a page serving this market + label facts (ingredients, nutrition) from manufacturer/retailer",Emborg Natural Whipping Cream UHT 35%,Emborg,200 ml,5701215046375,"Official Emborg current product page explicitly covers 200ml and 1L, seven nutrients plus fibre, update 21/03/2026. MaxMart Ghana exact 200ml listing provides GTIN 5701215046375. Local retailer lists Emborg dairy whipping cream 200ml; identical brand/type/pack to GTIN source.",WŁASNY PROFIL PR — rzeczywista etykieta,5.100000000000001,Dane kompletne. Końcowy PR poza Mapperem według istniejącej konwencji.,Verified pure dairy 35% alternative to target 30%. Actual label fat 35.1g; replaces unverified user profile (protein 2.3/salt .08) with current official protein 2.1/salt .07. Precise EU manufacturing country not stated by official page.,AUTO PO AKCEPTACJI,LEAD,EAN_ON_GENERIC_TLD_PAGE,https://maxmartonline.com/emborg-whipping-cream-200ml
NG,★★★★,WEST_AFRICA,SMP,35,PI-ING-000270,SMP-GTIN-00733739058324,KANDYDAT_PR,VERIFY_CANDIDATE,"EAN printed on a page serving this market + label facts (ingredients, nutrition) from manufacturer/retailer",NOW Real Food Organic Non-Fat Dry Milk Powder,NOW Foods Real Food,torebka 12 oz (340 g),733739058324,"Indywidualnie odczytana karta katalogu ng.iherb.com: dokładna nazwa/340 g; In stock; Add to Cart; ₦17843.92; UPC733739058324 i340 g jawnie w sekcji Specifications. Oficjalna strona wysyłki potwierdza kraj Nigeria i przewoźnika: DHL Express / FedEx Priority / Aramex, wysyłka z USA. Producent potwierdza UPC 733739058324, SKU5832, skład i tabelę dla 3 tbsp (24 g) = 8 oz milk. Masa suchego proszku jest jawnie udokumentowana, więc przeliczono ×100/24; sól z sodu100mg ×100/24 ×0,0025 =1,0416667 g/100g.",Własny profil SMP — Engine przelicza rzeczywiste dane i jawne estymacje,-0.8,"Wszystkie pola pochodzą z etykiety; przeliczenie masy porcji i sodu nie jest estymacją. Oferta importowa e-commerce do wskazanego kraju, nie dowód lokalnego magazynu ani powszechności w sklepach. Karta In stock i dostępny kanał wysyłki; dokładna dostawa do adresu, koszt i termin zależą od koszyka. Makro przeliczone z zaokrąglonych deklaracji amerykańskiej etykiety, zera nie są wynikiem analitycznym.","Wybrano w pełni udokumentowany SMP w krajowym kanale importowym zamiast produktu z niekompletną etykietą/dostępnością: Arla Dano Slim Skimmed Milk Powder (saszetka 400 g). Oficjalna tabela Arla ma „-” przy sat/carbs/sugars/salt, nie 0. Dano.com.ng ma 54 g lactose/100 g, ale równocześnie błąd Whole Milk w składzie i rozbieżny nagłówek porcji32 g, dlatego nie uzupełniano brakujących wartości z tej niespójnej tabeli. Mopheth przypisuje błędny skład z cukrem/olejami innemu wariantowi; pierwszeństwo Arla. Wartości NOW 0 g fat/sat/fiber pochodzą z rzeczywistej tabeli24 g, nie z hasła 0%.",AUTO PO AKCEPTACJI,LEAD,EAN_ON_GENERIC_TLD_PAGE,https://www.nowfoods.com/products/natural-foods/non-fat-dry-milk-powder-organic
NG,★★★★,WEST_AFRICA,DEXTROSE,30,PI-ING-000494,DEX-NG-PRODUCT,WYMAGA_ETYKIETY,LABEL_EVIDENCE_MISSING,label/composition evidence missing — current label (ingredients + nutrition per 100 g/ml),Dextrose Monohydrate – Food Grade Glucose Powder,Unspecified manufacturer,25 kg,,"Seller identifies food-grade monohydrate 25kg, 99% min purity; ice cream/bakery/beverage use and Lagos delivery.",Postać monohydrat; NIP i model aktywności osobno,0,"PI-ING-000494 uzupełnia: kcal=364; tłuszcz=0; nasycone=0; węglowodany=90.9; cukry=90.9; białko=0; sól=0; błonnik=0 /100g. To oszacowanie, nie deklaracja etykiety. MODEL PI: 90,9g aktywnej dekstrozy +9,1g wody/100g; nie jest pomiarem partii. Czystość suchej masy i zaokrąglone cukry NIP nie zastępują CoA. Supplier listing verified; confirm lot food grade, availability and specification",Excludes IV fluids and anhydrous alternative. Purity basis not published; do not treat 99% as as-is carbohydrate.,AUTO PO AKCEPTACJI,BRAK,NO_EAN_IN_V7,https://chemicalwarehouse.com.ng/product/dextrose-monohydrate/
NG,★★★★,WEST_AFRICA,TARA,3,PI-ING-000492,TARA-GTIN-00711221973058,WYMAGA_DOSTAWY,LOCAL_PURCHASE_PATH_MISSING,no evidenced local purchase/delivery path in this market,Cape Crystal Brands Tara Gum Powder,Cape Crystal Brands,2 oz (56.7 g),711221973058,"UNCONFIRMED; Country product page displays stock, USA import and delivery estimate with conflicting restriction text. Package and barcode are package-specific listing data; barcode is UPC-A, preserved without adding digits. No nutritional label retrieved.","Energia źródła, jeśli dostępna; brakujące pola z PI. Nie narzucano zgodności różnych konwencji znakowania.",0,"ESTIMATED z PI-ING-000492: kcal=180; tłuszcz=0.5; nasycone=0; węglowodany dostępne=1.5; cukry=0; białko=2; sól=0; błonnik=86.5 /100 g. To model, nie etykieta produktu. Aktywność względna=1 wyłącznie MODEL PI, nie oznaczenie handlowej partii. Dawka odniesienia 3 g/1000 g (0,3%) bez automatycznego skalowania. Lepkość ani 100% składnika nie oznaczają 100% galaktomannanu. Woda 9,5 g/100 g: ESTIMATED z PI; brak oznaczenia produktu. Advertised USA import to Nigeria: listing in stock on 2026-09-08, estimated arrival 2026-09-16, shipping/customs at checkout. However, the page also contains a Remove Restriction control and says not all listed products are for sale. Country fulfillment remains unconfirmed.",Andean Star 907 g lead has confirmed UPC653981866914 but is explicitly out of stock. Selected Cape Crystal 2 oz import offer. Treasure Actives lead is not accepted without product-specific food-grade evidence.,AUTO PO AKCEPTACJI,LEAD,EAN_ON_GENERIC_TLD_PAGE,https://www.capecrystalbrands.com/products/tara-gum
OM,★★★★,GCC,MILK,672,PI-ING-000236,MILK-GTIN-6073000051499,KANDYDAT_PR,VERIFY_CANDIDATE,"EAN printed on a page serving this market + label facts (ingredients, nutrition) from manufacturer/retailer",Mazoon UHT Full Fat Milk 1 L,Mazoon,1 L,6073000051499,"Official Mazoon UHT Full Fat page indexed content supplies exact product nutrition:61.4kcal, protein3.3, carbohydrate4.7, sugars4.7, fat3.2, saturated1.9, sodium51.7mg. Youshop official local retail card explicitly identifies 1L and SKU6073000051499. LuLu Oman confirms 1L UHT, Made in Oman and added vitamins A,D. Sodium converted to salt:51.7mg/1000×2.5=0.12925g. Official direct page fetch timed out during audit but indexed primary data retrievable.",WŁASNY PROFIL PR — przeliczenie z rzeczywistej etykiety,-0.2999999999999998,Dane kompletne. Końcowy PR poza Mapperem według istniejącej konwencji.,"Filled missing salt from official sodium, never from generic milk; fiber left null because not declared.",AUTO PO AKCEPTACJI,CONFIRMED,EAN_ON_MARKET_PAGE,https://youshopom.com/en/products/%D9%85%D8%B2%D9%88%D9%86-%D8%AD%D9%84%D9%8A%D8%A8-%D8%B7%D9%88%D9%8A%D9%84-%D8%A7%D9%84%D8%A3%D8%AC%D9%84-%D9%83%D8%A7%D9%85%D9%84-%D8%A7%D9%84%D8%AF%D8%B3%D9%85-1-%D9%84%D8%AA%D8%B1
OM,★★★★,GCC,CREAM,130,PI-ING-000180,CREAM-GTIN-5700426230177,KANDYDAT_PR,VERIFY_CANDIDATE,"EAN printed on a page serving this market + label facts (ingredients, nutrition) from manufacturer/retailer",Puck Whipping Cream UHT,Puck,200 ml,5700426230177,"Official Puck Arabia page covers200ml/500ml/1L whipping cream, explicitly declares all seven nutrition values per100g. Sharjah Coop exact200ml productURL identifies GTIN5700426230177. Lulu local market lists200ml, milkcream,E407 and minimum34%fat with add-to-cart.",WŁASNY PROFIL PR — rzeczywista etykieta,5.200000000000003,Dane kompletne. Końcowy PR poza Mapperem według istniejącej konwencji.,Pure dairy substitute. Nominalfat is minimum34%; nutritional fat35.2g/100g retained. Declared salt0.1g used rather than recomputing from rounded sodium23mg. Fibre undeclared.,AUTO PO AKCEPTACJI,LEAD,EAN_ON_FOREIGN_MARKET_PAGE,https://www.sharjahcoop.ae/en/puck-whipping-cream-200ml/p/5700426230177
OM,★★★★,GCC,SMP,35,PI-ING-000270,SMP-GTIN-00733739058324,KANDYDAT_PR,VERIFY_CANDIDATE,"EAN printed on a page serving this market + label facts (ingredients, nutrition) from manufacturer/retailer",NOW Real Food Organic Non-Fat Dry Milk Powder,NOW Foods Real Food,torebka 12 oz (340 g),733739058324,"Indywidualnie odczytana karta katalogu om.iherb.com: dokładna nazwa/340 g; In stock; Add to Cart; OMR4.930. Oficjalna strona wysyłki potwierdza kraj Oman i przewoźnika: Global Air (Climate Controlled), wysyłka z Arabii Saudyjskiej. Producent potwierdza UPC 733739058324, SKU5832, skład i tabelę dla 3 tbsp (24 g) = 8 oz milk. Masa suchego proszku jest jawnie udokumentowana, więc przeliczono ×100/24; sól z sodu100mg ×100/24 ×0,0025 =1,0416667 g/100g.",Własny profil SMP — Engine przelicza rzeczywiste dane i jawne estymacje,-0.8,"Wszystkie pola pochodzą z etykiety; przeliczenie masy porcji i sodu nie jest estymacją. Oferta importowa e-commerce do wskazanego kraju, nie dowód lokalnego magazynu ani powszechności w sklepach. Karta In stock i dostępny kanał wysyłki; dokładna dostawa do adresu, koszt i termin zależą od koszyka. Makro przeliczone z zaokrąglonych deklaracji amerykańskiej etykiety, zera nie są wynikiem analitycznym.","Wybrano w pełni udokumentowany SMP w krajowym kanale importowym zamiast produktu z niekompletną etykietą/dostępnością: Al Mudhish Slim Skim Milk Powder (puszka 900 g). ODT EAN6281033000194 niepotwierdzony; nie użyto. Nie można uznać 0,1% na przedniej etykiecie za zawartość tłuszczu w100g suchego produktu. Pełny skład nie jest udokumentowany jako 100% mleko. Wartości NOW 0 g fat/sat/fiber pochodzą z rzeczywistej tabeli24 g, nie z hasła 0%.",AUTO PO AKCEPTACJI,LEAD,EAN_ON_GENERIC_TLD_PAGE,https://www.nowfoods.com/products/natural-foods/non-fat-dry-milk-powder-organic
OM,★★★★,GCC,DEXTROSE,30,PI-ING-000494,DEX-OM-PRODUCT,WYMAGA_GTIN,GTIN_MISSING,barcode not established for the chosen pack — label photo or market page printing the GTIN,Dextrose Monohydrate 1kg,Louis François,1 kg; case 12,,"ChefMiddleEast monohydrate listing plus Louis François QUAL.FT.104 v4,08.01.2024 explicitly crystalline D-glucose monohydrate formula C6H12O6H2O and article450A.",Postać monohydrat; NIP i model aktywności osobno,0,"Całe8pól z etykiety/TDS. MODEL PI: 90,9g aktywnej dekstrozy +9,1g wody/100g; nie jest pomiarem partii. Czystość suchej masy i zaokrąglone cukry NIP nie zastępują CoA. Supplier product explicitly listed for UAE and Oman; confirm stock","Excludes original tablets/glucose drink mixes; pure professional pastry ingredient. Salt is12.5mg=0.0125g, not12.5g or0.125g. Manufacturer TDS supersedes contradictory distributor values.",AUTO PO AKCEPTACJI,BRAK,NO_EAN_IN_V7,https://www.chefmiddleeast.com/products/18224/
OM,★★★★,GCC,TARA,3,PI-ING-000492,TARA-MP-1508-50,KANDYDAT_PR,VERIFY_CANDIDATE,"EAN printed on a page serving this market + label facts (ingredients, nutrition) from manufacturer/retailer",Modernist Pantry Pure Tara Gum Powder,Modernist Pantry,50 g,819543011967,"IMPORT; 50 g back label visually checked: per100g values transcribed; 85 g total carbohydrate includes 85 g fiber. Label energy 360 kcal retained as declared, not recalculated. UPC-A819543011967 also visible on label.",ENERGIA DO WYJAŚNIENIA: etykieta 360 kcal/100 g; available carbs 0 g po odjęciu błonnika. Zachowano deklarowaną energię; przeliczenie 9/4/4/2 daje 187 kcal. Różna konwencja energii błonnika — nie używać do automatycznego znakowania UE.,0,"Wszystkie 8 pól z etykiety/TDS lub jawnego przeliczenia porcji/sodu/błonnika. Aktywność względna=1 wyłącznie MODEL PI, nie oznaczenie handlowej partii. Dawka odniesienia 3 g/1000 g (0,3%) bez automatycznego skalowania. Lepkość ani 100% składnika nie oznaczają 100% galaktomannanu. Woda 9,5 g/100 g: ESTIMATED z PI; brak oznaczenia produktu. Conditional import to Oman. Desertcart product-specific page states in stock and that it handles shipping and customs to Oman. Exact address, final terms and availability require checkout confirmation.",Preserve manufacturer 50 g identity despite marketplace title 50g/2oz and conflicting ancillary weights/flavour fields. User-supplied Sosa/Modernist alternative codes not transferred. Import is not local shelf stock.,AUTO PO AKCEPTACJI,LEAD,EAN_ON_GENERIC_TLD_PAGE,https://modernistpantry.com/products/tara-gum.html
PK,★★★★,SOUTH_ASIA,MILK,672,PI-ING-000236,MILK-GTIN-8961008219561,KANDYDAT_PR,VERIFY_CANDIDATE,"EAN printed on a page serving this market + label facts (ingredients, nutrition) from manufacturer/retailer",Nestlé Milkpak Full Cream UHT Milk 1000ml,Nestlé Milkpak,"1 L, karton UHT, 4 porcje po250ml",8961008219561,"Foodpanda Pakistan: aktualna oferta1000ml i fizyczne zdjęcie tylnej etykiety dokładnie tej karty produktu. Odczyt etykiety Average per100ml: 63kcal, milk fat3.5g, saturates2.2g, carbohydrate5.1g, sugars5.1g, protein2.7g, sodium0.07g. Fibre podane jako Traces, nie przekształcone w zmyślone0g. Sól=0.07×2.5=0.175g. Zdjęcie podaje Pack contains4portions przy250ml i Nestlé Pakistan jako producenta. Zainab Family Mart: SKU8961008219561, opakowanie1L, lokalna oferta. Nestlé Pakistan: potwierdza markę i linię produktu. Zdjęcie etykiety zapisane lokalnie jako milkpak.jpg w gelato_global_work.",WŁASNY PROFIL PR — przeliczenie z rzeczywistej etykiety,0,Dane kompletne. Końcowy PR poza Mapperem według istniejącej konwencji.,"Zamknięto istniejący wariant1L odczytem pełnej etykiety. Usunięto zakresy mieszające pojemności: przyjęto63kcal, fat3.5, carbs/sugars5.1, protein2.7, salt0.175 zgodnie z tym opakowaniem. Nie korzystano z sprzecznej tabeli Haleeb.",AUTO PO AKCEPTACJI,CONFIRMED,EAN_ON_MARKET_PAGE,https://zainabfamilymart.com/product/nestle-milk-pak-full-cream-milk-1-liter/
PK,★★★★,SOUTH_ASIA,CREAM,130,PI-ING-000180,CREAM-GTIN-3155253004699,KANDYDAT_WARUNKOWY,CONDITIONAL_CANDIDATE,conditional — see v7 activation condition,Président Whipping Cream UHT 35.1%,Président,200 ml / 20 cl carton,3155253004699,"Al-Fatah Pakistan exact200ml public Shopify product JSON gives barcode3155253004699, SKU AFP-000573812, PKR2595, available:false at checking: locally catalogued but currently out of stock, ordering not confirmed. Auchan exactGTIN200ml confirms35.1% dairy cream and French origin. Physical manufacturer nutrition label photo associated with this exactGTIN, visually read independently by two agents, provides all7 fields per100g:1385kJ/336kcal,35.1fat,23sat,3.1carbs,3.1sugars,2protein,.08salt. Local label snapshot cream_global_work/pk_president_label.jpg. Full original pack photograph 5.jpg directly shows GTIN 3155253004699 adjacent to the same 100 g nutrition panel; identity is confirmed on the physical packaging, not merely by the database assignment.",WŁASNY PROFIL PR — rzeczywista etykieta,5.100000000000001,DOSTĘPNOŚĆ: potwierdzona lokalna oferta Al-Fatah dla dokładnego GTIN; podczas sprawdzenia produkt był wyprzedany. Pełny profil etykiety nie potwierdza aktualnego stanu magazynowego.,"Replaces incomplete/mismatched Milkpak domestic/export200ml profiles. Greens sameGTIN incorrectly uses zero for saturated fat and sugars; rejected in favour of physical label. OFF structured nutrition_data_per says100ml but photographed label explicitly100g, so use100g. Not a substitution of 1L/500ml product data. Nutritional identification complete; current Al-Fatah stock unavailable.",AUTO PO AKCEPTACJI,CONFIRMED,EAN_ON_MARKET_PAGE,https://alfatah.pk/products/president-whipping-cream-200ml
PK,★★★★,SOUTH_ASIA,SMP,35,PI-ING-000270,SMP-GTIN-00733739058324,KANDYDAT_PR,VERIFY_CANDIDATE,"EAN printed on a page serving this market + label facts (ingredients, nutrition) from manufacturer/retailer",Real Food Organic Non-Fat Dry Milk Powder,NOW Foods,12 oz (340 g),733739058324,"PEŁNA ETYKIETA: producent wiąże opakowanie 12 oz z UPC 733739058324 i SKU 5832. Tabela na porcję 3 tbsp (24 g) suchego proszku: 90 kcal, tłuszcz 0 g, NKT 0 g, węglowodany 12 g, cukry 12 g, białko 9 g, błonnik 0 g, sód 100 mg. Producent podaje skład i Product of the USA. WARUNKOWA DOSTAWA: krajowy katalog iHerb dla Pakistanu pokazuje In stock; oficjalna strona shipping potwierdza ogólną wysyłkę do kraju. Nie zaobserwowano aktywnego ustawienia Deliver to dla danego kraju; próba odczytu w przeglądarce zakończyła się weryfikacją Cloudflare.",Własny profil SMP — Engine przelicza rzeczywiste dane i jawne estymacje,-0.8,Wszystkie pola pochodzą z etykiety; przeliczenie masy porcji i sodu nie jest estymacją. WARUNKOWY IMPORT: krajowy katalog iHerb pokazuje produkt jako in stock i oficjalna ogólna wysyłka do kraju jest potwierdzona. Dostawa tego SKU na konkretny adres nie została przetestowana; nie potwierdzono aktywnego ustawienia Deliver to dla kraju. Pełność etykiety żywieniowej jest potwierdzona niezależnie od pewności dostawy.,"Wybrano czyste SMP z pełną etykietą i potwierdzonym UPC zamiast Skimillac / Millac (500 g, puszka), dla którego brakowało pełnego profilu żywieniowego. Poprzedni lokalny produkt i jego korekty identyfikatora zachowano w local_alternatives_asia_south.json. Normalizacja: każda wartość ×100/24; sól =100 mg sodu ×0,0025 ×100/24 =1,041667 g/100 g.",AUTO PO AKCEPTACJI,LEAD,EAN_ON_GENERIC_TLD_PAGE,https://www.nowfoods.com/products/natural-foods/non-fat-dry-milk-powder-organic
PK,★★★★,SOUTH_ASIA,DEXTROSE,30,PI-ING-000494,DEX-PK-PRODUCT,WYMAGA_ETYKIETY,LABEL_EVIDENCE_MISSING,label/composition evidence missing — current label (ingredients + nutrition per 100 g/ml),Confectoland Glucose Powder (Dextrose) – Premium Sweetener 250g,Confectoland,250 g; również 1 kg i 25 kg,,"Własna strona sprzedawcy: Food Grade Glucose Powder (Dextrose Monohydrate), min. 99% Dextrose Monohydrate, wilgotność maks. 9%.",Postać monohydrat; NIP i model aktywności osobno,0,"PI-ING-000494 uzupełnia: kcal=364; tłuszcz=0; nasycone=0; węglowodany=90.9; cukry=90.9; białko=0; sól=0; błonnik=0 /100g. To oszacowanie, nie deklaracja etykiety. MODEL PI: 90,9g aktywnej dekstrozy +9,1g wody/100g; nie jest pomiarem partii. Czystość suchej masy i zaokrąglone cukry NIP nie zastępują CoA. Potwierdzić brak dodatków, producenta i CoA. Maks.9% wilgotności ze strony nie jest dokładnym oznaczeniem 9,1%; przy ścisłym bilansie zastosować wilgotność partii.",Zastępuje Glaxose-D z witaminami i minerałami. Deklarowana czystość monohydratu min.99% nie jest udziałem aktywnej bezwodnej glukozy w 100 g proszku.,AUTO PO AKCEPTACJI,BRAK,NO_EAN_IN_V7,https://www.confectoland.com/products/glucose-powder-dextrose-baking-pakistan
PK,★★★★,SOUTH_ASIA,TARA,3,PI-ING-000492,TARA-PK-PRODUCT,WYMAGA_DOSTAWY,LOCAL_PURCHASE_PATH_MISSING,no evidenced local purchase/delivery path in this market,Tara Gum [E417] 100% USP Food Grade Powder,Eisen-Golden Laboratories,1 oz bottle — indexed title; URL slug incorrectly says1lb in two bottles,,"UNCONFIRMED; Pakistan search record gives title1oz,brand Eisen-Golden Laboratories and ASINB083H33T9W; same item record elsewhere identifies US import. URL/title variant conflict remains. No local stock or country shipping proof established.","Energia źródła, jeśli dostępna; brakujące pola z PI. Nie narzucano zgodności różnych konwencji znakowania.",0,"ESTIMATED z PI-ING-000492: kcal=180; tłuszcz=0.5; nasycone=0; węglowodany dostępne=1.5; cukry=0; białko=2; sól=0; błonnik=86.5 /100 g. To model, nie etykieta produktu. Aktywność względna=1 wyłącznie MODEL PI, nie oznaczenie handlowej partii. Dawka odniesienia 3 g/1000 g (0,3%) bez automatycznego skalowania. Lepkość ani 100% składnika nie oznaczają 100% galaktomannanu. Woda 9,5 g/100 g: ESTIMATED z PI; brak oznaczenia produktu. Indexed Pakistan product lead only; direct page fetch unavailable. Exact1oz package and current delivery must be verified before purchase.","Did not attach Sosa700g barcode to Eisen-Golden/Cape Crystal product. No universal barcode, nutrition or allergy data substituted.",AUTO PO AKCEPTACJI,BRAK,NO_EAN_IN_V7,https://www.ubuy.com.pk/en/product/5BVJX2NL2-tara-gum-e417-100-usp-food-grade-powder-1-lb-in-two-bottles-usa
PA,★★★★,LATAM_NORTH_ANDEAN,MILK,672,PI-ING-000236,MILK-GTIN-0088209013366,KANDYDAT_PR,VERIFY_CANDIDATE,"EAN printed on a page serving this market + label facts (ingredients, nutrition) from manufacturer/retailer",Estrella Azul D'Oro Leche Entera 946ml,Estrella Azul,946 ml karton UHT,0088209013366,"Lokalny detalista Super99 na karcie SKU20046072 jawnie potwierdza UPC088209013366, nazwę D'Oro Leche Entera946ml, cenę/ofertę i skład. HTML tej samej karty umieszcza bezpośrednio w sekcji Información Nutricional obraz20046072_6.png. Obraz odczytano wizualnie: porcja250ml, energia700kJ/170kcal,fat9g,sat5.27g,sodium127mg,carbs13g,sugars13g,protein8.4g. Wszystkie makra podzielono przez2.5. Sól=127mg sodu/2.5*2.5/1000=0.127g/100ml. Nie użyto etykiet innego SKU.",WŁASNY PROFIL PR — przeliczenie z rzeczywistej etykiety,0.10000000000000009,Dane kompletne. Końcowy PR poza Mapperem według istniejącej konwencji.,"Przywrócono UPC 088209013366 / GTIN-13 0088209013366: poprzednie odrzucenie tego kodu było niezasadne, jest bezpośrednio potwierdzony przez Super99. Nie podmieniamy na drugi GTIN 0088209970164 z innej karty/wersji. Faktyczny tłuszcz 3.6g/100ml i energia 68kcal/100ml wynikają z odczytanej etykiety, nie z ogólnego opisu 3.5%.",AUTO PO AKCEPTACJI,LEAD,EAN_ON_GENERIC_TLD_PAGE,https://www.super99.com/20046072-estrella-azul-d-oro-leche-entera-946ml
PA,★★★★,LATAM_NORTH_ANDEAN,CREAM,130,PI-ING-000180,CREAM-GTIN-5701215046375,KANDYDAT_PR,VERIFY_CANDIDATE,"EAN printed on a page serving this market + label facts (ingredients, nutrition) from manufacturer/retailer",Emborg Natural Whipping Cream UHT 35.1% 200 ml,Emborg,200 ml,5701215046375,"Super99 Panama official retail product page explicitly identifies Emborg Crema Batir 200ml, GTIN5701215046375 (labelled UPC), price$2.49 and Add to cart; Panama contact+507 and local delivery. Emborg official Natural Whipping Cream product page lists 200ml and1L packs with complete current per100ml nutrition337kcal,F35.1,Sat22,C3.3,Sugar3.3,P2.1,Salt0.07,Fibre0 and dairy cream/stabiliser ingredients. Same exact natural dairy cream200ml SKU also identified with GTIN by Tops and MaxMart in supporting shared research.",WŁASNY PROFIL PR — rzeczywista etykieta,5.100000000000001,Dane kompletne. Końcowy PR poza Mapperem według istniejącej konwencji.,"Replaces Arla36%200ml candidate whose exact local packaging profile could not be reliably matched, and avoids assuming generic PriceSmart ElleVire1L is Excellence35. Uses a verified locally available plain dairy cream35.1% near target30%; no vegetable whip topping. Official declared337kcal preserved rather than recomputing from rounded1387kJ.",AUTO PO AKCEPTACJI,LEAD,EAN_ON_GENERIC_TLD_PAGE,https://www.super99.com/20145110-emborg-crema-batir-200ml
PA,★★★★,LATAM_NORTH_ANDEAN,SMP,35,PI-ING-000270,SMP-GTIN-00733739058324,KANDYDAT_PR,VERIFY_CANDIDATE,"EAN printed on a page serving this market + label facts (ingredients, nutrition) from manufacturer/retailer",NOW Real Food Organic Non-Fat Dry Milk Powder,NOW Foods,12 oz / 340 g,733739058324,"Producent publikuje UPC, skład i pełną etykietę porcji 24 g. Katalog iHerb dla kraju wskazuje ten UPC, 340 g i stan in stock.",Własny profil SMP — Engine przelicza rzeczywiste dane i jawne estymacje,-0.8,"Wszystkie pola pochodzą z etykiety; przeliczenie masy porcji i sodu nie jest estymacją. Import przez sklep internetowy; oferta katalogu krajowego, bez potwierdzenia magazynu krajowego ani zamówienia na konkretny adres. Zakład przetwarza orzechy drzewne. Zera są zaokrąglone na porcję.","Zamiennik niepotwierdzonego produktu z ODT; 100% SMP, bez serwatki, tłuszczu roślinnego i cukru dodanego.",AUTO PO AKCEPTACJI,LEAD,EAN_ON_GENERIC_TLD_PAGE,https://www.nowfoods.com/products/natural-foods/non-fat-dry-milk-powder-organic
PA,★★★★,LATAM_NORTH_ANDEAN,DEXTROSE,30,PI-ING-000494,DEX-PA-PRODUCT,WYMAGA_ETYKIETY,LABEL_EVIDENCE_MISSING,label/composition evidence missing — current label (ingredients + nutrition per 100 g/ml),DEXTROSA MONOHIDRATADA BOLSA 1 Kg,Del Caribe (dystrybutor),"1 kg, bolsa (worek)",,"Nazwa konkretnej oferty 1 kg jednoznacznie mówi Dextrosa Monohidratada. Kategorie i zastosowania: żywność, cukiernictwo, napoje, nabiał, pieczywo.",Postać monohydrat; NIP i model aktywności osobno,0,"PI-ING-000494 uzupełnia: kcal=364; tłuszcz=0; nasycone=0; węglowodany=90.9; cukry=90.9; białko=0; sól=0; błonnik=0 /100g. To oszacowanie, nie deklaracja etykiety. MODEL PI: 90,9g aktywnej dekstrozy +9,1g wody/100g; nie jest pomiarem partii. Czystość suchej masy i zaokrąglone cukry NIP nie zastępują CoA. Tożsamość lokalnego sprzedawcy i konkretny SKU potwierdzone w indeksowanych stronach pierwotnych. Bieżące bezpośrednie pobranie blokowane 403; zapas 9 szt. pochodzi z indeksu sprzed około 2 tygodni i wymaga sprawdzenia przy zamówieniu. Nie uzupełniono nieznanej NIP ani czystości.","Nutricost/import z ODT zastąpiony lokalną ofertą monohydratu do lodów. Bez przenoszenia kodu obcej marki. Jako lokalną alternatywę wybrano Del Caribe 1 kg ze SKU 001298 i potwierdzonym podmiotem panamskim, zamiast Chocolatisimo 1 lb.",AUTO PO AKCEPTACJI,BRAK,NO_EAN_IN_V7,https://delcaribeshop.com/pa/producto/dextrosa-monohidratada-bolsa-1-kg/
PA,★★★★,LATAM_NORTH_ANDEAN,TARA,3,PI-ING-000492,TARA-MP-1508-50,WYMAGA_DOSTAWY,LOCAL_PURCHASE_PATH_MISSING,no evidenced local purchase/delivery path in this market,Tara Gum — Home 50g,Modernist Pantry,50 g (Home pack),819543011967,"UNCONFIRMED; Exact manufacturer 50 g back label visibly states UPC 819543011967 and nutrition per 100 g: 360 kcal, fat 1 g, saturates 0 g, total carbohydrate 85 g including fiber 85 g, sugars 0 g, protein 2 g, sodium 0 mg. Country-specific Yaxa catalogue has an indexed 50 g listing; full catalogue and exact-product delivery could not be retrieved. Ubuy Panama brand catalogue also indexes the 50 g product. A different Yaxa Panama product page displays a coming-soon-to-your-country message, adding uncertainty to catalogue-only coverage.",ENERGIA DO WYJAŚNIENIA: etykieta 360 kcal/100 g; available carbs 0 g po odjęciu błonnika. Zachowano deklarowaną energię; przeliczenie 9/4/4/2 daje 187 kcal. Różna konwencja energii błonnika — nie używać do automatycznego znakowania UE.,0,"Wszystkie 8 pól z etykiety/TDS lub jawnego przeliczenia porcji/sodu/błonnika. Aktywność względna=1 wyłącznie MODEL PI, nie oznaczenie handlowej partii. Dawka odniesienia 3 g/1000 g (0,3%) bez automatycznego skalowania. Lepkość ani 100% składnika nie oznaczają 100% galaktomannanu. Woda 9,5 g/100 g: ESTIMATED z PI; brak oznaczenia produktu. Country catalogue search result lists Modernist Pantry Pure Tara Gum 50 g. Product-specific import delivery and stock were not verified; treat as a concrete candidate, not confirmed local availability.","Use verified manufacturer UPC rather than the unsupported user barcode. Label calories are preserved as declared; EU energy harmonization must be flagged separately. Total carbohydrates include fiber: do not add fiber or treat all 85 g as available carbohydrate. Historical Sabortec/Exandal imports are not evidence of a current retail offer; the user Gelespessa reference is a xanthan product, not tara.",AUTO PO AKCEPTACJI,LEAD,EAN_ON_GENERIC_TLD_PAGE,https://modernistpantry.com/products/tara-gum.html
ZA,★★★★,SOUTH_AFRICA,MILK,672,PI-ING-000236,MILK-GTIN-6001299016158,KANDYDAT_PR,VERIFY_CANDIDATE,"EAN printed on a page serving this market + label facts (ingredients, nutrition) from manufacturer/retailer",Ultra Pasteurised Full Cream Milk 2L,Clover,2 L,6001299016158,"Oficjalny producent, dokładna karta 2 L: 281 kJ, protein 3.7, glycaemic carbohydrate 5, total sugar 5.3, fat 3.5, saturated 2.4, dietary fibre <0.5, sodium 47 mg na 100 ml. Groceryclub w indeksowanej karcie identyfikuje exact Ultra Pasteurised Fresh Full Cream Milk 2L i barcode 6001299016158. Checkers publikuje lokalną ofertę 2 L.",WŁASNY PROFIL PR — przeliczenie z rzeczywistej etykiety,0,Dane kompletne. Końcowy PR poza Mapperem według istniejącej konwencji.,"Wybrano Clover zamiast mieszania EAN i profilu Woolworths. Energia 281/4.184=67.1606 kcal; sól 47/1000*2.5=0.1175 g. Zachowano dosłowne deklaracje producenta: Glycaemic carbohydrate 5 g i total sugars 5.3 g; pola są zaokrąglone z różną precyzją. Nie skorygowano arbitralnie cukrów ani węglowodanów. Błonnik zachowany jako granica <0.5, nie zero.",AUTO PO AKCEPTACJI,CONFIRMED,EAN_ON_MARKET_PAGE,https://www.checkers.co.za/product/clover-fresh-full-cream-milk-2l-10413121EA
ZA,★★★★,SOUTH_AFRICA,CREAM,130,PI-ING-000180,CREAM-GTIN-6001299012082,KANDYDAT_PR,VERIFY_CANDIDATE,"EAN printed on a page serving this market + label facts (ingredients, nutrition) from manufacturer/retailer",Clover Fresh Cream Ultra Pasteurised,Clover,250 ml,6001299012082,"Official Clover exact250ml page current table per100ml declares1281kJ, protein2.2, glycaemic carbohydrate5, total sugar5.3, fat31.2, saturates26.3, fibre0, sodium70mg. Evergreens local South African retailer explicitly provides reference6001299012082 for250ml. Local Pretoria retailer offers exact250mlGTIN in stock.",WŁASNY PROFIL PR — rzeczywista etykieta,1.1999999999999993,Dane kompletne. Końcowy PR poza Mapperem według istniejącej konwencji.,Closest verified local cream31.2% to30%. kcal converted kJ/4.184; salt=70mg sodium*2.5/1000. Official totalcarbohydrate rounded to integer5g while sugar more precisely5.3g; both original declared values preserved. No arbitrary correction.,AUTO PO AKCEPTACJI,CONFIRMED,EAN_ON_MARKET_PAGE,https://www.evergreenspta.co.za/cream/7455-clover-fresh-cream-250ml.html
ZA,★★★★,SOUTH_AFRICA,SMP,35,PI-ING-000270,SMP-ZA-SKU,WYMAGA_GTIN,GTIN_MISSING,barcode not established for the chosen pack — label photo or market page printing the GTIN,Clover Skimmed Milk Powder,Clover,worek 25 kg,,"Oficjalna lokalna strona Clover B2B: 25 kg, 100 g AS PACKED, kompletny skład i alergen. Energia podana wyłącznie w kJ; kcal wyliczono 1516/4,184. Sól wyliczono z 530 mg sodu ×0,0025 =1,325 g/100 g.",Własny profil SMP — Engine przelicza rzeczywiste dane i jawne estymacje,0.19999999999999996,"Wszystkie pola pochodzą z etykiety; przeliczenie masy porcji i sodu nie jest estymacją. Produkt przemysłowy B2B. GTIN i numer zamówieniowy wymagają potwierdzenia u Clover; to konkretna karta produktu, nie potwierdzony magazynowy stan detalu. Brak GTIN; użyto identyfikatora SKU/TDS.","EAN 6001299011191 z ODT niepotwierdzony; pozostawiono null, bez zmiany cyfr i bez udawania numeru SKU. Nespray medium cream/whey odrzucony.",AUTO PO AKCEPTACJI,BRAK,NO_EAN_IN_V7,https://www.clover.co.za/business/clover-skimmed-milk-powder/
ZA,★★★★,SOUTH_AFRICA,DEXTROSE,30,PI-ING-000494,DEX-GTIN-06009705443239,WYMAGA_ETYKIETY,LABEL_EVIDENCE_MISSING,label/composition evidence missing — current label (ingredients + nutrition per 100 g/ml),Dextrose Monohydrate Powder 1kg,My Whey,1 kg,6009705443239,"Manufacturer label inspected visually: pure monohydrate, 1kg, barcode6009705443239, 100g nutrition 1465kJ, protein0, carbohydrate90, sugar90, fiber0, sodium0mg.",Postać monohydrat; NIP i model aktywności osobno,0,"PI-ING-000494 uzupełnia: tłuszcz=0; nasycone=0 /100g. To oszacowanie, nie deklaracja etykiety. MODEL PI: 90,9g aktywnej dekstrozy +9,1g wody/100g; nie jest pomiarem partii. Czystość suchej masy i zaokrąglone cukry NIP nie zastępują CoA. Manufacturer page shows sold out; retailer listing exists. Confirm current stock.","Use label cross-contact warning despite website Allergen Free badge; kcal must be converted from kJ, fat/saturates unpublished.",AUTO PO AKCEPTACJI,CONFIRMED,EAN_ON_MARKET_PAGE,https://my-whey.co.za/products/dextrose-monohydrate-powder
ZA,★★★★,SOUTH_AFRICA,TARA,3,PI-ING-000492,TARA-ZA-PRODUCT,WYMAGA_ETYKIETY,LABEL_EVIDENCE_MISSING,label/composition evidence missing — current label (ingredients + nutrition per 100 g/ml),UNIPEKTIN VIDOGUM SP native tara gum E417,UNIPEKTIN Ingredients AG,Gramatura niepubliczna,,"B2B; Product family confirmed in local supplier catalogue. Manufacturer sheet distinguishes SP200/SP175/SP150; no specific grade availability, package size, nutrition, allergens or measured viscosity published in retrieved sources.","Energia źródła, jeśli dostępna; brakujące pola z PI. Nie narzucano zgodności różnych konwencji znakowania.",0,"ESTIMATED z PI-ING-000492: kcal=180; tłuszcz=0.5; nasycone=0; węglowodany dostępne=1.5; cukry=0; białko=2; sól=0; błonnik=86.5 /100 g. To model, nie etykieta produktu. Aktywność względna=1 wyłącznie MODEL PI, nie oznaczenie handlowej partii. Dawka odniesienia 3 g/1000 g (0,3%) bez automatycznego skalowania. Lepkość ani 100% składnika nie oznaczają 100% galaktomannanu. Woda 9,5 g/100 g: ESTIMATED z PI; brak oznaczenia produktu. South African B2B route: Danlink lists UNIPEKTIN VIDOGUM SP and has Johannesburg/Cape Town offices. Exact grade, pack, current stock and quote must be confirmed; no guessed25kg bag.",Danone snack and cosmetic SkinChakra listings do not establish pure food tara availability. Claimed Modernist50g UPC811543021950 rejected; manufacturer label actually shows819543011967. VIDOGUM SP is not a guar/carob blend.,AUTO PO AKCEPTACJI,BRAK,NO_EAN_IN_V7,https://danlink.com/product/gums-stabilizers/
RO,★★★★,EU27,MILK,672,PI-ING-000236,MILK-GTIN-5941355000688,KANDYDAT_PR,VERIFY_CANDIDATE,"EAN printed on a page serving this market + label facts (ingredients, nutrition) from manufacturer/retailer","Zuzu lapte de consum integral 3,5% grăsime 1 l",Zuzu,"1 l karton, mleko pasteryzowane chłodzone",5941355000688,"Oficjalna karta Albalact dla Zuzu lapte integral 1 l potwierdza skład i komplet w 100 ml: 257 kJ/62 kcal, tłuszcz 3,5, nasycone 2,4, węglowodany/cukry 4,5, białko 3, sól 0,1. Paco Market jawnie podaje kod produktu/SKU 5941355000688 dla Zuzu 3,5% 1 l. Mega Image i Metro RO potwierdzają lokalną sprzedaż tego wariantu i zgodne makra.",WŁASNY PROFIL PR — przeliczenie z rzeczywistej etykiety,0,Dane kompletne. Końcowy PR poza Mapperem według istniejącej konwencji.,"Carrefour Classic ze sprzeczną zawartością cukrów zastąpiony Zuzu 3,5% 1 l z oficjalnym profilem producenta i lokalnym GTIN.",AUTO PO AKCEPTACJI,CONFIRMED,EAN_ON_MARKET_PAGE,https://pacomarket.ro/product/lapte-zuzu-1l-3-5-grasime-2/
RO,★★★★,EU27,CREAM,130,PI-ING-000180,CREAM-GTIN-8585002501837,KANDYDAT_PR,VERIFY_CANDIDATE,"EAN printed on a page serving this market + label facts (ingredients, nutrition) from manufacturer/retailer",Meggle Frișcă lichidă UHT 30%,MEGGLE Slovakia,200 ml carton,8585002501837,"Depozit C&C România: oferta lokalna dokładne200ml30%,kod92327 iGTIN8585002501837 (indeksowana tabela Barcode). Pełne7 wartości/100ml oraz skład dla identycznegoGTIN publikuje Tesco Hungary; COOP Hungary niezależnie publikuje identyczneGTIN+profil. Lokalny hurtownik udziela ceny na zapytanie; nie stwierdzono aktualnej liczby sztuk.",WŁASNY PROFIL PR — rzeczywista etykieta,0,Dane kompletne. Końcowy PR poza Mapperem według istniejącej konwencji.,"Zastąpiono LaDorna35% dokładnym30% Meggle; dowód lokalnego katalogu, stan sztuk niepublikowany. Profil exactEAN, nie inna pojemność.",AUTO PO AKCEPTACJI,CONFIRMED,EAN_ON_MARKET_PAGE,https://www.depozitcc.ro/delicatese/smantana-frisca-unt/frisca/frisca-lichida-30-meggle-uht-200ml-92327.html
RO,★★★★,EU27,SMP,35,PI-ING-000270,SMP-GTIN-06426309006538,KANDYDAT_PR,VERIFY_CANDIDATE,"EAN printed on a page serving this market + label facts (ingredients, nutrition) from manufacturer/retailer","Lapte praf bio degresat, 1% grasime",Pronat,"250 g, worek zip",6426309006538,"Oficjalny Pronat: GTIN 6426309006538, SKU PRN20011, 250 g, skład i pochodzenie Niemcy. Zdjęcie tylnej etykiety wizualnie odczytane: 1498 kJ/353 kcal, fat 0,5, sat 0, carbs 52, sugars 52, fiber 0, protein 35, salt 1,1 na 100 g. Lokalna oferta aktywna.",Własny profil SMP — Engine przelicza rzeczywiste dane i jawne estymacje,-0.30000000000000004,"Wszystkie pola pochodzą z etykiety; przeliczenie masy porcji i sodu nie jest estymacją. Zachować jawną rozbieżność nazwy 1% i tabeli 0,5%; sat 0 deklarowane. Zdjęcie zachowane jako pronat_back.jpg.","Nie wybrano Aristocrat 15%, ponieważ dostępny jest autentyczny SMP. Uzupełniono sól 1,1 g ze zdjęcia, gdyż brakuje jej w tabeli HTML. Wartość sat 0 jest rzeczywistą deklaracją producenta na etykiecie, a nie domyślnym zerem.",AUTO PO AKCEPTACJI,CONFIRMED,EAN_ON_MARKET_PAGE,https://pronat.ro/products/lapte-praf-bio-degresat-1-grasime-250g-pronat
RO,★★★★,EU27,DEXTROSE,30,PI-ING-000494,DEX-GTIN-08588006139983,KANDYDAT_PR,VERIFY_CANDIDATE,"EAN printed on a page serving this market + label facts (ingredients, nutrition) from manufacturer/retailer","Dextroză - GymBeam, bez dodatków smakowych",GymBeam,1000 g,8588006139983,W składzie i tabeli substancji czynnych producent wprost wymienia krystaliczny monohydrat D-glukozy; 100 g monohydratu / 100 g produktu.,Postać monohydrat; NIP i model aktywności osobno,0,"PI-ING-000494 uzupełnia: błonnik=0 /100g. To oszacowanie, nie deklaracja etykiety. MODEL PI: 90,9g aktywnej dekstrozy +9,1g wody/100g; nie jest pomiarem partii. Czystość suchej masy i zaokrąglone cukry NIP nie zastępują CoA. Jednoskładnikowy spożywczy proszek (sprzedawany jako suplement). Forma monohydratu potwierdzona; 91% to zaokrąglona deklaracja producenta, nie wynik oznaczenia czystości/wody. Do PI 90,9%/9,1% stosować jawnie założenie stechiometryczne. Uwaga dokumentacyjna: ogólny blok ostrzeżeń strony zawiera sformułowanie o substancjach słodzących; skład nadal wymienia wyłącznie monohydrat i tabela deklaruje 100 g monohydratu/100 g.",Potwierdzony EAN GymBeam 1 kg to 8588006139983; zastępuje podany wcześniej 8586022211332. Tabletki Dextro Energy nie są czystym surowcem.,AUTO PO AKCEPTACJI,CONFIRMED,EAN_ON_MARKET_PAGE,https://gymbeam.ro/dextroza-1000-g-gymbeam.html
RO,★★★★,EU27,TARA,3,PI-ING-000492,TARA-GTIN-08055728540170,KANDYDAT_PR,VERIFY_CANDIDATE,"EAN printed on a page serving this market + label facts (ingredients, nutrition) from manufacturer/retailer",SaporePuro Farina di Semi di Tara / Gomma di Tara E417,SaporePuro,50 g,8055728540170,IMPORT; SaporePuro manufacturer TDS revision 17/07/2026: sole ingredient E417; per 100 g nutrition and moisture on page 10; allergy information on pages 1–2 and 11–12. EU shipping coverage is explicit. Other product sources are included only to document a rejected local candidate.,"Energia źródła, jeśli dostępna; brakujące pola z PI. Nie narzucano zgodności różnych konwencji znakowania.",0,"Wszystkie 8 pól z etykiety/TDS lub jawnego przeliczenia porcji/sodu/błonnika. Aktywność względna=1 wyłącznie MODEL PI, nie oznaczenie handlowej partii. Dawka odniesienia 3 g/1000 g (0,3%) bez automatycznego skalowania. Lepkość ani 100% składnika nie oznaczają 100% galaktomannanu. Woda z TDS: 7 g/100 g; TDS reference moisture 7%, not a batch measurement. Storefront states <9.11%; source discrepancy retained. IMPORT from Italy to Romania. Manufacturer lists the selected 50 g variant available. Shipping policy expressly covers the EU, with estimated delivery in 3–7 working days; final postcode and charges at checkout. Countries are covered as an EU bloc, not individually named.","Romanian Sosa 700 g listings exist, but the Sosa TDS permits sugar standardization. Selected the manufacturer-documented sole-ingredient tara gum instead. Do not reuse user EAN8052744883445: unverified and different from secondary250g barcode lead. Do not confuse this E417 ingredient with SaporePuro Neutro stabilizer containing maltodextrin/tara/guar. Current TDS takes precedence over storefront moisture/viscosity values. AKTUALIZACJA: oficjalny JSON producenta potwierdza dla 50 g SKU SPGT50 i EAN 8055728540170; poprzedni brak identyfikatora zamknięty.",AUTO PO AKCEPTACJI,LEAD,EAN_ON_GENERIC_TLD_PAGE,https://saporepuro.com/products/farina-di-semi-di-tara-gomma-di-tara-origine-peru-e417-confezionato-in-italia-1
SG,★★★★,ASEAN,MILK,672,PI-ING-000236,MILK-GTIN-8888030300749,KANDYDAT_PR,VERIFY_CANDIDATE,"EAN printed on a page serving this market + label facts (ingredients, nutrition) from manufacturer/retailer",FairPrice UHT Kids Full Cream Packet Milk — Fresh Milk,FairPrice,200 ml carton; retail multipack 6 x 200 ml,8888030300749,"FairPrice Singapore current product listing identifies full cream fresh milk in a 6 x 200 ml multipack. Its right-side product photo, inspected visually, simultaneously shows barcode 8888030300749, serving size 200 ml, and an explicit per-100-ml column: energy 63 kcal, protein 3.3 g, total fat 3.4 g, saturated fat 2.6 g, carbohydrate 4.8 g, total sugars 4.8 g, dietary fibre 0 g, sodium 40 mg. Salt is calculated from sodium: 40 mg x 2.5 / 1000 = 0.1 g per 100 ml. The printed per-100-ml saturated value 2.6 g is preserved; it is not replaced by 5.1/2 = 2.55 from the rounded serving column. Left-side photo identifies Australian origin and NTUC FairPrice as the company for which it is packed. Ingredient listed by seller: full cream milk. All nutritional quantities are per 100 ml. The project applies its existing 100 ml = 100 g convention.",WŁASNY PROFIL PR — przeliczenie z rzeczywistej etykiety,-0.10000000000000009,Dane kompletne. Końcowy PR poza Mapperem według istniejącej konwencji.,"Replaces unresolved RedMan/RedMart identification with fully labelled FairPrice plain cow milk. Despite the word Kids in the product name, the listed sole ingredient is full cream milk; this is not infant formula. Actual declared fat is 3.4 g per 100 ml, 0.1 percentage point below the 3.5 target.",AUTO PO AKCEPTACJI,LEAD,MARKET_PAGE_WITHOUT_EAN,https://www.fairprice.com.sg/product/fairprice-uht-kids-full-cream-packet-milk-fresh-milk-6-x-200ml-13165083
SG,★★★★,ASEAN,CREAM,130,PI-ING-000180,CREAM-GTIN-3412290032215,KANDYDAT_PR,VERIFY_CANDIDATE,"EAN printed on a page serving this market + label facts (ingredients, nutrition) from manufacturer/retailer",Paysan Breton UHT Cooking & Whipping Cream 30%,Paysan Breton,200 ml (20 cl),3412290032215,"Casinetto publishes full seven-field profile and a legible photograph of the exact 20 cl capped carton: 1209 kJ/293 kcal, fat 30 g, saturated 21 g, carbs 3.4 g, sugars 3 g, protein 2.4 g, salt 0.07 g per 100 ml. BenMart Singapore own catalogue and its Shopee store explicitly name 30% Fat 200 ml; RedMart also lists 30 Percent 200 ml. Tops Thailand identifies same retail 30% 200 ml pack EAN.",WŁASNY PROFIL PR — rzeczywista etykieta,0,Dane kompletne. Końcowy PR poza Mapperem według istniejącej konwencji.,"Exact 30% replaces a verified but farther 35% alternative. Some older barcode directories still call this EAN 35%; use the current 30% formulation and pictured label. Casinetto HTML calls the basis 100 g, but the physical carton explicitly says 100 ml; the physical label basis is retained. For KR, discard Lotte’s erroneous Netherlands/Vepo producer field: Kurly physical label says France/Saint-Denis-de-l’Hotel.",AUTO PO AKCEPTACJI,LEAD,MARKET_PAGE_WITHOUT_EAN,https://redmart.lazada.sg/paysan-breton-164150/?m=redmart
SG,★★★★,ASEAN,SMP,35,PI-ING-000270,SMP-GTIN-08888030307090,KANDYDAT_PR,VERIFY_CANDIDATE,"EAN printed on a page serving this market + label facts (ingredients, nutrition) from manufacturer/retailer",FairPrice Adult Milk Powder - Skim,FairPrice,600 g,8888030307090,"Fotografia tylnej etykiety FairPrice: 600 g,  GTIN 8888030307090,  skład: skim milk powder. Kolumna per 100 g: 361 kcal,  białko 33,1 g,  tłuszcz 0,8 g,  NKT 0,4 g,  węglowodany 55,5 g,  cukry 53,6 g,  błonnik 0 g,  sód 357 mg. Produkt Australii,  pakowany w Singapurze.",Własny profil SMP — Engine przelicza rzeczywiste dane i jawne estymacje,0,Wszystkie pola pochodzą z etykiety; przeliczenie masy porcji i sodu nie jest estymacją. Komplet 7 makro i EAN z fotografii opakowania udostępnionej przez detalistę; suchy proszek.,"13097040 jest SKU,  nie EAN. EAN 8888030307090 odczytano z opakowania. Przyjęto dokładną kolumnę 100 g,  zamiast mnożenia zaokrąglonej porcji 25 g.",AUTO PO AKCEPTACJI,CONFIRMED,EAN_ON_MARKET_PAGE,https://www.fairprice.com.sg/product/fairprice-instant-skim-milk-powder-600g-13097040
SG,★★★★,ASEAN,DEXTROSE,30,PI-ING-000494,DEX-SG-PRODUCT,WYMAGA_ETYKIETY,LABEL_EVIDENCE_MISSING,label/composition evidence missing — current label (ingredients + nutrition per 100 g/ml),[Bakelab] Dextrose 5kg,Bakelab,5 kg,,Własna strona Bakelab podaje jedyny składnik Dextrose Monohydrate.,Postać monohydrat; NIP i model aktywności osobno,0,"PI-ING-000494 uzupełnia: kcal=364; tłuszcz=0; nasycone=0; węglowodany=90.9; cukry=90.9; białko=0; sól=0; błonnik=0 /100g. To oszacowanie, nie deklaracja etykiety. MODEL PI: 90,9g aktywnej dekstrozy +9,1g wody/100g; nie jest pomiarem partii. Czystość suchej masy i zaokrąglone cukry NIP nie zastępują CoA. Puste pole Allergen Listing nie jest deklaracją braku alergenów.","RedMan Glucose Solid Powder #66038 jest wg producenta corn syrup solids 20DE, więc to mieszanina cukrów, nie czysta dekstroza. Kod użytkownika8886363200780 nie potwierdzony.",AUTO PO AKCEPTACJI,BRAK,NO_EAN_IN_V7,https://shop.bakelab.com.sg/dextrose.html
SG,★★★★,ASEAN,TARA,3,PI-ING-000492,TARA-SG-PRODUCT,WYMAGA_ETYKIETY,LABEL_EVIDENCE_MISSING,label/composition evidence missing — current label (ingredients + nutrition per 100 g/ml),Tara Gum (塔拉胶) - 50g,,50 g,,"LOCAL; Exact 50g product reference .TARA/50 and food application confirmed; local delivery policy and Singapore orders stated. No EAN, nutrition, full ingredient statement or cross-contact disclosure found.","Energia źródła, jeśli dostępna; brakujące pola z PI. Nie narzucano zgodności różnych konwencji znakowania.",0,"ESTIMATED z PI-ING-000492: kcal=180; tłuszcz=0.5; nasycone=0; węglowodany dostępne=1.5; cukry=0; białko=2; sól=0; błonnik=86.5 /100 g. To model, nie etykieta produktu. Aktywność względna=1 wyłącznie MODEL PI, nie oznaczenie handlowej partii. Dawka odniesienia 3 g/1000 g (0,3%) bez automatycznego skalowania. Lepkość ani 100% składnika nie oznaczają 100% galaktomannanu. Woda 9,5 g/100 g: ESTIMATED z PI; brak oznaczenia produktu. Exact page offers Add to cart and says Last items in stock. Singapore delivery stated normally within 3 working days.",No Sosa/other-brand EAN or generic tara nutrition transferred. Do not infer allergen absence from plant origin.,AUTO PO AKCEPTACJI,BRAK,NO_EAN_IN_V7,https://better4u.sg/edible-food-tech/244-tara-gum-50g.html
SK,★★★★,EU27,MILK,672,PI-ING-000236,MILK-GTIN-8585002510037,KANDYDAT_PR,VERIFY_CANDIDATE,"EAN printed on a page serving this market + label facts (ingredients, nutrition) from manufacturer/retailer","Rajo Mlieko plnotučné UHT 3,5% 1 l",Rajo,1 l karton UHT z zamknięciem,8585002510037,"Tesco SK publikuje bieżącą ofertę Rajo 3,5% 1 l, dostawcę MEGGLE Slovakia oraz tabelę na 100 ml: 267 kJ/64 kcal, tłuszcz 3,5, nasycone 2,1, węglowodany/cukry 4,8, białko 3,3, sól 0,13. Office4U ma dokładnie te same wartości i kod w URL; ReflexKE i Factoryuse jawnie podają EAN 8585002510037 dla tego wariantu 1 l. Wybrano spójny profil Tesco/Office4U; nie połączono z historycznymi kartami 65 kcal.",WŁASNY PROFIL PR — przeliczenie z rzeczywistej etykiety,0,Dane kompletne. Końcowy PR poza Mapperem według istniejącej konwencji.,"Niepotwierdzony wcześniejszy kandydat zastąpiony Rajo UHT 3,5% 1 l z kodem 8585002510037 i pełną kartą Tesco SK.",AUTO PO AKCEPTACJI,CONFIRMED,EAN_ON_MARKET_PAGE,https://www.office4u.sk/mlieka-a-smotany/19321-trvanlive-mlieko-rajo-plnotucne-35-1--8585002510037.html
SK,★★★★,EU27,CREAM,130,PI-ING-000180,CREAM-GTIN-8585002520036,KANDYDAT_PR,VERIFY_CANDIDATE,"EAN printed on a page serving this market + label facts (ingredients, nutrition) from manufacturer/retailer",Rajo Smotana na šľahanie UHT 30%,Rajo / MEGGLE Slovakia,250 ml carton,8585002520036,"COOP Jednota LC Sever: dokładne250ml, GTIN, pełna tabela100ml, skład i dostępny magazyn.",WŁASNY PROFIL PR — rzeczywista etykieta,0,Dane kompletne. Końcowy PR poza Mapperem według istniejącej konwencji.,Zamiennik30% z rzeczywistym lokalnym produktem zamiast niepotwierdzonego importu.,AUTO PO AKCEPTACJI,CONFIRMED,EAN_ON_MARKET_PAGE,https://lcsever.ijednota.sk/produkt/smotna-slah30-250ml
SK,★★★★,EU27,SMP,35,PI-ING-000270,SMP-SK-SKU,WYMAGA_GTIN,GTIN_MISSING,barcode not established for the chosen pack — label photo or market page printing the GTIN,Sušené mlieko odtučnené,SABI,400 g,,Oficjalny Milk-Agro publikuje konkretny produkt 400 g i komplet 7 makro na 100 g. Lokalny hurtownik LIBEX identyfikuje produkt kodem 1041689; Liana kod 1769. Lokalny sklep Milkagro Vranov oferuje SABI odtłuszczone 400 g.,Własny profil SMP — Engine przelicza rzeczywiste dane i jawne estymacje,0.1499999999999999,błonnik: PI-ING-000270 (0 /100 g). Liana i Peceniehrou obecnie brak towaru; producent i lokalny katalog hurtowy nadal pokazują produkt. Do zamówienia potwierdzić stan / GTIN u dostawcy. Brak GTIN; użyto identyfikatora SKU/TDS.,Nie zastosowano EAN 8586000751361: ten kod należy do pełnotłustego SABI 26% 400 g. Odtłuszczony wariant nie ma publicznie potwierdzonego GTIN w sprawdzonych źródłach.,AUTO PO AKCEPTACJI,BRAK,NO_EAN_IN_V7,https://www.milkagro.sk/sk/produkty/susene-vyrobky/susene-mlieko/susene-mlieko-odtucnene/product/80
SK,★★★★,EU27,DEXTROSE,30,PI-ING-000494,DEX-GTIN-08588006139983,KANDYDAT_PR,VERIFY_CANDIDATE,"EAN printed on a page serving this market + label facts (ingredients, nutrition) from manufacturer/retailer","Dextróza - GymBeam, bez dodatków smakowych",GymBeam,1000 g,8588006139983,W składzie i tabeli substancji czynnych producent wprost wymienia krystaliczny monohydrat D-glukozy; 100 g monohydratu / 100 g produktu.,Postać monohydrat; NIP i model aktywności osobno,0,"PI-ING-000494 uzupełnia: błonnik=0 /100g. To oszacowanie, nie deklaracja etykiety. MODEL PI: 90,9g aktywnej dekstrozy +9,1g wody/100g; nie jest pomiarem partii. Czystość suchej masy i zaokrąglone cukry NIP nie zastępują CoA. Jednoskładnikowy spożywczy proszek (sprzedawany jako suplement). Forma monohydratu potwierdzona; 91% to zaokrąglona deklaracja producenta, nie wynik oznaczenia czystości/wody. Do PI 90,9%/9,1% stosować jawnie założenie stechiometryczne. Uwaga dokumentacyjna: ogólny blok ostrzeżeń strony zawiera sformułowanie o substancjach słodzących; skład nadal wymienia wyłącznie monohydrat i tabela deklaruje 100 g monohydratu/100 g.",Dodano zweryfikowany produkt na rynku słowackim.,AUTO PO AKCEPTACJI,CONFIRMED,EAN_ON_MARKET_PAGE,https://gymbeam.sk/dextroza-gymbeam.html
SK,★★★★,EU27,TARA,3,PI-ING-000492,TARA-SK-PRODUCT,WYMAGA_ETYKIETY,LABEL_EVIDENCE_MISSING,label/composition evidence missing — current label (ingredients + nutrition per 100 g/ml),Guma Tara Valknut / Tara guma Valknut,Valknut,500 g,,"IMPORT; SKU VAL444, 500 g. Retailer NIP gives 742 kJ/185 kcal, fat 0.13 g, carbohydrates 86.63 g, protein 2.26 g per 100 g. Energy pair is inconsistent; carbohydrate convention is unstated and fiber absent, so 86.63 g must not be treated as available carbohydrate or combined with estimated fiber.",SPRZECZNE ŹRÓDŁO: energia została jawnie zastąpiona PI.,0,"ESTIMATED z PI-ING-000492: kcal=180; nasycone=0; węglowodany dostępne=1.5; cukry=0; sól=0; błonnik=86.5 /100 g. To model, nie etykieta produktu. Aktywność względna=1 wyłącznie MODEL PI, nie oznaczenie handlowej partii. Dawka odniesienia 3 g/1000 g (0,3%) bez automatycznego skalowania. Lepkość ani 100% składnika nie oznaczają 100% galaktomannanu. Woda 9,5 g/100 g: ESTIMATED z PI; brak oznaczenia produktu. SK: Slovak storefront, in-stock product and explicit Slovak GLS delivery. Seller is based in Czechia.","Selected a food product explicitly labelled 100% E417. Retain raw values for audit, but replace disputed energy/carbohydrate inputs with flagged PI estimates; no barcode guessed.",AUTO PO AKCEPTACJI,BRAK,NO_EAN_IN_V7,https://www.valknut.sk/tara-guma-valknut/
SI,★★★★,EU27,MILK,672,PI-ING-000236,MILK-GTIN-3838800040578,KANDYDAT_PR,VERIFY_CANDIDATE,"EAN printed on a page serving this market + label facts (ingredients, nutrition) from manufacturer/retailer","Alpsko mleko polnomastno 3,5% 1 L",Alpsko mleko,1 L,3838800040578,"Ten sam dokładny GTIN jak HR. Konzum HR potwierdza lokalną ofertę dokładnego mleka Alpsko 3,5% 1 l i pełną tabelę 100 g/ml: 266 kJ/64 kcal, tłuszcz 3,5, nasycone 2,3, węglowodany/cukry 4,7, białko 3,3, sól 0,12. Dukatshop HR potwierdza ten produkt, skład, lokalnego dystrybutora Dukat oraz EAN w URL. Tus C&C jawnie wymienia EAN 3838800040578 dla Alpsko pełnego 1 l. Błonnika źródło nie deklaruje.",WŁASNY PROFIL PR — przeliczenie z rzeczywistej etykiety,0,Dane kompletne. Końcowy PR poza Mapperem według istniejącej konwencji.,Ujednolicono profil tego samego GTIN z aktualną kartą. Zachowano źródło rynku SI.,AUTO PO AKCEPTACJI,CONFIRMED,EAN_ON_MARKET_PAGE,https://online.spar.si/p/alpsko-mleko-polnomastno-35-mm-1l-266388
SI,★★★★,EU27,CREAM,130,PI-ING-000180,CREAM-GTIN-3838800033754,KANDYDAT_PR,VERIFY_CANDIDATE,"EAN printed on a page serving this market + label facts (ingredients, nutrition) from manufacturer/retailer",Mu Cuisine Alpska smetana za stepanje 33%,Mu Cuisine,500 ml carton,3838800033754,"Mercator Slovenia: identyczne33%500ml, pełny7-polowy profil100ml, skład, producent i bieżąca oferta4.29EUR. Lokalny IncomePro publikujeEAN3838800033754 dlaMuAlpska0.5L i dodawanie do koszyka.",WŁASNY PROFIL PR — rzeczywista etykieta,3,Dane kompletne. Końcowy PR poza Mapperem według istniejącej konwencji.,Zamieniono35%250ml z błędnym/niepotwierdzonymEAN na bliższe33%500ml. Zachowano deklarowane317kcal; tabela sklepu podaje1306kJ mimo innego wyniku prostego przeliczenia.,AUTO PO AKCEPTACJI,CONFIRMED,EAN_ON_MARKET_PAGE,https://mercatoronline.si/izdelek/5068345/alpska-smetana-za-stepanje-33-m-m-mu-cuisine-500-ml
SI,★★★★,EU27,SMP,35,PI-ING-000270,SMP-GTIN-03831040010028,KANDYDAT_PR,VERIFY_CANDIDATE,"EAN printed on a page serving this market + label facts (ingredients, nutrition) from manufacturer/retailer",Posneto mleko v prahu,Pomurske mlekarne,400 g,3831040010028,"Oficjalna karta producenta łączy 400 g z EAN 3831040010028 i pełną tabelą 100 g. Tuš wymienia ten kod oraz starszy 3831040009077, SKU 563640. Mercator potwierdza ofertę 400 g.",Własny profil SMP — Engine przelicza rzeczywiste dane i jawne estymacje,-0.4,błonnik: PI-ING-000270 (0 /100 g). Produkt detaliczny oferowany lokalnie; źródło nadrzędne makro i kodu: producent.,"Odrzucono oba niepotwierdzone kody ODT 3831040009107 i 3831040009046. Odrzucono starszą sprzeczną tabelę Mercator: 350 kcal, fat 0,5, carbs 48, sugars 46, salt 0,01; wybrano aktualną oficjalną tabelę producenta. EAN 3831040010011 dotyczy 25 kg.",AUTO PO AKCEPTACJI,CONFIRMED,EAN_ON_MARKET_PAGE,https://www.pomurske-mlekarne.si/posneto-mleko-v-prahu/
SI,★★★★,EU27,DEXTROSE,30,PI-ING-000494,DEX-GTIN-08588006139983,KANDYDAT_PR,VERIFY_CANDIDATE,"EAN printed on a page serving this market + label facts (ingredients, nutrition) from manufacturer/retailer","Dekstroza - GymBeam, bez dodatków smakowych",GymBeam,1000 g,8588006139983,W składzie i tabeli substancji czynnych producent wprost wymienia krystaliczny monohydrat D-glukozy; 100 g monohydratu / 100 g produktu.,Postać monohydrat; NIP i model aktywności osobno,0,"PI-ING-000494 uzupełnia: błonnik=0 /100g. To oszacowanie, nie deklaracja etykiety. MODEL PI: 90,9g aktywnej dekstrozy +9,1g wody/100g; nie jest pomiarem partii. Czystość suchej masy i zaokrąglone cukry NIP nie zastępują CoA. Jednoskładnikowy spożywczy proszek (sprzedawany jako suplement). Forma monohydratu potwierdzona; 91% to zaokrąglona deklaracja producenta, nie wynik oznaczenia czystości/wody. Do PI 90,9%/9,1% stosować jawnie założenie stechiometryczne. Uwaga dokumentacyjna: ogólny blok ostrzeżeń strony zawiera sformułowanie o substancjach słodzących; skład nadal wymienia wyłącznie monohydrat i tabela deklaruje 100 g monohydratu/100 g.","Wybrano alternatywę GymBeam z pełną deklaracją formy, EAN i wartości odżywczych zamiast pierwotnie wskazanego Polleo Sport.",AUTO PO AKCEPTACJI,CONFIRMED,EAN_ON_MARKET_PAGE,https://gymbeam.si/dekstroza-gymbeam.html
SI,★★★★,EU27,TARA,3,PI-ING-000492,TARA-GTIN-08055728540170,KANDYDAT_PR,VERIFY_CANDIDATE,"EAN printed on a page serving this market + label facts (ingredients, nutrition) from manufacturer/retailer",SaporePuro Farina di Semi di Tara / Gomma di Tara E417,SaporePuro,50 g,8055728540170,IMPORT; SaporePuro manufacturer TDS revision 17/07/2026: sole ingredient E417; per 100 g nutrition and moisture on page 10; allergy information on pages 1–2 and 11–12. EU shipping coverage is explicit. Other product sources are included only to document a rejected local candidate.,"Energia źródła, jeśli dostępna; brakujące pola z PI. Nie narzucano zgodności różnych konwencji znakowania.",0,"Wszystkie 8 pól z etykiety/TDS lub jawnego przeliczenia porcji/sodu/błonnika. Aktywność względna=1 wyłącznie MODEL PI, nie oznaczenie handlowej partii. Dawka odniesienia 3 g/1000 g (0,3%) bez automatycznego skalowania. Lepkość ani 100% składnika nie oznaczają 100% galaktomannanu. Woda z TDS: 7 g/100 g; TDS reference moisture 7%, not a batch measurement. Storefront states <9.11%; source discrepancy retained. IMPORT from Italy to Slovenia. Manufacturer lists the selected 50 g variant available. Shipping policy expressly covers the EU, with estimated delivery in 3–7 working days; final postcode and charges at checkout. Countries are covered as an EU bloc, not individually named.","GourmetShop Slovenia lists Sosa Tara Gumi 700 g (1TEGO212), currently out of stock. Sosa TDS permits sugar standardization, so the sole-ingredient alternative is selected. Do not reuse user EAN8052744883445: unverified and different from secondary250g barcode lead. Do not confuse this E417 ingredient with SaporePuro Neutro stabilizer containing maltodextrin/tara/guar. Current TDS takes precedence over storefront moisture/viscosity values. AKTUALIZACJA: oficjalny JSON producenta potwierdza dla 50 g SKU SPGT50 i EAN 8055728540170; poprzedni brak identyfikatora zamknięty.",AUTO PO AKCEPTACJI,LEAD,EAN_ON_GENERIC_TLD_PAGE,https://saporepuro.com/products/farina-di-semi-di-tara-gomma-di-tara-origine-peru-e417-confezionato-in-italia-1
HK,★★★★,GREATER_CHINA,MILK,672,PI-ING-000236,MILK-GTIN-4036300110671,KANDYDAT_PR,VERIFY_CANDIDATE,"EAN printed on a page serving this market + label facts (ingredients, nutrition) from manufacturer/retailer",Oldenburger UHT Full Cream Milk 3.5% fat — SKU 11067,Oldenburger,1 L carton; local distributor case 12 x 1 L,4036300110671,"Official Oldenburger catalogue, PDF page index 6 (printed pages 12–13), gives SKU 11067, 3.5% full cream milk 1 L, label languages including HK, and the complete per-100-ml declaration: 267 kJ / 64 kcal; fat 3.5 g; saturated fat 2.4 g; carbohydrate 4.8 g; sugars 4.8 g; protein 3.3 g; salt 0.13 g. PDF page index 27 (printed pages 54–55), visually inspected, supplies exact consumer GTIN 4036300110671. Current manufacturer product page retains item 11067. Current A&W Hong Kong product page identifies Oldenburger UHT full cream milk, distributor product 89271018, in 12 x 1 L cartons; A&W HKTVmall offer uses the same distributor item and confirms sale in Hong Kong. All nutritional quantities are per 100 ml. The project applies its existing 100 ml = 100 g convention.",WŁASNY PROFIL PR — przeliczenie z rzeczywistej etykiety,0,Dane kompletne. Końcowy PR poza Mapperem według istniejącej konwencji.,Replaces ambiguous Hokkaido 1 L profile with exactly identified 3.5% plain milk sold locally. The separately inspected Hokkaido 200 ml label actually declares 4.2 g fat despite 3.6 in the name; Oldenburger therefore better matches the 3.5 target. Keep the HK SKU 11067 profile separate from Chinese SKU 14642.,AUTO PO AKCEPTACJI,LEAD,EAN_ON_GENERIC_TLD_PAGE,https://www.oldenburger-professional.com/media/13/8d/af/1696234639/OLB%20Assortmentlist%202023_2024_combined.pdf
HK,★★★★,GREATER_CHINA,CREAM,130,PI-ING-000180,CREAM-GTIN-5701215046375,KANDYDAT_PR,VERIFY_CANDIDATE,"EAN printed on a page serving this market + label facts (ingredients, nutrition) from manufacturer/retailer",Emborg Natural Whipping Cream,Emborg,200 ml,5701215046375,"Emborg official Whipping Cream page, updated 21 March 2026, lists 200 ml and 1 L formats under the same product and supplies full seven-field nutrition per 100 ml. Twins Baking Supplies Hong Kong lists exact Emborg Whipping Cream 200 ml (SKU 312278) for HK$25 with Add to Cart and Germany origin; its Hong Kong shop addresses confirm local sale. Tops identifies the same 200 ml retail format GTIN 5701215046375.",WŁASNY PROFIL PR — rzeczywista etykieta,5.100000000000001,Dane kompletne. Końcowy PR poza Mapperem według istniejącej konwencji.,"Nearest fully verified locally listed plain dairy cream found is 35% class, actual 35.1 g fat/100 ml. This is Natural Whipping Cream, not sweetened vegetable whipping topping. Odrzucono bliższy nominalnie Paysan30%200ml: lokalne karty nie potwierdziły bieżącej30%formuły, a PNS https://www.pns.hk/en/uht-whipping-cream/p/BP_357119 publikuje jeszcze35%. Wybrano jednoznacznieudokumentowaną lokalnie śmietankęEmborg35%200ml.",AUTO PO AKCEPTACJI,LEAD,MARKET_PAGE_WITHOUT_EAN,https://www.twinsbakingsupplies.com/en/product-page/emborg%E6%B7%A1%E5%BF%8C%E5%BB%89-1
HK,★★★★,GREATER_CHINA,SMP,35,PI-ING-000270,SMP-GTIN-09300639999005,KANDYDAT_PR,VERIFY_CANDIDATE,"EAN printed on a page serving this market + label facts (ingredients, nutrition) from manufacturer/retailer",Devondale Instant Skim Milk Powder,Devondale,1 kg,9300639999005,"HKTVmall oferta SIUFUNG 1 kg,  79,50 HKD. Inna oferta HKTVmall potwierdza GTIN 9300639999005 dla 1 kg,  lecz ma historyczny termin 03/2025. Makra suchego produktu z Woolworths AU.",Własny profil SMP — Engine przelicza rzeczywiste dane i jawne estymacje,0.09999999999999998,błonnik: PI-ING-000270 (0 /100 g). Import równoległy; makra wersji AU o tym samym GTIN; etykieta partii może różnić się,"Kod użytkownika potwierdzony. Stara oferta Longview służy tylko potwierdzeniu tożsamości GTIN,  nie bieżącego stanu magazynowego.",AUTO PO AKCEPTACJI,LEAD,EAN_ON_MARKETPLACE_MARKET_PAGE,https://www.hktvmall.com/hktv/en/main/Longview/s/H7814001/Personal-Care-%26-Health/Personal-Care-%26-Health/Health/Milk-Powder/9300639999005-Instant-Skim-Milk-Powder-High-Calcium-1KG-Parallel-Import-Expiry-Date-032025/p/H7814001_S_AA28056000001
HK,★★★★,GREATER_CHINA,DEXTROSE,30,PI-ING-000494,DEX-HK-PRODUCT,WYMAGA_ETYKIETY,LABEL_EVIDENCE_MISSING,label/composition evidence missing — current label (ingredients + nutrition per 100 g/ml),Dextrose powder (Dextrose Monohydrate) 20kg,BakingWarehouse (producent nieujawniony),20 kg,,"Sprzedawca pisze Dextrose Monohydrate oraz wyjaśnia jedną cząsteczkę wody na cząsteczkę glukozy; spec. wilgotność ≤10%, DE ≥99,5.",Postać monohydrat; NIP i model aktywności osobno,0,"PI-ING-000494 uzupełnia: kcal=364; tłuszcz=0; nasycone=0; węglowodany=90.9; cukry=90.9; białko=0; sól=0; błonnik=0 /100g. To oszacowanie, nie deklaracja etykiety. MODEL PI: 90,9g aktywnej dekstrozy +9,1g wody/100g; nie jest pomiarem partii. Czystość suchej masy i zaokrąglone cukry NIP nie zastępują CoA. Wilgotność ≤10% to limit, nie pomiar 9,1%; DE nie jest procentem glukozy w masie dostarczonej.","Dextrosol 400g/EAN4046802222666 istnieje, lecz z dostępnej strony nie potwierdzono jego monohydratu. Wybrano surowiec ze wskazaną formą.",AUTO PO AKCEPTACJI,BRAK,NO_EAN_IN_V7,https://bakingwarehouse.com/products/dextrose-powder-dextrose-monohydrate-20kg
HK,★★★★,GREATER_CHINA,TARA,3,PI-ING-000492,TARA-GTIN-08055728540170,KANDYDAT_PR,VERIFY_CANDIDATE,"EAN printed on a page serving this market + label facts (ingredients, nutrition) from manufacturer/retailer",Tara Gum 50gr. / Gomma di Tara E417,SaporePuro,50 g,8055728540170,"LOCAL; TDS rev. 17/07/2026, pages 1–2 food identity/allergens/origin, p10 nutrition and physical data, pp11–12 allergen matrix. Manufacturer public product JSON maps 50gr variant 48245876949339 to SPGT50 and barcode 8055728540170. Distributor lists 50g and Add to cart. TDS values are product-wide specifications, not a lot COA.","Energia źródła, jeśli dostępna; brakujące pola z PI. Nie narzucano zgodności różnych konwencji znakowania.",0,"Wszystkie 8 pól z etykiety/TDS lub jawnego przeliczenia porcji/sodu/błonnika. Aktywność względna=1 wyłącznie MODEL PI, nie oznaczenie handlowej partii. Dawka odniesienia 3 g/1000 g (0,3%) bez automatycznego skalowania. Lepkość ani 100% składnika nie oznaczają 100% galaktomannanu. Woda z TDS: 7 g/100 g; TDS moisture 7%, no inequality printed. Local Hong Kong delivery explicitly offered on exact product page; Add to cart available. Delivery normally 1–3 working days after shipment, subject to stock/order.",Do not use Sosa EAN for SaporePuro. This documented E417 product is distinct from cosmetic Solagum Tara and protein-rich tara seed/germ flour. AKTUALIZACJA: oficjalny JSON producenta potwierdza dla 50 g SKU SPGT50 i EAN 8055728540170; poprzedni brak identyfikatora zamknięty.,AUTO PO AKCEPTACJI,LEAD,EAN_ON_GENERIC_TLD_PAGE,https://saporepuro.myshopify.com/products/farina-di-semi-di-tara-gomma-di-tara-origine-peru-e417-confezionato-in-italia-1
LK,★★★★,SOUTH_ASIA,MILK,672,PI-ING-000236,MILK-GTIN-4792116211000,KANDYDAT_PR,VERIFY_CANDIDATE,"EAN printed on a page serving this market + label facts (ingredients, nutrition) from manufacturer/retailer",Ambewela Fresh Milk Full Cream UHT Treated 1000 ml,Ambewela,1000 ml carton with cap,4792116211000,"Directly viewed original package-label photo /9.jpg (Open Food Facts raw image, upload timestamp 1769709466, January 2026): Composition per 100 ml: energy 281 kJ; total carbohydrate 5.4 g; dietary fiber 0.0 g; total sugar 3.7 g; naturally occurring sugar 3.7 g; added sugar 0.0 g; protein 3.5 g; total milk fat 3.5 g; saturated fatty acids 2.33 g; trans fatty acids 0.04 g; minerals 0.7 g; sodium 37.8 mg; calcium 130 mg. Ingredient Cow’s Milk. Matching front /8.jpg confirms Ambewela Fresh Milk Full Cream 1000 ml UHT Treated. Mr Deal Mart Sri Lankan retailer explicitly confirms product code/EAN 4792116211000, Ambewela Fresh Milk Full Cream 1L, In Stock, updated 2026-07-24. Official manufacturer corroborates pure cow milk, UHT process, 1000 ml pack, fat3.5/carbohydrate5.4/protein3.5, but older energy282kJ is superseded by this full physical label281kJ. Source API supplies photo association and date only; its parsed nutrient values are not used.",WŁASNY PROFIL PR — przeliczenie z rzeczywistej etykiety,0,Dane kompletne. Końcowy PR poza Mapperem według istniejącej konwencji.,"Completed existing Ambewela SKU using actual current package photograph. Replaced previous approximate60kcal/old269kJ profile with exact label281kJ and declared conversion281/4.184=67.160611855kcal. Salt is explicitly calculated from declared sodium37.8mg:37.8/1000*2.5=.0945g. Sugar3.7 is read directly, not inferred from carbohydrate5.4. Do not use erroneous OFF API fields energy-kcal281 or salt94.5g/sodium37.8g; physical label gives281kJ and37.8mg sodium.",AUTO PO AKCEPTACJI,CONFIRMED,EAN_ON_MARKET_PAGE,https://mart.mrdeal.lk/product/ambewela-fresh-milk-full-cream-1l/4792116211000
LK,★★★★,SOUTH_ASIA,CREAM,130,PI-ING-000180,CREAM-GTIN-5700426230177,KANDYDAT_PR,VERIFY_CANDIDATE,"EAN printed on a page serving this market + label facts (ingredients, nutrition) from manufacturer/retailer",Puck Whipping Cream UHT 34% minimum fat,Puck,200 ml Tetra Pak,5700426230177,"Puck manufacturer current page explicitly covers 1L, 500ml and 200ml and publishes all7 fields per100g, ingredients and minimum34% fat; retains actual35.2g label fat. EJO/CTown retailer identifies exact200ml GTIN5700426230177. ColomboMall SriLanka listing states 10 in stock at LKR3561.25, imported from Dubai; the same local seller has a Daraz.lk listing. OnlineKade corroborates SriLanka distribution but currently sold out. Grandiose UAE exact200ml lists Denmark origin. Retail stock is time-sensitive.",WŁASNY PROFIL PR — rzeczywista etykieta,5.200000000000003,Dane kompletne. Końcowy PR poza Mapperem według istniejącej konwencji.,"Substitute for unresolved Anchor ExtraWhip1L / Chef’sClassic1L barcodes. Not spray cream, vegetable blend or sweetened topping. Official current342kcal profile replaces inconsistent old360kcal descriptions; no values copied from Puck ArlaPro 1L alternative profile. Manufacturer declares salt0.1g (rounded) and sodium23mg; use declared salt rather than replacing it with unrounded sodium conversion.",AUTO PO AKCEPTACJI,LEAD,EAN_ON_FOREIGN_MARKET_PAGE,https://www.grandiose.ae/puck-whipping-cream-200ml0177
LK,★★★★,SOUTH_ASIA,SMP,35,PI-ING-000270,SMP-GTIN-00733739058324,KANDYDAT_PR,VERIFY_CANDIDATE,"EAN printed on a page serving this market + label facts (ingredients, nutrition) from manufacturer/retailer",Real Food Organic Non-Fat Dry Milk Powder,NOW Foods,12 oz (340 g),733739058324,"PEŁNA ETYKIETA: producent wiąże opakowanie 12 oz z UPC 733739058324 i SKU 5832. Tabela na porcję 3 tbsp (24 g) suchego proszku: 90 kcal, tłuszcz 0 g, NKT 0 g, węglowodany 12 g, cukry 12 g, białko 9 g, błonnik 0 g, sód 100 mg. Producent podaje skład i Product of the USA. WARUNKOWA DOSTAWA: krajowy katalog iHerb dla Sri Lanki pokazuje In stock; oficjalna strona shipping potwierdza ogólną wysyłkę do kraju. Nie zaobserwowano aktywnego ustawienia Deliver to dla danego kraju; próba odczytu w przeglądarce zakończyła się weryfikacją Cloudflare.",Własny profil SMP — Engine przelicza rzeczywiste dane i jawne estymacje,-0.8,Wszystkie pola pochodzą z etykiety; przeliczenie masy porcji i sodu nie jest estymacją. WARUNKOWY IMPORT: krajowy katalog iHerb pokazuje produkt jako in stock i oficjalna ogólna wysyłka do kraju jest potwierdzona. Dostawa tego SKU na konkretny adres nie została przetestowana; nie potwierdzono aktywnego ustawienia Deliver to dla kraju. Pełność etykiety żywieniowej jest potwierdzona niezależnie od pewności dostawy.,"Wybrano czyste SMP z pełną etykietą i potwierdzonym UPC zamiast Pelwatte (400 g), dla którego brakowało pełnego profilu żywieniowego. Poprzedni lokalny produkt i jego korekty identyfikatora zachowano w local_alternatives_asia_south.json. Normalizacja: każda wartość ×100/24; sól =100 mg sodu ×0,0025 ×100/24 =1,041667 g/100 g.",AUTO PO AKCEPTACJI,LEAD,EAN_ON_GENERIC_TLD_PAGE,https://www.nowfoods.com/products/natural-foods/non-fat-dry-milk-powder-organic
LK,★★★★,SOUTH_ASIA,DEXTROSE,30,PI-ING-000494,DEX-LK-PRODUCT,WYMAGA_ETYKIETY,LABEL_EVIDENCE_MISSING,label/composition evidence missing — current label (ingredients + nutrition per 100 g/ml),Likemta Dextrose Monohydrate,,B2B — opakowanie niepubliczne,,Własna karta dostawcy w kategorii Food Ingredients / Sweeteners wprost Dextrose Monohydrate; made from maize starch.,Postać monohydrat; NIP i model aktywności osobno,0,"PI-ING-000494 uzupełnia: kcal=364; tłuszcz=0; nasycone=0; węglowodany=90.9; cukry=90.9; białko=0; sól=0; błonnik=0 /100g. To oszacowanie, nie deklaracja etykiety. MODEL PI: 90,9g aktywnej dekstrozy +9,1g wody/100g; nie jest pomiarem partii. Czystość suchej masy i zaokrąglone cukry NIP nie zastępują CoA. B2B do wyceny; rozmiar opakowania, brak dodatków, producent i CoA nie są publiczne.","Zastępuje ogólne Glucose-D/Glucose z witaminami i minerałami. Schemat 479XXXXYYYYYC jest przykładem struktury, nie prawdziwym EAN.",AUTO PO AKCEPTACJI,BRAK,NO_EAN_IN_V7,https://www.likemta.com/food-ingredient/sweeteners/dextrose-monohydrate/
LK,★★★★,SOUTH_ASIA,TARA,3,PI-ING-000492,TARA-GTIN-00653981866129,WYMAGA_ETYKIETY,LABEL_EVIDENCE_MISSING,label/composition evidence missing — current label (ingredients + nutrition per 100 g/ml),Organic Tara Gum Powder,Happy Andes,1 lb /16 oz,653981866129,IMPORT; Exact label image:151 servings;1tsp(3g);10kcal;fat0g;sat0g;sodium0mg;total carbohydrate2g;dietary fiber2.5g;sugars0g;protein0g. Raw records arithmetic normalization to100g of these rounded3g figures. Fiber exceeds declared total carbohydrate; do not compute negative available carbs or add fiber to total carbs. Printed UPC653981866129 verified visually and matches retailer. Typical usage0.1–1% by weight on label.,SPRZECZNE ŹRÓDŁO: energia została jawnie zastąpiona PI.,0,"ESTIMATED z PI-ING-000492: kcal=180; węglowodany dostępne=1.5; błonnik=86.5 /100 g. To model, nie etykieta produktu. Aktywność względna=1 wyłącznie MODEL PI, nie oznaczenie handlowej partii. Dawka odniesienia 3 g/1000 g (0,3%) bez automatycznego skalowania. Lepkość ani 100% składnika nie oznaczają 100% galaktomannanu. Woda 9,5 g/100 g: ESTIMATED z PI; brak oznaczenia produktu. Desertcart product page explicitly shows Ship to Sri Lanka and import fulfilment; current stock/quote and destination checkout should be checked. Nutrition-label conflict requires resolution before using source kcal/carbs/fiber in calculations.","User UPC853860005271 rejected: label/retailer give653981866129 for1lb. Preserved contradictory total-carbohydrate/fiber declaration; numerical zeros are serving-rounded label values, not proof of precise zero composition.",AUTO PO AKCEPTACJI,LEAD,PAGE_WITHOUT_EAN,https://www.happyandes-usa.com/products/organic-tara-gum/
TH,★★★★,ASEAN,MILK,672,PI-ING-000236,MILK-GTIN-8850329120116,KANDYDAT_PR,VERIFY_CANDIDATE,"EAN printed on a page serving this market + label facts (ingredients, nutrition) from manufacturer/retailer",Meiji Pasteurized Fresh Milk,Meiji,200 ml bottle,8850329120116,"CP-Meiji official exact 200 ml product page links the inspected Thai nutrition image. It declares one serving = one bottle 200 ml and per serving: energy 140 kcal; total fat 8 g; saturated fat 5 g; protein 6 g; carbohydrate 10 g; total sugars 10 g; sodium 85 mg. Each value is divided by 2 for 100 ml. Salt is calculated as 85 / 2 x 2.5 / 1000 = 0.10625 g per 100 ml. Tops Thailand exact product URL and search-indexed product entry connect Meiji plain pasteurized milk 200 cc to GTIN 8850329120116. The producer's Thai eBuddy store also lists the 200 ml product, confirming local availability. Ingredient: 100% cow's milk. Fibre is absent from the inspected nutrition declaration. The project applies its existing 100 ml = 100 g convention.",WŁASNY PROFIL PR — przeliczenie z rzeczywistej etykiety,0.5,Dane kompletne. Końcowy PR poza Mapperem według istniejącej konwencji.,"Replaces unresolved Thai-Denmark SKU and mixed generic macros with an exact locally sold plain cow-milk bottle and official nutrition label. Actual fat from the declared serving is 4.0 g per 100 ml, not 3.5%; it is recorded explicitly as the verified substitute. No claim is made that no other closer product exists in Thailand.",AUTO PO AKCEPTACJI,CONFIRMED,EAN_ON_MARKET_PAGE,https://www.tops.co.th/th/meiji-pasteurized-milk-plain-200cc-8850329120116
TH,★★★★,ASEAN,CREAM,130,PI-ING-000180,CREAM-GTIN-3412290032215,KANDYDAT_PR,VERIFY_CANDIDATE,"EAN printed on a page serving this market + label facts (ingredients, nutrition) from manufacturer/retailer",Paysan Breton UHT Cooking & Whipping Cream 30%,Paysan Breton,200 ml (20 cl),3412290032215,"Casinetto publishes full seven-field profile and a legible photograph of the exact 20 cl capped carton: 1209 kJ/293 kcal, fat 30 g, saturated 21 g, carbs 3.4 g, sugars 3 g, protein 2.4 g, salt 0.07 g per 100 ml. Tops Thailand exact SKU page explicitly names UHT Whipping and Cooking Cream Fat 30Percent 200 ml and SKU 3412290032215.",WŁASNY PROFIL PR — rzeczywista etykieta,0,Dane kompletne. Końcowy PR poza Mapperem według istniejącej konwencji.,"Exact 30% replaces a verified but farther 35% alternative. Some older barcode directories still call this EAN 35%; use the current 30% formulation and pictured label. Casinetto HTML calls the basis 100 g, but the physical carton explicitly says 100 ml; the physical label basis is retained. For KR, discard Lotte’s erroneous Netherlands/Vepo producer field: Kurly physical label says France/Saint-Denis-de-l’Hotel.",AUTO PO AKCEPTACJI,LEAD,PAGE_WITHOUT_EAN,https://cdn.shopify.com/s/files/1/1575/0603/files/afff2bdbe0c3a9dc388d388e7964416ea6e037cc_PAYC002_2.jpg?v=1786035968&width=1600
TH,★★★★,ASEAN,SMP,35,PI-ING-000270,SMP-GTIN-00733739058324,KANDYDAT_PR,VERIFY_CANDIDATE,"EAN printed on a page serving this market + label facts (ingredients, nutrition) from manufacturer/retailer",NOW Foods Real Food Organic Non-Fat Dry Milk Powder,NOW Foods / Real Food,340 g (12 oz),0733739058324,"Strona iHerb w wersji TH: Deliver to Thailand, ceny THB, In stock, opakowanie 340 g i UPC 733739058324. Producent potwierdza USA, skład organic non-fat dry milk powder i pełną tabelę na 24 g suchego proszku: 90 kcal, tłuszcz 0 g, NKT 0 g, węglowodany 12 g, cukry 12 g, białko 9 g, błonnik 0 g, sód 100 mg. Przeliczono ×100/24.",Własny profil SMP — Engine przelicza rzeczywiste dane i jawne estymacje,-0.8,"Wszystkie pola pochodzą z etykiety; przeliczenie masy porcji i sodu nie jest estymacją. Oferta importowa iHerb dla dostawy do Tajlandii; dostępność potwierdzona na stronie TH. Zera tłuszczu i NKT oznaczają deklarację zaokrągloną na porcję 24 g, nie dowód chemicznego braku tłuszczu. Czas i koszt dostawy zależą od adresu.",Zastąpiono Daly Farm bez dostępnej etykiety składu i makro potwierdzonym czystym SMP NOW Foods. UPC-A 733739058324 zapisano jako równoważny EAN-13 0733739058324 przez dopisanie zera z przodu. Nie użyto mleka Dumex z dodatkami ani niejednoznacznego Dairy Rich partly skim.,AUTO PO AKCEPTACJI,LEAD,EAN_ON_GENERIC_TLD_PAGE,https://www.nowfoods.com/products/natural-foods/non-fat-dry-milk-powder-organic
TH,★★★★,ASEAN,DEXTROSE,30,PI-ING-000494,DEX-GTIN-02055040011118,WYMAGA_ETYKIETY,LABEL_EVIDENCE_MISSING,label/composition evidence missing — current label (ingredients + nutrition per 100 g/ml),Dextrose Monohydrate 1kg,Chemipan,1 kg,2055040011118,Lokalny katalog Chemipan: FS0401 Dextrose Monohydrate CAS5996-10-1; odrębny FS0402 dotyczy bezwodnej.,Postać monohydrat; NIP i model aktywności osobno,0,"PI-ING-000494 uzupełnia: kcal=364; tłuszcz=0; nasycone=0; węglowodany=90.9; cukry=90.9; białko=0; sól=0; błonnik=0 /100g. To oszacowanie, nie deklaracja etykiety. MODEL PI: 90,9g aktywnej dekstrozy +9,1g wody/100g; nie jest pomiarem partii. Czystość suchej masy i zaokrąglone cukry NIP nie zastępują CoA. Katalog ogólnie podaje4Cal/g; to nie pełna NIP i nie uwzględnia jawnie wody krystalizacyjnej. Nie stosować400kcal/100g jako zweryfikowanej NIP.",Wybrano lokalny surowiec spożywczy ze wskazaniem monohydratu. Kod sprzedawcy2055040011118 nie służy do wnioskowania o kraju produkcji.,AUTO PO AKCEPTACJI,LEAD,SOURCE_NOT_READABLE,https://www.chemipan.com/a/index.php?Itemid=384&lang=en-gb&option=com_virtuemart&view=productdetails&virtuemart_category_id=0&virtuemart_product_id=6711
TH,★★★★,ASEAN,TARA,3,PI-ING-000492,TARA-GTIN-02033200071103,WYMAGA_ETYKIETY,LABEL_EVIDENCE_MISSING,label/composition evidence missing — current label (ingredients + nutrition per 100 g/ml),Tara Gum (China) 25g. A M,Chemipan,25 g,2033200071103,"LOCAL; Supplier search-indexed exact product page confirms 25g, SKU CF2007-A-GM025-M and Barcode (EAN13) 2033200071103; catalog independently repeats SKU/GTIN. General contact page identifies Bangkok, Thailand supplier and order/shipping questions. GTIN begins 20 and may be retailer internal/restricted-circulation identifier; recorded as printed, not asserted to be globally registered.","Energia źródła, jeśli dostępna; brakujące pola z PI. Nie narzucano zgodności różnych konwencji znakowania.",0,"ESTIMATED z PI-ING-000492: kcal=180; tłuszcz=0.5; nasycone=0; węglowodany dostępne=1.5; cukry=0; białko=2; sól=0; błonnik=86.5 /100 g. To model, nie etykieta produktu. Aktywność względna=1 wyłącznie MODEL PI, nie oznaczenie handlowej partii. Dawka odniesienia 3 g/1000 g (0,3%) bez automatycznego skalowania. Lepkość ani 100% składnika nie oznaczają 100% galaktomannanu. Woda 9,5 g/100 g: ESTIMATED z PI; brak oznaczenia produktu. Bangkok supplier maintains priced 25g listing (27 THB in indexed product page). Live page fetch returned 403; current stock and final food-grade paperwork should be confirmed.",Retained supplier-printed package barcode only; no EAN generated. General tara claims and chemistry descriptions are not a nutrition label or batch-allergen declaration. Cosmetic products on same supplier site are not evidence against this distinct Food Chemicals listing.,AUTO PO AKCEPTACJI,LEAD,SOURCE_NOT_READABLE,https://www.chemipan.com/a/index.php?lang=en-gb&option=com_virtuemart&view=productdetails&virtuemart_category_id=126&virtuemart_product_id=17389
TW,★★★★,GREATER_CHINA,MILK,672,PI-ING-000236,MILK-GTIN-4955447100416,KANDYDAT_PR,VERIFY_CANDIDATE,"EAN printed on a page serving this market + label facts (ingredients, nutrition) from manufacturer/retailer",Hokkaido Hidaka 3.6 Long Life Milk 200 ml,Hokkaido Hidaka,200 ml carton; retailer case 24 cartons,4955447100416,"HUG Taiwan exact product listing is 北海道日高3.6原味牛乳(保久乳)200ml/24入. Its published nutrition table is explicitly per 100 ml (two portions per individual carton), and search-indexed table gives 71 kcal, protein 3.4 g, fat 4.2 g, saturates 2.6 g, carbohydrates 4.9 g, sugars 4.5 g and sodium 41.5 mg. Salt = 41.5 / 1000 * 2.5 = 0.10375 g. USE Taiwan importer identifies the same brand/product as item 4955447100416, 100% raw milk and Japan origin; Tajimaya independently binds JAN to 200 ml. Yumaowu direct supermarket Rakuten Taiwan listing confirms current local retail of the 200 ml carton, with expiry 26 September 2026. The whole HUG nutrition profile is used intact, not only its sugar value. Fiber is not declared. Independent photo of exact 200 ml manufacturer package (OFF image 2, uploaded 21 September 2025) shows per 200 ml 142 kcal, protein 6.8 g, fat 8.4 g, carbs 9.8 g, salt 0.2 g, matching the HUG whole profile core macros after halving and its salt after label rounding. Image 1 confirms Hokkaido Hidaka 3.6, 100% raw milk and 200 ml. The photograph itself does not print saturates/sugars; those remain explicitly sourced to HUG full retailer table. OFF database values sat=0 and sugar=2.5 are unsupported by its photograph and were rejected.",WŁASNY PROFIL PR — przeliczenie z rzeczywistej etykiety,0.7000000000000002,Dane kompletne. Końcowy PR poza Mapperem według istniejącej konwencji.,"Replace the incomplete 66 kcal / 3.8 g fat USE profile with the complete HUG retailer profile for the same 200 ml product. The 3.6 in the name is minimum milk-fat specification, not the value used in the calculation; the full selected declaration has 4.2 g. Published profiles differ (USE 3.8 g fat versus HUG 4.2 g), so this is the HUG declaration, not a claim of the latest manufacturer specification. HUG returned intermittent 502 on direct retrieval; all fields including the 100 ml basis are visible in its indexed product table. HUG's separate 2/12-carton listings contain different sodium and were not used.",AUTO PO AKCEPTACJI,CONFIRMED,EAN_ON_MARKET_PAGE,https://shop.use.com.tw/products/%E5%8C%97%E6%B5%B7%E9%81%93%E6%97%A5%E9%AB%9836%E7%89%9B%E4%B9%B3
TW,★★★★,GREATER_CHINA,CREAM,130,PI-ING-000180,CREAM-GTIN-4036300003249,KANDYDAT_PR,VERIFY_CANDIDATE,"EAN printed on a page serving this market + label facts (ingredients, nutrition) from manufacturer/retailer",Oldenburger Whipping Cream 35% fat UHT (Shani),Oldenburger,200 g (PX Mart lists 200 ml),4036300003249,"Official exact 200 g SKU 12197 page provides seven nutrition fields per 100 ml. Official assortment catalogue final page identifies Shani 35% 200 g, EN/TW language pack and EAN 4036300003249. PX Mart exact local product page uses this EAN in URL and offers the carton for NT$94, origin Germany.",WŁASNY PROFIL PR — rzeczywista etykieta,5,Dane kompletne. Końcowy PR poza Mapperem według istniejącej konwencji.,"Uses verified local Oldenburger 35%, replacing an uncertain Anchor/Arla-code proposal. Official carton quantity is 200 g while PX Mart calls it 200 ml; EAN and producer SKU tie these listings together.",AUTO PO AKCEPTACJI,LEAD,EAN_ON_GENERIC_TLD_PAGE,https://www.oldenburger-professional.com/media/13/8d/af/1696234639/OLB%20Assortmentlist%202023_2024_combined.pdf
TW,★★★★,GREATER_CHINA,SMP,35,PI-ING-000270,SMP-GTIN-04711257007419,KANDYDAT_PR,VERIFY_CANDIDATE,"EAN printed on a page serving this market + label facts (ingredients, nutrition) from manufacturer/retailer",克寧100%純脫脂奶粉 (KLIM 100% Pure Skimmed Milk Powder),KLIM / 克寧,750 g,4711257007419,"Nestlé potwierdza czyste SMP 750 g, NZ, tłuszcz 1,1/100 g. PXGo potwierdza produkt 750 g pod 4711257007419. ETMall/A-mart: tabela 100 g 360 kcal, B 33,4, T 1,1, NKT 0,7, W 54, cukry 54, sód 390 mg,  składSMP.",Własny profil SMP — Engine przelicza rzeczywiste dane i jawne estymacje,0.30000000000000004,błonnik: PI-ING-000270 (0 /100 g). 7 makro dostępne; błonnik niedeklarowany,"GTIN użytkownika potwierdzony. Sól 390 mg×0,0025=0,975 g.",AUTO PO AKCEPTACJI,LEAD,MARKET_PAGE_WITHOUT_EAN,https://www.etmall.com.tw/i/7872702
TW,★★★★,GREATER_CHINA,DEXTROSE,30,PI-ING-000494,DEX-TW-PRODUCT,WYMAGA_ETYKIETY,LABEL_EVIDENCE_MISSING,label/composition evidence missing — current label (ingredients + nutrition per 100 g/ml),食品級 葡萄糖 (單水葡萄糖・一水葡萄糖) 1kg,順億化工 SESE (producent niepodany),1 kg,,"Własna strona dostawcy wskazuje 食品級 (food grade), 單水葡萄糖 i Glucose monohydrate / Dextrose monohydrate.",Postać monohydrat; NIP i model aktywności osobno,0,"PI-ING-000494 uzupełnia: kcal=364; tłuszcz=0; nasycone=0; węglowodany=90.9; cukry=90.9; białko=0; sól=0; błonnik=0 /100g. To oszacowanie, nie deklaracja etykiety. MODEL PI: 90,9g aktywnej dekstrozy +9,1g wody/100g; nie jest pomiarem partii. Czystość suchej masy i zaokrąglone cukry NIP nie zastępują CoA. Brak publicznego NIP i COA; wartości modelowe90,9%glukozy/9,1%wody wyłącznie jako przybliżenie składu idealnego monohydratu, nie analiza tej partii. Potwierdzić czystość, wilgotność i alergeny w aktualnej specyfikacji dostawcy.","TP00017990000008 to ID oferty momo, nie EAN. NoahsArk ma NIP366kcal/91,6g, ale opis wspomina3–5%maltozy; pominięto ten produkt na rzecz jednoznacznie nazwanego monohydratu SESE. NIPNoahsArk nie przeniesiono naSESE.",AUTO PO AKCEPTACJI,BRAK,NO_EAN_IN_V7,https://www.sese.tw/product.php?pid_for_show=7262
TW,★★★★,GREATER_CHINA,TARA,3,PI-ING-000492,TARA-GTIN-08055728540170,KANDYDAT_PR,VERIFY_CANDIDATE,"EAN printed on a page serving this market + label facts (ingredients, nutrition) from manufacturer/retailer",Tara Gum 50gr. / Gomma di Tara E417,SaporePuro,50 g,8055728540170,"IMPORT; TDS rev. 17/07/2026, pages 1–2 food identity/allergens/origin, p10 nutrition and physical data, pp11–12 allergen matrix. Manufacturer public product JSON maps 50gr variant 48245876949339 to SPGT50 and barcode 8055728540170. Distributor lists 50g and Add to cart. TDS values are product-wide specifications, not a lot COA.","Energia źródła, jeśli dostępna; brakujące pola z PI. Nie narzucano zgodności różnych konwencji znakowania.",0,"Wszystkie 8 pól z etykiety/TDS lub jawnego przeliczenia porcji/sodu/błonnika. Aktywność względna=1 wyłącznie MODEL PI, nie oznaczenie handlowej partii. Dawka odniesienia 3 g/1000 g (0,3%) bez automatycznego skalowania. Lepkość ani 100% składnika nie oznaczają 100% galaktomannanu. Woda z TDS: 7 g/100 g; TDS moisture 7%, no inequality printed. IMPORT from Hong Kong; Taiwan explicitly included in international destination/fee table. Final order freight and import clearance pending.",Uploaded Seppic Solagum Tara link is a cosmetic product and excluded. Selected food-use SaporePuro E417 with explicit Taiwan shipping evidence; no Sosa or Ubuy barcode transferred. AKTUALIZACJA: oficjalny JSON producenta potwierdza dla 50 g SKU SPGT50 i EAN 8055728540170; poprzedni brak identyfikatora zamknięty.,AUTO PO AKCEPTACJI,LEAD,EAN_ON_GENERIC_TLD_PAGE,https://saporepuro.myshopify.com/products/farina-di-semi-di-tara-gomma-di-tara-origine-peru-e417-confezionato-in-italia-1
TN,★★★★,MAGHREB,MILK,672,PI-ING-000236,MILK-GTIN-8002670165395,KANDYDAT_PR,VERIFY_CANDIDATE,"EAN printed on a page serving this market + label facts (ingredients, nutrition) from manufacturer/retailer",Granarolo Bio Latte Biologico Intero 1 L,Granarolo Bio,"1 L, karton Tetra Rex; mleko ESL pasteryzowane w podwyższonej temperaturze, chłodzone 0–6°C",8002670165395,"Oferta Italia in Tunisia ref.4206 jednoznacznie wskazuje Granarolo Bio Intero, mleko pełne, karton1L; fotografia tej samej linii i pojemności. Strony sklepu potwierdzają organizowany import z Włoch i dostawy na terenie całej Tunezji, także z zachowaniem chłodzenia. Sklep działa głównie na zamówienie (import dwa razy w miesiącu, minimum100TND); nie potwierdza bieżącego magazynu. GTIN8002670165395 jest potwierdzony przez włoskiego detalistę TiportoLaSpesa, widoczny na fizycznej etykiecie i w karcie technicznej producenta16536_ST_L R00 z02.05.2022. Ta etykieta i karta publikują wszystkie7pól na100ml:67kcal; tłuszcz3.7g; nasycone2.5g; węglowodany5g; cukry5g; białko3.3g; sól0.1g. Błonnik nie jest zadeklarowany. Strona TN i jej publiczny JSON nie publikują GTIN: powiązanie oferty TN z wybranym źródłowym SKU to jawne dopasowanie po marce, linii, rodzaju i pojemności, wspierane fotografią; kodu nie odczytano u tunezyjskiego sprzedawcy.",WŁASNY PROFIL PR — przeliczenie z rzeczywistej etykiety,0.20000000000000018,Dane kompletne. Końcowy PR poza Mapperem według istniejącej konwencji.,"Zamiennik Vitalait entier3% o niepełnej etykiecie. Wybrano pełne mleko3.7%, blisko celu3.5%, zamiast obniżać do półtłustego1.5%. To propozycja produktu PR poza mapperem, a nie potwierdzenie konkretnej partii magazynowej. Nie utożsamiać wariantówGTIN:8002670165760 (CarrefourIT) i8002670161632 (CosìComodo) mają osobne karty i odmienne grafiki; ich makra są zgodne, lecz nie użyto ich jako źródła kodu wybranego SKU5395. Źródła porównania: https://www.carrefour.it/p/granarolo-bio-latte-biologico-intero-1-l/8002670165760.html ; https://www.cosicomodo.it/spesa-online/Latte-fresco/Granarolo-Biologico-Latte-Bio-Intero-1-L/p/8002670161632 .",AUTO PO AKCEPTACJI,LEAD,EAN_ON_FOREIGN_MARKET_PAGE,https://www.tiportolaspesa.it/negozio/freschissimi/latticini/latte-e-panna-fresca/latte-fresco-intero-granarolo-bio-lt-1-2/
TN,★★★★,MAGHREB,CREAM,130,PI-ING-000180,CREAM-GTIN-3412290032215,KANDYDAT_PR,VERIFY_CANDIDATE,"EAN printed on a page serving this market + label facts (ingredients, nutrition) from manufacturer/retailer",Paysan Breton La Crème Pâtisserie & Cuisine UHT 30%,Paysan Breton,20 cl,3412290032215,"Physical 20cl 30% carton images published by Lulu: side shows GTIN 3412290032215, France producer and Tunisia importer; rear shows complete seven nutrition values. Casinetto publishes identical seven values and exact 20cl pack. Nutrition basis on actual label is per 100ml. Local retailer listing confirms same 200ml product and market; stock status may vary. Exact GTIN3412290032215 in Carrefour Tunisia product URL,20cl. Géant Tunisia also lists20cl. Physical carton side explicitly names Tunisia importer inSokra.",WŁASNY PROFIL PR — rzeczywista etykieta,0,Dane kompletne. Końcowy PR poza Mapperem według istniejącej konwencji.,Exact 30% liquid cream selected. Retailer text giving 35% is not used because physical current 30% label confirms profile. Fibre undeclared.,AUTO PO AKCEPTACJI,LEAD,PAGE_WITHOUT_EAN,https://bf1af2.akinoncloudcdn.com/products/2025/03/28/87485/697134c3-73cd-408b-8a68-2100017edff8_size1920_cropCenter.jpg
TN,★★★★,MAGHREB,SMP,35,PI-ING-000270,SMP-GTIN-00733739058324,KANDYDAT_PR,VERIFY_CANDIDATE,"EAN printed on a page serving this market + label facts (ingredients, nutrition) from manufacturer/retailer",NOW Real Food Organic Non-Fat Dry Milk Powder,NOW Foods Real Food,torebka 12 oz (340 g),733739058324,"Indywidualnie odczytana karta katalogu tn.iherb.com: dokładna nazwa/340 g; In stock; Add to Cart; pierwszy odczyt nagłówka Deliver to Tunisia. Oficjalna strona wysyłki potwierdza kraj Tunezja i przewoźnika: FedEx, wysyłka z USA. Producent potwierdza UPC 733739058324, SKU5832, skład i tabelę dla 3 tbsp (24 g) = 8 oz milk. Masa suchego proszku jest jawnie udokumentowana, więc przeliczono ×100/24; sól z sodu100mg ×100/24 ×0,0025 =1,0416667 g/100g.",Własny profil SMP — Engine przelicza rzeczywiste dane i jawne estymacje,-0.8,"Wszystkie pola pochodzą z etykiety; przeliczenie masy porcji i sodu nie jest estymacją. Oferta importowa e-commerce do wskazanego kraju, nie dowód lokalnego magazynu ani powszechności w sklepach. Karta In stock i dostępny kanał wysyłki; dokładna dostawa do adresu, koszt i termin zależą od koszyka. Makro przeliczone z zaokrąglonych deklaracji amerykańskiej etykiety, zera nie są wynikiem analitycznym.","Wybrano w pełni udokumentowany SMP w krajowym kanale importowym zamiast produktu z niekompletną etykietą/dostępnością: Régilait Lait en Poudre Écrémé (karton jednostkowy 300 g; hurtowo 12 szt.). Nie znaleziono wiarygodnej lokalnej oferty potwierdzającej ODT „powszechnie w Carrefour/Monoprix/Géant”. Przedstawiono warunkowy kanał importu B2B do Tunezji, bez twierdzenia o lokalnym zapasie/dostępności detalicznej. Wartości NOW 0 g fat/sat/fiber pochodzą z rzeczywistej tabeli24 g, nie z hasła 0%.",AUTO PO AKCEPTACJI,LEAD,EAN_ON_GENERIC_TLD_PAGE,https://www.nowfoods.com/products/natural-foods/non-fat-dry-milk-powder-organic
TN,★★★★,MAGHREB,DEXTROSE,30,PI-ING-000494,DEX-TN-PRODUCT,WYMAGA_ETYKIETY,LABEL_EVIDENCE_MISSING,label/composition evidence missing — current label (ingredients + nutrition per 100 g/ml),Dextrose en Poudre – Sucre Technique pour Glaces,Ben Yaghlane,"Sold by weight; displayed price1.200TND at12TND/kg implies100g unit (inferred, confirm)",,"Local Tunisian manufacturer-retailer page explicitly: Ingrédients Dextrose monohydraté pur; végétale, vegan; for ice cream/pastry.",Postać monohydrat; NIP i model aktywności osobno,0,"PI-ING-000494 uzupełnia: kcal=364; tłuszcz=0; nasycone=0; węglowodany=90.9; cukry=90.9; białko=0; sól=0; błonnik=0 /100g. To oszacowanie, nie deklaracja etykiety. MODEL PI: 90,9g aktywnej dekstrozy +9,1g wody/100g; nie jest pomiarem partii. Czystość suchej masy i zaokrąglone cukry NIP nie zastępują CoA. Supplier listing verified; confirm lot food grade, availability and specification","Product and hydrate confirmed, but no EAN or allergen statement; user GS1-prefix narrative does not establish barcode.",AUTO PO AKCEPTACJI,BRAK,NO_EAN_IN_V7,https://ben-yaghlane.com/products/agar-agar-vegan-poudre-gelifiante-copie
TN,★★★★,MAGHREB,TARA,3,PI-ING-000492,TARA-GTIN-00711221973058,WYMAGA_DOSTAWY,LOCAL_PURCHASE_PATH_MISSING,no evidenced local purchase/delivery path in this market,Cape Crystal Brands Tara Gum Powder,Cape Crystal Brands,2 oz (56.7 g),711221973058,"UNCONFIRMED; Country product page displays stock, USA import and delivery estimate with conflicting restriction text. Package and barcode are package-specific listing data; barcode is UPC-A, preserved without adding digits. No nutritional label retrieved.","Energia źródła, jeśli dostępna; brakujące pola z PI. Nie narzucano zgodności różnych konwencji znakowania.",0,"ESTIMATED z PI-ING-000492: kcal=180; tłuszcz=0.5; nasycone=0; węglowodany dostępne=1.5; cukry=0; białko=2; sól=0; błonnik=86.5 /100 g. To model, nie etykieta produktu. Aktywność względna=1 wyłącznie MODEL PI, nie oznaczenie handlowej partii. Dawka odniesienia 3 g/1000 g (0,3%) bez automatycznego skalowania. Lepkość ani 100% składnika nie oznaczają 100% galaktomannanu. Woda 9,5 g/100 g: ESTIMATED z PI; brak oznaczenia produktu. Advertised USA import to Tunisia: listing in stock on 2026-09-08, estimated arrival 2026-09-16, shipping/customs at checkout. However, the page also contains a Remove Restriction control and says not all listed products are for sale. Country fulfillment remains unconfirmed.",No Sosa or Rafex barcode transferred to Cape Crystal. Marketplace dietary and health marketing is not treated as an allergen guarantee or nutrient analysis.,AUTO PO AKCEPTACJI,LEAD,EAN_ON_GENERIC_TLD_PAGE,https://www.capecrystalbrands.com/products/tara-gum
TR,★★★★,TURKIYE,MILK,672,PI-ING-000236,MILK-TR-SUTAS-UHT-35-1L,KANDYDAT_PR,VERIFY_CANDIDATE,"EAN printed on a page serving this market + label facts (ingredients, nutrition) from manufacturer/retailer","Sütaş Whole Milk UHT 3,5% 1 L",Sütaş,1 L,8681324005449,Oficjalny producent publikuje pełny profil; aktualny turecki sklep potwierdza exact 1 L i EAN,WŁASNY PROFIL PR — przeliczenie z rzeczywistej etykiety,0,Dane kompletne. Końcowy PR poza Mapperem według istniejącej konwencji.,Najbliższy powszechny wariant krajowy; wartości exact PR wygrywają z PI.,AUTO PO AKCEPTACJI,LEAD,MARKET_PAGE_WITHOUT_EAN,https://sutas.market/urun/tam-yagli-sut-1-l
TR,★★★★,TURKIYE,CREAM,130,PI-ING-000180,CREAM-GTIN-8690767670060,KANDYDAT_PR,VERIFY_CANDIDATE,"EAN printed on a page serving this market + label facts (ingredients, nutrition) from manufacturer/retailer",Sütaş Krema 30% Tatlılara ve Yemeklere 200 ml,Sütaş,200 ml,8690767670060,"Producent publikuje recepturę ze śmietanką co najmniej 30%, bez dodatku cukru, opakowanie 200 ml i pełne 7 pól. Sarıyer Market potwierdza GTIN 8690767670060, lokalną ofertę i identyczny profil na 100 g/ml.",WŁASNY PROFIL PR — rzeczywista etykieta,0,Dane kompletne. Końcowy PR poza Mapperem według istniejącej konwencji.,"Zastąpiono ogólny import Oldenburger lokalną śmietanką Sütaş 30%. Starsze karty innych detalistów pokazują profil 35%; wykorzystano bieżący profil producenta 30%, potwierdzony przez Sarıyer. Sarıyer opisuje opakowanie jako 200 g; przyjęto 200 ml z karty producenta.",AUTO PO AKCEPTACJI,LEAD,EAN_ON_GENERIC_TLD_PAGE,https://www.sariyermarket.com/sutas-krema-200-gr
TR,★★★★,TURKIYE,SMP,35,PI-ING-000270,SMP-GTIN-08681770071449,WYMAGA_ETYKIETY,LABEL_EVIDENCE_MISSING,label/composition evidence missing — current label (ingredients + nutrition per 100 g/ml),Yağsız Süt Tozu,Pınar,worek 25 kg,8681770071449,"Trendyol podaje kod kreskowy 8681770071449, 25 kg i producenta Pınar. Hammaddeler podaje na 100 g: 363 kcal, 1,3 g tłuszczu, 52 g węglowodanów, 36 g białka. Oficjalna strona Pınar potwierdza energię, białko i węglowodany; tłuszcz 1,25 g jest zgodny po zaokrągleniu z 1,3 g sklepu.",Własny profil SMP — Engine przelicza rzeczywiste dane i jawne estymacje,0.5,"Nasycone: 0,625 × tłuszcz (proporcja z pełnej etykiety Régilait 0,5/0,8); PI ma niewiarygodne 0. Cukry: MIN(PI 51 g, węglowodany PR). sól: PI-ING-000270 (1.2 /100 g). błonnik: PI-ING-000270 (0 /100 g). Saturates, sugars i salt wymagają jawnej estymacji lub specyfikacji producenta.","Nie zaakceptowano niewiarygodnych zer cukrów, soli i kwasów nasyconych z tabeli sklepu. Pozostawiono null.",AUTO PO AKCEPTACJI,LEAD,EAN_ON_GENERIC_TLD_PAGE,https://www.hammaddeler.com/urun/pinar-yagsiz-sut-tozu-25-kg
TR,★★★★,TURKIYE,DEXTROSE,30,PI-ING-000494,DEX-TR-PRODUCT,WYMAGA_ETYKIETY,LABEL_EVIDENCE_MISSING,label/composition evidence missing — current label (ingredients + nutrition per 100 g/ml),Parmor Dekstroz1kg,Parmor,1 kg,,Karta sprzedawcy: Dekstroz Monohidrat; jedna cząsteczka wody; skład100%tej substancji.,Postać monohydrat; NIP i model aktywności osobno,0,"PI-ING-000494 uzupełnia: kcal=364; tłuszcz=0; nasycone=0; węglowodany=90.9; cukry=90.9; białko=0; sól=0; błonnik=0 /100g. To oszacowanie, nie deklaracja etykiety. MODEL PI: 90,9g aktywnej dekstrozy +9,1g wody/100g; nie jest pomiarem partii. Czystość suchej masy i zaokrąglone cukry NIP nie zastępują CoA. Lokalny dostępny produkt spożywczy; etykietaNIP i alergeny do uzyskania.",Zastąpiono kandydata Oksilab od dostawcy laboratoryjnego czystym produktem spożywczymPARMOR. Nie przyjęto bez weryfikacji EAN z adresu innego sklepu.,AUTO PO AKCEPTACJI,BRAK,NO_EAN_IN_V7,https://www.hepsiburada.com/parmor-dekstroz-1-kg-pm-HBC00002OYEF6
TR,★★★★,TURKIYE,TARA,3,PI-ING-000492,TARA-GTIN-00795258101998,WYMAGA_ETYKIETY,LABEL_EVIDENCE_MISSING,label/composition evidence missing — current label (ingredients + nutrition per 100 g/ml),Benosen Tara Gum (E417) 200 g,Benosen,200 g,0795258101998,"LOCAL; Trendyol binds the 200 g package to barcode 0795258101998, SKU117B12, Peru origin and sole ingredient E417. Seller says packaging images are illustrative. Nutrition and batch TDS are unpublished.","Energia źródła, jeśli dostępna; brakujące pola z PI. Nie narzucano zgodności różnych konwencji znakowania.",0,"ESTIMATED z PI-ING-000492: kcal=180; tłuszcz=0.5; nasycone=0; węglowodany dostępne=1.5; cukry=0; białko=2; sól=0; błonnik=86.5 /100 g. To model, nie etykieta produktu. Aktywność względna=1 wyłącznie MODEL PI, nie oznaczenie handlowej partii. Dawka odniesienia 3 g/1000 g (0,3%) bez automatycznego skalowania. Lepkość ani 100% składnika nie oznaczają 100% galaktomannanu. Woda 9,5 g/100 g: ESTIMATED z PI; brak oznaczenia produktu. Turkish marketplace offer with price, cart, local Benosen dispatch and over 50 units stock. Delivery estimate depends on postcode. Raw ingredient; supplier says not for direct consumption.",Turkey is not limited to anonymous 25 kg Ataman B2B supply: a concrete local 200 g food ingredient was verified. Do not transfer this barcode or composition to other Benosen packs.,AUTO PO AKCEPTACJI,LEAD,SOURCE_NOT_READABLE,https://www.trendyol.com/benosen/tara-gum-e417-dondurma-stabilizeri-kivam-verici-net-200-g-p-81504382
UY,★★★★,LATAM_SOUTH_CONE,MILK,672,PI-ING-000236,MILK-GTIN-7790742335500,KANDYDAT_PR,VERIFY_CANDIDATE,"EAN printed on a page serving this market + label facts (ingredients, nutrition) from manufacturer/retailer",La Serenísima Leche Larga Vida Clásica 3% Botella 1 L,La Serenísima,1 L PET bottle,7790742335500,"El Dorado Uruguay exact retail card explicitly gives1L and EAN7790742335500. DIA Argentina exact same EAN7790742335500 retail card links readable nutrition panel343522. Panel visually read and saved as uy_serenisima_dia.jpg, includes1LClásica identity and per100ml:57kcal/239kJ;carbs4.5g;total sugars4.5g;added sugars0g;protein3.0g;fat3.0g;saturated1.9g;trans0g;sodium49mg. Salt=49mg/1000×2.5=0.1225g. Fiber described as not significant, no numeric declaration, therefore null. Dipian local distributor corroborates bottle1LClásica3% sold locally in6-packs.",WŁASNY PROFIL PR — przeliczenie z rzeczywistej etykiety,-0.5,Dane kompletne. Końcowy PR poza Mapperem według istniejącej konwencji.,Replaced Conaprole ultrapasteurized1L7730105001321 lacking sugars; prior dataset also borrowed mismatching FRESCA PASTEURIZADA2.7% profile. Selected locally available plain La Serenísima3% with exactEAN-matched complete nutrition image; did not use TiendaInglesa differentEAN7790742134509 or carton nutrition.,AUTO PO AKCEPTACJI,CONFIRMED,EAN_ON_MARKET_PAGE,https://www.eldorado.com.uy/leche-la-serenisima-larga-vida-entera-1lt/p
UY,★★★★,LATAM_SOUTH_CONE,CREAM,130,PI-ING-000180,CREAM-GTIN-7790742141309,KANDYDAT_PI_ESTIMATED,PI_ESTIMATE_ONLY,only a PI-level estimate — exact PR label profile incomplete,La Serenísima Crema para Batir Larga Vida,La Serenísima,"200 ml, karton UAT",7790742141309,TiendaInglesa Uruguay kataloguje dokładne200ml iGTIN7790742141309. BieżącyJumbo Argentina API wiąże ten samGTIN z fizyczną etykietą200ml. Porcja15ml jawnie deklaruje0g węglowodanów i0g białka; cukry ogółem opisuje jedynie jako ilości nieznaczące.,ETYKIETA + ESTIMATED z PI; patrz15_CREAM_PRZELICZENIA,5.333333333333336,"Profil roboczy kompletny; pola ESTIMATED: sugars. MIN(PI.total_sugars_percent, PR.label_carbohydrate_percent) = MIN(3.2,0) =0. Przybliżenie na precyzji etykiety, nie wynik analizy chemicznej.","Zastąpiono Parmalat500ml (41,333g tłuszczu/100) bliższą śmietanką LaSerenísima200ml (35,333g/100). Cukry roboczo0g są ESTIMATED przy zachowaniu zaokrąglonych0g węglowodanów z etykiety; nie oznaczają absolutnego braku laktozy. Sześć pól odczytano liczbowo, siódme wymaga potwierdzenia.",AUTO PO AKCEPTACJI,LEAD,EAN_ON_FOREIGN_MARKET_PAGE,https://www.jumbo.com.ar/crema-uat-la-serenisima-batir-200ml/p
UY,★★★★,LATAM_SOUTH_CONE,SMP,35,PI-ING-000270,SMP-GTIN-07730105004155,WYMAGA_ETYKIETY,LABEL_EVIDENCE_MISSING,label/composition evidence missing — current label (ingredients + nutrition per 100 g/ml),Conaprole Leche en Polvo Descremada,Conaprole,200 g,7730105004155,Oficjalna tabela: porcja 18 g suchego proszku do przygotowania 200 ml. EAN 7730105004155 przypisany lokalnie do 200 g.,Własny profil SMP — Engine przelicza rzeczywiste dane i jawne estymacje,-0.8,"Cukry: MIN(PI 51 g, węglowodany PR). sól: PI-ING-000270 (1.2 /100 g). błonnik: PI-ING-000270 (0 /100 g). Profil cukrów i soli wymaga estymacji z PI lub pełnego zdjęcia etykiety. Zera tłuszczu są zaokrąglone na porcję.","Producent podaje sód 75 bez jednostki, więc nie traktowano go jako bezspornych mg; sól wymaga etykiety. Nie dopisano nieopublikowanych cukrów.",AUTO PO AKCEPTACJI,CONFIRMED,EAN_ON_MARKET_PAGE,https://elnaranjo.com.uy/productos/leche-en-polvo-descremada-conaprole-200g
UY,★★★★,LATAM_SOUTH_CONE,DEXTROSE,30,PI-ING-000494,DEX-UY-PRODUCT,WYMAGA_ETYKIETY,LABEL_EVIDENCE_MISSING,label/composition evidence missing — current label (ingredients + nutrition per 100 g/ml),Dextrosa Monohidratada,Química SA,25 kg,,Monohydrat wskazany w nazwie i opisie oferty spożywczej.,Postać monohydrat; NIP i model aktywności osobno,0,"PI-ING-000494 uzupełnia: kcal=364; tłuszcz=0; nasycone=0; węglowodany=90.9; cukry=90.9; białko=0; sól=0; błonnik=0 /100g. To oszacowanie, nie deklaracja etykiety. MODEL PI: 90,9g aktywnej dekstrozy +9,1g wody/100g; nie jest pomiarem partii. Czystość suchej masy i zaokrąglone cukry NIP nie zastępują CoA. Oferta katalogowa; aktualny zapas i warunki dostawy przy zamówieniu.",Zamiast niepotwierdzonego DIU05868 użyto aktualnej oferty spożywczej QuímicaSA. Hydrat nie jest glukozą odwodnioną.,AUTO PO AKCEPTACJI,BRAK,NO_EAN_IN_V7,https://quimicasa.com.uy/catalogo/food/edulcorantes/dextrosa-monohidratada/
UY,★★★★,LATAM_SOUTH_CONE,TARA,3,PI-ING-000492,TARA-UY-PRODUCT,WYMAGA_ETYKIETY,LABEL_EVIDENCE_MISSING,label/composition evidence missing — current label (ingredients + nutrition per 100 g/ml),Goma de Tara — oferta spożywcza B2B,Kilmecor,Gramatura niepubliczna,,B2B; Oficjalny katalog osobno wymienia Goma de Tara jako stabilizator dla żywności oraz Tara Molida do garbarstwa. Kontakt potwierdza lokalny adres Montevideo.,"Energia źródła, jeśli dostępna; brakujące pola z PI. Nie narzucano zgodności różnych konwencji znakowania.",0,"ESTIMATED z PI-ING-000492: kcal=180; tłuszcz=0.5; nasycone=0; węglowodany dostępne=1.5; cukry=0; białko=2; sól=0; błonnik=86.5 /100 g. To model, nie etykieta produktu. Aktywność względna=1 wyłącznie MODEL PI, nie oznaczenie handlowej partii. Dawka odniesienia 3 g/1000 g (0,3%) bez automatycznego skalowania. Lepkość ani 100% składnika nie oznaczają 100% galaktomannanu. Woda 9,5 g/100 g: ESTIMATED z PI; brak oznaczenia produktu. Lokalna oferta B2B. Dokładna klasa spożywcza, opakowanie, CoA i oferta dostawy do uzgodnienia.",Wybrano odrębną pozycję Goma de Tara; Tara Molida do garbarstwa została wykluczona. Nie przypisano niepotwierdzonego worka 25 kg ani producenta surowca.,AUTO PO AKCEPTACJI,BRAK,NO_EAN_IN_V7,https://www.kilmecor.com.uy/productos/
HU,★★★★,EU27,MILK,672,PI-ING-000236,MILK-GTIN-5998200460166,KANDYDAT_PR,VERIFY_CANDIDATE,"EAN printed on a page serving this market + label facts (ingredients, nutrition) from manufacturer/retailer","Mizo UHT teljes tej 3,5% 1 l",Mizo,1 l karton UHT Q Pack z zamknięciem,5998200460166,"Karta Metro HU jest dokładnie dla Mizo UHT teljes tej 3,5% 1 l i jawnie wymienia GTIN/EAN 5998200460166. Evedd publikuje kod oraz tabelę 100 ml: 260 kJ/62 kcal, tłuszcz 3,5, nasycone 2,3, węglowodany/cukry 4,7, białko 3, sól 0,13. Papir-bolt potwierdza EAN oraz ten sam profil. CoopShop i Tesco HU potwierdzają sprzedaż lokalną; Tesco podaje dostawcę Sole-Mizo Zrt.",WŁASNY PROFIL PR — przeliczenie z rzeczywistej etykiety,0,Dane kompletne. Końcowy PR poza Mapperem według istniejącej konwencji.,"Historyczny SPAR 3,6% ze zmienioną kartą zastąpiony Mizo UHT 3,5% 1 l. UHT EAN 5998200460166 nie jest łączony z ESL EAN 5998200460173.",AUTO PO AKCEPTACJI,CONFIRMED,EAN_ON_MARKET_PAGE,https://www.papir-bolt.hu/Tej-MIZO-35-1L
HU,★★★★,EU27,CREAM,130,PI-ING-000180,CREAM-GTIN-8585002501837,KANDYDAT_PR,VERIFY_CANDIDATE,"EAN printed on a page serving this market + label facts (ingredients, nutrition) from manufacturer/retailer",Meggle UHT habtejszín 30%,MEGGLE Slovakia,200 ml carton,8585002501837,"Tesco Hungary publikuje dokładne200ml, pełną tabelę100ml i skład; JSON-LD w HTML wiąże GTIN 08585002501837 z tytułem iSKU210504341. Produkt dostępny do koszyka.",WŁASNY PROFIL PR — rzeczywista etykieta,0,Dane kompletne. Końcowy PR poza Mapperem według istniejącej konwencji.,Wybrano spójny profil aktualnej kartyTesco290kcal/P2.3; nie połączono z inną wersjąTEAM8 292kcal/P2.7 ze składnikiem mleko w proszku.,AUTO PO AKCEPTACJI,CONFIRMED,EAN_ON_MARKET_PAGE,https://bevasarlas.tesco.hu/shop/hu-HU/products/210504341
HU,★★★★,EU27,SMP,35,PI-ING-000270,SMP-GTIN-05997176735995,KANDYDAT_PR,VERIFY_CANDIDATE,"EAN printed on a page serving this market + label facts (ingredients, nutrition) from manufacturer/retailer",Sovány tejpor porlasztva szárított,TUTTI,90 g,5997176735995,"PCX cytuje dane producenta/dystrybutora i pełne 7 wartości na 100 g produktu suchego; Alto podaje EAN 5997176735995 i 90 g; lista cen Auchan 11.06.2026 potwierdza kod, gramaturę i lokalny obrót.",Własny profil SMP — Engine przelicza rzeczywiste dane i jawne estymacje,0.7,"błonnik: PI-ING-000270 (0 /100 g). Alto / Auchan lokalna oferta; PCX obecnie niedostępny, wykorzystany jako tabela produktu.","Wybrano publicznie udokumentowany wariant 90 g, nie 200 g z ODT. EAN 200 g 5997176720892 jest odrębnym wariantem. ODT pomija możliwość zanieczyszczenia krzyżowego. Wartość 0,14% odnosi się wyłącznie do napoju po rozcieńczeniu, nie proszku.",AUTO PO AKCEPTACJI,CONFIRMED,EAN_ON_MARKET_PAGE,https://alto.hu/tutti-sovany-tejpor-porlasztva-szaritott-90g
HU,★★★★,EU27,DEXTROSE,30,PI-ING-000494,DEX-GTIN-08588006139983,KANDYDAT_PR,VERIFY_CANDIDATE,"EAN printed on a page serving this market + label facts (ingredients, nutrition) from manufacturer/retailer","Dextróz - GymBeam, bez dodatków smakowych",GymBeam,1000 g,8588006139983,W składzie i tabeli substancji czynnych producent wprost wymienia krystaliczny monohydrat D-glukozy; 100 g monohydratu / 100 g produktu.,Postać monohydrat; NIP i model aktywności osobno,0,"PI-ING-000494 uzupełnia: błonnik=0 /100g. To oszacowanie, nie deklaracja etykiety. MODEL PI: 90,9g aktywnej dekstrozy +9,1g wody/100g; nie jest pomiarem partii. Czystość suchej masy i zaokrąglone cukry NIP nie zastępują CoA. Jednoskładnikowy spożywczy proszek (sprzedawany jako suplement). Forma monohydratu potwierdzona; 91% to zaokrąglona deklaracja producenta, nie wynik oznaczenia czystości/wody. Do PI 90,9%/9,1% stosować jawnie założenie stechiometryczne. Uwaga dokumentacyjna: ogólny blok ostrzeżeń strony zawiera sformułowanie o substancjach słodzących; skład nadal wymienia wyłącznie monohydrat i tabela deklaruje 100 g monohydratu/100 g.",Wybrano udokumentowany monohydrat GymBeam zamiast niesprecyzowanego produktu z EAN 5997848513623 i tabletek Microse.,AUTO PO AKCEPTACJI,CONFIRMED,EAN_ON_MARKET_PAGE,https://gymbeam.hu/dextroz-gymbeam.html
HU,★★★★,EU27,TARA,3,PI-ING-000492,TARA-GTIN-08055728540170,KANDYDAT_PR,VERIFY_CANDIDATE,"EAN printed on a page serving this market + label facts (ingredients, nutrition) from manufacturer/retailer",SaporePuro Farina di Semi di Tara / Gomma di Tara E417,SaporePuro,50 g,8055728540170,IMPORT; SaporePuro manufacturer TDS revision 17/07/2026: sole ingredient E417; per 100 g nutrition and moisture on page 10; allergy information on pages 1–2 and 11–12. EU shipping coverage is explicit.,"Energia źródła, jeśli dostępna; brakujące pola z PI. Nie narzucano zgodności różnych konwencji znakowania.",0,"Wszystkie 8 pól z etykiety/TDS lub jawnego przeliczenia porcji/sodu/błonnika. Aktywność względna=1 wyłącznie MODEL PI, nie oznaczenie handlowej partii. Dawka odniesienia 3 g/1000 g (0,3%) bez automatycznego skalowania. Lepkość ani 100% składnika nie oznaczają 100% galaktomannanu. Woda z TDS: 7 g/100 g; TDS reference moisture 7%, not a batch measurement. Storefront states <9.11%; source discrepancy retained. IMPORT from Italy to Hungary. Manufacturer lists the selected 50 g variant available. Shipping policy expressly covers the EU, with estimated delivery in 3–7 working days; final postcode and charges at checkout. Countries are covered as an EU bloc, not individually named.",Nutilis is a mixed thickener and is excluded. A Polish Allegro Rafex listing does not establish Hungarian delivery; selected product has an explicit EU shipping policy. Do not reuse user EAN8052744883445: unverified and different from secondary250g barcode lead. Do not confuse this E417 ingredient with SaporePuro Neutro stabilizer containing maltodextrin/tara/guar. Current TDS takes precedence over storefront moisture/viscosity values. AKTUALIZACJA: oficjalny JSON producenta potwierdza dla 50 g SKU SPGT50 i EAN 8055728540170; poprzedni brak identyfikatora zamknięty.,AUTO PO AKCEPTACJI,LEAD,EAN_ON_GENERIC_TLD_PAGE,https://saporepuro.com/products/farina-di-semi-di-tara-gomma-di-tara-origine-peru-e417-confezionato-in-italia-1
VN,★★★★,ASEAN,MILK,672,PI-ING-000236,MILK-GTIN-8410285127347,KANDYDAT_PR,VERIFY_CANDIDATE,"EAN printed on a page serving this market + label facts (ingredients, nutrition) from manufacturer/retailer",Président UHT Whole Milk 3.5% Fat 1 L,Président,1 L carton,8410285127347,"Suatuoi exact product card gives barcode 8410285127347, 1 L, Spain origin, Vietnamese importer, current sale with expiry 25 February 2027. Photograph 4.webp is the full manufacturer nutrition panel per 100 ml: 264 kJ / 63 kcal, fat 3.6 g, saturates 2.5 g, carbohydrates 4.7 g, sugars 4.7 g, protein 3.0 g, SALT 0.13 g. Photograph 3.webp gives ingredients and 1 L pack. Importer's published declaration identifies Lactalis Puleva, manufacturing plant in Mollerussa, Spain, 100% milk and Vietnam distribution. Lotte Mart Vietnam separately lists the same exact EAN and 1 L pack. All seven nutrition fields are transcribed together from one panel; fiber is not declared.",WŁASNY PROFIL PR — przeliczenie z rzeczywistej etykiety,0.10000000000000009,Dane kompletne. Końcowy PR poza Mapperem według istniejącej konwencji.,"Replace Dalatmilk 180 ml, whose missing sugars, saturates and salt could not be documented. Use actual labelled fat 3.6 g/100 ml, although front of pack calls the category 3.5%. The Suatuoi text mistakenly calls 0.13 g sodium; the attached manufacturer panel clearly says salt, so salt is 0.13 g, not sodium multiplied by 2.5.",AUTO PO AKCEPTACJI,LEAD,EAN_ON_GENERIC_TLD_PAGE,https://suatuoi.com/president/president-full-cream-1l
VN,★★★★,ASEAN,CREAM,130,PI-ING-000180,CREAM-GTIN-5701215046375,KANDYDAT_PR,VERIFY_CANDIDATE,"EAN printed on a page serving this market + label facts (ingredients, nutrition) from manufacturer/retailer",Emborg Natural Whipping Cream UHT 35.1% 200 ml,Emborg,200 ml,5701215046375,"Current official Emborg Natural Whipping Cream page (March 2026) explicitly lists 200 ml and 1 L European cow-milk cream, milk allergen and full per100ml table:1387kJ/337kcal,F35.1,Sat22,C3.3,Sugar3.3,Fibre0,P2.1,Salt0.07. Exact consumer pack GTIN corroborated by primary Tops/Maxmart/Meatup retailer. Local market source(s) identify same natural UHT dairy whipping cream and matching consumer pack, with sale listing; see URLs. Manufacturer’s explicitly stated kcal retained, not recomputed from independently rounded kJ.",WŁASNY PROFIL PR — rzeczywista etykieta,5.100000000000001,Dane kompletne. Końcowy PR poza Mapperem według istniejącej konwencji.,"Replaces unsupported regional Oldenburger30 candidate with verified locally listed plain dairy cream35.1. Search did not establish local Oldenburger30 exact SKU; no assertion that all possible30 products are unavailable. Source35.1 actual fat retained. No vegetable-fat or sweetened whipping toppings used. Annam retailer has older338kcal/C3.4/P2.2 partial profile; full current manufacturer profile337/C3.3/P2.1 used consistently, no mixing. Local Annam confirms European cow cream35.1,200ml (distinct from newer New Zealand Emborg1L line).",AUTO PO AKCEPTACJI,LEAD,EAN_ON_GENERIC_TLD_PAGE,https://maxmartonline.com/emborg-whipping-cream-200ml
VN,★★★★,ASEAN,SMP,35,PI-ING-000270,SMP-VN-SKU,WYMAGA_ETYKIETY,LABEL_EVIDENCE_MISSING,label/composition evidence missing — current label (ingredients + nutrition per 100 g/ml),NZMP Skim Milk Powder Low Heat / Sữa Bột Gầy Low Heat Fonterra,NZMP,"25 kg, worek",,"NewViet:25kg, lokalna dystrybucja wWietnamie,100%skim cowmilk, producentFonterra Ltd/NZ lub Fonterra Australia. Strona produktu zawiera rzeczywisty kod0430FNIK-2. Ogólna stronaNZMP potwierdza właściwości rodzinySMP; nie użyto jej do wymyślania makro konkretnego wariantu.",Własny profil SMP — Engine przelicza rzeczywiste dane i jawne estymacje,0,"kcal: PI-ING-000270 (362 /100 g). tłuszcz: PI-ING-000270 (0.8 /100 g). Nasycone: 0,625 × tłuszcz (proporcja z pełnej etykiety Régilait 0,5/0,8); PI ma niewiarygodne 0. węglowodany: PI-ING-000270 (51.98 /100 g). Cukry: MIN(PI 51 g, węglowodany PR). białko: PI-ING-000270 (35.7 /100 g). sól: PI-ING-000270 (1.2 /100 g). błonnik: PI-ING-000270 (0 /100 g). Wybrać u dystrybutora dokładny wariantNZ/AU i pobrać jego specyfikację żywieniową. Brak GTIN; użyto identyfikatora SKU/TDS.",Odrzucono VinamilkCanxiPro: napój/formuła z dodatkami nie czysteSMP. EAN9415007010469 dla repack1kg niepotwierdzony; zastąpiono ofertą25kg z autentycznym kodemB2B.,AUTO PO AKCEPTACJI,BRAK,NO_EAN_IN_V7,https://newviet.vn/san-pham/sua-bot-gay-low-heat-fonterra/
VN,★★★★,ASEAN,DEXTROSE,30,PI-ING-000494,DEX-VN-PRODUCT,WYMAGA_ETYKIETY,LABEL_EVIDENCE_MISSING,label/composition evidence missing — current label (ingredients + nutrition per 100 g/ml),Fufeng Đường Dextrose Monohydrate C6H12O6.H2O 25kg,Fufeng,25 kg bag,,Karta lokalnego dostawcy zawiera nazwę Fufeng Dextrose Monohydrate i prawidłowy wzór C6H12O6.H2O.,Postać monohydrat; NIP i model aktywności osobno,0,"PI-ING-000494 uzupełnia: kcal=364; tłuszcz=0; nasycone=0; węglowodany=90.9; cukry=90.9; białko=0; sól=0; błonnik=0 /100g. To oszacowanie, nie deklaracja etykiety. MODEL PI: 90,9g aktywnej dekstrozy +9,1g wody/100g; nie jest pomiarem partii. Czystość suchej masy i zaokrąglone cukry NIP nie zastępują CoA. B2B; potwierdzić aktualny producent/partię Fufeng, food-grade CoA, brak dodatków i alergeny.","Zastępuje niepotwierdzony produkt Mama’s Choice 500g i EAN 8936048532454. Jednoznaczne potwierdzenie formy jednowodnej wymaga nazwy/wzoru, a nie samej nazwy glucose powder.",AUTO PO AKCEPTACJI,BRAK,NO_EAN_IN_V7,https://hoachatphuthinh.vn/san-pham/duong-dextrose-monohydrate-c6h12o6h2o-fufeng.html
VN,★★★★,ASEAN,TARA,3,PI-ING-000492,TARA-VN-PRODUCT,WYMAGA_ETYKIETY,LABEL_EVIDENCE_MISSING,label/composition evidence missing — current label (ingredients + nutrition per 100 g/ml),Tara Gum — food-use bulk raw material,Camachem,25kg PPE bag or25kg paper drum,,"B2B; Concrete25kg tara product and explicit Vietnam country coverage. Technical table reports galactomannan77–78%,moisture14–15%,nitrogen compounds3–4%,fibers2.5%,fatty compounds1%,protein3%. This is a technical composition table with unspecified methods, not a dietary nutrition panel; do not map its fibers2.5% to total dietary fiber or77–78% galactomannan to carbohydrate nutrition.","Energia źródła, jeśli dostępna; brakujące pola z PI. Nie narzucano zgodności różnych konwencji znakowania.",0,"ESTIMATED z PI-ING-000492: kcal=180; tłuszcz=0.5; nasycone=0; węglowodany dostępne=1.5; cukry=0; białko=2; sól=0; błonnik=86.5 /100 g. To model, nie etykieta produktu. Aktywność względna=1 wyłącznie MODEL PI, nie oznaczenie handlowej partii. Dawka odniesienia 3 g/1000 g (0,3%) bez automatycznego skalowania. Lepkość ani 100% składnika nie oznaczają 100% galaktomannanu. Woda 9,5 g/100 g: ESTIMATED z PI; brak oznaczenia produktu. Camachem explicitly lists Vietnam among countries supplied. Bulk import enquiry; food-grade COA/full composition and destination terms must be confirmed. Vietnamese language page is not proof of a Vietnam office.","AFChem product lead not verifiable. Camachem is an import/B2B supplier, not confirmed local Vietnamese stock. Removed unrelated Polish retail EANs5902751326932/5904006390149 and protein-free/allergy claims.",AUTO PO AKCEPTACJI,BRAK,NO_EAN_IN_V7,https://camachem.com/vn/tara-gum.html
AE,★★★★,GCC,MILK,672,PI-ING-000236,MILK-GTIN-6291030200032,KANDYDAT_PR,VERIFY_CANDIDATE,"EAN printed on a page serving this market + label facts (ingredients, nutrition) from manufacturer/retailer",Al Rawabi Fresh Milk Full Cream 1 L,Al Rawabi,1 L,6291030200032,"Official producer Full Cream page explicitly lists1L among packs and complete nutrition per100ml:60kcal, protein3.00, fat3.20, sat2.17, carbohydrate4.70, total sugars3.10, dietary fiber0.00, Salt Na+(g)0.13. Sharjah Coop exact local1L card is keyed by6291030200032; CarrefourUAE independently confirms local1L. Salt is transcribed as labeled Salt0.13g; the producer adds Na+notation but its2.17%DV agrees with salt6gRI, so no second sodium×2.5 conversion was applied.",WŁASNY PROFIL PR — przeliczenie z rzeczywistej etykiety,-0.2999999999999998,Dane kompletne. Końcowy PR poza Mapperem według istniejącej konwencji.,"Filled sugars3.10 directly from current producer card (not assumed equal to carbs), corrected protein3.1→3.00 and salt0.1→0.13 to same profile.",AUTO PO AKCEPTACJI,CONFIRMED,EAN_ON_MARKET_PAGE,https://www.sharjahcoop.ae/en/al-rawabi-fresh-milk-full-cream-1-l/p/6291030200032
AE,★★★★,GCC,CREAM,130,PI-ING-000180,CREAM-GTIN-3412290032215,KANDYDAT_PR,VERIFY_CANDIDATE,"EAN printed on a page serving this market + label facts (ingredients, nutrition) from manufacturer/retailer",Paysan Breton La Crème Pâtisserie & Cuisine UHT 30%,Paysan Breton,20 cl,3412290032215,"Physical 20cl 30% carton images published by Lulu: side shows GTIN 3412290032215, France producer and Tunisia importer; rear shows complete seven nutrition values. Casinetto publishes identical seven values and exact 20cl pack. Nutrition basis on actual label is per 100ml. Local retailer listing confirms same 200ml product and market; stock status may vary.",WŁASNY PROFIL PR — rzeczywista etykieta,0,Dane kompletne. Końcowy PR poza Mapperem według istniejącej konwencji.,Exact 30% liquid cream selected. Retailer text giving 35% is not used because physical current 30% label confirms profile. Fibre undeclared.,AUTO PO AKCEPTACJI,LEAD,PAGE_WITHOUT_EAN,https://bf1af2.akinoncloudcdn.com/products/2025/03/28/87485/697134c3-73cd-408b-8a68-2100017edff8_size1920_cropCenter.jpg
AE,★★★★,GCC,SMP,35,PI-ING-000270,SMP-GTIN-03043931692415,KANDYDAT_PR,VERIFY_CANDIDATE,"EAN printed on a page serving this market + label facts (ingredients, nutrition) from manufacturer/retailer",Régilait Instant Skimmed Milk Powder 0% Fat,Régilait,puszka 700 g,3043931692415,Makro na 100 g suchego proszku i gramatury 300/700 g: aktualna oficjalna strona Régilait export. EAN+gramatura: regionalna karta handlowa. Lokalna karta produktu potwierdza ofertę dla wskazanego kraju; nie stanowi dowodu dominacji rynkowej.,Własny profil SMP — Engine przelicza rzeczywiste dane i jawne estymacje,0,błonnik: PI-ING-000270 (0 /100 g). Przed użyciem produkcyjnym dopasować aktualną etykietę regionalnej puszki do profilu producenta; sprawdzić wersję witaminową. W LuLu dostępny przycisk zakupu w odczytanej ofercie.,"EAN 3043931692415 potwierdzony. Nie łączyć ze wzbogaconym Calcium Plus ani Vitamilk. Producent ma błędny opis 52 g jako „sucres ajoutés”; są to cukry wykazane przy węglowodanach, nie dowód dodawania cukru. Starsza karta Sharaf DG pokazuje 356 kcal, 51,7 g węglowodanów/cukrów, 35,5 g białka i podejrzaną jednostkę sodu 0,42 mg; przyjęto nowszy kompletny profil producenta, bez mieszania danych.",AUTO PO AKCEPTACJI,LEAD,EAN_ON_MARKETPLACE_MARKET_PAGE,https://www.amazon.ae/REGILAIT-NON-SKIMD-MILK-700G/dp/B07NF7B1H6
AE,★★★★,GCC,DEXTROSE,30,PI-ING-000494,DEX-GTIN-06297001119785,WYMAGA_ETYKIETY,LABEL_EVIDENCE_MISSING,label/composition evidence missing — current label (ingredients + nutrition per 100 g/ml),Trioxi Dextrose Monohydrate (Glucose-D) Natural Food Sweetener,Trioxi,1 kg,6297001119785,Local supplier page states monohydrate natural food sweetener 1KG; ingredient Dextrose Monohydrate; code6297001119785 (called UPC on page but 13-digit).,Postać monohydrat; NIP i model aktywności osobno,0,"PI-ING-000494 uzupełnia: kcal=364; tłuszcz=0; nasycone=0; węglowodany=90.9; cukry=90.9; białko=0; sól=0; błonnik=0 /100g. To oszacowanie, nie deklaracja etykiety. MODEL PI: 90,9g aktywnej dekstrozy +9,1g wody/100g; nie jest pomiarem partii. Czystość suchej masy i zaokrąglone cukry NIP nie zastępują CoA. Supplier listing verified; confirm lot food grade, availability and specification",Replaces Nutricost unconfirmed hydrate with local explicit monohydrate.,AUTO PO AKCEPTACJI,LEAD,EAN_ON_GENERIC_TLD_PAGE,https://www.tricechemicals.com/food-and-beverage-chemicals-supplier-dubai-sharja-uae/food-and-beverages-sweeteners-trader-dubai-sharjah-uae/trioxi-dextrose-monohydrate-glucose-d-1kg
AE,★★★★,GCC,TARA,3,PI-ING-000492,TARA-MP-1508-50,KANDYDAT_PR,VERIFY_CANDIDATE,"EAN printed on a page serving this market + label facts (ingredients, nutrition) from manufacturer/retailer",Modernist Pantry Pure Tara Gum Powder,Modernist Pantry,50 g,819543011967,"IMPORT; 50 g back label visually checked: per100g values transcribed; 85 g total carbohydrate includes 85 g fiber. Label energy 360 kcal retained as declared, not recalculated. UPC-A819543011967 also visible on label.",ENERGIA DO WYJAŚNIENIA: etykieta 360 kcal/100 g; available carbs 0 g po odjęciu błonnika. Zachowano deklarowaną energię; przeliczenie 9/4/4/2 daje 187 kcal. Różna konwencja energii błonnika — nie używać do automatycznego znakowania UE.,0,"Wszystkie 8 pól z etykiety/TDS lub jawnego przeliczenia porcji/sodu/błonnika. Aktywność względna=1 wyłącznie MODEL PI, nie oznaczenie handlowej partii. Dawka odniesienia 3 g/1000 g (0,3%) bez automatycznego skalowania. Lepkość ani 100% składnika nie oznaczają 100% galaktomannanu. Woda 9,5 g/100 g: ESTIMATED z PI; brak oznaczenia produktu. Conditional import to United Arab Emirates. Desertcart product-specific page states in stock and that it handles shipping and customs to UAE. Exact address, final terms and availability require checkout confirmation.",Preserve manufacturer 50 g identity despite marketplace title 50g/2oz and conflicting ancillary weights/flavour fields. User-supplied Sosa/Modernist alternative codes not transferred. Import is not local shelf stock.,AUTO PO AKCEPTACJI,LEAD,EAN_ON_GENERIC_TLD_PAGE,https://modernistpantry.com/products/tara-gum.html
