market_iso2,country,priority,region,functional_slot,working_excel_grams,final_grams,pi_ing,pi_name_final,product_mode,stabilizer_type,consumer_term_local,v7_proposal_key,pr_final_id,brand,product_name,pack,ean_gtin,url_product,page_market,market_by,evidence_method,evidence_utc,evidence_class,selection_authority,eligible_for_customer_pdf,blocking_reason,next_step,identifier_confirmed,market_binding_confirmed,market_binding_signal,local_availability_confirmed
AE,United Arab Emirates,★★★★,GCC,MILK,672,AFTER_ENGINE_10_10 (D-27),PI-ING-000236,MILK · 3.5% FAT · Chilled,EXACT_PR,,,MILK-GTIN-6291030200032,,Al Rawabi,Al Rawabi Fresh Milk Full Cream 1 L,1 L,6291030200032,https://www.sharjahcoop.ae/en/al-rawabi-fresh-milk-full-cream-1-l/p/6291030200032,AE,CCTLD,RAW_HTML,2026-09-10T13:40:07Z,CONFIRMED,WORKING EXCEL v7 (incomplete) — awaiting Owner complete Excel (D-22),ONLY_IF_OWNER_EXCEL_KEEPS_THIS_PRODUCT,,OWNER_EXCEL_RECONCILIATION → LABEL FACTS → ENGINE 10/10,True,True,CCTLD,True
AE,United Arab Emirates,★★★★,GCC,CREAM,130,AFTER_ENGINE_10_10 (D-27),PI-ING-000180,CREAM 30% · Mlekovita Cream · Chilled,EXACT_PR,,,CREAM-GTIN-3412290032215,,Paysan Breton,Paysan Breton La Crème Pâtisserie & Cuisine UHT 30%,20 cl,3412290032215,https://bf1af2.akinoncloudcdn.com/products/2025/03/28/87485/697134c3-73cd-408b-8a68-2100017edff8_size1920_cropCenter.jpg,,,,,LEAD,WORKING EXCEL v7 (incomplete) — awaiting Owner complete Excel (D-22),NO,PAGE_WITHOUT_EAN,"AWAIT_OWNER_EXCEL (no SHOP gap-filling, D-23)",False,False,NONE,False
AE,United Arab Emirates,★★★★,GCC,SMP,35,AFTER_ENGINE_10_10 (D-27),PI-ING-000270,SKIMMED MILK POWDER · 0.8% FAT · Dairy · Dry,EXACT_PR,,,SMP-GTIN-03043931692415,,Régilait,Régilait Instant Skimmed Milk Powder 0% Fat,puszka 700 g,3043931692415,https://www.amazon.ae/REGILAIT-NON-SKIMD-MILK-700G/dp/B07NF7B1H6,,,,,LEAD,WORKING EXCEL v7 (incomplete) — awaiting Owner complete Excel (D-22),NO,EAN_ON_MARKETPLACE_MARKET_PAGE,"AWAIT_OWNER_EXCEL (no SHOP gap-filling, D-23)",False,True,CCTLD,False
AE,United Arab Emirates,★★★★,GCC,SUCROSE,130,AFTER_ENGINE_10_10 (D-27),PI-ING-000514,SUCROSE SUGAR · Sweetener · Dry,GLOBAL_PI_GENERIC,,SA10: en: granulated sugar (+sucrose/white sugar) | ar: سكروز,GENERIC-SUCROSE,,GENERIC,Biały cukier krystaliczny — 100% cukier,dowolne opakowanie,,,,,,,N/A_GENERIC,WORKING EXCEL v7 (incomplete) — awaiting Owner complete Excel (D-22),NO,NO_LOCAL_TERM_EVIDENCE,TERM_EVIDENCE_OR_OWNER_DECISION,False,False,NONE,False
AE,United Arab Emirates,★★★★,GCC,DEXTROSE,30,AFTER_ENGINE_10_10 (D-27),PI-ING-000494,DEXTROSE MONOHYDRATE · Sweetener · Dry,EXACT_PR,,,DEX-GTIN-06297001119785,,Trioxi,Trioxi Dextrose Monohydrate (Glucose-D) Natural Food Sweetener,1 kg,6297001119785,https://www.tricechemicals.com/food-and-beverage-chemicals-supplier-dubai-sharja-uae/food-and-beverages-sweeteners-trader-dubai-sharjah-uae/trioxi-dextrose-monohydrate-glucose-d-1kg,,,,,LEAD,WORKING EXCEL v7 (incomplete) — awaiting Owner complete Excel (D-22),NO,EAN_ON_GENERIC_TLD_PAGE,"AWAIT_OWNER_EXCEL (no SHOP gap-filling, D-23)",True,False,NONE,False
AE,United Arab Emirates,★★★★,GCC,STABILIZER,3,AFTER_ENGINE_10_10 (D-27),PI-ING-000492,TARA GUM · Stabilizer,EXACT_PR,TARA (as listed in v7),,TARA-MP-1508-50,,Modernist Pantry,Modernist Pantry Pure Tara Gum Powder,50 g,819543011967,https://modernistpantry.com/products/tara-gum.html,,,,,LEAD,WORKING EXCEL v7 (incomplete) — awaiting Owner complete Excel (D-22),NO,EAN_ON_GENERIC_TLD_PAGE,"AWAIT_OWNER_EXCEL (no SHOP gap-filling, D-23)",True,False,NONE,False
AR,Argentina,★★★★,LATAM_SOUTH_CONE,MILK,672,AFTER_ENGINE_10_10 (D-27),PI-ING-000236,MILK · 3.5% FAT · Chilled,EXACT_PR,,,MILK-AR-LASERENISIMA-30-1L,,La Serenísima,La Serenísima Leche Larga Vida Clásica 3% 1 L,1 L,7790742308801,https://www.coto.com.ar/productos/_/A-00253482-00253482-200/;,AR,CCTLD,BROWSER_DOM,2026-09-10T14:01Z,CONFIRMED,WORKING EXCEL v7 (incomplete) — awaiting Owner complete Excel (D-22),ONLY_IF_OWNER_EXCEL_KEEPS_THIS_PRODUCT,,OWNER_EXCEL_RECONCILIATION → LABEL FACTS → ENGINE 10/10,True,True,CCTLD,True
AR,Argentina,★★★★,LATAM_SOUTH_CONE,CREAM,130,AFTER_ENGINE_10_10 (D-27),PI-ING-000180,CREAM 30% · Mlekovita Cream · Chilled,EXACT_PR,,,CREAM-GTIN-7794820901670,,Milkaut,Milkaut Profesional Crema de Leche 39%,"5 l, sachet",7794820901670,https://www.cocinaconvalentino.com.ar/cremas-de-leche/17213-crema-de-leche-milkaut-sachet-x-5-lts-39-7794820901670.html,,,,,LEAD,WORKING EXCEL v7 (incomplete) — awaiting Owner complete Excel (D-22),NO,EAN_ONLY_ECHOED_FROM_URL_OR_QUERY,"AWAIT_OWNER_EXCEL (no SHOP gap-filling, D-23)",False,True,CCTLD,False
AR,Argentina,★★★★,LATAM_SOUTH_CONE,SMP,35,AFTER_ENGINE_10_10 (D-27),PI-ING-000270,SKIMMED MILK POWDER · 0.8% FAT · Dairy · Dry,EXACT_PR,,,SMP-GTIN-07790742436405,,La Serenísima,La Serenísima Leche en Polvo Liviana / Descremada Instantánea 400 g,400 g,7790742436405,https://www.jumbo.com.ar/leche-en-polvo-descremada-la-serenisima-400-gr/p,AR,CCTLD,RAW_HTML,2026-09-10T13:39:36Z,CONFIRMED,WORKING EXCEL v7 (incomplete) — awaiting Owner complete Excel (D-22),ONLY_IF_OWNER_EXCEL_KEEPS_THIS_PRODUCT,,OWNER_EXCEL_RECONCILIATION → LABEL FACTS → ENGINE 10/10,True,True,CCTLD,True
AR,Argentina,★★★★,LATAM_SOUTH_CONE,SUCROSE,130,AFTER_ENGINE_10_10 (D-27),PI-ING-000514,SUCROSE SUGAR · Sweetener · Dry,GLOBAL_PI_GENERIC,,SA10: es: azúcar blanco (+sacarosa),GENERIC-SUCROSE,,GENERIC,Biały cukier krystaliczny — 100% cukier,dowolne opakowanie,,,,,,,N/A_GENERIC,WORKING EXCEL v7 (incomplete) — awaiting Owner complete Excel (D-22),NO,NO_LOCAL_TERM_EVIDENCE,TERM_EVIDENCE_OR_OWNER_DECISION,False,False,NONE,False
AR,Argentina,★★★★,LATAM_SOUTH_CONE,DEXTROSE,30,AFTER_ENGINE_10_10 (D-27),PI-ING-000494,DEXTROSE MONOHYDRATE · Sweetener · Dry,EXACT_PR,,,DEX-AR-PRODUCT,,Bioenzim,Dextrosa Monohidratada x 1kg,1 kg,,https://bioenzimtienda.com/productos/dextrosa-monohidratada-x-1kg-1j5jc/,,,,,BRAK,WORKING EXCEL v7 (incomplete) — awaiting Owner complete Excel (D-22),NO,NO_EAN_IN_V7,"AWAIT_OWNER_EXCEL (no SHOP gap-filling, D-23)",False,False,CURRENCY_ONLY,False
AR,Argentina,★★★★,LATAM_SOUTH_CONE,STABILIZER,3,AFTER_ENGINE_10_10 (D-27),PI-ING-000492,TARA GUM · Stabilizer,EXACT_PR,TARA (as listed in v7),,TARA-AR-PRODUCT,,Química Palumbo,Goma Tara Grado Alimenticio Calidad Premium,Gramatura niepubliczna,,https://www.quimicapalumbo.com.ar/productos/goma-tara-grado-alimenticio-calidad-premium/,,,,,BRAK,WORKING EXCEL v7 (incomplete) — awaiting Owner complete Excel (D-22),NO,NO_EAN_IN_V7,"AWAIT_OWNER_EXCEL (no SHOP gap-filling, D-23)",False,True,CCTLD,False
AT,Austria,★★★★★,EU27,MILK,672,AFTER_ENGINE_10_10 (D-27),PI-ING-000236,MILK · 3.5% FAT · Chilled,EXACT_PR,,,MILK-GTIN-9066000164907,,Schärdinger,"Schärdinger Vollmilch 3,5% ESL 1 L",1 L carton,9066000164907,https://dokumente.kastner.at/lmiv/kastner/222821.pdf,AT,CCTLD,RAW_HTML,2026-09-10T13:37:27Z,CONFIRMED,WORKING EXCEL v7 (incomplete) — awaiting Owner complete Excel (D-22),ONLY_IF_OWNER_EXCEL_KEEPS_THIS_PRODUCT,,OWNER_EXCEL_RECONCILIATION → LABEL FACTS → ENGINE 10/10,True,True,CCTLD,True
AT,Austria,★★★★★,EU27,CREAM,130,AFTER_ENGINE_10_10 (D-27),PI-ING-000180,CREAM 30% · Mlekovita Cream · Chilled,EXACT_PR,,,CREAM-GTIN-9066000864401,,Alpiland,Alpiland H-Schlagrahm 30% 1 L,1 L,9066000864401,https://shop.kastner.at/222148.html,AT,CCTLD,RAW_HTML,2026-09-10T13:38:26Z,CONFIRMED,WORKING EXCEL v7 (incomplete) — awaiting Owner complete Excel (D-22),ONLY_IF_OWNER_EXCEL_KEEPS_THIS_PRODUCT,,OWNER_EXCEL_RECONCILIATION → LABEL FACTS → ENGINE 10/10,True,True,CCTLD,True
AT,Austria,★★★★★,EU27,SMP,35,AFTER_ENGINE_10_10 (D-27),PI-ING-000270,SKIMMED MILK POWDER · 0.8% FAT · Dairy · Dry,EXACT_PR,,,SMP-AT-SKU,,Wild Thing,Wild Thing Magermilchpulver 500 g,500 g,,https://trinklusiv.at/products/wild-thing-magermilchpulver-500-g,,,,,BRAK,WORKING EXCEL v7 (incomplete) — awaiting Owner complete Excel (D-22),NO,NO_EAN_IN_V7,"AWAIT_OWNER_EXCEL (no SHOP gap-filling, D-23)",False,True,CCTLD,False
AT,Austria,★★★★★,EU27,SUCROSE,130,AFTER_ENGINE_10_10 (D-27),PI-ING-000514,SUCROSE SUGAR · Sweetener · Dry,GLOBAL_PI_GENERIC,,SA10: de: Saccharose (+Zucker),GENERIC-SUCROSE,,GENERIC,Biały cukier krystaliczny — 100% cukier,dowolne opakowanie,,,,,,,N/A_GENERIC,WORKING EXCEL v7 (incomplete) — awaiting Owner complete Excel (D-22),NO,NO_LOCAL_TERM_EVIDENCE,TERM_EVIDENCE_OR_OWNER_DECISION,False,False,NONE,False
AT,Austria,★★★★★,EU27,DEXTROSE,30,AFTER_ENGINE_10_10 (D-27),PI-ING-000494,DEXTROSE MONOHYDRATE · Sweetener · Dry,EXACT_PR,,,DEX-GTIN-04250573301738,,Golden Peanut,Dextrose monohydrat Pulver 5 kg,5 kg wiadro,4250573301738,https://www.golden-peanut.de/Dextrose-monohydrat-Pulver/11135-01,,,,,LEAD,WORKING EXCEL v7 (incomplete) — awaiting Owner complete Excel (D-22),NO,EAN_ON_FOREIGN_MARKET_PAGE,"AWAIT_OWNER_EXCEL (no SHOP gap-filling, D-23)",True,False,OTHER_MARKET:DE,False
AT,Austria,★★★★★,EU27,STABILIZER,3,AFTER_ENGINE_10_10 (D-27),PI-ING-000492,TARA GUM · Stabilizer,EXACT_PR,TARA (as listed in v7),,TARA-GTIN-08055728540170,,SaporePuro,SaporePuro Farina di Semi di Tara / Gomma di Tara E417,50 g,8055728540170,https://saporepuro.com/products/farina-di-semi-di-tara-gomma-di-tara-origine-peru-e417-confezionato-in-italia-1,,,,,LEAD,WORKING EXCEL v7 (incomplete) — awaiting Owner complete Excel (D-22),NO,EAN_ON_GENERIC_TLD_PAGE,"AWAIT_OWNER_EXCEL (no SHOP gap-filling, D-23)",True,False,NONE,False
AU,Australia,★★★★★,ANZ,MILK,672,AFTER_ENGINE_10_10 (D-27),PI-ING-000236,MILK · 3.5% FAT · Chilled,EXACT_PR,,,MILK-GTIN-9300639500041,,Devondale,Devondale Full Cream Long Life Milk 1 L,1 L,9300639500041,https://www.thedistributorscairns.com.au/product/DEVONDALE_FULL_CREAM_1LIT_MILK,AU,CCTLD,RAW_HTML,2026-09-10T13:40:15Z,CONFIRMED,WORKING EXCEL v7 (incomplete) — awaiting Owner complete Excel (D-22),ONLY_IF_OWNER_EXCEL_KEEPS_THIS_PRODUCT,,OWNER_EXCEL_RECONCILIATION → LABEL FACTS → ENGINE 10/10,True,True,CCTLD,True
AU,Australia,★★★★★,ANZ,CREAM,130,AFTER_ENGINE_10_10 (D-27),PI-ING-000180,CREAM 30% · Mlekovita Cream · Chilled,EXACT_PR,,,CREAM-GTIN-9310036007296,,Pauls,Pauls Thickened Cream,300 ml,9310036007296,https://mylactalis.com.au/pauls-thickened-cream-300ml-regular,,,,,LEAD,WORKING EXCEL v7 (incomplete) — awaiting Owner complete Excel (D-22),NO,MARKET_PAGE_WITHOUT_EAN,"AWAIT_OWNER_EXCEL (no SHOP gap-filling, D-23)",False,True,CCTLD,False
AU,Australia,★★★★★,ANZ,SMP,35,AFTER_ENGINE_10_10 (D-27),PI-ING-000270,SKIMMED MILK POWDER · 0.8% FAT · Dairy · Dry,EXACT_PR,,,SMP-GTIN-09300639999005,,Devondale,Devondale Instant Skim Milk Powder,1 kg,9300639999005,https://simplevitamins.com.au/product/devondale-skim-milk-powder-1kg/,AU,CCTLD,RAW_HTML,2026-09-10T18:14:10Z,CONFIRMED,WORKING EXCEL v7 (incomplete) — awaiting Owner complete Excel (D-22),ONLY_IF_OWNER_EXCEL_KEEPS_THIS_PRODUCT,,OWNER_EXCEL_RECONCILIATION → LABEL FACTS → ENGINE 10/10,False,True,CCTLD,False
AU,Australia,★★★★★,ANZ,SUCROSE,130,AFTER_ENGINE_10_10 (D-27),PI-ING-000514,SUCROSE SUGAR · Sweetener · Dry,GLOBAL_PI_GENERIC,,SA10: en: granulated sugar (+sucrose/white sugar),GENERIC-SUCROSE,,GENERIC,Biały cukier krystaliczny — 100% cukier,dowolne opakowanie,,,,,,,N/A_GENERIC,WORKING EXCEL v7 (incomplete) — awaiting Owner complete Excel (D-22),NO,NO_LOCAL_TERM_EVIDENCE,TERM_EVIDENCE_OR_OWNER_DECISION,False,False,NONE,False
AU,Australia,★★★★★,ANZ,DEXTROSE,30,AFTER_ENGINE_10_10 (D-27),PI-ING-000494,DEXTROSE MONOHYDRATE · Sweetener · Dry,EXACT_PR,,,DEX-GTIN-09317127061786,,Lotus,Lotus Glucose Powder (Dextrose) 500g,500 g,9317127061786,https://www.kadac.com.au/browser/product.php?sku=6178,AU,CCTLD,RAW_HTML,2026-09-10T13:39:37Z,CONFIRMED,WORKING EXCEL v7 (incomplete) — awaiting Owner complete Excel (D-22),ONLY_IF_OWNER_EXCEL_KEEPS_THIS_PRODUCT,,OWNER_EXCEL_RECONCILIATION → LABEL FACTS → ENGINE 10/10,True,True,CCTLD,True
AU,Australia,★★★★★,ANZ,STABILIZER,3,AFTER_ENGINE_10_10 (D-27),PI-ING-000492,TARA GUM · Stabilizer,EXACT_PR,TARA (as listed in v7),,TARA-GTIN-08055728540170,,SaporePuro,Tara Gum 50gr. / Gomma di Tara E417,50 g,8055728540170,https://saporepuro.myshopify.com/products/farina-di-semi-di-tara-gomma-di-tara-origine-peru-e417-confezionato-in-italia-1,,,,,LEAD,WORKING EXCEL v7 (incomplete) — awaiting Owner complete Excel (D-22),NO,EAN_ON_GENERIC_TLD_PAGE,"AWAIT_OWNER_EXCEL (no SHOP gap-filling, D-23)",True,False,NONE,False
BD,Bangladesh,★★★★,SOUTH_ASIA,MILK,672,AFTER_ENGINE_10_10 (D-27),PI-ING-000236,MILK · 3.5% FAT · Chilled,EXACT_PR,,,MILK-GTIN-9311697100173,,Harvey Fresh,Harvey Fresh Full Cream Longlife Milk 1L,"1 L, karton UHT",9311697100173,https://online-price-watch.consumer.org.hk/opw/product/P000002592,,,,,LEAD,WORKING EXCEL v7 (incomplete) — awaiting Owner complete Excel (D-22),NO,EAN_ON_FOREIGN_MARKET_PAGE,"AWAIT_OWNER_EXCEL (no SHOP gap-filling, D-23)",True,False,OTHER_MARKET:HK,False
BD,Bangladesh,★★★★,SOUTH_ASIA,CREAM,130,AFTER_ENGINE_10_10 (D-27),PI-ING-000180,CREAM 30% · Mlekovita Cream · Chilled,EXACT_PR,,,CREAM-GTIN-5701215046399,,Emborg,Emborg Natural Whipping Cream UHT 35.1% 1 L,1 L,5701215046399,https://www.meatup.shop/products/cream-whipping,,,,,LEAD,WORKING EXCEL v7 (incomplete) — awaiting Owner complete Excel (D-22),NO,EAN_ON_GENERIC_TLD_PAGE,"AWAIT_OWNER_EXCEL (no SHOP gap-filling, D-23)",True,False,NONE,False
BD,Bangladesh,★★★★,SOUTH_ASIA,SMP,35,AFTER_ENGINE_10_10 (D-27),PI-ING-000270,SKIMMED MILK POWDER · 0.8% FAT · Dairy · Dry,EXACT_PR,,,SMP-GTIN-00733739058324,,NOW Foods,Real Food Organic Non-Fat Dry Milk Powder,12 oz (340 g),733739058324,https://www.nowfoods.com/products/natural-foods/non-fat-dry-milk-powder-organic,,,,,LEAD,WORKING EXCEL v7 (incomplete) — awaiting Owner complete Excel (D-22),NO,EAN_ON_GENERIC_TLD_PAGE,"AWAIT_OWNER_EXCEL (no SHOP gap-filling, D-23)",True,False,NONE,False
BD,Bangladesh,★★★★,SOUTH_ASIA,SUCROSE,130,AFTER_ENGINE_10_10 (D-27),PI-ING-000514,SUCROSE SUGAR · Sweetener · Dry,GLOBAL_PI_GENERIC,,bn:চিনি,GENERIC-SUCROSE,,GENERIC,Biały cukier krystaliczny — 100% cukier,dowolne opakowanie,,https://bdtotals.com/product/%E0%A6%A4%E0%A7%80%E0%A6%B0-%E0%A6%9A%E0%A6%BF%E0%A6%A8%E0%A6%BF/,,,,,N/A_GENERIC,WORKING EXCEL v7 (incomplete) — awaiting Owner complete Excel (D-22),NO,NO_LOCAL_TERM_EVIDENCE,TERM_APPROVED (D-32),False,False,NONE,False
BD,Bangladesh,★★★★,SOUTH_ASIA,DEXTROSE,30,AFTER_ENGINE_10_10 (D-27),PI-ING-000494,DEXTROSE MONOHYDRATE · Sweetener · Dry,EXACT_PR,,,DEX-BD-PRODUCT,,Unicorn,Unicorn Dextrose Monohydrate Food Grade,50 kg HDPE bag; minimum order 100 kg,,https://echem.com.bd/item/unicorn-dextrose-monohydrate-food-grade-34g0679qp7,,,,,BRAK,WORKING EXCEL v7 (incomplete) — awaiting Owner complete Excel (D-22),NO,NO_EAN_IN_V7,"AWAIT_OWNER_EXCEL (no SHOP gap-filling, D-23)",False,True,CCTLD,False
BD,Bangladesh,★★★★,SOUTH_ASIA,STABILIZER,3,AFTER_ENGINE_10_10 (D-27),PI-ING-000492,TARA GUM · Stabilizer,EXACT_PR,TARA (as listed in v7),,TARA-MP-1508-50,,Modernist Pantry,Tara Gum — Home 50g,50 g (manufacturer Home pack; Ubuy title also calls it 2 oz),819543011967,https://modernistpantry.com/products/tara-gum.html,,,,,LEAD,WORKING EXCEL v7 (incomplete) — awaiting Owner complete Excel (D-22),NO,EAN_ON_GENERIC_TLD_PAGE,"AWAIT_OWNER_EXCEL (no SHOP gap-filling, D-23)",True,False,NONE,False
BE,Belgium,★★★★★,EU27,MILK,672,AFTER_ENGINE_10_10 (D-27),PI-ING-000236,MILK · 3.5% FAT · Chilled,EXACT_PR,,,MILK-GTIN-54025059,,Inex,Inex Lait entier UHT 1 L PET (art. 6013),1 L PET bottle; case 6 x 1 L,54025059,https://www.bruyerre.be/en/shop/00074227-inex-6013-whole-milk-uht-pet-6-x-1l-167269/document/27519,BE,CCTLD,RAW_HTML,2026-09-10T13:38:58Z,CONFIRMED,WORKING EXCEL v7 (incomplete) — awaiting Owner complete Excel (D-22),ONLY_IF_OWNER_EXCEL_KEEPS_THIS_PRODUCT,,OWNER_EXCEL_RECONCILIATION → LABEL FACTS → ENGINE 10/10,True,True,CCTLD,True
BE,Belgium,★★★★★,EU27,CREAM,130,AFTER_ENGINE_10_10 (D-27),PI-ING-000180,CREAM 30% · Mlekovita Cream · Chilled,EXACT_PR,,,CREAM-GTIN-8718907237888,,AH,AH Slagroom houdbaar 30% 200 ml,200 ml,8718907237888,https://www.ah.be/producten/product/wi34471/ah-slagroom-houdbaar,BE,CCTLD,BROWSER_DOM,2026-09-10T13:52Z,CONFIRMED,WORKING EXCEL v7 (incomplete) — awaiting Owner complete Excel (D-22),ONLY_IF_OWNER_EXCEL_KEEPS_THIS_PRODUCT,,OWNER_EXCEL_RECONCILIATION → LABEL FACTS → ENGINE 10/10,True,True,CCTLD,True
BE,Belgium,★★★★★,EU27,SMP,35,AFTER_ENGINE_10_10 (D-27),PI-ING-000270,SKIMMED MILK POWDER · 0.8% FAT · Dairy · Dry,EXACT_PR,,,SMP-GTIN-03245413563040,,Carrefour Classic',Carrefour Classic' Lait Écrémé en Poudre 750 g,"750 g; 7,5 l mleka po odtworzeniu",3245413563040,https://www.carrefour.be/fr/classic-lait-ecreme-en-poudre-7.5-l/07132606.html,,,,,LEAD,WORKING EXCEL v7 (incomplete) — awaiting Owner complete Excel (D-22),NO,MARKET_PAGE_WITHOUT_EAN,"AWAIT_OWNER_EXCEL (no SHOP gap-filling, D-23)",False,True,CCTLD,False
BE,Belgium,★★★★★,EU27,SUCROSE,130,AFTER_ENGINE_10_10 (D-27),PI-ING-000514,SUCROSE SUGAR · Sweetener · Dry,GLOBAL_PI_GENERIC,,SA10: de: Saccharose (+Zucker) | fr: saccharose (+sucre blanc) | nl: sacharose,GENERIC-SUCROSE,,GENERIC,Biały cukier krystaliczny — 100% cukier,dowolne opakowanie,,,,,,,N/A_GENERIC,WORKING EXCEL v7 (incomplete) — awaiting Owner complete Excel (D-22),NO,NO_LOCAL_TERM_EVIDENCE,TERM_EVIDENCE_OR_OWNER_DECISION,False,False,NONE,False
BE,Belgium,★★★★★,EU27,DEXTROSE,30,AFTER_ENGINE_10_10 (D-27),PI-ING-000494,DEXTROSE MONOHYDRATE · Sweetener · Dry,EXACT_PR,,,DEX-BE-PRODUCT,,Revogan,Glucopur 250 g (5 × 50 g),5 × 50 g,,https://webshop.revogan.be/en/shop/1204-glucopur-250g-5x50g-14864,,,,,BRAK,WORKING EXCEL v7 (incomplete) — awaiting Owner complete Excel (D-22),NO,NO_EAN_IN_V7,"AWAIT_OWNER_EXCEL (no SHOP gap-filling, D-23)",False,True,CCTLD,False
BE,Belgium,★★★★★,EU27,STABILIZER,3,AFTER_ENGINE_10_10 (D-27),PI-ING-000492,TARA GUM · Stabilizer,EXACT_PR,TARA (as listed in v7),,TARA-GTIN-08055728540170,,SaporePuro,SaporePuro Farina di Semi di Tara / Gomma di Tara E417,50 g,8055728540170,https://saporepuro.com/products/farina-di-semi-di-tara-gomma-di-tara-origine-peru-e417-confezionato-in-italia-1,,,,,LEAD,WORKING EXCEL v7 (incomplete) — awaiting Owner complete Excel (D-22),NO,EAN_ON_GENERIC_TLD_PAGE,"AWAIT_OWNER_EXCEL (no SHOP gap-filling, D-23)",True,False,NONE,False
BG,Bulgaria,★★★★,EU27,MILK,672,AFTER_ENGINE_10_10 (D-27),PI-ING-000236,MILK · 3.5% FAT · Chilled,EXACT_PR,,,MILK-BG-PRESIDENT-UHT-36-1L,,Président,"Président UHT 3,5% / 3,6% 1 L",1 L,3228022980095,https://shop24.bg/pryasno-mlyako/466-pryasno-mlyako-president-35-1l-3228022980095.html,,,,,LEAD,WORKING EXCEL v7 (incomplete) — awaiting Owner complete Excel (D-22),NO,EAN_ONLY_ECHOED_FROM_URL_OR_QUERY,"AWAIT_OWNER_EXCEL (no SHOP gap-filling, D-23)",False,True,CCTLD,False
BG,Bulgaria,★★★★,EU27,CREAM,130,AFTER_ENGINE_10_10 (D-27),PI-ING-000180,CREAM 30% · Mlekovita Cream · Chilled,EXACT_PR,,,CREAM-GTIN-8593803253053,,Madeta,Madeta Jihočeská smetana UHT 31%,250 ml carton,8593803253053,https://www.madeta.cz/produkty/jihoceska-smetana-trvanliva-31-250_ml,,,,,LEAD,WORKING EXCEL v7 (incomplete) — awaiting Owner complete Excel (D-22),NO,EAN_ON_FOREIGN_MARKET_PAGE,"AWAIT_OWNER_EXCEL (no SHOP gap-filling, D-23)",True,False,OTHER_MARKET:CZ,False
BG,Bulgaria,★★★★,EU27,SMP,35,AFTER_ENGINE_10_10 (D-27),PI-ING-000270,SKIMMED MILK POWDER · 0.8% FAT · Dairy · Dry,EXACT_PR,,,SMP-GTIN-03800081460239,,Bioset,"Сухо обезмаслено мляко 1,5%",50 g,3800081460239,https://randi.bg/suho-mliako-bioset-15-50gr,BG,CCTLD,RAW_HTML,2026-09-10T13:38:21Z,CONFIRMED,WORKING EXCEL v7 (incomplete) — awaiting Owner complete Excel (D-22),ONLY_IF_OWNER_EXCEL_KEEPS_THIS_PRODUCT,,OWNER_EXCEL_RECONCILIATION → LABEL FACTS → ENGINE 10/10,True,True,CCTLD,True
BG,Bulgaria,★★★★,EU27,SUCROSE,130,AFTER_ENGINE_10_10 (D-27),PI-ING-000514,SUCROSE SUGAR · Sweetener · Dry,GLOBAL_PI_GENERIC,,bg:Захар,GENERIC-SUCROSE,,GENERIC,Biały cukier krystaliczny — 100% cukier,dowolne opakowanie,,https://tmarketonline.bg/product/zahar-zahira-kristalna-1-kg,,,,,N/A_GENERIC,WORKING EXCEL v7 (incomplete) — awaiting Owner complete Excel (D-22),NO,NO_LOCAL_TERM_EVIDENCE,TERM_APPROVED (D-32),False,False,NONE,False
BG,Bulgaria,★★★★,EU27,DEXTROSE,30,AFTER_ENGINE_10_10 (D-27),PI-ING-000494,DEXTROSE MONOHYDRATE · Sweetener · Dry,EXACT_PR,,,DEX-GTIN-08588006139983,,GymBeam,"Декстроза - GymBeam, bez dodatków smakowych",1000 g,8588006139983,https://gymbeam.bg/dekstroza-1000-g-gymbeam.html,,,,,LEAD,WORKING EXCEL v7 (incomplete) — awaiting Owner complete Excel (D-22),NO,SOURCE_NOT_READABLE,"AWAIT_OWNER_EXCEL (no SHOP gap-filling, D-23)",False,True,CCTLD,False
BG,Bulgaria,★★★★,EU27,STABILIZER,3,AFTER_ENGINE_10_10 (D-27),PI-ING-000492,TARA GUM · Stabilizer,EXACT_PR,TARA (as listed in v7),,TARA-GTIN-08055728540170,,SaporePuro,SaporePuro Farina di Semi di Tara / Gomma di Tara E417,50 g,8055728540170,https://saporepuro.com/products/farina-di-semi-di-tara-gomma-di-tara-origine-peru-e417-confezionato-in-italia-1,,,,,LEAD,WORKING EXCEL v7 (incomplete) — awaiting Owner complete Excel (D-22),NO,EAN_ON_GENERIC_TLD_PAGE,"AWAIT_OWNER_EXCEL (no SHOP gap-filling, D-23)",True,False,NONE,False
BH,Bahrain,★★★★,GCC,MILK,672,AFTER_ENGINE_10_10 (D-27),PI-ING-000236,MILK · 3.5% FAT · Chilled,EXACT_PR,,,MILK-GTIN-5711953072352,,Arla,Organic Milk Full Fat 200ml,200 ml,5711953072352,https://www.thefreshmarketdubai.com/products/arla-organic-milk-full-fat-200ml-5711953072352,,,,,LEAD,WORKING EXCEL v7 (incomplete) — awaiting Owner complete Excel (D-22),NO,EAN_ON_FOREIGN_MARKET_PAGE,"AWAIT_OWNER_EXCEL (no SHOP gap-filling, D-23)",True,False,OTHER_MARKET:AE,False
BH,Bahrain,★★★★,GCC,CREAM,130,AFTER_ENGINE_10_10 (D-27),PI-ING-000180,CREAM 30% · Mlekovita Cream · Chilled,EXACT_PR,,,CREAM-GTIN-5700426230177,,Puck,Puck Whipping Cream UHT,200 ml,5700426230177,https://www.sharjahcoop.ae/en/puck-whipping-cream-200ml/p/5700426230177,,,,,LEAD,WORKING EXCEL v7 (incomplete) — awaiting Owner complete Excel (D-22),NO,EAN_ON_FOREIGN_MARKET_PAGE,"AWAIT_OWNER_EXCEL (no SHOP gap-filling, D-23)",True,False,OTHER_MARKET:AE,False
BH,Bahrain,★★★★,GCC,SMP,35,AFTER_ENGINE_10_10 (D-27),PI-ING-000270,SKIMMED MILK POWDER · 0.8% FAT · Dairy · Dry,EXACT_PR,,,SMP-GTIN-03043931692415,,Régilait,Régilait Instant Skimmed Milk Powder 0% Fat,puszka 700 g,3043931692415,https://www.amazon.ae/REGILAIT-NON-SKIMD-MILK-700G/dp/B07NF7B1H6,,,,,LEAD,WORKING EXCEL v7 (incomplete) — awaiting Owner complete Excel (D-22),NO,EAN_ON_FOREIGN_MARKET_PAGE,"AWAIT_OWNER_EXCEL (no SHOP gap-filling, D-23)",False,False,OTHER_MARKET:AE,False
BH,Bahrain,★★★★,GCC,SUCROSE,130,AFTER_ENGINE_10_10 (D-27),PI-ING-000514,SUCROSE SUGAR · Sweetener · Dry,GLOBAL_PI_GENERIC,,SA10: en: granulated sugar (+sucrose/white sugar) | ar: سكروز,GENERIC-SUCROSE,,GENERIC,Biały cukier krystaliczny — 100% cukier,dowolne opakowanie,,,,,,,N/A_GENERIC,WORKING EXCEL v7 (incomplete) — awaiting Owner complete Excel (D-22),NO,NO_LOCAL_TERM_EVIDENCE,TERM_EVIDENCE_OR_OWNER_DECISION,False,False,NONE,False
BH,Bahrain,★★★★,GCC,DEXTROSE,30,AFTER_ENGINE_10_10 (D-27),PI-ING-000494,DEXTROSE MONOHYDRATE · Sweetener · Dry,EXACT_PR,,,DEX-BH-PRODUCT,,Unspecified manufacturer,Dextrose Monohydrate – food applications,B2B — opakowanie niepubliczne,,https://chemstock.ae/industrial-chemicals/food-chemicals/dextrose-monohydrate-supplier-uae/,,,,,BRAK,WORKING EXCEL v7 (incomplete) — awaiting Owner complete Excel (D-22),NO,NO_EAN_IN_V7,"AWAIT_OWNER_EXCEL (no SHOP gap-filling, D-23)",False,False,OTHER_MARKET:AE,False
BH,Bahrain,★★★★,GCC,STABILIZER,3,AFTER_ENGINE_10_10 (D-27),PI-ING-000492,TARA GUM · Stabilizer,EXACT_PR,TARA (as listed in v7),,TARA-MP-1508-50,,Modernist Pantry,Modernist Pantry Pure Tara Gum Powder,50 g,819543011967,https://modernistpantry.com/products/tara-gum.html,,,,,LEAD,WORKING EXCEL v7 (incomplete) — awaiting Owner complete Excel (D-22),NO,EAN_ON_GENERIC_TLD_PAGE,"AWAIT_OWNER_EXCEL (no SHOP gap-filling, D-23)",True,False,NONE,False
BR,Brazil,★★★★,BRAZIL,MILK,672,AFTER_ENGINE_10_10 (D-27),PI-ING-000236,MILK · 3.5% FAT · Chilled,EXACT_PR,,,MILK-GTIN-7898215151708,,Piracanjuba,Piracanjuba Leite Integral UHT 1 L,1 L,7898215151708,https://www.covabra.com.br/leite-piracanjuba-integral-1l/p,BR,CCTLD,RAW_HTML,2026-09-10T13:39:09Z,CONFIRMED,WORKING EXCEL v7 (incomplete) — awaiting Owner complete Excel (D-22),ONLY_IF_OWNER_EXCEL_KEEPS_THIS_PRODUCT,,OWNER_EXCEL_RECONCILIATION → LABEL FACTS → ENGINE 10/10,True,True,CCTLD,True
BR,Brazil,★★★★,BRAZIL,CREAM,130,AFTER_ENGINE_10_10 (D-27),PI-ING-000180,CREAM 30% · Mlekovita Cream · Chilled,EXACT_PR,,,CREAM-GTIN-7898215151975,,Piracanjuba,Piracanjuba Seleção Creme de Leite Gourmet 30%,"200 g, karton",7898215151975,https://www.lojasantoantonio.com.br/69883-creme-de-leite-gourmet-30--gordura-200ml-piracanjuba/p,BR,CCTLD,RAW_HTML,2026-09-10T13:39:43Z,CONFIRMED,WORKING EXCEL v7 (incomplete) — awaiting Owner complete Excel (D-22),ONLY_IF_OWNER_EXCEL_KEEPS_THIS_PRODUCT,,OWNER_EXCEL_RECONCILIATION → LABEL FACTS → ENGINE 10/10,True,True,CCTLD,True
BR,Brazil,★★★★,BRAZIL,SMP,35,AFTER_ENGINE_10_10 (D-27),PI-ING-000270,SKIMMED MILK POWDER · 0.8% FAT · Dairy · Dry,EXACT_PR,,,SMP-GTIN-07891000101506,,Nestlé Molico,Molico Desnatado Leite em Pó,280 g,7891000101506,https://compre.estreladistribuicao.com.br/leite-em-po-molico-desnatado-lata-280g-122947,BR,CCTLD,RAW_HTML,2026-09-10T13:37:20Z,CONFIRMED,WORKING EXCEL v7 (incomplete) — awaiting Owner complete Excel (D-22),ONLY_IF_OWNER_EXCEL_KEEPS_THIS_PRODUCT,,OWNER_EXCEL_RECONCILIATION → LABEL FACTS → ENGINE 10/10,True,True,CCTLD,True
BR,Brazil,★★★★,BRAZIL,SUCROSE,130,AFTER_ENGINE_10_10 (D-27),PI-ING-000514,SUCROSE SUGAR · Sweetener · Dry,GLOBAL_PI_GENERIC,,pt:Açúcar Refinado,GENERIC-SUCROSE,,GENERIC,Biały cukier krystaliczny — 100% cukier,dowolne opakowanie,,https://www.superpaguemenos.com.br/acucar-refinado-uniao-1kg/p,,,,,N/A_GENERIC,WORKING EXCEL v7 (incomplete) — awaiting Owner complete Excel (D-22),NO,NO_LOCAL_TERM_EVIDENCE,TERM_APPROVED (D-32),False,False,NONE,False
BR,Brazil,★★★★,BRAZIL,DEXTROSE,30,AFTER_ENGINE_10_10 (D-27),PI-ING-000494,DEXTROSE MONOHYDRATE · Sweetener · Dry,EXACT_PR,,,DEX-BR-PRODUCT,,Allimentari,Dextrose Monohidratada,1 kg,,https://www.allimentari.com.br/produto/dextrose-monohidratada-1-kg.html,,,,,BRAK,WORKING EXCEL v7 (incomplete) — awaiting Owner complete Excel (D-22),NO,NO_EAN_IN_V7,"AWAIT_OWNER_EXCEL (no SHOP gap-filling, D-23)",False,True,CCTLD,False
BR,Brazil,★★★★,BRAZIL,STABILIZER,3,AFTER_ENGINE_10_10 (D-27),PI-ING-000492,TARA GUM · Stabilizer,EXACT_PR,TARA (as listed in v7),,TARA-BR-PRODUCT,,Allimentari,Goma Tara INS 417 — 1 kg,1 kg,,https://www.allimentari.com.br/produto/goma-tara.html,,,,,BRAK,WORKING EXCEL v7 (incomplete) — awaiting Owner complete Excel (D-22),NO,NO_EAN_IN_V7,"AWAIT_OWNER_EXCEL (no SHOP gap-filling, D-23)",False,True,CCTLD,False
CA,Canada,★★★★★,CANADA,MILK,672,AFTER_ENGINE_10_10 (D-27),PI-ING-000236,MILK · 3.5% FAT · Chilled,EXACT_PR,,,MILK-GTIN-0064420010025,,Natrel,Natrel Fine-Filtered Homogenized Milk 3.25% M.F. 2 L,2 L,0064420010025,https://www.agropursolutions.ca/fr/produits/lait/finement-filtre/2l-natrel-lait-finement-filtre-325,CA,CCTLD,RAW_HTML,2026-09-10T13:38:43Z,CONFIRMED,WORKING EXCEL v7 (incomplete) — awaiting Owner complete Excel (D-22),ONLY_IF_OWNER_EXCEL_KEEPS_THIS_PRODUCT,,OWNER_EXCEL_RECONCILIATION → LABEL FACTS → ENGINE 10/10,True,True,CCTLD,True
CA,Canada,★★★★★,CANADA,CREAM,130,AFTER_ENGINE_10_10 (D-27),PI-ING-000180,CREAM 30% · Mlekovita Cream · Chilled,EXACT_PR,,,CREAM-GTIN-068700100451,,Dairyland,Dairyland Whipping Cream 33% M.F.,"473 ml, karton",068700100451,https://www.dairyland.ca/en/products/cream/33-whipping-cream,,,,,LEAD,WORKING EXCEL v7 (incomplete) — awaiting Owner complete Excel (D-22),NO,MARKET_PAGE_WITHOUT_EAN,"AWAIT_OWNER_EXCEL (no SHOP gap-filling, D-23)",False,True,CCTLD,False
CA,Canada,★★★★★,CANADA,SMP,35,AFTER_ENGINE_10_10 (D-27),PI-ING-000270,SKIMMED MILK POWDER · 0.8% FAT · Dairy · Dry,EXACT_PR,,,SMP-GTIN-00059000111322,,Carnation,Carnation Fat Free Instant Skim Milk Powder,500 g,059000111322,https://www.carnationmilk.ca/en/products/instant-skim,CA,CCTLD,RAW_HTML,2026-09-10T13:38:59Z,CONFIRMED,WORKING EXCEL v7 (incomplete) — awaiting Owner complete Excel (D-22),ONLY_IF_OWNER_EXCEL_KEEPS_THIS_PRODUCT,,OWNER_EXCEL_RECONCILIATION → LABEL FACTS → ENGINE 10/10,True,True,CCTLD,True
CA,Canada,★★★★★,CANADA,SUCROSE,130,AFTER_ENGINE_10_10 (D-27),PI-ING-000514,SUCROSE SUGAR · Sweetener · Dry,GLOBAL_PI_GENERIC,,SA10: en: granulated sugar (+sucrose/white sugar) | fr: saccharose (+sucre blanc),GENERIC-SUCROSE,,GENERIC,Biały cukier krystaliczny — 100% cukier,dowolne opakowanie,,,,,,,N/A_GENERIC,WORKING EXCEL v7 (incomplete) — awaiting Owner complete Excel (D-22),NO,NO_LOCAL_TERM_EVIDENCE,TERM_EVIDENCE_OR_OWNER_DECISION,False,False,NONE,False
CA,Canada,★★★★★,CANADA,DEXTROSE,30,AFTER_ENGINE_10_10 (D-27),PI-ING-000494,DEXTROSE MONOHYDRATE · Sweetener · Dry,EXACT_PR,,,DEX-GTIN-00700956300208,,ProteinCo,ProteinCo Dextrose Plain,"2,27 kg / 5 lb",700956300208,https://proteinco.ca/products/dextrose,CA,CCTLD,RAW_HTML,2026-09-10T13:38:20Z,CONFIRMED,WORKING EXCEL v7 (incomplete) — awaiting Owner complete Excel (D-22),ONLY_IF_OWNER_EXCEL_KEEPS_THIS_PRODUCT,,OWNER_EXCEL_RECONCILIATION → LABEL FACTS → ENGINE 10/10,True,True,CCTLD,True
CA,Canada,★★★★★,CANADA,STABILIZER,3,AFTER_ENGINE_10_10 (D-27),PI-ING-000492,TARA GUM · Stabilizer,EXACT_PR,TARA (as listed in v7),,TARA-CA-PRODUCT,,Louis François,Louis François Tara Gum 1 kg,1 kg,,https://supplies.gusta.ca/products/louis-francois-tara-gum,,,,,BRAK,WORKING EXCEL v7 (incomplete) — awaiting Owner complete Excel (D-22),NO,NO_EAN_IN_V7,"AWAIT_OWNER_EXCEL (no SHOP gap-filling, D-23)",False,True,CCTLD,False
CH,Switzerland,★★★★★,SWITZERLAND,MILK,672,AFTER_ENGINE_10_10 (D-27),PI-ING-000236,MILK · 3.5% FAT · Chilled,EXACT_PR,,,MILK-GTIN-7610900041589,,Prima,Prima Vollmilch UHT 3.5% 1L Tetra Base,1 L Tetra Base; jednostka konsumencka w zgrzewce 12 x 1 L,7610900041589,https://ofrex.ch/products/1647201013,CH,CCTLD,BROWSER_DOM,2026-09-10T13:56Z,CONFIRMED,WORKING EXCEL v7 (incomplete) — awaiting Owner complete Excel (D-22),ONLY_IF_OWNER_EXCEL_KEEPS_THIS_PRODUCT,,OWNER_EXCEL_RECONCILIATION → LABEL FACTS → ENGINE 10/10,True,True,CCTLD,True
CH,Switzerland,★★★★★,SWITZERLAND,CREAM,130,AFTER_ENGINE_10_10 (D-27),PI-ING-000180,CREAM 30% · Mlekovita Cream · Chilled,EXACT_PR,,,CREAM-GTIN-7613269880585,,Valflora,Valflora Vollrahm UHT 35% 250 ml,250 ml,7613269880585,https://migipedia.migros.ch/de/valflora-vollrahm-35-milchfett-uht-204111300000?community=details,,,,,LEAD,WORKING EXCEL v7 (incomplete) — awaiting Owner complete Excel (D-22),NO,SOURCE_NOT_READABLE,"AWAIT_OWNER_EXCEL (no SHOP gap-filling, D-23)",False,True,CCTLD,False
CH,Switzerland,★★★★★,SWITZERLAND,SMP,35,AFTER_ENGINE_10_10 (D-27),PI-ING-000270,SKIMMED MILK POWDER · 0.8% FAT · Dairy · Dry,EXACT_PR,,,SMP-CH-SKU,,Coop,Coop Magermilchpulver 350 g,350 g,,https://www.coop.ch/de/lebensmittel/milchprodukte-eier/milch/spezialmilch/magermilchpulver/p/3080756,,,,,BRAK,WORKING EXCEL v7 (incomplete) — awaiting Owner complete Excel (D-22),NO,NO_EAN_IN_V7,"AWAIT_OWNER_EXCEL (no SHOP gap-filling, D-23)",False,True,CCTLD,False
CH,Switzerland,★★★★★,SWITZERLAND,SUCROSE,130,AFTER_ENGINE_10_10 (D-27),PI-ING-000514,SUCROSE SUGAR · Sweetener · Dry,GLOBAL_PI_GENERIC,,SA10: de: Saccharose (+Zucker) | fr: saccharose (+sucre blanc) | it: saccarosio (+zucchero bianco),GENERIC-SUCROSE,,GENERIC,Biały cukier krystaliczny — 100% cukier,dowolne opakowanie,,,,,,,N/A_GENERIC,WORKING EXCEL v7 (incomplete) — awaiting Owner complete Excel (D-22),NO,NO_LOCAL_TERM_EVIDENCE,TERM_EVIDENCE_OR_OWNER_DECISION,False,False,NONE,False
CH,Switzerland,★★★★★,SWITZERLAND,DEXTROSE,30,AFTER_ENGINE_10_10 (D-27),PI-ING-000494,DEXTROSE MONOHYDRATE · Sweetener · Dry,EXACT_PR,,,DEX-GTIN-07640153565938,,Lee-Sport®,Dextrose Pulver Neutral 1000 g,1000 g,7640153565938,https://whey-protein.ch/products/dextrose-pulver,CH,CCTLD,RAW_HTML,2026-09-10T13:38:42Z,CONFIRMED,WORKING EXCEL v7 (incomplete) — awaiting Owner complete Excel (D-22),ONLY_IF_OWNER_EXCEL_KEEPS_THIS_PRODUCT,,OWNER_EXCEL_RECONCILIATION → LABEL FACTS → ENGINE 10/10,True,True,CCTLD,True
CH,Switzerland,★★★★★,SWITZERLAND,STABILIZER,3,AFTER_ENGINE_10_10 (D-27),PI-ING-000492,TARA GUM · Stabilizer,EXACT_PR,TARA (as listed in v7),,TARA-GTIN-08055728540170,,SaporePuro,SaporePuro Farina di Semi di Tara / Gomma di Tara E417,50 g,8055728540170,https://saporepuro.com/products/farina-di-semi-di-tara-gomma-di-tara-origine-peru-e417-confezionato-in-italia-1,,,,,LEAD,WORKING EXCEL v7 (incomplete) — awaiting Owner complete Excel (D-22),NO,EAN_ON_GENERIC_TLD_PAGE,"AWAIT_OWNER_EXCEL (no SHOP gap-filling, D-23)",True,False,NONE,False
CL,Chile,★★★★,LATAM_SOUTH_CONE,MILK,672,AFTER_ENGINE_10_10 (D-27),PI-ING-000236,MILK · 3.5% FAT · Chilled,EXACT_PR,,,MILK-CL-COLUN-UHT-31-1L,,COLUN,"COLUN Leche Entera Natural 3,1% 1 L",1 L,7802920777542,https://cl.openfoodfacts.org/producto/7802920777542/leche-entera-colun,,,,,LEAD,WORKING EXCEL v7 (incomplete) — awaiting Owner complete Excel (D-22),NO,EAN_ON_AGGREGATOR,"AWAIT_OWNER_EXCEL (no SHOP gap-filling, D-23)",False,True,SUBDOMAIN_LOCALE,False
CL,Chile,★★★★,LATAM_SOUTH_CONE,CREAM,130,AFTER_ENGINE_10_10 (D-27),PI-ING-000180,CREAM 30% · Mlekovita Cream · Chilled,EXACT_PR,,,CREAM-GTIN-7802900107017,,Soprole,Soprole Crema para Batir Larga Vida 35%,"1 l, karton UHT",7802900107017,https://super.eltit.cl/products/crema-l-vida-soprole-1lt-p-batir,CL,CCTLD,RAW_HTML,2026-09-10T13:38:34Z,CONFIRMED,WORKING EXCEL v7 (incomplete) — awaiting Owner complete Excel (D-22),ONLY_IF_OWNER_EXCEL_KEEPS_THIS_PRODUCT,,OWNER_EXCEL_RECONCILIATION → LABEL FACTS → ENGINE 10/10,True,True,CCTLD,True
CL,Chile,★★★★,LATAM_SOUTH_CONE,SMP,35,AFTER_ENGINE_10_10 (D-27),PI-ING-000270,SKIMMED MILK POWDER · 0.8% FAT · Dairy · Dry,EXACT_PR,,,SMP-GTIN-07802920009865,,COLUN,Colun Leche Descremada en Polvo,800 g,7802920009865,https://www.colun.cl/productos/categoria/detalle/leche-colun-descremada-en-polvo-800gr,CL,CCTLD,RAW_HTML,2026-09-10T13:39:05Z,CONFIRMED,WORKING EXCEL v7 (incomplete) — awaiting Owner complete Excel (D-22),ONLY_IF_OWNER_EXCEL_KEEPS_THIS_PRODUCT,,OWNER_EXCEL_RECONCILIATION → LABEL FACTS → ENGINE 10/10,True,True,CCTLD,True
CL,Chile,★★★★,LATAM_SOUTH_CONE,SUCROSE,130,AFTER_ENGINE_10_10 (D-27),PI-ING-000514,SUCROSE SUGAR · Sweetener · Dry,GLOBAL_PI_GENERIC,,SA10: es: azúcar blanco (+sacarosa),GENERIC-SUCROSE,,GENERIC,Biały cukier krystaliczny — 100% cukier,dowolne opakowanie,,,,,,,N/A_GENERIC,WORKING EXCEL v7 (incomplete) — awaiting Owner complete Excel (D-22),NO,NO_LOCAL_TERM_EVIDENCE,TERM_EVIDENCE_OR_OWNER_DECISION,False,False,NONE,False
CL,Chile,★★★★,LATAM_SOUTH_CONE,DEXTROSE,30,AFTER_ENGINE_10_10 (D-27),PI-ING-000494,DEXTROSE MONOHYDRATE · Sweetener · Dry,EXACT_PR,,,DEX-CL-PRODUCT,,SanoAlimentos,Dextrosa Monohidratada,1 kg,,https://www.sanoalimentos.cl/productos/dextrosa-monohidratada---1-kg,,,,,BRAK,WORKING EXCEL v7 (incomplete) — awaiting Owner complete Excel (D-22),NO,NO_EAN_IN_V7,"AWAIT_OWNER_EXCEL (no SHOP gap-filling, D-23)",False,True,CCTLD,False
CL,Chile,★★★★,LATAM_SOUTH_CONE,STABILIZER,3,AFTER_ENGINE_10_10 (D-27),PI-ING-000492,TARA GUM · Stabilizer,EXACT_PR,TARA (as listed in v7),,TARA-CL-PRODUCT,,Nutrigood,Goma Tara 100 Grs,100 g,,https://www.nutrigood.cl/tara,,,,,BRAK,WORKING EXCEL v7 (incomplete) — awaiting Owner complete Excel (D-22),NO,NO_EAN_IN_V7,"AWAIT_OWNER_EXCEL (no SHOP gap-filling, D-23)",False,True,CCTLD,False
CN,China,★★★★,GREATER_CHINA,MILK,672,AFTER_ENGINE_10_10 (D-27),PI-ING-000236,MILK · 3.5% FAT · Chilled,EXACT_PR,,,MILK-GTIN-4036300069450,,Oldenburger,Oldenburger UHT Full Cream Milk 3.5% fat — Chinese label SKU 14642,1 L carton; sold on JD as 12 x 1 L,4036300069450,https://www.oldenburger-professional.com/media/13/8d/af/1696234639/OLB%20Assortmentlist%202023_2024_combined.pdf,,,,,LEAD,WORKING EXCEL v7 (incomplete) — awaiting Owner complete Excel (D-22),NO,EAN_ON_GENERIC_TLD_PAGE,"AWAIT_OWNER_EXCEL (no SHOP gap-filling, D-23)",True,False,NONE,False
CN,China,★★★★,GREATER_CHINA,CREAM,130,AFTER_ENGINE_10_10 (D-27),PI-ING-000180,CREAM 30% · Mlekovita Cream · Chilled,EXACT_PR,,,CREAM-GTIN-4036300066749,,Oldenburger,Oldenburger Whipping Cream 30% fat UHT,200 g,4036300066749,https://www.oldenburger-professional.com/media/13/8d/af/1696234639/OLB%20Assortmentlist%202023_2024_combined.pdf,,,,,LEAD,WORKING EXCEL v7 (incomplete) — awaiting Owner complete Excel (D-22),NO,EAN_ON_GENERIC_TLD_PAGE,"AWAIT_OWNER_EXCEL (no SHOP gap-filling, D-23)",True,False,NONE,False
CN,China,★★★★,GREATER_CHINA,SMP,35,AFTER_ENGINE_10_10 (D-27),PI-ING-000270,SKIMMED MILK POWDER · 0.8% FAT · Dairy · Dry,EXACT_PR,,,SMP-GTIN-09300639999005,,Devondale,Devondale Instant Skim Milk Powder (德运脱脂奶粉),1 kg,9300639999005,https://www.devondale.com.au/en/products/milk/skim-milk-powder,,,,,LEAD,WORKING EXCEL v7 (incomplete) — awaiting Owner complete Excel (D-22),NO,PAGE_WITHOUT_EAN,"AWAIT_OWNER_EXCEL (no SHOP gap-filling, D-23)",False,False,OTHER_MARKET:AU,False
CN,China,★★★★,GREATER_CHINA,SUCROSE,130,AFTER_ENGINE_10_10 (D-27),PI-ING-000514,SUCROSE SUGAR · Sweetener · Dry,GLOBAL_PI_GENERIC,,,GENERIC-SUCROSE,,GENERIC,Biały cukier krystaliczny — 100% cukier,dowolne opakowanie,,,,,,,N/A_GENERIC,WORKING EXCEL v7 (incomplete) — awaiting Owner complete Excel (D-22),NO,NO_LOCAL_TERM_EVIDENCE,TERM_EVIDENCE_OR_OWNER_DECISION,False,False,NONE,False
CN,China,★★★★,GREATER_CHINA,DEXTROSE,30,AFTER_ENGINE_10_10 (D-27),PI-ING-000494,DEXTROSE MONOHYDRATE · Sweetener · Dry,EXACT_PR,,,DEX-CN-PRODUCT,,TNJ Chemical,Dextrose monohydrate food grade,25 kg papierowy worek,,https://www.tnjchem.com/dextrose-monohydrate-food-grade-at-factory-price_p2824.html,,,,,BRAK,WORKING EXCEL v7 (incomplete) — awaiting Owner complete Excel (D-22),NO,NO_EAN_IN_V7,"AWAIT_OWNER_EXCEL (no SHOP gap-filling, D-23)",False,False,NONE,False
CN,China,★★★★,GREATER_CHINA,STABILIZER,3,AFTER_ENGINE_10_10 (D-27),PI-ING-000492,TARA GUM · Stabilizer,EXACT_PR,TARA (as listed in v7),,TARA-CN-PRODUCT,,大丰收 (Dafengshou),"他拉胶 / 刺云实胶 / 塔拉胶 (Tara gum), food grade",25 kg,,https://www.dafengshou88.com/products/show13150638.html,,,,,BRAK,WORKING EXCEL v7 (incomplete) — awaiting Owner complete Excel (D-22),NO,NO_EAN_IN_V7,"AWAIT_OWNER_EXCEL (no SHOP gap-filling, D-23)",False,False,NONE,False
CO,Colombia,★★★★,LATAM_NORTH_ANDEAN,MILK,672,AFTER_ENGINE_10_10 (D-27),PI-ING-000236,MILK · 3.5% FAT · Chilled,EXACT_PR,,,MILK-CO-ALQUERIA-SUPER-35-1100,,Alquería,"Alquería Súper Cremosa Leche Entera 3,5% 1100 ml",1100 ml worek,7702177022726,https://www.alqueria.com.co/productos/leche-entera/super-cremosa;,,,,,LEAD,WORKING EXCEL v7 (incomplete) — awaiting Owner complete Excel (D-22),NO,SOURCE_NOT_READABLE,"AWAIT_OWNER_EXCEL (no SHOP gap-filling, D-23)",False,False,NONE,False
CO,Colombia,★★★★,LATAM_NORTH_ANDEAN,CREAM,130,AFTER_ENGINE_10_10 (D-27),PI-ING-000180,CREAM 30% · Mlekovita Cream · Chilled,EXACT_PR,,,CREAM-GTIN-7702177022344,,Alquería,Alquería Crema de Leche Original (fórmula PEC) 400 g,"400 g, saszetka z zakrętką, 27 porcji po 15 g",7702177022344,https://www.megatiendas.co/crema-de-leche-alqueria-semientera-x-400-g-7702177022344/p,,,,,LEAD,WORKING EXCEL v7 (incomplete) — awaiting Owner complete Excel (D-22),NO,EAN_ON_PAGE_BOUND_ONLY_BY_CURRENCY,"AWAIT_OWNER_EXCEL (no SHOP gap-filling, D-23)",True,False,CURRENCY_ONLY,False
CO,Colombia,★★★★,LATAM_NORTH_ANDEAN,SMP,35,AFTER_ENGINE_10_10 (D-27),PI-ING-000270,SKIMMED MILK POWDER · 0.8% FAT · Dairy · Dry,EXACT_PR,,,SMP-GTIN-07702129004572,,Colanta,Leche en Polvo Descremada Colanta Slight,torebka 380 g,7702129004572,https://www.mercacentro.com/leche-colanta-en-polvo-descremada-slight-380--g/p,,,,,LEAD,WORKING EXCEL v7 (incomplete) — awaiting Owner complete Excel (D-22),NO,EAN_ON_PAGE_BOUND_ONLY_BY_CURRENCY,"AWAIT_OWNER_EXCEL (no SHOP gap-filling, D-23)",True,False,CURRENCY_ONLY,False
CO,Colombia,★★★★,LATAM_NORTH_ANDEAN,SUCROSE,130,AFTER_ENGINE_10_10 (D-27),PI-ING-000514,SUCROSE SUGAR · Sweetener · Dry,GLOBAL_PI_GENERIC,,SA10: es: azúcar blanco (+sacarosa),GENERIC-SUCROSE,,GENERIC,Biały cukier krystaliczny — 100% cukier,dowolne opakowanie,,,,,,,N/A_GENERIC,WORKING EXCEL v7 (incomplete) — awaiting Owner complete Excel (D-22),NO,NO_LOCAL_TERM_EVIDENCE,TERM_EVIDENCE_OR_OWNER_DECISION,False,False,NONE,False
CO,Colombia,★★★★,LATAM_NORTH_ANDEAN,DEXTROSE,30,AFTER_ENGINE_10_10 (D-27),PI-ING-000494,DEXTROSE MONOHYDRATE · Sweetener · Dry,EXACT_PR,,,DEX-CO-PRODUCT,,Essentiall,Dextrosa Monohidratada,1 kg,,https://tienda.essentiall.com.co/producto/dextrosa-monohidratada-x-1-kg/,,,,,BRAK,WORKING EXCEL v7 (incomplete) — awaiting Owner complete Excel (D-22),NO,NO_EAN_IN_V7,"AWAIT_OWNER_EXCEL (no SHOP gap-filling, D-23)",False,False,CURRENCY_ONLY,False
CO,Colombia,★★★★,LATAM_NORTH_ANDEAN,STABILIZER,3,AFTER_ENGINE_10_10 (D-27),PI-ING-000492,TARA GUM · Stabilizer,EXACT_PR,TARA (as listed in v7),,TARA-MP-1508-50,,Modernist Pantry,Tara Gum — Home 50g,50 g,819543011967,https://modernistpantry.com/products/tara-gum.html,,,,,LEAD,WORKING EXCEL v7 (incomplete) — awaiting Owner complete Excel (D-22),NO,EAN_ON_GENERIC_TLD_PAGE,"AWAIT_OWNER_EXCEL (no SHOP gap-filling, D-23)",True,False,NONE,False
CR,Costa Rica,★★★★,LATAM_NORTH_ANDEAN,MILK,672,AFTER_ENGINE_10_10 (D-27),PI-ING-000236,MILK · 3.5% FAT · Chilled,EXACT_PR,,,MILK-CR-DOSPINOS-UHT-35-1L,,Dos Pinos,"Dos Pinos Leche Entera UAT 3,5% 1 L",1 L,7441001601071,https://www.superarias.com/leche-entera-3-5-grasa-dos-pinos-1l-tb/,,,,,LEAD,WORKING EXCEL v7 (incomplete) — awaiting Owner complete Excel (D-22),NO,EAN_ON_GENERIC_TLD_PAGE,"AWAIT_OWNER_EXCEL (no SHOP gap-filling, D-23)",True,False,NONE,False
CR,Costa Rica,★★★★,LATAM_NORTH_ANDEAN,CREAM,130,AFTER_ENGINE_10_10 (D-27),PI-ING-000180,CREAM 30% · Mlekovita Cream · Chilled,EXACT_PR,,,CREAM-GTIN-7441001604508,,Dos Pinos,Dos Pinos Crema Dulce para Batir 35%,"250 ml, karton UHT",7441001604508,https://www.megasuper.com/p/crema-dulce-dos-pinos-250ml-7441001604508,,,,,LEAD,WORKING EXCEL v7 (incomplete) — awaiting Owner complete Excel (D-22),NO,EAN_ON_PAGE_BOUND_ONLY_BY_CURRENCY,"AWAIT_OWNER_EXCEL (no SHOP gap-filling, D-23)",True,False,CURRENCY_ONLY,False
CR,Costa Rica,★★★★,LATAM_NORTH_ANDEAN,SMP,35,AFTER_ENGINE_10_10 (D-27),PI-ING-000270,SKIMMED MILK POWDER · 0.8% FAT · Dairy · Dry,EXACT_PR,,,SMP-GTIN-07441001612039,,Dos Pinos,Dos Pinos Leche descremada en polvo instantánea 0% grasa 400 g,"400 g, torebka",7441001612039,https://www.walmart.co.cr/leche-dos-pinos-en-polvo-descremada-400-g-0/p,CR,CCTLD,RAW_HTML,2026-09-10T13:40:27Z,CONFIRMED,WORKING EXCEL v7 (incomplete) — awaiting Owner complete Excel (D-22),ONLY_IF_OWNER_EXCEL_KEEPS_THIS_PRODUCT,,OWNER_EXCEL_RECONCILIATION → LABEL FACTS → ENGINE 10/10,True,True,CCTLD,True
CR,Costa Rica,★★★★,LATAM_NORTH_ANDEAN,SUCROSE,130,AFTER_ENGINE_10_10 (D-27),PI-ING-000514,SUCROSE SUGAR · Sweetener · Dry,GLOBAL_PI_GENERIC,,SA10: es: azúcar blanco (+sacarosa),GENERIC-SUCROSE,,GENERIC,Biały cukier krystaliczny — 100% cukier,dowolne opakowanie,,,,,,,N/A_GENERIC,WORKING EXCEL v7 (incomplete) — awaiting Owner complete Excel (D-22),NO,NO_LOCAL_TERM_EVIDENCE,TERM_EVIDENCE_OR_OWNER_DECISION,False,False,NONE,False
CR,Costa Rica,★★★★,LATAM_NORTH_ANDEAN,DEXTROSE,30,AFTER_ENGINE_10_10 (D-27),PI-ING-000494,DEXTROSE MONOHYDRATE · Sweetener · Dry,EXACT_PR,,,DEX-CR-PRODUCT,,CreaFoods,Dextrosa Monohidratada,1 kg,,https://www.creafoods.com/dextrosa-monohidratada-1kg,,,,,BRAK,WORKING EXCEL v7 (incomplete) — awaiting Owner complete Excel (D-22),NO,NO_EAN_IN_V7,"AWAIT_OWNER_EXCEL (no SHOP gap-filling, D-23)",False,False,NONE,False
CR,Costa Rica,★★★★,LATAM_NORTH_ANDEAN,STABILIZER,3,AFTER_ENGINE_10_10 (D-27),PI-ING-000492,TARA GUM · Stabilizer,EXACT_PR,TARA (as listed in v7),,TARA-MP-1508-50,,Modernist Pantry,Tara Gum — Home 50g,50 g,819543011967,https://modernistpantry.com/products/tara-gum.html,,,,,LEAD,WORKING EXCEL v7 (incomplete) — awaiting Owner complete Excel (D-22),NO,EAN_ON_GENERIC_TLD_PAGE,"AWAIT_OWNER_EXCEL (no SHOP gap-filling, D-23)",True,False,NONE,False
CY,Cyprus,★★★★,EU27,MILK,672,AFTER_ENGINE_10_10 (D-27),PI-ING-000236,MILK · 3.5% FAT · Chilled,EXACT_PR,,,MILK-CY-MEGGLE-UHT-35-1L,,MEGGLE,"MEGGLE UHT Whole Milk 3,5% 1 L",1 L,8585002504432,https://wolt.com/en/cyp/ammochostos/venue/sklavenitis-paralimni/meggle-uht-whole-milk-3-5-fat-1lt-8585002504432-713974-itemid-2a4ee6410142efb41258dd27,,,,,LEAD,WORKING EXCEL v7 (incomplete) — awaiting Owner complete Excel (D-22),NO,EAN_ON_MARKETPLACE_MARKET_PAGE,"AWAIT_OWNER_EXCEL (no SHOP gap-filling, D-23)",False,True,ADDRESS_COUNTRY,False
CY,Cyprus,★★★★,EU27,CREAM,130,AFTER_ENGINE_10_10 (D-27),PI-ING-000180,CREAM 30% · Mlekovita Cream · Chilled,EXACT_PR,,,CREAM-GTIN-5290036002436,,Charalambides Christis,Charalambides Christis Dairy Whipping Cream 35% 500 ml,500 ml,5290036002436,https://en.charalambideschristis.com.cy/products/manufactured/cream-en/whipping-cream-en/dairy-cream-en,,,,,LEAD,WORKING EXCEL v7 (incomplete) — awaiting Owner complete Excel (D-22),NO,MARKET_PAGE_WITHOUT_EAN,"AWAIT_OWNER_EXCEL (no SHOP gap-filling, D-23)",False,True,CCTLD,False
CY,Cyprus,★★★★,EU27,SMP,35,AFTER_ENGINE_10_10 (D-27),PI-ING-000270,SKIMMED MILK POWDER · 0.8% FAT · Dairy · Dry,EXACT_PR,,,SMP-GTIN-03043939531112,,Régilait,Instant Skimmed Milk Powder With 0% Fat,puszka 300 g,3043939531112,https://www.alphamega.com.cy/en/groceries/food-cupboard/coffee-tea-cocoa/coffee/instant-coffee/regilait-instant-skimmed-milk-powder-with-0-fat-300-g,,,,,LEAD,WORKING EXCEL v7 (incomplete) — awaiting Owner complete Excel (D-22),NO,MARKET_PAGE_WITHOUT_EAN,"AWAIT_OWNER_EXCEL (no SHOP gap-filling, D-23)",False,True,CCTLD,False
CY,Cyprus,★★★★,EU27,SUCROSE,130,AFTER_ENGINE_10_10 (D-27),PI-ING-000514,SUCROSE SUGAR · Sweetener · Dry,GLOBAL_PI_GENERIC,,,GENERIC-SUCROSE,,GENERIC,Biały cukier krystaliczny — 100% cukier,dowolne opakowanie,,,,,,,N/A_GENERIC,WORKING EXCEL v7 (incomplete) — awaiting Owner complete Excel (D-22),NO,NO_LOCAL_TERM_EVIDENCE,TERM_EVIDENCE_OR_OWNER_DECISION,False,False,NONE,False
CY,Cyprus,★★★★,EU27,DEXTROSE,30,AFTER_ENGINE_10_10 (D-27),PI-ING-000494,DEXTROSE MONOHYDRATE · Sweetener · Dry,EXACT_PR,,,DEX-CY-PRODUCT,,Prozis,Prozis Dextrose900g (3-pack),3×900 g,,https://www.cycheapersupplements.com/muscle-mass/11699-3x-prozis-dextrose-900-g-22-servings-2700-g-66-servings.html,,,,,BRAK,WORKING EXCEL v7 (incomplete) — awaiting Owner complete Excel (D-22),NO,NO_EAN_IN_V7,"AWAIT_OWNER_EXCEL (no SHOP gap-filling, D-23)",False,False,NONE,False
CY,Cyprus,★★★★,EU27,STABILIZER,3,AFTER_ENGINE_10_10 (D-27),PI-ING-000492,TARA GUM · Stabilizer,EXACT_PR,TARA (as listed in v7),,TARA-GTIN-08055728540170,,SaporePuro,SaporePuro Farina di Semi di Tara / Gomma di Tara E417,50 g,8055728540170,https://saporepuro.com/products/farina-di-semi-di-tara-gomma-di-tara-origine-peru-e417-confezionato-in-italia-1,,,,,LEAD,WORKING EXCEL v7 (incomplete) — awaiting Owner complete Excel (D-22),NO,EAN_ON_GENERIC_TLD_PAGE,"AWAIT_OWNER_EXCEL (no SHOP gap-filling, D-23)",True,False,NONE,False
CZ,Czechia,★★★★,EU27,MILK,672,AFTER_ENGINE_10_10 (D-27),PI-ING-000236,MILK · 3.5% FAT · Chilled,EXACT_PR,,,MILK-GTIN-8593803224015,,Madeta,Madeta Jihočeské mléko trvanlivé plnotučné 3.5% 1L,1 L karton UHT,8593803224015,https://eshop.agrola.cz/trvanlive/800-mleko-trvanlive-plnot35-8593803224015.html,CZ,CCTLD,RAW_HTML,2026-09-10T13:37:33Z,CONFIRMED,WORKING EXCEL v7 (incomplete) — awaiting Owner complete Excel (D-22),ONLY_IF_OWNER_EXCEL_KEEPS_THIS_PRODUCT,,OWNER_EXCEL_RECONCILIATION → LABEL FACTS → ENGINE 10/10,True,True,CCTLD,True
CZ,Czechia,★★★★,EU27,CREAM,130,AFTER_ENGINE_10_10 (D-27),PI-ING-000180,CREAM 30% · Mlekovita Cream · Chilled,EXACT_PR,,,CREAM-GTIN-8585002520043,,MEGGLE Slovakia,Meggle Smetana ke šlehání 30%,250 ml carton,8585002520043,https://globusonline.cz/p/meggle-smetana-ke-slehani-30-tuku-250-ml,CZ,CCTLD,RAW_HTML,2026-09-10T13:37:38Z,CONFIRMED,WORKING EXCEL v7 (incomplete) — awaiting Owner complete Excel (D-22),ONLY_IF_OWNER_EXCEL_KEEPS_THIS_PRODUCT,,OWNER_EXCEL_RECONCILIATION → LABEL FACTS → ENGINE 10/10,True,True,CCTLD,True
CZ,Czechia,★★★★,EU27,SMP,35,AFTER_ENGINE_10_10 (D-27),PI-ING-000270,SKIMMED MILK POWDER · 0.8% FAT · Dairy · Dry,EXACT_PR,,,SMP-GTIN-08369921447533,,ALMECO,Sušené odtučněné mléko ALMECO,150 g,8369921447533,https://www.cukrar-shop.cz/Susene-mleko-plnotucne-400g-d2388.htm,CZ,CCTLD,RAW_HTML,2026-09-10T13:39:11Z,CONFIRMED,WORKING EXCEL v7 (incomplete) — awaiting Owner complete Excel (D-22),ONLY_IF_OWNER_EXCEL_KEEPS_THIS_PRODUCT,,OWNER_EXCEL_RECONCILIATION → LABEL FACTS → ENGINE 10/10,True,True,CCTLD,True
CZ,Czechia,★★★★,EU27,SUCROSE,130,AFTER_ENGINE_10_10 (D-27),PI-ING-000514,SUCROSE SUGAR · Sweetener · Dry,GLOBAL_PI_GENERIC,,cs:Cukr krystal,GENERIC-SUCROSE,,GENERIC,Biały cukier krystaliczny — 100% cukier,dowolne opakowanie,,https://eshop.coop-box.cz/produkt/Cukr_krystal_1kg,,,,,N/A_GENERIC,WORKING EXCEL v7 (incomplete) — awaiting Owner complete Excel (D-22),NO,NO_LOCAL_TERM_EVIDENCE,TERM_APPROVED (D-32),False,False,NONE,False
CZ,Czechia,★★★★,EU27,DEXTROSE,30,AFTER_ENGINE_10_10 (D-27),PI-ING-000494,DEXTROSE MONOHYDRATE · Sweetener · Dry,EXACT_PR,,,DEX-GTIN-08588006139983,,GymBeam,"Dextróza - GymBeam, bez dodatków smakowych",1000 g,8588006139983,https://gymbeam.cz/dextroza-1000-g-gym-beam.html,CZ,CCTLD,RAW_HTML,2026-09-10T13:37:39Z,CONFIRMED,WORKING EXCEL v7 (incomplete) — awaiting Owner complete Excel (D-22),ONLY_IF_OWNER_EXCEL_KEEPS_THIS_PRODUCT,,OWNER_EXCEL_RECONCILIATION → LABEL FACTS → ENGINE 10/10,True,True,CCTLD,True
CZ,Czechia,★★★★,EU27,STABILIZER,3,AFTER_ENGINE_10_10 (D-27),PI-ING-000492,TARA GUM · Stabilizer,EXACT_PR,TARA (as listed in v7),,TARA-CZ-PRODUCT,,Valknut,Guma Tara Valknut / Tara guma Valknut,500 g,,https://www.valknut.cz/guma-tara-valknut/,,,,,BRAK,WORKING EXCEL v7 (incomplete) — awaiting Owner complete Excel (D-22),NO,NO_EAN_IN_V7,"AWAIT_OWNER_EXCEL (no SHOP gap-filling, D-23)",False,True,CCTLD,False
DE,Germany,★★★★★,EU27,MILK,672,AFTER_ENGINE_10_10 (D-27),PI-ING-000236,MILK · 3.5% FAT · Chilled,EXACT_PR,,,MILK-GTIN-4045500011145,,frischli,"frischli H-Vollmilch 3,5% 1 L",1 L carton; case12 x1L,4045500011145,https://www.frischli.de/produkte/index.htm?showproduct=67006&showrange=73333,DE,CCTLD,RAW_HTML,2026-09-10T13:39:21Z,CONFIRMED,WORKING EXCEL v7 (incomplete) — awaiting Owner complete Excel (D-22),ONLY_IF_OWNER_EXCEL_KEEPS_THIS_PRODUCT,,OWNER_EXCEL_RECONCILIATION → LABEL FACTS → ENGINE 10/10,True,True,CCTLD,True
DE,Germany,★★★★★,EU27,CREAM,130,AFTER_ENGINE_10_10 (D-27),PI-ING-000180,CREAM 30% · Mlekovita Cream · Chilled,EXACT_PR,,,CREAM-GTIN-4070700003058,,Hofgut,Hofgut Schlagsahne 30% 200 g,200 g,4070700003058,https://www.hohenloher-molkerei.de/hubfs/website/produkte/Sahne/Datenblatt/35305_Hofgut_Schlagsahne_30_200g.pdf?hsLang=de,DE,CCTLD,RAW_HTML,2026-09-10T13:39:26Z,CONFIRMED,WORKING EXCEL v7 (incomplete) — awaiting Owner complete Excel (D-22),ONLY_IF_OWNER_EXCEL_KEEPS_THIS_PRODUCT,,OWNER_EXCEL_RECONCILIATION → LABEL FACTS → ENGINE 10/10,True,True,CCTLD,True
DE,Germany,★★★★★,EU27,SMP,35,AFTER_ENGINE_10_10 (D-27),PI-ING-000270,SKIMMED MILK POWDER · 0.8% FAT · Dairy · Dry,EXACT_PR,,,SMP-GTIN-04008230010901,,Saliter,Saliter Magermilchpulver 250 g,250 g,4008230010901,https://saliter.de/milchprodukte/milchpulver/magermilchpulver/,,,,,LEAD,WORKING EXCEL v7 (incomplete) — awaiting Owner complete Excel (D-22),NO,MARKET_PAGE_WITHOUT_EAN,"AWAIT_OWNER_EXCEL (no SHOP gap-filling, D-23)",False,True,CCTLD,False
DE,Germany,★★★★★,EU27,SUCROSE,130,AFTER_ENGINE_10_10 (D-27),PI-ING-000514,SUCROSE SUGAR · Sweetener · Dry,GLOBAL_PI_GENERIC,,SA10: de: Saccharose (+Zucker),GENERIC-SUCROSE,,GENERIC,Biały cukier krystaliczny — 100% cukier,dowolne opakowanie,,,,,,,N/A_GENERIC,WORKING EXCEL v7 (incomplete) — awaiting Owner complete Excel (D-22),NO,NO_LOCAL_TERM_EVIDENCE,TERM_EVIDENCE_OR_OWNER_DECISION,False,False,NONE,False
DE,Germany,★★★★★,EU27,DEXTROSE,30,AFTER_ENGINE_10_10 (D-27),PI-ING-000494,DEXTROSE MONOHYDRATE · Sweetener · Dry,EXACT_PR,,,DEX-GTIN-04250573301738,,Golden Peanut,Dextrose monohydrat Pulver 5 kg,5 kg wiadro,4250573301738,https://www.golden-peanut.de/Dextrose-monohydrat-Pulver/11135-01,DE,CCTLD,RAW_HTML,2026-09-10T13:39:22Z,CONFIRMED,WORKING EXCEL v7 (incomplete) — awaiting Owner complete Excel (D-22),ONLY_IF_OWNER_EXCEL_KEEPS_THIS_PRODUCT,,OWNER_EXCEL_RECONCILIATION → LABEL FACTS → ENGINE 10/10,True,True,CCTLD,True
DE,Germany,★★★★★,EU27,STABILIZER,3,AFTER_ENGINE_10_10 (D-27),PI-ING-000492,TARA GUM · Stabilizer,EXACT_PR,TARA (as listed in v7),,TARA-GTIN-08055728540170,,SaporePuro,SaporePuro Farina di Semi di Tara / Gomma di Tara E417,50 g,8055728540170,https://saporepuro.com/products/farina-di-semi-di-tara-gomma-di-tara-origine-peru-e417-confezionato-in-italia-1,,,,,LEAD,WORKING EXCEL v7 (incomplete) — awaiting Owner complete Excel (D-22),NO,EAN_ON_GENERIC_TLD_PAGE,"AWAIT_OWNER_EXCEL (no SHOP gap-filling, D-23)",True,False,NONE,False
DK,Denmark,★★★★★,EU27,MILK,672,AFTER_ENGINE_10_10 (D-27),PI-ING-000236,MILK · 3.5% FAT · Chilled,EXACT_PR,,,MILK-GTIN-5709310050303,,Arla,"Arla Sødmælk 3,5% UHT 1 L",1 L carton with screw cap,5709310050303,https://danfoods.dk/wp-content/uploads/data-sheets/700000/700000%20S%C3%98DM%C3%86LK%20UHT%20ARLA%201L%2088508.pdf,DK,CCTLD,RAW_HTML,2026-09-10T13:37:23Z,CONFIRMED,WORKING EXCEL v7 (incomplete) — awaiting Owner complete Excel (D-22),ONLY_IF_OWNER_EXCEL_KEEPS_THIS_PRODUCT,,OWNER_EXCEL_RECONCILIATION → LABEL FACTS → ENGINE 10/10,True,True,CCTLD,True
DK,Denmark,★★★★★,EU27,CREAM,130,AFTER_ENGINE_10_10 (D-27),PI-ING-000180,CREAM 30% · Mlekovita Cream · Chilled,EXACT_PR,,,CREAM-GTIN-5711953069291,,Arla,Arla Piskefløde 35% UHT 200 ml,200 ml,5711953069291,https://www.arla.dk/produkter/arla/piskeflode-64625/,DK,CCTLD,RAW_HTML,2026-09-10T13:38:51Z,CONFIRMED,WORKING EXCEL v7 (incomplete) — awaiting Owner complete Excel (D-22),ONLY_IF_OWNER_EXCEL_KEEPS_THIS_PRODUCT,,OWNER_EXCEL_RECONCILIATION → LABEL FACTS → ENGINE 10/10,True,True,CCTLD,True
DK,Denmark,★★★★★,EU27,SMP,35,AFTER_ENGINE_10_10 (D-27),PI-ING-000270,SKIMMED MILK POWDER · 0.8% FAT · Dairy · Dry,EXACT_PR,,,SMP-GTIN-05703161691012,,EASIS,EASIS Skummetmælkspulver 200 g,200 g,5703161691012,https://easis.dk/products/easis-skummetmaelkspulver,,,,,LEAD,WORKING EXCEL v7 (incomplete) — awaiting Owner complete Excel (D-22),NO,MARKET_PAGE_WITHOUT_EAN,"AWAIT_OWNER_EXCEL (no SHOP gap-filling, D-23)",False,True,CCTLD,False
DK,Denmark,★★★★★,EU27,SUCROSE,130,AFTER_ENGINE_10_10 (D-27),PI-ING-000514,SUCROSE SUGAR · Sweetener · Dry,GLOBAL_PI_GENERIC,,da:Sukker,GENERIC-SUCROSE,,GENERIC,Biały cukier krystaliczny — 100% cukier,dowolne opakowanie,,https://www.dansukker.dk/dk/produkter/alle-produkter/sukker-1-kg,,,,,N/A_GENERIC,WORKING EXCEL v7 (incomplete) — awaiting Owner complete Excel (D-22),NO,NO_LOCAL_TERM_EVIDENCE,TERM_APPROVED (D-32),False,False,NONE,False
DK,Denmark,★★★★★,EU27,DEXTROSE,30,AFTER_ENGINE_10_10 (D-27),PI-ING-000494,DEXTROSE MONOHYDRATE · Sweetener · Dry,EXACT_PR,,,DEX-GTIN-05709286720064,,Urtegaarden,Urtegaarden Druesukker 500 g,500 g,5709286720064,https://www.helsebixen.dk/shop/urtegaarden-druesukker.html,DK,CCTLD,RAW_HTML,2026-09-10T13:39:24Z,CONFIRMED,WORKING EXCEL v7 (incomplete) — awaiting Owner complete Excel (D-22),ONLY_IF_OWNER_EXCEL_KEEPS_THIS_PRODUCT,,OWNER_EXCEL_RECONCILIATION → LABEL FACTS → ENGINE 10/10,True,True,CCTLD,True
DK,Denmark,★★★★★,EU27,STABILIZER,3,AFTER_ENGINE_10_10 (D-27),PI-ING-000492,TARA GUM · Stabilizer,EXACT_PR,TARA (as listed in v7),,TARA-DK-PRODUCT,,Louis François,Gum tara 1 kg,1 kg,,https://condi.dk/da/tilsaetningsstoffer/gum-tara-1-kg,,,,,BRAK,WORKING EXCEL v7 (incomplete) — awaiting Owner complete Excel (D-22),NO,NO_EAN_IN_V7,"AWAIT_OWNER_EXCEL (no SHOP gap-filling, D-23)",False,True,CCTLD,False
DO,Dominican Republic,★★★★,LATAM_NORTH_ANDEAN,MILK,672,AFTER_ENGINE_10_10 (D-27),PI-ING-000236,MILK · 3.5% FAT · Chilled,EXACT_PR,,,MILK-GTIN-4100290023195,,Milex,Milex Leche UHT Entera 1 L,1 L,4100290023195,https://www.arla.com/es-do/productos/milex-leche-entera-1l-194976/,DO,PATH_LOCALE,RAW_HTML,2026-09-10T13:38:50Z,CONFIRMED,WORKING EXCEL v7 (incomplete) — awaiting Owner complete Excel (D-22),ONLY_IF_OWNER_EXCEL_KEEPS_THIS_PRODUCT,,OWNER_EXCEL_RECONCILIATION → LABEL FACTS → ENGINE 10/10,True,True,PATH_LOCALE,True
DO,Dominican Republic,★★★★,LATAM_NORTH_ANDEAN,CREAM,130,AFTER_ENGINE_10_10 (D-27),PI-ING-000180,CREAM 30% · Mlekovita Cream · Chilled,EXACT_PR,,,CREAM-GTIN-30028777,,Elle & Vire,Elle & Vire Crème Liquide Whipping Cream UHT 35% 200 ml,200 ml carton,30028777,https://savencia.kameleon-apps.com/storage/2022/09/26720909.pdf,,,,,LEAD,WORKING EXCEL v7 (incomplete) — awaiting Owner complete Excel (D-22),NO,EAN_ON_GENERIC_TLD_PAGE,"AWAIT_OWNER_EXCEL (no SHOP gap-filling, D-23)",True,False,NONE,False
DO,Dominican Republic,★★★★,LATAM_NORTH_ANDEAN,SMP,35,AFTER_ENGINE_10_10 (D-27),PI-ING-000270,SKIMMED MILK POWDER · 0.8% FAT · Dairy · Dry,EXACT_PR,,,SMP-DO-SKU,,Milex,Milex Polvo Descremada Slim,torebka 800 g,,https://www.arla.com/es-do/productos/milex-polvo-descremada-194961/,,,,,BRAK,WORKING EXCEL v7 (incomplete) — awaiting Owner complete Excel (D-22),NO,NO_EAN_IN_V7,"AWAIT_OWNER_EXCEL (no SHOP gap-filling, D-23)",False,True,PATH_LOCALE,False
DO,Dominican Republic,★★★★,LATAM_NORTH_ANDEAN,SUCROSE,130,AFTER_ENGINE_10_10 (D-27),PI-ING-000514,SUCROSE SUGAR · Sweetener · Dry,GLOBAL_PI_GENERIC,,SA10: es: azúcar blanco (+sacarosa),GENERIC-SUCROSE,,GENERIC,Biały cukier krystaliczny — 100% cukier,dowolne opakowanie,,,,,,,N/A_GENERIC,WORKING EXCEL v7 (incomplete) — awaiting Owner complete Excel (D-22),NO,NO_LOCAL_TERM_EVIDENCE,TERM_EVIDENCE_OR_OWNER_DECISION,False,False,NONE,False
DO,Dominican Republic,★★★★,LATAM_NORTH_ANDEAN,DEXTROSE,30,AFTER_ENGINE_10_10 (D-27),PI-ING-000494,DEXTROSE MONOHYDRATE · Sweetener · Dry,EXACT_PR,,,DEX-DO-PRODUCT,,Multiquimica (dystrybutor),Dextrosa Monohidratada,"25 kg, funda (worek)",,https://dgii.gov.do/cicloContribuyente/facturacion/comprobantesFiscalesElectronicosE-CF/Paginas/Implemantacion-FE-listado-grandes-contribuyentes-nacionales.aspx,,,,,BRAK,WORKING EXCEL v7 (incomplete) — awaiting Owner complete Excel (D-22),NO,NO_EAN_IN_V7,"AWAIT_OWNER_EXCEL (no SHOP gap-filling, D-23)",False,True,CCTLD,False
DO,Dominican Republic,★★★★,LATAM_NORTH_ANDEAN,STABILIZER,3,AFTER_ENGINE_10_10 (D-27),PI-ING-000492,TARA GUM · Stabilizer,EXACT_PR,TARA (as listed in v7),,TARA-MP-1508-50,,Modernist Pantry,Tara Gum — Home 50g,50 g (Home pack),819543011967,https://modernistpantry.com/products/tara-gum.html,,,,,LEAD,WORKING EXCEL v7 (incomplete) — awaiting Owner complete Excel (D-22),NO,EAN_ON_GENERIC_TLD_PAGE,"AWAIT_OWNER_EXCEL (no SHOP gap-filling, D-23)",True,False,NONE,False
DZ,Algeria,★★★★,MAGHREB,MILK,672,AFTER_ENGINE_10_10 (D-27),PI-ING-000236,MILK · 3.5% FAT · Chilled,EXACT_PR,,,MILK-GTIN-6130760003592,,Soummam,Lait Entier Stérilisé UHT 1L,1 L,6130760003592,https://www.taibaoline.com/product/soummam-lait-entier-1-litre/,,,,,LEAD,WORKING EXCEL v7 (incomplete) — awaiting Owner complete Excel (D-22),NO,EAN_ON_PAGE_BOUND_ONLY_BY_CURRENCY,"AWAIT_OWNER_EXCEL (no SHOP gap-filling, D-23)",True,False,CURRENCY_ONLY,False
DZ,Algeria,★★★★,MAGHREB,CREAM,130,AFTER_ENGINE_10_10 (D-27),PI-ING-000180,CREAM 30% · Mlekovita Cream · Chilled,EXACT_PR,,,CREAM-GTIN-3412290032215,,Paysan Breton,Paysan Breton La Crème Pâtisserie & Cuisine UHT 30%,20 cl,3412290032215,https://bf1af2.akinoncloudcdn.com/products/2025/03/28/87485/697134c3-73cd-408b-8a68-2100017edff8_size1920_cropCenter.jpg,,,,,LEAD,WORKING EXCEL v7 (incomplete) — awaiting Owner complete Excel (D-22),NO,PAGE_WITHOUT_EAN,"AWAIT_OWNER_EXCEL (no SHOP gap-filling, D-23)",False,False,NONE,False
DZ,Algeria,★★★★,MAGHREB,SMP,35,AFTER_ENGINE_10_10 (D-27),PI-ING-000270,SKIMMED MILK POWDER · 0.8% FAT · Dairy · Dry,EXACT_PR,,,SMP-GTIN-00733739058324,,NOW Foods Real Food,NOW Real Food Organic Non-Fat Dry Milk Powder,torebka 12 oz (340 g),733739058324,https://www.nowfoods.com/products/natural-foods/non-fat-dry-milk-powder-organic,,,,,LEAD,WORKING EXCEL v7 (incomplete) — awaiting Owner complete Excel (D-22),NO,EAN_ON_GENERIC_TLD_PAGE,"AWAIT_OWNER_EXCEL (no SHOP gap-filling, D-23)",True,False,NONE,False
DZ,Algeria,★★★★,MAGHREB,SUCROSE,130,AFTER_ENGINE_10_10 (D-27),PI-ING-000514,SUCROSE SUGAR · Sweetener · Dry,GLOBAL_PI_GENERIC,,SA10: fr: saccharose (+sucre blanc) | ar: سكروز,GENERIC-SUCROSE,,GENERIC,Biały cukier krystaliczny — 100% cukier,dowolne opakowanie,,,,,,,N/A_GENERIC,WORKING EXCEL v7 (incomplete) — awaiting Owner complete Excel (D-22),NO,NO_LOCAL_TERM_EVIDENCE,TERM_EVIDENCE_OR_OWNER_DECISION,False,False,NONE,False
DZ,Algeria,★★★★,MAGHREB,DEXTROSE,30,AFTER_ENGINE_10_10 (D-27),PI-ING-000494,DEXTROSE MONOHYDRATE · Sweetener · Dry,EXACT_PR,,,DEX-DZ-PRODUCT,,Chemstock,Dextrose Monohydrate — food grade,B2B — opakowanie niepubliczne,,https://chemstock.ae/industrial-chemicals/food-chemicals/dextrose-monohydrate-supplier-uae/,,,,,BRAK,WORKING EXCEL v7 (incomplete) — awaiting Owner complete Excel (D-22),NO,NO_EAN_IN_V7,"AWAIT_OWNER_EXCEL (no SHOP gap-filling, D-23)",False,False,OTHER_MARKET:AE,False
DZ,Algeria,★★★★,MAGHREB,STABILIZER,3,AFTER_ENGINE_10_10 (D-27),PI-ING-000492,TARA GUM · Stabilizer,EXACT_PR,TARA (as listed in v7),,TARA-GTIN-00711221973065,,Cape Crystal Brands,Cape Crystal Brands Tara Gum Powder,8 oz (226.8 g),711221973065,https://www.capecrystalbrands.com/products/tara-gum,,,,,LEAD,WORKING EXCEL v7 (incomplete) — awaiting Owner complete Excel (D-22),NO,EAN_ON_GENERIC_TLD_PAGE,"AWAIT_OWNER_EXCEL (no SHOP gap-filling, D-23)",True,False,NONE,False
EE,Estonia,★★★★,EU27,MILK,672,AFTER_ENGINE_10_10 (D-27),PI-ING-000236,MILK · 3.5% FAT · Chilled,EXACT_PR,,,MILK-EE-TERE-UHT-35-1L,,Tere,"Tere Cappuccino UHT Milk 3,5% 1 L",1 L,4740036009085,https://www.rimi.ee/epood/en/products/dairy-products-eggs-cheese/milk/high-pasteurized-milk/piim-cappuccino-tere-3-5-1l/p/286625,,,,,LEAD,WORKING EXCEL v7 (incomplete) — awaiting Owner complete Excel (D-22),NO,MARKET_PAGE_WITHOUT_EAN,"AWAIT_OWNER_EXCEL (no SHOP gap-filling, D-23)",False,True,CCTLD,False
EE,Estonia,★★★★,EU27,CREAM,130,AFTER_ENGINE_10_10 (D-27),PI-ING-000180,CREAM 30% · Mlekovita Cream · Chilled,EXACT_PR,,,CREAM-GTIN-4740125220049,,Valio Eesti AS / Alma,Alma vahukoor 35%,400 ml carton,4740125220049,https://www.valio.ee/tooted/alma-vahukoor-35-400ml/,EE,CCTLD,RAW_HTML,2026-09-10T13:40:25Z,CONFIRMED,WORKING EXCEL v7 (incomplete) — awaiting Owner complete Excel (D-22),ONLY_IF_OWNER_EXCEL_KEEPS_THIS_PRODUCT,,OWNER_EXCEL_RECONCILIATION → LABEL FACTS → ENGINE 10/10,True,True,CCTLD,True
EE,Estonia,★★★★,EU27,SMP,35,AFTER_ENGINE_10_10 (D-27),PI-ING-000270,SKIMMED MILK POWDER · 0.8% FAT · Dairy · Dry,EXACT_PR,,,SMP-GTIN-06408430840625,,Valio,Piimapulber rasvavaba / rasvaton maitojauhe instant,400 g,6408430840625,https://www.valio.fi/tuotteet/valio-rasvaton-maitojauhe-instant/,,,,,LEAD,WORKING EXCEL v7 (incomplete) — awaiting Owner complete Excel (D-22),NO,EAN_ON_FOREIGN_MARKET_PAGE,"AWAIT_OWNER_EXCEL (no SHOP gap-filling, D-23)",True,False,OTHER_MARKET:FI,False
EE,Estonia,★★★★,EU27,SUCROSE,130,AFTER_ENGINE_10_10 (D-27),PI-ING-000514,SUCROSE SUGAR · Sweetener · Dry,GLOBAL_PI_GENERIC,,et:Suhkur,GENERIC-SUCROSE,,GENERIC,Biały cukier krystaliczny — 100% cukier,dowolne opakowanie,,https://barbora.ee/toode/suhkur-extra-line-1-kg,,,,,N/A_GENERIC,WORKING EXCEL v7 (incomplete) — awaiting Owner complete Excel (D-22),NO,NO_LOCAL_TERM_EVIDENCE,TERM_APPROVED (D-32),False,False,NONE,False
EE,Estonia,★★★★,EU27,DEXTROSE,30,AFTER_ENGINE_10_10 (D-27),PI-ING-000494,DEXTROSE MONOHYDRATE · Sweetener · Dry,EXACT_PR,,,DEX-GTIN-04744130012590,,ICONFIT,"ICONFIT Dextro, czysta dekstroza w proszku",1000 g,4744130012590,https://iconfit.ee/products/dextrose,EE,CCTLD,RAW_HTML,2026-09-10T13:37:41Z,CONFIRMED,WORKING EXCEL v7 (incomplete) — awaiting Owner complete Excel (D-22),ONLY_IF_OWNER_EXCEL_KEEPS_THIS_PRODUCT,,OWNER_EXCEL_RECONCILIATION → LABEL FACTS → ENGINE 10/10,True,True,CCTLD,True
EE,Estonia,★★★★,EU27,STABILIZER,3,AFTER_ENGINE_10_10 (D-27),PI-ING-000492,TARA GUM · Stabilizer,EXACT_PR,TARA (as listed in v7),,TARA-GTIN-08055728540170,,SaporePuro,SaporePuro Farina di Semi di Tara / Gomma di Tara E417,50 g,8055728540170,https://saporepuro.com/products/farina-di-semi-di-tara-gomma-di-tara-origine-peru-e417-confezionato-in-italia-1,,,,,LEAD,WORKING EXCEL v7 (incomplete) — awaiting Owner complete Excel (D-22),NO,EAN_ON_GENERIC_TLD_PAGE,"AWAIT_OWNER_EXCEL (no SHOP gap-filling, D-23)",True,False,NONE,False
EG,Egypt,★★★★,EGYPT,MILK,672,AFTER_ENGINE_10_10 (D-27),PI-ING-000236,MILK · 3.5% FAT · Chilled,EXACT_PR,,,MILK-EG-JUHAYNA-UHT-30-1L,,Juhayna,"Juhayna Full Cream Milk UHT 3,0% 1 L",1 L,6223000350065,https://www.carrefouregypt.com/mafegy/en/full-cream-milk/juhayna-full-cream-milk-1l/p/12721,,,,,LEAD,WORKING EXCEL v7 (incomplete) — awaiting Owner complete Excel (D-22),NO,EAN_ON_PAGE_BOUND_ONLY_BY_CURRENCY,"AWAIT_OWNER_EXCEL (no SHOP gap-filling, D-23)",True,False,CURRENCY_ONLY,False
EG,Egypt,★★★★,EGYPT,CREAM,130,AFTER_ENGINE_10_10 (D-27),PI-ING-000180,CREAM 30% · Mlekovita Cream · Chilled,EXACT_PR,,,CREAM-GTIN-3161911703385,,Elle & Vire,Elle & Vire Professionnel Excellence Whipping Cream UHT 35%,1 L brik (989 g net per official technical sheet),3161911703385,https://www.elle-et-vire.com/int/en/pro/creams/products/excellence-whipping-cream-35fat/,,,,,LEAD,WORKING EXCEL v7 (incomplete) — awaiting Owner complete Excel (D-22),NO,EAN_ONLY_ECHOED_FROM_URL_OR_QUERY,"AWAIT_OWNER_EXCEL (no SHOP gap-filling, D-23)",False,False,NONE,False
EG,Egypt,★★★★,EGYPT,SMP,35,AFTER_ENGINE_10_10 (D-27),PI-ING-000270,SKIMMED MILK POWDER · 0.8% FAT · Dairy · Dry,EXACT_PR,,,SMP-GTIN-00733739058324,,NOW Foods Real Food,NOW Real Food Organic Non-Fat Dry Milk Powder,torebka 12 oz (340 g),733739058324,https://www.nowfoods.com/products/natural-foods/non-fat-dry-milk-powder-organic,,,,,LEAD,WORKING EXCEL v7 (incomplete) — awaiting Owner complete Excel (D-22),NO,EAN_ON_GENERIC_TLD_PAGE,"AWAIT_OWNER_EXCEL (no SHOP gap-filling, D-23)",True,False,NONE,False
EG,Egypt,★★★★,EGYPT,SUCROSE,130,AFTER_ENGINE_10_10 (D-27),PI-ING-000514,SUCROSE SUGAR · Sweetener · Dry,GLOBAL_PI_GENERIC,,ar:سكر ابيض,GENERIC-SUCROSE,,GENERIC,Biały cukier krystaliczny — 100% cukier,dowolne opakowanie,,https://www.maps-eg.com/ar/product-page/%D8%B3%D9%83%D8%B1-%D8%A7%D8%A8%D9%8A%D8%B6-1-%D9%83%D9%8A%D9%84%D9%88,,,,,N/A_GENERIC,WORKING EXCEL v7 (incomplete) — awaiting Owner complete Excel (D-22),NO,NO_LOCAL_TERM_EVIDENCE,TERM_APPROVED (D-32),False,False,NONE,False
EG,Egypt,★★★★,EGYPT,DEXTROSE,30,AFTER_ENGINE_10_10 (D-27),PI-ING-000494,DEXTROSE MONOHYDRATE · Sweetener · Dry,EXACT_PR,,,DEX-EG-PRODUCT,,Peak Supps,Dextrose Powder 100% Pure 250g,250 g,,https://www.amazon.eg/-/en/Dextrose-Powder-100-Pure-250g/dp/B00NA1KQ28,,,,,BRAK,WORKING EXCEL v7 (incomplete) — awaiting Owner complete Excel (D-22),NO,NO_EAN_IN_V7,"AWAIT_OWNER_EXCEL (no SHOP gap-filling, D-23)",False,True,CCTLD,False
EG,Egypt,★★★★,EGYPT,STABILIZER,3,AFTER_ENGINE_10_10 (D-27),PI-ING-000492,TARA GUM · Stabilizer,EXACT_PR,TARA (as listed in v7),,TARA-EG-PRODUCT,,Cape Crystal Brands,Cape Crystal Brands Tara Gum Powder,14 oz (396.9 g),,https://www.capecrystalbrands.com/products/tara-gum,,,,,BRAK,WORKING EXCEL v7 (incomplete) — awaiting Owner complete Excel (D-22),NO,NO_EAN_IN_V7,"AWAIT_OWNER_EXCEL (no SHOP gap-filling, D-23)",False,False,NONE,False
ES,Spain,★★★★★,EU27,MILK,672,AFTER_ENGINE_10_10 (D-27),PI-ING-000236,MILK · 3.5% FAT · Chilled,EXACT_PR,,,MILK-GTIN-8410128010102,,Pascual,"Pascual Clásica Leche Entera UHT, 6 x1 L",6 x1 L (GTIN for retail multipack; not singlecarton),8410128010102,https://soria.e-leclerc.es/detalle/-/Producto/leche-entera-6x1l/8410128010102,ES,CCTLD,RAW_HTML,2026-09-10T13:38:30Z,CONFIRMED,WORKING EXCEL v7 (incomplete) — awaiting Owner complete Excel (D-22),ONLY_IF_OWNER_EXCEL_KEEPS_THIS_PRODUCT,,OWNER_EXCEL_RECONCILIATION → LABEL FACTS → ENGINE 10/10,True,True,CCTLD,True
ES,Spain,★★★★★,EU27,CREAM,130,AFTER_ENGINE_10_10 (D-27),PI-ING-000180,CREAM 30% · Mlekovita Cream · Chilled,EXACT_PR,,,CREAM-GTIN-8410379941019,,Reny Picot,Reny Picot Nata líquida especial para montar 30% 200 ml,200 ml,8410379941019,https://distribucionesplata.com/tienda/alimentacion-y-bebidas/21850-nata-reny-picot-liqmont-mg30-bk200m-8410379941019.html,,,,,LEAD,WORKING EXCEL v7 (incomplete) — awaiting Owner complete Excel (D-22),NO,EAN_ONLY_ECHOED_FROM_URL_OR_QUERY,"AWAIT_OWNER_EXCEL (no SHOP gap-filling, D-23)",False,False,NONE,False
ES,Spain,★★★★★,EU27,SMP,35,AFTER_ENGINE_10_10 (D-27),PI-ING-000270,SKIMMED MILK POWDER · 0.8% FAT · Dairy · Dry,EXACT_PR,,,SMP-GTIN-08410100002330,,Nestlé Sveltesse,Leche desnatada en polvo rica en calcio,puszka 400 g,8410100002330,https://www.online.bmsupermercados.es/es/p/leche-en-polvo-400-g/6029,ES,CCTLD,BROWSER_DOM,2026-09-10T13:56Z,CONFIRMED,WORKING EXCEL v7 (incomplete) — awaiting Owner complete Excel (D-22),ONLY_IF_OWNER_EXCEL_KEEPS_THIS_PRODUCT,,OWNER_EXCEL_RECONCILIATION → LABEL FACTS → ENGINE 10/10,True,True,CCTLD,True
ES,Spain,★★★★★,EU27,SUCROSE,130,AFTER_ENGINE_10_10 (D-27),PI-ING-000514,SUCROSE SUGAR · Sweetener · Dry,GLOBAL_PI_GENERIC,,SA10: es: azúcar blanco (+sacarosa),GENERIC-SUCROSE,,GENERIC,Biały cukier krystaliczny — 100% cukier,dowolne opakowanie,,,,,,,N/A_GENERIC,WORKING EXCEL v7 (incomplete) — awaiting Owner complete Excel (D-22),NO,NO_LOCAL_TERM_EVIDENCE,TERM_EVIDENCE_OR_OWNER_DECISION,False,False,NONE,False
ES,Spain,★★★★★,EU27,DEXTROSE,30,AFTER_ENGINE_10_10 (D-27),PI-ING-000494,DEXTROSE MONOHYDRATE · Sweetener · Dry,EXACT_PR,,,DEX-GTIN-08437000514770,,Dayelet,DAYELET DEXTROSA,400 g,8437000514770,https://www.zonasin.es/producto/dextrosa-400-g-dayelet-l22027,ES,CCTLD,RAW_HTML,2026-09-10T13:40:29Z,CONFIRMED,WORKING EXCEL v7 (incomplete) — awaiting Owner complete Excel (D-22),ONLY_IF_OWNER_EXCEL_KEEPS_THIS_PRODUCT,,OWNER_EXCEL_RECONCILIATION → LABEL FACTS → ENGINE 10/10,True,True,CCTLD,True
ES,Spain,★★★★★,EU27,STABILIZER,3,AFTER_ENGINE_10_10 (D-27),PI-ING-000492,TARA GUM · Stabilizer,EXACT_PR,TARA (as listed in v7),,TARA-GTIN-08055728540170,,SaporePuro,SaporePuro Farina di Semi di Tara / Gomma di Tara E417,50 g,8055728540170,https://saporepuro.com/products/farina-di-semi-di-tara-gomma-di-tara-origine-peru-e417-confezionato-in-italia-1,,,,,LEAD,WORKING EXCEL v7 (incomplete) — awaiting Owner complete Excel (D-22),NO,EAN_ON_GENERIC_TLD_PAGE,"AWAIT_OWNER_EXCEL (no SHOP gap-filling, D-23)",True,False,NONE,False
FI,Finland,★★★★★,EU27,MILK,672,AFTER_ENGINE_10_10 (D-27),PI-ING-000236,MILK · 3.5% FAT · Chilled,EXACT_PR,,,MILK-GTIN-6408430000135,,Valio,Valio täysmaito suomalaisilta maitotiloilta 1 L,1 L carton,6408430000135,https://www.valio.fi/tuotteet/valio-taysmaito-suomalaisilta-maitotiloilta/,FI,CCTLD,RAW_HTML,2026-09-10T13:40:25Z,CONFIRMED,WORKING EXCEL v7 (incomplete) — awaiting Owner complete Excel (D-22),ONLY_IF_OWNER_EXCEL_KEEPS_THIS_PRODUCT,,OWNER_EXCEL_RECONCILIATION → LABEL FACTS → ENGINE 10/10,True,True,CCTLD,True
FI,Finland,★★★★★,EU27,CREAM,130,AFTER_ENGINE_10_10 (D-27),PI-ING-000180,CREAM 30% · Mlekovita Cream · Chilled,EXACT_PR,,,CREAM-GTIN-6413300015225,,Arla Lempi,Arla Lempi Kuohukerma luomu 35% 2 dl,200 ml,6413300015225,https://www.s-kaupat.fi/tuote/arla-lempi-kuohukerma-luomu-2-dl/6413300015225,FI,CCTLD,BROWSER_DOM,2026-09-10T13:52Z,CONFIRMED,WORKING EXCEL v7 (incomplete) — awaiting Owner complete Excel (D-22),ONLY_IF_OWNER_EXCEL_KEEPS_THIS_PRODUCT,,OWNER_EXCEL_RECONCILIATION → LABEL FACTS → ENGINE 10/10,True,True,CCTLD,True
FI,Finland,★★★★★,EU27,SMP,35,AFTER_ENGINE_10_10 (D-27),PI-ING-000270,SKIMMED MILK POWDER · 0.8% FAT · Dairy · Dry,EXACT_PR,,,SMP-GTIN-06408430840625,,Valio,Valio rasvaton maitojauhe instant 400 g,400 g,6408430840625,https://www.valioaimo.fi/ammattilaistuotteet/valio-rasvaton-maitojauhe-instant/,FI,CCTLD,RAW_HTML,2026-09-10T13:40:25Z,CONFIRMED,WORKING EXCEL v7 (incomplete) — awaiting Owner complete Excel (D-22),ONLY_IF_OWNER_EXCEL_KEEPS_THIS_PRODUCT,,OWNER_EXCEL_RECONCILIATION → LABEL FACTS → ENGINE 10/10,True,True,CCTLD,True
FI,Finland,★★★★★,EU27,SUCROSE,130,AFTER_ENGINE_10_10 (D-27),PI-ING-000514,SUCROSE SUGAR · Sweetener · Dry,GLOBAL_PI_GENERIC,,fi:Taloussokeri | sv:strösocker,GENERIC-SUCROSE,,GENERIC,Biały cukier krystaliczny — 100% cukier,dowolne opakowanie,,https://www.tokmanni.fi/taloussokeri-1-kg-5701259100187,,,,,N/A_GENERIC,WORKING EXCEL v7 (incomplete) — awaiting Owner complete Excel (D-22),NO,NO_LOCAL_TERM_EVIDENCE,TERM_APPROVED (D-32),False,False,NONE,False
FI,Finland,★★★★★,EU27,DEXTROSE,30,AFTER_ENGINE_10_10 (D-27),PI-ING-000494,DEXTROSE MONOHYDRATE · Sweetener · Dry,EXACT_PR,,,DEX-FI-PRODUCT,,Leipurin (dystrybucja; producent nie podany),Dekstroosi monohydraatti 25 kg,25 kg worek,,https://store.leipurin.com/fi/product-details/-/o/cn/Muut-makeutusaineet/ecom-item/E22202,,,,,BRAK,WORKING EXCEL v7 (incomplete) — awaiting Owner complete Excel (D-22),NO,NO_EAN_IN_V7,"AWAIT_OWNER_EXCEL (no SHOP gap-filling, D-23)",False,False,NONE,False
FI,Finland,★★★★★,EU27,STABILIZER,3,AFTER_ENGINE_10_10 (D-27),PI-ING-000492,TARA GUM · Stabilizer,EXACT_PR,TARA (as listed in v7),,TARA-GTIN-08055728540170,,SaporePuro,SaporePuro Farina di Semi di Tara / Gomma di Tara E417,50 g,8055728540170,https://saporepuro.com/products/farina-di-semi-di-tara-gomma-di-tara-origine-peru-e417-confezionato-in-italia-1,,,,,LEAD,WORKING EXCEL v7 (incomplete) — awaiting Owner complete Excel (D-22),NO,EAN_ON_GENERIC_TLD_PAGE,"AWAIT_OWNER_EXCEL (no SHOP gap-filling, D-23)",True,False,NONE,False
FR,France,★★★★★,EU27,MILK,672,AFTER_ENGINE_10_10 (D-27),PI-ING-000236,MILK · 3.5% FAT · Chilled,EXACT_PR,,,MILK-FR-ALSACE,,Alsace Lait,"Alsace Lait Lait frais entier pasteurisé, brique 1 L",1 L brique,3262970109108,https://www.supermarchesmatch.fr/fr/p/1754550/alsace-lait-lait-frais-entier-brique-1l,,,,,LEAD,WORKING EXCEL v7 (incomplete) — awaiting Owner complete Excel (D-22),NO,SOURCE_NOT_READABLE,"AWAIT_OWNER_EXCEL (no SHOP gap-filling, D-23)",False,True,CCTLD,False
FR,France,★★★★★,EU27,CREAM,130,AFTER_ENGINE_10_10 (D-27),PI-ING-000180,CREAM 30% · Mlekovita Cream · Chilled,EXACT_PR,,,CREAM-GTIN-3451790256745,,Elle & Vire,Elle & Vire Crème UHT fluide entière 30% MG 2×25cl,2 × 250 ml,3451790256745,https://www.auchan.fr/elle-vire-creme-fluide-entiere-30-mg-uht/pr-C1178091,FR,CCTLD,RAW_HTML,2026-09-10T13:38:52Z,CONFIRMED,WORKING EXCEL v7 (incomplete) — awaiting Owner complete Excel (D-22),ONLY_IF_OWNER_EXCEL_KEEPS_THIS_PRODUCT,,OWNER_EXCEL_RECONCILIATION → LABEL FACTS → ENGINE 10/10,True,True,CCTLD,True
FR,France,★★★★★,EU27,SMP,35,AFTER_ENGINE_10_10 (D-27),PI-ING-000270,SKIMMED MILK POWDER · 0.8% FAT · Dairy · Dry,EXACT_PR,,,SMP-GTIN-03043934232700,,Régilait,Lait écrémé en poudre,karton 300 g,3043934232700,https://www.auchan.fr/regilait-lait-ecreme-en-poudre/pr-C1274757,FR,CCTLD,RAW_HTML,2026-09-10T13:38:53Z,CONFIRMED,WORKING EXCEL v7 (incomplete) — awaiting Owner complete Excel (D-22),ONLY_IF_OWNER_EXCEL_KEEPS_THIS_PRODUCT,,OWNER_EXCEL_RECONCILIATION → LABEL FACTS → ENGINE 10/10,True,True,CCTLD,True
FR,France,★★★★★,EU27,SUCROSE,130,AFTER_ENGINE_10_10 (D-27),PI-ING-000514,SUCROSE SUGAR · Sweetener · Dry,GLOBAL_PI_GENERIC,,SA10: fr: saccharose (+sucre blanc),GENERIC-SUCROSE,,GENERIC,Biały cukier krystaliczny — 100% cukier,dowolne opakowanie,,,,,,,N/A_GENERIC,WORKING EXCEL v7 (incomplete) — awaiting Owner complete Excel (D-22),NO,NO_LOCAL_TERM_EVIDENCE,TERM_EVIDENCE_OR_OWNER_DECISION,False,False,NONE,False
FR,France,★★★★★,EU27,DEXTROSE,30,AFTER_ENGINE_10_10 (D-27),PI-ING-000494,DEXTROSE MONOHYDRATE · Sweetener · Dry,EXACT_PR,,,DEX-FR-PRODUCT,,Louis François,Dextrose Monohydrate,1 kg,,https://www.meilleurduchef.com/en/shop/baking-supplies/ingredients/sugar-sweetener/lfr-dextrose-monohydrate.html,,,,,BRAK,WORKING EXCEL v7 (incomplete) — awaiting Owner complete Excel (D-22),NO,NO_EAN_IN_V7,"AWAIT_OWNER_EXCEL (no SHOP gap-filling, D-23)",False,False,NONE,False
FR,France,★★★★★,EU27,STABILIZER,3,AFTER_ENGINE_10_10 (D-27),PI-ING-000492,TARA GUM · Stabilizer,EXACT_PR,TARA (as listed in v7),,TARA-GTIN-08055728540170,,SaporePuro,SaporePuro Farina di Semi di Tara / Gomma di Tara E417,50 g,8055728540170,https://saporepuro.com/products/farina-di-semi-di-tara-gomma-di-tara-origine-peru-e417-confezionato-in-italia-1,,,,,LEAD,WORKING EXCEL v7 (incomplete) — awaiting Owner complete Excel (D-22),NO,EAN_ON_GENERIC_TLD_PAGE,"AWAIT_OWNER_EXCEL (no SHOP gap-filling, D-23)",True,False,NONE,False
GB,United Kingdom,★★★★★,UNITED_KINGDOM,MILK,672,AFTER_ENGINE_10_10 (D-27),PI-ING-000236,MILK · 3.5% FAT · Chilled,EXACT_PR,,,MILK-GTIN-5000181024050,,Arla Cravendale,Arla Cravendale Whole Milk 2L,"2 L butelka, świeże filtrowane mleko",5000181024050,https://www.arlafoods.co.uk/brands/arla-cravendale/cravendale-whole-milk-2l/,GB,CCTLD,RAW_HTML,2026-09-10T13:38:51Z,CONFIRMED,WORKING EXCEL v7 (incomplete) — awaiting Owner complete Excel (D-22),ONLY_IF_OWNER_EXCEL_KEEPS_THIS_PRODUCT,,OWNER_EXCEL_RECONCILIATION → LABEL FACTS → ENGINE 10/10,True,True,CCTLD,True
GB,United Kingdom,★★★★★,UNITED_KINGDOM,CREAM,130,AFTER_ENGINE_10_10 (D-27),PI-ING-000180,CREAM 30% · Mlekovita Cream · Chilled,EXACT_PR,,,CREAM-GTIN-5900820000455,,Łaciata,Łaciata Śmietanka UHT 30% 500 ml,500 ml,5900820000455,https://uk.foodplus.eu/en_GB/p/UHT-Laciata-30-Cream-500ml-Mlekpol/26418,GB,PATH_LOCALE,RAW_HTML,2026-09-10T13:38:40Z,CONFIRMED,WORKING EXCEL v7 (incomplete) — awaiting Owner complete Excel (D-22),ONLY_IF_OWNER_EXCEL_KEEPS_THIS_PRODUCT,,OWNER_EXCEL_RECONCILIATION → LABEL FACTS → ENGINE 10/10,True,True,PATH_LOCALE,True
GB,United Kingdom,★★★★★,UNITED_KINGDOM,SMP,35,AFTER_ENGINE_10_10 (D-27),PI-ING-000270,SKIMMED MILK POWDER · 0.8% FAT · Dairy · Dry,EXACT_PR,,,SMP-GTIN-05060113910714,,Milfresh / Aimia Foods,Milfresh Gold Superior Granulated Skimmed Milk 500 g,500 g; karton 10 × 500 g,5060113910714,https://www.templemanrv.co.uk/nutrition-pdf/9501/,GB,CCTLD,RAW_HTML,2026-09-10T13:40:14Z,CONFIRMED,WORKING EXCEL v7 (incomplete) — awaiting Owner complete Excel (D-22),ONLY_IF_OWNER_EXCEL_KEEPS_THIS_PRODUCT,,OWNER_EXCEL_RECONCILIATION → LABEL FACTS → ENGINE 10/10,True,True,CCTLD,True
GB,United Kingdom,★★★★★,UNITED_KINGDOM,SUCROSE,130,AFTER_ENGINE_10_10 (D-27),PI-ING-000514,SUCROSE SUGAR · Sweetener · Dry,GLOBAL_PI_GENERIC,,SA10: en: granulated sugar (+sucrose/white sugar),GENERIC-SUCROSE,,GENERIC,Biały cukier krystaliczny — 100% cukier,dowolne opakowanie,,,,,,,N/A_GENERIC,WORKING EXCEL v7 (incomplete) — awaiting Owner complete Excel (D-22),NO,NO_LOCAL_TERM_EVIDENCE,TERM_EVIDENCE_OR_OWNER_DECISION,False,False,NONE,False
GB,United Kingdom,★★★★★,UNITED_KINGDOM,DEXTROSE,30,AFTER_ENGINE_10_10 (D-27),PI-ING-000494,DEXTROSE MONOHYDRATE · Sweetener · Dry,EXACT_PR,,,DEX-GB-PRODUCT,,Meritose 200,Meritose 200 Dextrose Monohydrate 25 kg,25 kg,,https://www.kentfoodsdirect.co.uk/products/dextrose-monohydrate-m200-25kg,,,,,BRAK,WORKING EXCEL v7 (incomplete) — awaiting Owner complete Excel (D-22),NO,NO_EAN_IN_V7,"AWAIT_OWNER_EXCEL (no SHOP gap-filling, D-23)",False,True,CCTLD,False
GB,United Kingdom,★★★★★,UNITED_KINGDOM,STABILIZER,3,AFTER_ENGINE_10_10 (D-27),PI-ING-000492,TARA GUM · Stabilizer,EXACT_PR,TARA (as listed in v7),,TARA-GTIN-08055728540170,,SaporePuro,SaporePuro Farina di Semi di Tara / Gomma di Tara E417,50 g,8055728540170,https://saporepuro.com/products/farina-di-semi-di-tara-gomma-di-tara-origine-peru-e417-confezionato-in-italia-1,,,,,LEAD,WORKING EXCEL v7 (incomplete) — awaiting Owner complete Excel (D-22),NO,EAN_ON_GENERIC_TLD_PAGE,"AWAIT_OWNER_EXCEL (no SHOP gap-filling, D-23)",True,False,NONE,False
GH,Ghana,★★★★,WEST_AFRICA,MILK,672,AFTER_ENGINE_10_10 (D-27),PI-ING-000236,MILK · 3.5% FAT · Chilled,EXACT_PR,,,MILK-GH-DANO-UHT-36-1L,,Dano,"Dano UHT Full Cream Milk 3,5% / 3,6% 1 L",1 L,4100290099800,https://www.arla.ng/brands/arla-dano-full-cream-uht-35pct-fat-1l-408775/;,,,,,LEAD,WORKING EXCEL v7 (incomplete) — awaiting Owner complete Excel (D-22),NO,SOURCE_NOT_READABLE,"AWAIT_OWNER_EXCEL (no SHOP gap-filling, D-23)",False,False,OTHER_MARKET:NG,False
GH,Ghana,★★★★,WEST_AFRICA,CREAM,130,AFTER_ENGINE_10_10 (D-27),PI-ING-000180,CREAM 30% · Mlekovita Cream · Chilled,EXACT_PR,,,CREAM-GTIN-5701215046375,,Emborg,Emborg Natural Whipping Cream UHT 35%,200 ml,5701215046375,https://maxmartonline.com/emborg-whipping-cream-200ml,,,,,LEAD,WORKING EXCEL v7 (incomplete) — awaiting Owner complete Excel (D-22),NO,EAN_ON_GENERIC_TLD_PAGE,"AWAIT_OWNER_EXCEL (no SHOP gap-filling, D-23)",True,False,NONE,False
GH,Ghana,★★★★,WEST_AFRICA,SMP,35,AFTER_ENGINE_10_10 (D-27),PI-ING-000270,SKIMMED MILK POWDER · 0.8% FAT · Dairy · Dry,EXACT_PR,,,SMP-GTIN-00733739058324,,NOW Foods Real Food,NOW Real Food Organic Non-Fat Dry Milk Powder,torebka 12 oz (340 g),733739058324,https://www.nowfoods.com/products/natural-foods/non-fat-dry-milk-powder-organic,,,,,LEAD,WORKING EXCEL v7 (incomplete) — awaiting Owner complete Excel (D-22),NO,EAN_ON_GENERIC_TLD_PAGE,"AWAIT_OWNER_EXCEL (no SHOP gap-filling, D-23)",True,False,NONE,False
GH,Ghana,★★★★,WEST_AFRICA,SUCROSE,130,AFTER_ENGINE_10_10 (D-27),PI-ING-000514,SUCROSE SUGAR · Sweetener · Dry,GLOBAL_PI_GENERIC,,SA10: en: granulated sugar (+sucrose/white sugar),GENERIC-SUCROSE,,GENERIC,Biały cukier krystaliczny — 100% cukier,dowolne opakowanie,,,,,,,N/A_GENERIC,WORKING EXCEL v7 (incomplete) — awaiting Owner complete Excel (D-22),NO,NO_LOCAL_TERM_EVIDENCE,TERM_EVIDENCE_OR_OWNER_DECISION,False,False,NONE,False
GH,Ghana,★★★★,WEST_AFRICA,DEXTROSE,30,AFTER_ENGINE_10_10 (D-27),PI-ING-000494,DEXTROSE MONOHYDRATE · Sweetener · Dry,EXACT_PR,,,DEX-GH-PRODUCT,,Unspecified manufacturer,Dextrose Monohydrate,B2B — opakowanie niepubliczne,,https://www.maridav.com/hnh-product-description.php?p_id=67&prod_class=Pharmaceuticals,,,,,BRAK,WORKING EXCEL v7 (incomplete) — awaiting Owner complete Excel (D-22),NO,NO_EAN_IN_V7,"AWAIT_OWNER_EXCEL (no SHOP gap-filling, D-23)",False,False,NONE,False
GH,Ghana,★★★★,WEST_AFRICA,STABILIZER,3,AFTER_ENGINE_10_10 (D-27),PI-ING-000492,TARA GUM · Stabilizer,EXACT_PR,TARA (as listed in v7),,TARA-GTIN-00711221973058,,Cape Crystal Brands,Cape Crystal Brands Tara Gum Powder,2 oz (56.7 g),711221973058,https://www.capecrystalbrands.com/products/tara-gum,,,,,LEAD,WORKING EXCEL v7 (incomplete) — awaiting Owner complete Excel (D-22),NO,EAN_ON_GENERIC_TLD_PAGE,"AWAIT_OWNER_EXCEL (no SHOP gap-filling, D-23)",True,False,NONE,False
GR,Greece,★★★★,EU27,MILK,672,AFTER_ENGINE_10_10 (D-27),PI-ING-000236,MILK · 3.5% FAT · Chilled,EXACT_PR,,,MILK-GR-DELTA-HHT-35-15L,,DELTA,"DELTA mmmMilk Family High Pasteurized Full 3,5% 1,5 L","1,5 L",5201037509107,https://www.delta.gr/en/gala/milk-oikogeneiako-plires-15lt-2/;,,,,,LEAD,WORKING EXCEL v7 (incomplete) — awaiting Owner complete Excel (D-22),NO,MARKET_PAGE_WITHOUT_EAN,"AWAIT_OWNER_EXCEL (no SHOP gap-filling, D-23)",False,True,CCTLD,False
GR,Greece,★★★★,EU27,CREAM,130,AFTER_ENGINE_10_10 (D-27),PI-ING-000180,CREAM 30% · Mlekovita Cream · Chilled,EXACT_PR,,,CREAM-GTIN-5711953155949,,Arla,Arla Κρέμα Γάλακτος UHT 35% 200 g,200 g,5711953155949,https://www.arlafoods.gr/our-brands/arla/krema-galaktos-35-200g/,GR,CCTLD,RAW_HTML,2026-09-10T13:38:52Z,CONFIRMED,WORKING EXCEL v7 (incomplete) — awaiting Owner complete Excel (D-22),ONLY_IF_OWNER_EXCEL_KEEPS_THIS_PRODUCT,,OWNER_EXCEL_RECONCILIATION → LABEL FACTS → ENGINE 10/10,True,True,CCTLD,True
GR,Greece,★★★★,EU27,SMP,35,AFTER_ENGINE_10_10 (D-27),PI-ING-000270,SKIMMED MILK POWDER · 0.8% FAT · Dairy · Dry,EXACT_PR,,,SMP-GTIN-03043932643706,,Régilait,Γάλα Αποβουτυρωμένο σε σκόνη,250 g,3043932643706,https://www.bazaar-online.gr/regilait-250g-gala-se-skoni,GR,CCTLD,RAW_HTML,2026-09-10T13:38:54Z,CONFIRMED,WORKING EXCEL v7 (incomplete) — awaiting Owner complete Excel (D-22),ONLY_IF_OWNER_EXCEL_KEEPS_THIS_PRODUCT,,OWNER_EXCEL_RECONCILIATION → LABEL FACTS → ENGINE 10/10,True,True,CCTLD,True
GR,Greece,★★★★,EU27,SUCROSE,130,AFTER_ENGINE_10_10 (D-27),PI-ING-000514,SUCROSE SUGAR · Sweetener · Dry,GLOBAL_PI_GENERIC,,el:Ζάχαρη Λευκή,GENERIC-SUCROSE,,GENERIC,Biały cukier krystaliczny — 100% cukier,dowolne opakowanie,,https://greekdeliplus.gr/zaxari-ipokatastata-zaxaris/486746-zaxari-lefki-kristalliki-1-kg-5213004880003.html,,,,,N/A_GENERIC,WORKING EXCEL v7 (incomplete) — awaiting Owner complete Excel (D-22),NO,NO_LOCAL_TERM_EVIDENCE,TERM_APPROVED (D-32),False,False,NONE,False
GR,Greece,★★★★,EU27,DEXTROSE,30,AFTER_ENGINE_10_10 (D-27),PI-ING-000494,DEXTROSE MONOHYDRATE · Sweetener · Dry,EXACT_PR,,,DEX-GR-PRODUCT,,Louis François,Dextrose Powder,5 kg,,https://www.infusion.gr/en/bar-chef-e/sugar-polyols/dextrose-powder-5kg-louis-francois,,,,,BRAK,WORKING EXCEL v7 (incomplete) — awaiting Owner complete Excel (D-22),NO,NO_EAN_IN_V7,"AWAIT_OWNER_EXCEL (no SHOP gap-filling, D-23)",False,True,CCTLD,False
GR,Greece,★★★★,EU27,STABILIZER,3,AFTER_ENGINE_10_10 (D-27),PI-ING-000492,TARA GUM · Stabilizer,EXACT_PR,TARA (as listed in v7),,TARA-GR-PRODUCT,,NoCarb,Τάρα Γκαμ (Tara Gum) NoCarb 100 g,100 g,,https://nocarb.gr/product/tara-gam-100g/,,,,,BRAK,WORKING EXCEL v7 (incomplete) — awaiting Owner complete Excel (D-22),NO,NO_EAN_IN_V7,"AWAIT_OWNER_EXCEL (no SHOP gap-filling, D-23)",False,True,CCTLD,False
HK,Hong Kong SAR China,★★★★,GREATER_CHINA,MILK,672,AFTER_ENGINE_10_10 (D-27),PI-ING-000236,MILK · 3.5% FAT · Chilled,EXACT_PR,,,MILK-GTIN-4036300110671,,Oldenburger,Oldenburger UHT Full Cream Milk 3.5% fat — SKU 11067,1 L carton; local distributor case 12 x 1 L,4036300110671,https://www.oldenburger-professional.com/media/13/8d/af/1696234639/OLB%20Assortmentlist%202023_2024_combined.pdf,,,,,LEAD,WORKING EXCEL v7 (incomplete) — awaiting Owner complete Excel (D-22),NO,EAN_ON_GENERIC_TLD_PAGE,"AWAIT_OWNER_EXCEL (no SHOP gap-filling, D-23)",True,False,NONE,False
HK,Hong Kong SAR China,★★★★,GREATER_CHINA,CREAM,130,AFTER_ENGINE_10_10 (D-27),PI-ING-000180,CREAM 30% · Mlekovita Cream · Chilled,EXACT_PR,,,CREAM-GTIN-5701215046375,,Emborg,Emborg Natural Whipping Cream,200 ml,5701215046375,https://www.twinsbakingsupplies.com/en/product-page/emborg%E6%B7%A1%E5%BF%8C%E5%BB%89-1,,,,,LEAD,WORKING EXCEL v7 (incomplete) — awaiting Owner complete Excel (D-22),NO,MARKET_PAGE_WITHOUT_EAN,"AWAIT_OWNER_EXCEL (no SHOP gap-filling, D-23)",False,False,CURRENCY_ONLY,False
HK,Hong Kong SAR China,★★★★,GREATER_CHINA,SMP,35,AFTER_ENGINE_10_10 (D-27),PI-ING-000270,SKIMMED MILK POWDER · 0.8% FAT · Dairy · Dry,EXACT_PR,,,SMP-GTIN-09300639999005,,Devondale,Devondale Instant Skim Milk Powder,1 kg,9300639999005,https://www.hktvmall.com/hktv/en/main/Longview/s/H7814001/Personal-Care-%26-Health/Personal-Care-%26-Health/Health/Milk-Powder/9300639999005-Instant-Skim-Milk-Powder-High-Calcium-1KG-Parallel-Import-Expiry-Date-032025/p/H7814001_S_AA28056000001,,,,,LEAD,WORKING EXCEL v7 (incomplete) — awaiting Owner complete Excel (D-22),NO,EAN_ON_MARKETPLACE_MARKET_PAGE,"AWAIT_OWNER_EXCEL (no SHOP gap-filling, D-23)",False,True,ADDRESS_COUNTRY,False
HK,Hong Kong SAR China,★★★★,GREATER_CHINA,SUCROSE,130,AFTER_ENGINE_10_10 (D-27),PI-ING-000514,SUCROSE SUGAR · Sweetener · Dry,GLOBAL_PI_GENERIC,,SA10: en: granulated sugar (+sucrose/white sugar) | zh-Hant: 蔗糖,GENERIC-SUCROSE,,GENERIC,Biały cukier krystaliczny — 100% cukier,dowolne opakowanie,,,,,,,N/A_GENERIC,WORKING EXCEL v7 (incomplete) — awaiting Owner complete Excel (D-22),NO,NO_LOCAL_TERM_EVIDENCE,TERM_EVIDENCE_OR_OWNER_DECISION,False,False,NONE,False
HK,Hong Kong SAR China,★★★★,GREATER_CHINA,DEXTROSE,30,AFTER_ENGINE_10_10 (D-27),PI-ING-000494,DEXTROSE MONOHYDRATE · Sweetener · Dry,EXACT_PR,,,DEX-HK-PRODUCT,,BakingWarehouse (producent nieujawniony),Dextrose powder (Dextrose Monohydrate) 20kg,20 kg,,https://bakingwarehouse.com/products/dextrose-powder-dextrose-monohydrate-20kg,,,,,BRAK,WORKING EXCEL v7 (incomplete) — awaiting Owner complete Excel (D-22),NO,NO_EAN_IN_V7,"AWAIT_OWNER_EXCEL (no SHOP gap-filling, D-23)",False,False,NONE,False
HK,Hong Kong SAR China,★★★★,GREATER_CHINA,STABILIZER,3,AFTER_ENGINE_10_10 (D-27),PI-ING-000492,TARA GUM · Stabilizer,EXACT_PR,TARA (as listed in v7),,TARA-GTIN-08055728540170,,SaporePuro,Tara Gum 50gr. / Gomma di Tara E417,50 g,8055728540170,https://saporepuro.myshopify.com/products/farina-di-semi-di-tara-gomma-di-tara-origine-peru-e417-confezionato-in-italia-1,,,,,LEAD,WORKING EXCEL v7 (incomplete) — awaiting Owner complete Excel (D-22),NO,EAN_ON_GENERIC_TLD_PAGE,"AWAIT_OWNER_EXCEL (no SHOP gap-filling, D-23)",True,False,NONE,False
HR,Croatia,★★★★,EU27,MILK,672,AFTER_ENGINE_10_10 (D-27),PI-ING-000236,MILK · 3.5% FAT · Chilled,EXACT_PR,,,MILK-GTIN-3838800040578,,Alpsko / Ljubljanske mlekarne,"Alpsko trajno mlijeko 3,5% m.m. 1 l",1 l karton UHT,3838800040578,https://www.konzum.hr/web/products/alpsko-trajno-mlijeko-3-5-m-m-1-l,,,,,LEAD,WORKING EXCEL v7 (incomplete) — awaiting Owner complete Excel (D-22),NO,MARKET_PAGE_WITHOUT_EAN,"AWAIT_OWNER_EXCEL (no SHOP gap-filling, D-23)",False,True,CCTLD,False
HR,Croatia,★★★★,EU27,CREAM,130,AFTER_ENGINE_10_10 (D-27),PI-ING-000180,CREAM 30% · Mlekovita Cream · Chilled,EXACT_PR,,,CREAM-GTIN-3850354001348,,Brzo & Fino,Dukat Brzo & Fino Vrhnje za šlag 33%,500 g carton,3850354001348,https://shop.birota.hr/Katalog/RobeView?g=4714,HR,CCTLD,RAW_HTML,2026-09-10T13:38:26Z,CONFIRMED,WORKING EXCEL v7 (incomplete) — awaiting Owner complete Excel (D-22),ONLY_IF_OWNER_EXCEL_KEEPS_THIS_PRODUCT,,OWNER_EXCEL_RECONCILIATION → LABEL FACTS → ENGINE 10/10,True,True,CCTLD,True
HR,Croatia,★★★★,EU27,SMP,35,AFTER_ENGINE_10_10 (D-27),PI-ING-000270,SKIMMED MILK POWDER · 0.8% FAT · Dairy · Dry,EXACT_PR,,,SMP-GTIN-03850355001132,,Dukat,Obrano mlijeko u prahu 1% m.m.,1 kg,3850355001132,https://www.cijene.hr/mlijeko/dukat-obrano-mlijeko-u-prahu-1-mm-1-kg-cijena-749180081,,,,,LEAD,WORKING EXCEL v7 (incomplete) — awaiting Owner complete Excel (D-22),NO,EAN_ON_AGGREGATOR,"AWAIT_OWNER_EXCEL (no SHOP gap-filling, D-23)",False,True,CCTLD,False
HR,Croatia,★★★★,EU27,SUCROSE,130,AFTER_ENGINE_10_10 (D-27),PI-ING-000514,SUCROSE SUGAR · Sweetener · Dry,GLOBAL_PI_GENERIC,,hr:Šećer kristal,GENERIC-SUCROSE,,GENERIC,Biały cukier krystaliczny — 100% cukier,dowolne opakowanie,,https://www.konzum.hr/web/products/secer-kristal-viro-1-kg,,,,,N/A_GENERIC,WORKING EXCEL v7 (incomplete) — awaiting Owner complete Excel (D-22),NO,NO_LOCAL_TERM_EVIDENCE,TERM_APPROVED (D-32),False,False,NONE,False
HR,Croatia,★★★★,EU27,DEXTROSE,30,AFTER_ENGINE_10_10 (D-27),PI-ING-000494,DEXTROSE MONOHYDRATE · Sweetener · Dry,EXACT_PR,,,DEX-GTIN-08588006139983,,GymBeam,"Dekstroza - GymBeam, bez dodatków smakowych",1000 g,8588006139983,https://gymbeam.hr/dekstroza-gymbeam.html,HR,CCTLD,RAW_HTML,2026-09-10T13:37:39Z,CONFIRMED,WORKING EXCEL v7 (incomplete) — awaiting Owner complete Excel (D-22),ONLY_IF_OWNER_EXCEL_KEEPS_THIS_PRODUCT,,OWNER_EXCEL_RECONCILIATION → LABEL FACTS → ENGINE 10/10,True,True,CCTLD,True
HR,Croatia,★★★★,EU27,STABILIZER,3,AFTER_ENGINE_10_10 (D-27),PI-ING-000492,TARA GUM · Stabilizer,EXACT_PR,TARA (as listed in v7),,TARA-GTIN-08055728540170,,SaporePuro,SaporePuro Farina di Semi di Tara / Gomma di Tara E417,50 g,8055728540170,https://saporepuro.com/products/farina-di-semi-di-tara-gomma-di-tara-origine-peru-e417-confezionato-in-italia-1,,,,,LEAD,WORKING EXCEL v7 (incomplete) — awaiting Owner complete Excel (D-22),NO,EAN_ON_GENERIC_TLD_PAGE,"AWAIT_OWNER_EXCEL (no SHOP gap-filling, D-23)",True,False,NONE,False
HU,Hungary,★★★★,EU27,MILK,672,AFTER_ENGINE_10_10 (D-27),PI-ING-000236,MILK · 3.5% FAT · Chilled,EXACT_PR,,,MILK-GTIN-5998200460166,,Mizo,"Mizo UHT teljes tej 3,5% 1 l",1 l karton UHT Q Pack z zamknięciem,5998200460166,https://www.papir-bolt.hu/Tej-MIZO-35-1L,HU,CCTLD,RAW_HTML,2026-09-10T13:39:57Z,CONFIRMED,WORKING EXCEL v7 (incomplete) — awaiting Owner complete Excel (D-22),ONLY_IF_OWNER_EXCEL_KEEPS_THIS_PRODUCT,,OWNER_EXCEL_RECONCILIATION → LABEL FACTS → ENGINE 10/10,True,True,CCTLD,True
HU,Hungary,★★★★,EU27,CREAM,130,AFTER_ENGINE_10_10 (D-27),PI-ING-000180,CREAM 30% · Mlekovita Cream · Chilled,EXACT_PR,,,CREAM-GTIN-8585002501837,,MEGGLE Slovakia,Meggle UHT habtejszín 30%,200 ml carton,8585002501837,https://bevasarlas.tesco.hu/shop/hu-HU/products/210504341,HU,CCTLD,BROWSER_DOM,2026-09-10T14:01Z,CONFIRMED,WORKING EXCEL v7 (incomplete) — awaiting Owner complete Excel (D-22),ONLY_IF_OWNER_EXCEL_KEEPS_THIS_PRODUCT,,OWNER_EXCEL_RECONCILIATION → LABEL FACTS → ENGINE 10/10,True,True,CCTLD,True
HU,Hungary,★★★★,EU27,SMP,35,AFTER_ENGINE_10_10 (D-27),PI-ING-000270,SKIMMED MILK POWDER · 0.8% FAT · Dairy · Dry,EXACT_PR,,,SMP-GTIN-05997176735995,,TUTTI,Sovány tejpor porlasztva szárított,90 g,5997176735995,https://alto.hu/tutti-sovany-tejpor-porlasztva-szaritott-90g,HU,CCTLD,RAW_HTML,2026-09-10T13:37:06Z,CONFIRMED,WORKING EXCEL v7 (incomplete) — awaiting Owner complete Excel (D-22),ONLY_IF_OWNER_EXCEL_KEEPS_THIS_PRODUCT,,OWNER_EXCEL_RECONCILIATION → LABEL FACTS → ENGINE 10/10,True,True,CCTLD,True
HU,Hungary,★★★★,EU27,SUCROSE,130,AFTER_ENGINE_10_10 (D-27),PI-ING-000514,SUCROSE SUGAR · Sweetener · Dry,GLOBAL_PI_GENERIC,,hu:Kristálycukor,GENERIC-SUCROSE,,GENERIC,Biały cukier krystaliczny — 100% cukier,dowolne opakowanie,,https://www.suplix.hu/kristalycukor-1-kg-692,,,,,N/A_GENERIC,WORKING EXCEL v7 (incomplete) — awaiting Owner complete Excel (D-22),NO,NO_LOCAL_TERM_EVIDENCE,TERM_APPROVED (D-32),False,False,NONE,False
HU,Hungary,★★★★,EU27,DEXTROSE,30,AFTER_ENGINE_10_10 (D-27),PI-ING-000494,DEXTROSE MONOHYDRATE · Sweetener · Dry,EXACT_PR,,,DEX-GTIN-08588006139983,,GymBeam,"Dextróz - GymBeam, bez dodatków smakowych",1000 g,8588006139983,https://gymbeam.hu/dextroz-gymbeam.html,HU,CCTLD,RAW_HTML,2026-09-10T13:37:39Z,CONFIRMED,WORKING EXCEL v7 (incomplete) — awaiting Owner complete Excel (D-22),ONLY_IF_OWNER_EXCEL_KEEPS_THIS_PRODUCT,,OWNER_EXCEL_RECONCILIATION → LABEL FACTS → ENGINE 10/10,True,True,CCTLD,True
HU,Hungary,★★★★,EU27,STABILIZER,3,AFTER_ENGINE_10_10 (D-27),PI-ING-000492,TARA GUM · Stabilizer,EXACT_PR,TARA (as listed in v7),,TARA-GTIN-08055728540170,,SaporePuro,SaporePuro Farina di Semi di Tara / Gomma di Tara E417,50 g,8055728540170,https://saporepuro.com/products/farina-di-semi-di-tara-gomma-di-tara-origine-peru-e417-confezionato-in-italia-1,,,,,LEAD,WORKING EXCEL v7 (incomplete) — awaiting Owner complete Excel (D-22),NO,EAN_ON_GENERIC_TLD_PAGE,"AWAIT_OWNER_EXCEL (no SHOP gap-filling, D-23)",True,False,NONE,False
ID,Indonesia,★★★★,ASEAN,MILK,672,AFTER_ENGINE_10_10 (D-27),PI-ING-000236,MILK · 3.5% FAT · Chilled,EXACT_PR,,,MILK-GTIN-8993351121307,,Greenfields,Greenfields Full Cream UHT Milk 1L,"1 L, karton UHT",8993351121307,https://shopifull.com/product/greenfields-full-cream-uht-milk-1ltr/,,,,,LEAD,WORKING EXCEL v7 (incomplete) — awaiting Owner complete Excel (D-22),NO,EAN_ON_GENERIC_TLD_PAGE,"AWAIT_OWNER_EXCEL (no SHOP gap-filling, D-23)",True,False,NONE,False
ID,Indonesia,★★★★,ASEAN,CREAM,130,AFTER_ENGINE_10_10 (D-27),PI-ING-000180,CREAM 30% · Mlekovita Cream · Chilled,EXACT_PR,,,CREAM-GTIN-5701215046375,,Emborg,Emborg Natural Whipping Cream UHT 35.1% 200 ml,200 ml,5701215046375,https://maxmartonline.com/emborg-whipping-cream-200ml,,,,,LEAD,WORKING EXCEL v7 (incomplete) — awaiting Owner complete Excel (D-22),NO,EAN_ON_GENERIC_TLD_PAGE,"AWAIT_OWNER_EXCEL (no SHOP gap-filling, D-23)",True,False,NONE,False
ID,Indonesia,★★★★,ASEAN,SMP,35,AFTER_ENGINE_10_10 (D-27),PI-ING-000270,SKIMMED MILK POWDER · 0.8% FAT · Dairy · Dry,EXACT_PR,,,SMP-GTIN-09556958338807,,Sunlac,Sunlac Low Fat Instant Skim Milk Powder,700 g,9556958338807,https://store18714.store.link/category/promo-susu-beli-1-lebih-murah?page=2,,,,,LEAD,WORKING EXCEL v7 (incomplete) — awaiting Owner complete Excel (D-22),NO,EAN_ON_GENERIC_TLD_PAGE,"AWAIT_OWNER_EXCEL (no SHOP gap-filling, D-23)",True,False,NONE,False
ID,Indonesia,★★★★,ASEAN,SUCROSE,130,AFTER_ENGINE_10_10 (D-27),PI-ING-000514,SUCROSE SUGAR · Sweetener · Dry,GLOBAL_PI_GENERIC,,id:Gula Pasir,GENERIC-SUCROSE,,GENERIC,Biały cukier krystaliczny — 100% cukier,dowolne opakowanie,,https://pasarsegar.co.id/product/gulaku-gula-pasir-1-kg-37/?product_id=153014,,,,,N/A_GENERIC,WORKING EXCEL v7 (incomplete) — awaiting Owner complete Excel (D-22),NO,NO_LOCAL_TERM_EVIDENCE,TERM_APPROVED (D-32),False,False,NONE,False
ID,Indonesia,★★★★,ASEAN,DEXTROSE,30,AFTER_ENGINE_10_10 (D-27),PI-ING-000494,DEXTROSE MONOHYDRATE · Sweetener · Dry,EXACT_PR,,,DEX-ID-PRODUCT,,,Dextrose Monohydrate – PT Lam Seng Hang Indonesia,25 kg PP bag,,https://www.lsh-indonesia.com/product/dextrose-monohydrate/,,,,,BRAK,WORKING EXCEL v7 (incomplete) — awaiting Owner complete Excel (D-22),NO,NO_EAN_IN_V7,"AWAIT_OWNER_EXCEL (no SHOP gap-filling, D-23)",False,False,NONE,False
ID,Indonesia,★★★★,ASEAN,STABILIZER,3,AFTER_ENGINE_10_10 (D-27),PI-ING-000492,TARA GUM · Stabilizer,EXACT_PR,TARA (as listed in v7),,TARA-ID-PRODUCT,,Dupont — named by distributor,Tara Gum,25 kg,,https://sumberberkatingredia.com/produk/tara-gum/,,,,,BRAK,WORKING EXCEL v7 (incomplete) — awaiting Owner complete Excel (D-22),NO,NO_EAN_IN_V7,"AWAIT_OWNER_EXCEL (no SHOP gap-filling, D-23)",False,False,NONE,False
IE,Ireland,★★★★★,EU27,MILK,672,AFTER_ENGINE_10_10 (D-27),PI-ING-000236,MILK · 3.5% FAT · Chilled,EXACT_PR,,,MILK-GTIN-5011056020053,,Avonmore,Avonmore Fresh Whole Milk 2 Litre,2 L butelka,5011056020053,https://chompthis.com/product/?id=419344,,,,,LEAD,WORKING EXCEL v7 (incomplete) — awaiting Owner complete Excel (D-22),NO,EAN_ON_AGGREGATOR,"AWAIT_OWNER_EXCEL (no SHOP gap-filling, D-23)",False,False,NONE,False
IE,Ireland,★★★★★,EU27,CREAM,130,AFTER_ENGINE_10_10 (D-27),PI-ING-000180,CREAM 30% · Mlekovita Cream · Chilled,EXACT_PR,,,CREAM-GTIN-5900820000455,,Łaciata,Łaciata Śmietanka UHT 30% 500 ml,500 ml,5900820000455,https://moldovastore.ie/products/114/8433,IE,CCTLD,RAW_HTML,2026-09-10T13:38:02Z,CONFIRMED,WORKING EXCEL v7 (incomplete) — awaiting Owner complete Excel (D-22),ONLY_IF_OWNER_EXCEL_KEEPS_THIS_PRODUCT,,OWNER_EXCEL_RECONCILIATION → LABEL FACTS → ENGINE 10/10,True,True,CCTLD,True
IE,Ireland,★★★★★,EU27,SMP,35,AFTER_ENGINE_10_10 (D-27),PI-ING-000270,SKIMMED MILK POWDER · 0.8% FAT · Dairy · Dry,EXACT_PR,,,SMP-GTIN-05060113910714,,Milfresh / Aimia Foods,Milfresh Gold Superior Granulated Skimmed Milk 500 g,500 g; karton 10 × 500 g,5060113910714,https://www.templemanrv.co.uk/nutrition-pdf/9501/,,,,,LEAD,WORKING EXCEL v7 (incomplete) — awaiting Owner complete Excel (D-22),NO,EAN_ON_FOREIGN_MARKET_PAGE,"AWAIT_OWNER_EXCEL (no SHOP gap-filling, D-23)",True,False,OTHER_MARKET:GB,False
IE,Ireland,★★★★★,EU27,SUCROSE,130,AFTER_ENGINE_10_10 (D-27),PI-ING-000514,SUCROSE SUGAR · Sweetener · Dry,GLOBAL_PI_GENERIC,,SA10: en: granulated sugar (+sucrose/white sugar),GENERIC-SUCROSE,,GENERIC,Biały cukier krystaliczny — 100% cukier,dowolne opakowanie,,,,,,,N/A_GENERIC,WORKING EXCEL v7 (incomplete) — awaiting Owner complete Excel (D-22),NO,NO_LOCAL_TERM_EVIDENCE,TERM_EVIDENCE_OR_OWNER_DECISION,False,False,NONE,False
IE,Ireland,★★★★★,EU27,DEXTROSE,30,AFTER_ENGINE_10_10 (D-27),PI-ING-000494,DEXTROSE MONOHYDRATE · Sweetener · Dry,EXACT_PR,,,DEX-IE-PRODUCT,,Kiernan’s Food Ingredients,Dextrose Monohydrate 25 kg,25 kg,,https://kiernans.ie/product/dextrose-monohydrate/,,,,,BRAK,WORKING EXCEL v7 (incomplete) — awaiting Owner complete Excel (D-22),NO,NO_EAN_IN_V7,"AWAIT_OWNER_EXCEL (no SHOP gap-filling, D-23)",False,True,CCTLD,False
IE,Ireland,★★★★★,EU27,STABILIZER,3,AFTER_ENGINE_10_10 (D-27),PI-ING-000492,TARA GUM · Stabilizer,EXACT_PR,TARA (as listed in v7),,TARA-GTIN-08055728540170,,SaporePuro,SaporePuro Farina di Semi di Tara / Gomma di Tara E417,50 g,8055728540170,https://saporepuro.com/products/farina-di-semi-di-tara-gomma-di-tara-origine-peru-e417-confezionato-in-italia-1,,,,,LEAD,WORKING EXCEL v7 (incomplete) — awaiting Owner complete Excel (D-22),NO,EAN_ON_GENERIC_TLD_PAGE,"AWAIT_OWNER_EXCEL (no SHOP gap-filling, D-23)",True,False,NONE,False
IL,Israel,★★★★,ISRAEL,MILK,672,AFTER_ENGINE_10_10 (D-27),PI-ING-000236,MILK · 3.5% FAT · Chilled,EXACT_PR,,,MILK-IL-TNUVA-CLASSIC-38-1L,,Tnuva,"Tnuva Milk with a Classic Taste 3,8% 1 L",1 L,7290000051352,https://www.supercompare.co.il/en/product/7290000051352;,,,,,LEAD,WORKING EXCEL v7 (incomplete) — awaiting Owner complete Excel (D-22),NO,EAN_ON_AGGREGATOR,"AWAIT_OWNER_EXCEL (no SHOP gap-filling, D-23)",False,True,CCTLD,False
IL,Israel,★★★★,ISRAEL,CREAM,130,AFTER_ENGINE_10_10 (D-27),PI-ING-000180,CREAM 30% · Mlekovita Cream · Chilled,EXACT_PR,,,CREAM-GTIN-7290104728310,,Yotvata / יטבתה,Yotvata Whipping Cream 38% 250 ml (שמנת להקצפה 38%),250 ml,7290104728310,https://www.shuk-nachalat.co.il/product-details/29072/שמנת_להקצפה_38_יטבתה_250_מ_ל,,,,,LEAD,WORKING EXCEL v7 (incomplete) — awaiting Owner complete Excel (D-22),NO,MARKET_PAGE_WITHOUT_EAN,"AWAIT_OWNER_EXCEL (no SHOP gap-filling, D-23)",False,True,CCTLD,False
IL,Israel,★★★★,ISRAEL,SMP,35,AFTER_ENGINE_10_10 (D-27),PI-ING-000270,SKIMMED MILK POWDER · 0.8% FAT · Dairy · Dry,EXACT_PR,,,SMP-IL-SKU,,,אבקת חלב רזה 0.8% שומן,200 g,,https://sir-pele.co.il/items/677937-%D7%90%D7%91%D7%A7%D7%AA-%D7%97%D7%9C%D7%91-%D7%A8%D7%96%D7%94-0-8-%D7%A9%D7%95%D7%9E%D7%9F-200-%D7%92%D7%A8%D7%9D,,,,,BRAK,WORKING EXCEL v7 (incomplete) — awaiting Owner complete Excel (D-22),NO,NO_EAN_IN_V7,"AWAIT_OWNER_EXCEL (no SHOP gap-filling, D-23)",False,True,CCTLD,False
IL,Israel,★★★★,ISRAEL,SUCROSE,130,AFTER_ENGINE_10_10 (D-27),PI-ING-000514,SUCROSE SUGAR · Sweetener · Dry,GLOBAL_PI_GENERIC,,,GENERIC-SUCROSE,,GENERIC,Biały cukier krystaliczny — 100% cukier,dowolne opakowanie,,,,,,,N/A_GENERIC,WORKING EXCEL v7 (incomplete) — awaiting Owner complete Excel (D-22),NO,NO_LOCAL_TERM_EVIDENCE,TERM_EVIDENCE_OR_OWNER_DECISION,False,False,NONE,False
IL,Israel,★★★★,ISRAEL,DEXTROSE,30,AFTER_ENGINE_10_10 (D-27),PI-ING-000494,DEXTROSE MONOHYDRATE · Sweetener · Dry,EXACT_PR,,,DEX-IL-PRODUCT,,Homebrewing.co.il (bez marki producenta),דקסטרוז שק / Dextrose Monohydrate,25 kg,,https://homebrewing.co.il/catalog.asp?page=newshowprod.asp&prodid=2998212,,,,,BRAK,WORKING EXCEL v7 (incomplete) — awaiting Owner complete Excel (D-22),NO,NO_EAN_IN_V7,"AWAIT_OWNER_EXCEL (no SHOP gap-filling, D-23)",False,True,CCTLD,False
IL,Israel,★★★★,ISRAEL,STABILIZER,3,AFTER_ENGINE_10_10 (D-27),PI-ING-000492,TARA GUM · Stabilizer,EXACT_PR,TARA (as listed in v7),,TARA-MP-1508-50,,Modernist Pantry,Modernist Pantry Tara Gum 50 g,50 g,819543011967,https://modernistpantry.com/products/tara-gum.html,,,,,LEAD,WORKING EXCEL v7 (incomplete) — awaiting Owner complete Excel (D-22),NO,EAN_ON_GENERIC_TLD_PAGE,"AWAIT_OWNER_EXCEL (no SHOP gap-filling, D-23)",True,False,NONE,False
IN,India,★★★★,SOUTH_ASIA,MILK,672,AFTER_ENGINE_10_10 (D-27),PI-ING-000236,MILK · 3.5% FAT · Chilled,EXACT_PR,,,MILK-GTIN-8901262152983,,Amul,Amul Homogenised Cow Milk 1L Tetra Pak,"1 L, karton Tetra Pak UHT",8901262152983,https://www.billclap.com/business/88521/pp-supermarket/products/1643849/amul-cow-milk-1l,,,,,LEAD,WORKING EXCEL v7 (incomplete) — awaiting Owner complete Excel (D-22),NO,EAN_ON_PAGE_BOUND_ONLY_BY_CURRENCY,"AWAIT_OWNER_EXCEL (no SHOP gap-filling, D-23)",True,False,CURRENCY_ONLY,False
IN,India,★★★★,SOUTH_ASIA,CREAM,130,AFTER_ENGINE_10_10 (D-27),PI-ING-000180,CREAM 30% · Mlekovita Cream · Chilled,EXACT_PR,,,CREAM-GTIN-3161911703385,,Elle & Vire Professionnel,Elle & Vire Professionnel Excellence Whipping Cream 35%,1 L Tetra Pak,3161911703385,https://www.elle-et-vire.com/int/en/pro/creams/products/excellence-whipping-cream-35fat/,,,,,LEAD,WORKING EXCEL v7 (incomplete) — awaiting Owner complete Excel (D-22),NO,EAN_ONLY_ECHOED_FROM_URL_OR_QUERY,"AWAIT_OWNER_EXCEL (no SHOP gap-filling, D-23)",False,False,NONE,False
IN,India,★★★★,SOUTH_ASIA,SMP,35,AFTER_ENGINE_10_10 (D-27),PI-ING-000270,SKIMMED MILK POWDER · 0.8% FAT · Dairy · Dry,EXACT_PR,,,SMP-GTIN-08901262110068,,Amul / Sagar,Sagar Skimmed Milk Powder Pouch,500 g,8901262110068,https://kiranamarket.com/amul-sagar-skim-milk-powder-500g/,,,,,LEAD,WORKING EXCEL v7 (incomplete) — awaiting Owner complete Excel (D-22),NO,EAN_ON_PAGE_BOUND_ONLY_BY_CURRENCY,"AWAIT_OWNER_EXCEL (no SHOP gap-filling, D-23)",True,False,CURRENCY_ONLY,False
IN,India,★★★★,SOUTH_ASIA,SUCROSE,130,AFTER_ENGINE_10_10 (D-27),PI-ING-000514,SUCROSE SUGAR · Sweetener · Dry,GLOBAL_PI_GENERIC,,SA10: en: granulated sugar (+sucrose/white sugar) | hi: सुक्रोज | bn: সুক্রোজ | ta: சுக்ரோஸ்,GENERIC-SUCROSE,,GENERIC,Biały cukier krystaliczny — 100% cukier,dowolne opakowanie,,,,,,,N/A_GENERIC,WORKING EXCEL v7 (incomplete) — awaiting Owner complete Excel (D-22),NO,NO_LOCAL_TERM_EVIDENCE,TERM_EVIDENCE_OR_OWNER_DECISION,False,False,NONE,False
IN,India,★★★★,SOUTH_ASIA,DEXTROSE,30,AFTER_ENGINE_10_10 (D-27),PI-ING-000494,DEXTROSE MONOHYDRATE · Sweetener · Dry,EXACT_PR,,,DEX-IN-PRODUCT,,Gujarat Ambuja / GAEL,Gujarat Ambuja Dextrose Monohydrate Powder,25 kg bag; available also 50 kg (supplier listing),,https://www.ambujagroup.com/assets/tds-file/tds-dextrose-monohydrate-powder.pdf,,,,,BRAK,WORKING EXCEL v7 (incomplete) — awaiting Owner complete Excel (D-22),NO,NO_EAN_IN_V7,"AWAIT_OWNER_EXCEL (no SHOP gap-filling, D-23)",False,False,NONE,False
IN,India,★★★★,SOUTH_ASIA,STABILIZER,3,AFTER_ENGINE_10_10 (D-27),PI-ING-000492,TARA GUM · Stabilizer,EXACT_PR,TARA (as listed in v7),,TARA-IN-PRODUCT,,Meron,Tara Gum Food Grade,25 kg Kraft bag / corrugated carton,,https://www.agaragar.in/gums.html,,,,,BRAK,WORKING EXCEL v7 (incomplete) — awaiting Owner complete Excel (D-22),NO,NO_EAN_IN_V7,"AWAIT_OWNER_EXCEL (no SHOP gap-filling, D-23)",False,True,CCTLD,False
IS,Iceland,★★★★,EEA_NON_EU,MILK,672,AFTER_ENGINE_10_10 (D-27),PI-ING-000236,MILK · 3.5% FAT · Chilled,EXACT_PR,,,MILK-GTIN-5690527101011,,MS,MS Nýmjólk 1 l,"1 L karton, produkt MS nr0101",5690527101011,https://www.ms.is/vorur/vara/nymjolk-1-l,IS,CCTLD,RAW_HTML,2026-09-10T13:39:52Z,CONFIRMED,WORKING EXCEL v7 (incomplete) — awaiting Owner complete Excel (D-22),ONLY_IF_OWNER_EXCEL_KEEPS_THIS_PRODUCT,,OWNER_EXCEL_RECONCILIATION → LABEL FACTS → ENGINE 10/10,True,True,CCTLD,True
IS,Iceland,★★★★,EEA_NON_EU,CREAM,130,AFTER_ENGINE_10_10 (D-27),PI-ING-000180,CREAM 30% · Mlekovita Cream · Chilled,EXACT_PR,,,CREAM-GTIN-5690527172011,,MS,MS Rjómi 36% 500 ml,500 ml,5690527172011,https://www.ms.is/vorur/vara/rjomi-500-ml,IS,CCTLD,RAW_HTML,2026-09-10T13:39:52Z,CONFIRMED,WORKING EXCEL v7 (incomplete) — awaiting Owner complete Excel (D-22),ONLY_IF_OWNER_EXCEL_KEEPS_THIS_PRODUCT,,OWNER_EXCEL_RECONCILIATION → LABEL FACTS → ENGINE 10/10,True,True,CCTLD,True
IS,Iceland,★★★★,EEA_NON_EU,SMP,35,AFTER_ENGINE_10_10 (D-27),PI-ING-000270,SKIMMED MILK POWDER · 0.8% FAT · Dairy · Dry,EXACT_PR,,,SMP-GTIN-05690516075156,,MS Mjólkursamsalan,Undanrennuduft úða/iðn 25 kg,25 kg,5690516075156,https://www.ms.is/vorur/vara/undanrennuduft-uda-idn-25-kg,IS,CCTLD,RAW_HTML,2026-09-10T13:39:53Z,CONFIRMED,WORKING EXCEL v7 (incomplete) — awaiting Owner complete Excel (D-22),ONLY_IF_OWNER_EXCEL_KEEPS_THIS_PRODUCT,,OWNER_EXCEL_RECONCILIATION → LABEL FACTS → ENGINE 10/10,True,True,CCTLD,True
IS,Iceland,★★★★,EEA_NON_EU,SUCROSE,130,AFTER_ENGINE_10_10 (D-27),PI-ING-000514,SUCROSE SUGAR · Sweetener · Dry,GLOBAL_PI_GENERIC,,is:sykur,GENERIC-SUCROSE,,GENERIC,Biały cukier krystaliczny — 100% cukier,dowolne opakowanie,,https://kronan.is/vara/100228940-first-price-sykur,,,,,N/A_GENERIC,WORKING EXCEL v7 (incomplete) — awaiting Owner complete Excel (D-22),NO,NO_LOCAL_TERM_EVIDENCE,TERM_APPROVED (D-32),False,False,NONE,False
IS,Iceland,★★★★,EEA_NON_EU,DEXTROSE,30,AFTER_ENGINE_10_10 (D-27),PI-ING-000494,DEXTROSE MONOHYDRATE · Sweetener · Dry,EXACT_PR,,,DEX-GTIN-05060326271725,,HSN Raw Series,Dextrose Powder Unflavoured 1 kg,1 kg,5060326271725,https://storage.googleapis.com/catalog-pictures-carrefour-es/catalog/pictures/hd_1500x_/5060326271725_3.jpg,,,,,LEAD,WORKING EXCEL v7 (incomplete) — awaiting Owner complete Excel (D-22),NO,PAGE_WITHOUT_EAN,"AWAIT_OWNER_EXCEL (no SHOP gap-filling, D-23)",False,False,NONE,False
IS,Iceland,★★★★,EEA_NON_EU,STABILIZER,3,AFTER_ENGINE_10_10 (D-27),PI-ING-000492,TARA GUM · Stabilizer,EXACT_PR,TARA (as listed in v7),,TARA-MP-1508-50,,Modernist Pantry,Pure Tara Gum Powder 50 g,50 g (oferta marketplace opisuje także jako 2 oz),819543011967,https://modernistpantry.com/products/tara-gum.html,,,,,LEAD,WORKING EXCEL v7 (incomplete) — awaiting Owner complete Excel (D-22),NO,EAN_ON_GENERIC_TLD_PAGE,"AWAIT_OWNER_EXCEL (no SHOP gap-filling, D-23)",True,False,NONE,False
IT,Italy,★★★★★,EU27,MILK,672,AFTER_ENGINE_10_10 (D-27),PI-ING-000236,MILK · 3.5% FAT · Chilled,EXACT_PR,,,MILK-IT-GRANAROLO,,Granarolo,Granarolo Latte Intero UHT,1 l,8002670169607,https://www.carrefour.it/p/granarolo-latte-intero-uht-a-lunga-conservazione-1-l/8002670169607.html,IT,CCTLD,RAW_HTML,2026-09-10T13:39:01Z,CONFIRMED,WORKING EXCEL v7 (incomplete) — awaiting Owner complete Excel (D-22),ONLY_IF_OWNER_EXCEL_KEEPS_THIS_PRODUCT,,OWNER_EXCEL_RECONCILIATION → LABEL FACTS → ENGINE 10/10,True,True,CCTLD,True
IT,Italy,★★★★★,EU27,CREAM,130,AFTER_ENGINE_10_10 (D-27),PI-ING-000180,CREAM 30% · Mlekovita Cream · Chilled,EXACT_PR,,,CREAM-GTIN-4034900027405,,Meggle,Meggle Panna non zuccherata da montare e per cucinare UHT 30% 200 ml,200 ml,4034900027405,https://www.meggle.it/i-prodotti/panna/panna-da-montare,IT,CCTLD,RAW_HTML,2026-09-10T13:39:49Z,CONFIRMED,WORKING EXCEL v7 (incomplete) — awaiting Owner complete Excel (D-22),ONLY_IF_OWNER_EXCEL_KEEPS_THIS_PRODUCT,,OWNER_EXCEL_RECONCILIATION → LABEL FACTS → ENGINE 10/10,True,True,CCTLD,True
IT,Italy,★★★★★,EU27,SMP,35,AFTER_ENGINE_10_10 (D-27),PI-ING-000270,SKIMMED MILK POWDER · 0.8% FAT · Dairy · Dry,EXACT_PR,,,SMP-GTIN-08004990133030,,Ristora,Latte scremato in polvere istantaneo,puszka 300 g,8004990133030,https://www.bevandeistantanee.it/products/latte-scremato-in-polvere-ristora,IT,CCTLD,RAW_HTML,2026-09-10T13:38:55Z,CONFIRMED,WORKING EXCEL v7 (incomplete) — awaiting Owner complete Excel (D-22),ONLY_IF_OWNER_EXCEL_KEEPS_THIS_PRODUCT,,OWNER_EXCEL_RECONCILIATION → LABEL FACTS → ENGINE 10/10,True,True,CCTLD,True
IT,Italy,★★★★★,EU27,SUCROSE,130,AFTER_ENGINE_10_10 (D-27),PI-ING-000514,SUCROSE SUGAR · Sweetener · Dry,GLOBAL_PI_GENERIC,,SA10: it: saccarosio (+zucchero bianco),GENERIC-SUCROSE,,GENERIC,Biały cukier krystaliczny — 100% cukier,dowolne opakowanie,,,,,,,N/A_GENERIC,WORKING EXCEL v7 (incomplete) — awaiting Owner complete Excel (D-22),NO,NO_LOCAL_TERM_EVIDENCE,TERM_EVIDENCE_OR_OWNER_DECISION,False,False,NONE,False
IT,Italy,★★★★★,EU27,DEXTROSE,30,AFTER_ENGINE_10_10 (D-27),PI-ING-000494,DEXTROSE MONOHYDRATE · Sweetener · Dry,EXACT_PR,,,DEX-GTIN-08050246530061,,Artegustando,Destrosio Monoidrato 1kg,1 kg,8050246530061,https://artegustando.com/products/destrosio-monoidrato,,,,,LEAD,WORKING EXCEL v7 (incomplete) — awaiting Owner complete Excel (D-22),NO,EAN_ON_GENERIC_TLD_PAGE,"AWAIT_OWNER_EXCEL (no SHOP gap-filling, D-23)",True,False,NONE,False
IT,Italy,★★★★★,EU27,STABILIZER,3,AFTER_ENGINE_10_10 (D-27),PI-ING-000492,TARA GUM · Stabilizer,EXACT_PR,TARA (as listed in v7),,TARA-GTIN-08055728540170,,SaporePuro,SaporePuro Farina di Semi di Tara / Gomma di Tara E417,50 g,8055728540170,https://saporepuro.com/products/farina-di-semi-di-tara-gomma-di-tara-origine-peru-e417-confezionato-in-italia-1,,,,,LEAD,WORKING EXCEL v7 (incomplete) — awaiting Owner complete Excel (D-22),NO,EAN_ON_GENERIC_TLD_PAGE,"AWAIT_OWNER_EXCEL (no SHOP gap-filling, D-23)",True,False,NONE,False
JP,Japan,★★★★,EAST_ASIA,MILK,672,AFTER_ENGINE_10_10 (D-27),PI-ING-000236,MILK · 3.5% FAT · Chilled,EXACT_PR,,,MILK-GTIN-4955447100416,,Hokkaido Hidaka,Hokkaido Hidaka 3.6 Long Life Milk 200 ml,200 ml carton; retailer case 24 cartons,4955447100416,https://www.tajimaya-cc.net/products/36120,,,,,LEAD,WORKING EXCEL v7 (incomplete) — awaiting Owner complete Excel (D-22),NO,EAN_ON_GENERIC_TLD_PAGE,"AWAIT_OWNER_EXCEL (no SHOP gap-filling, D-23)",True,False,NONE,False
JP,Japan,★★★★,EAST_ASIA,CREAM,130,AFTER_ENGINE_10_10 (D-27),PI-ING-000180,CREAM 30% · Mlekovita Cream · Chilled,EXACT_PR,,,CREAM-GTIN-3252920035502,,Le Gall,Le Gall Crème fleurette entière 30% MG,250 ml bottle,3252920035502,https://www.auchan.fr/legall-creme-fleurette-entiere-30-mg/pr-C1176894,,,,,LEAD,WORKING EXCEL v7 (incomplete) — awaiting Owner complete Excel (D-22),NO,EAN_ON_FOREIGN_MARKET_PAGE,"AWAIT_OWNER_EXCEL (no SHOP gap-filling, D-23)",True,False,OTHER_MARKET:FR,False
JP,Japan,★★★★,EAST_ASIA,SMP,35,AFTER_ENGINE_10_10 (D-27),PI-ING-000270,SKIMMED MILK POWDER · 0.8% FAT · Dairy · Dry,EXACT_PR,,,SMP-GTIN-04908013127805,,Yotsuba / よつ葉,よつ葉 北海道スキムミルク (Yotsuba Hokkaido Skim Milk),150 g,4908013127805,https://www.yotsuba.co.jp/product/milk-powder_12780.html,,,,,LEAD,WORKING EXCEL v7 (incomplete) — awaiting Owner complete Excel (D-22),NO,MARKET_PAGE_WITHOUT_EAN,"AWAIT_OWNER_EXCEL (no SHOP gap-filling, D-23)",False,True,CCTLD,False
JP,Japan,★★★★,EAST_ASIA,SUCROSE,130,AFTER_ENGINE_10_10 (D-27),PI-ING-000514,SUCROSE SUGAR · Sweetener · Dry,GLOBAL_PI_GENERIC,,ja:グラニュー糖,GENERIC-SUCROSE,,GENERIC,Biały cukier krystaliczny — 100% cukier,dowolne opakowanie,,,,,,,N/A_GENERIC,WORKING EXCEL v7 (incomplete) — awaiting Owner complete Excel (D-22),NO,NO_LOCAL_TERM_EVIDENCE,TERM_APPROVED (D-32),False,False,NONE,False
JP,Japan,★★★★,EAST_ASIA,DEXTROSE,30,AFTER_ENGINE_10_10 (D-27),PI-ING-000494,DEXTROSE MONOHYDRATE · Sweetener · Dry,EXACT_PR,,,DEX-JP-PRODUCT,,加藤化学 Kato Kagaku / Fuji Cryster (フジクリスター),ブドウ糖 / 含水結晶ぶどう糖 1kg,1 kg,,https://item.rakuten.co.jp/nk/455447/,,,,,BRAK,WORKING EXCEL v7 (incomplete) — awaiting Owner complete Excel (D-22),NO,NO_EAN_IN_V7,"AWAIT_OWNER_EXCEL (no SHOP gap-filling, D-23)",False,True,CCTLD,False
JP,Japan,★★★★,EAST_ASIA,STABILIZER,3,AFTER_ENGINE_10_10 (D-27),PI-ING-000492,TARA GUM · Stabilizer,EXACT_PR,TARA (as listed in v7),,TARA-JP-PRODUCT,,Fuso Chemical (扶桑化学工業株式会社),"スピノガムD (Spinogum D), tara gum",Gramatura niepubliczna,,https://sansho.co.jp/product/other-products/,,,,,BRAK,WORKING EXCEL v7 (incomplete) — awaiting Owner complete Excel (D-22),NO,NO_EAN_IN_V7,"AWAIT_OWNER_EXCEL (no SHOP gap-filling, D-23)",False,True,CCTLD,False
KE,Kenya,★★★★,KENYA,MILK,672,AFTER_ENGINE_10_10 (D-27),PI-ING-000236,MILK · 3.5% FAT · Chilled,EXACT_PR,,,MILK-GTIN-6281007032568,,Almarai,Almarai Long Life Milk Full Fat 200 ml,"200 ml UHT carton, individual unit",6281007032568,https://hungerstation.com/sa-en/supermarkets/regions/jeddah/az-zahra/branch/spinneys-178611/product/almarai-milk-full-fat-200ml-6281007032568,,,,,LEAD,WORKING EXCEL v7 (incomplete) — awaiting Owner complete Excel (D-22),NO,EAN_ON_FOREIGN_MARKET_PAGE,"AWAIT_OWNER_EXCEL (no SHOP gap-filling, D-23)",False,False,OTHER_MARKET:SA,False
KE,Kenya,★★★★,KENYA,CREAM,130,AFTER_ENGINE_10_10 (D-27),PI-ING-000180,CREAM 30% · Mlekovita Cream · Chilled,EXACT_PR,,,CREAM-GTIN-5701215046375,,Emborg,Emborg Natural Whipping Cream UHT 35%,200 ml,5701215046375,https://artcaffemarket.co.ke/products/emborg-whipping-cream-fat-uht-35-200ml,KE,CCTLD,RAW_HTML,2026-09-10T13:37:07Z,CONFIRMED,WORKING EXCEL v7 (incomplete) — awaiting Owner complete Excel (D-22),ONLY_IF_OWNER_EXCEL_KEEPS_THIS_PRODUCT,,OWNER_EXCEL_RECONCILIATION → LABEL FACTS → ENGINE 10/10,True,True,CCTLD,True
KE,Kenya,★★★★,KENYA,SMP,35,AFTER_ENGINE_10_10 (D-27),PI-ING-000270,SKIMMED MILK POWDER · 0.8% FAT · Dairy · Dry,EXACT_PR,,,SMP-GTIN-00733739058324,,NOW Foods Real Food,NOW Real Food Organic Non-Fat Dry Milk Powder,torebka 12 oz (340 g),733739058324,https://www.nowfoods.com/products/natural-foods/non-fat-dry-milk-powder-organic,,,,,LEAD,WORKING EXCEL v7 (incomplete) — awaiting Owner complete Excel (D-22),NO,EAN_ON_GENERIC_TLD_PAGE,"AWAIT_OWNER_EXCEL (no SHOP gap-filling, D-23)",True,False,NONE,False
KE,Kenya,★★★★,KENYA,SUCROSE,130,AFTER_ENGINE_10_10 (D-27),PI-ING-000514,SUCROSE SUGAR · Sweetener · Dry,GLOBAL_PI_GENERIC,,SA10: en: granulated sugar (+sucrose/white sugar) | sw: sukrosi,GENERIC-SUCROSE,,GENERIC,Biały cukier krystaliczny — 100% cukier,dowolne opakowanie,,,,,,,N/A_GENERIC,WORKING EXCEL v7 (incomplete) — awaiting Owner complete Excel (D-22),NO,NO_LOCAL_TERM_EVIDENCE,TERM_EVIDENCE_OR_OWNER_DECISION,False,False,NONE,False
KE,Kenya,★★★★,KENYA,DEXTROSE,30,AFTER_ENGINE_10_10 (D-27),PI-ING-000494,DEXTROSE MONOHYDRATE · Sweetener · Dry,EXACT_PR,,,DEX-KE-PRODUCT,,Unspecified manufacturer,Dextrose Monohydrate (food grade),25 kg,,https://zenithcoltd.com/product/dextrose-monohydrate-kenya/,,,,,BRAK,WORKING EXCEL v7 (incomplete) — awaiting Owner complete Excel (D-22),NO,NO_EAN_IN_V7,"AWAIT_OWNER_EXCEL (no SHOP gap-filling, D-23)",False,False,NONE,False
KE,Kenya,★★★★,KENYA,STABILIZER,3,AFTER_ENGINE_10_10 (D-27),PI-ING-000492,TARA GUM · Stabilizer,EXACT_PR,TARA (as listed in v7),,TARA-KE-PRODUCT,,Modernist Pantry,Modernist Pantry Pure Tara Gum Powder,400 g,,https://modernistpantry.com/products/tara-gum.html,,,,,BRAK,WORKING EXCEL v7 (incomplete) — awaiting Owner complete Excel (D-22),NO,NO_EAN_IN_V7,"AWAIT_OWNER_EXCEL (no SHOP gap-filling, D-23)",False,False,NONE,False
KR,South Korea,★★★★,EAST_ASIA,MILK,672,AFTER_ENGINE_10_10 (D-27),PI-ING-000236,MILK · 3.5% FAT · Chilled,EXACT_PR,,,MILK-KR-MAEIL-ORIGINAL-36-900,,Maeil,"Maeil Milk Original 3,6% 900 ml",900 ml,8801121772874,https://kr.openfoodfacts.org/produkt/8801121772874/original-3-6-milk-maeil,,,,,LEAD,WORKING EXCEL v7 (incomplete) — awaiting Owner complete Excel (D-22),NO,EAN_ON_AGGREGATOR,"AWAIT_OWNER_EXCEL (no SHOP gap-filling, D-23)",False,True,SUBDOMAIN_LOCALE,False
KR,South Korea,★★★★,EAST_ASIA,CREAM,130,AFTER_ENGINE_10_10 (D-27),PI-ING-000180,CREAM 30% · Mlekovita Cream · Chilled,EXACT_PR,,,CREAM-GTIN-3412290032215,,Paysan Breton,Paysan Breton UHT Cooking & Whipping Cream 30%,200 ml (20 cl),3412290032215,https://lottemartzetta.com/products/OS3412290032215/details,,,,,LEAD,WORKING EXCEL v7 (incomplete) — awaiting Owner complete Excel (D-22),NO,EAN_ON_PAGE_BOUND_ONLY_BY_CURRENCY,"AWAIT_OWNER_EXCEL (no SHOP gap-filling, D-23)",True,False,CURRENCY_ONLY,False
KR,South Korea,★★★★,EAST_ASIA,SMP,35,AFTER_ENGINE_10_10 (D-27),PI-ING-000270,SKIMMED MILK POWDER · 0.8% FAT · Dairy · Dry,EXACT_PR,,,SMP-GTIN-08801115421078,,Seoul Milk / 서울우유,서울우유 탈지분유 (Seoul Skim Milk Powder),1 kg,8801115421078,https://lottemartzetta.com/products/OS8801115421078/details,,,,,LEAD,WORKING EXCEL v7 (incomplete) — awaiting Owner complete Excel (D-22),NO,EAN_ON_PAGE_BOUND_ONLY_BY_CURRENCY,"AWAIT_OWNER_EXCEL (no SHOP gap-filling, D-23)",True,False,CURRENCY_ONLY,False
KR,South Korea,★★★★,EAST_ASIA,SUCROSE,130,AFTER_ENGINE_10_10 (D-27),PI-ING-000514,SUCROSE SUGAR · Sweetener · Dry,GLOBAL_PI_GENERIC,,ko:백설탕,GENERIC-SUCROSE,,GENERIC,Biały cukier krystaliczny — 100% cukier,dowolne opakowanie,,https://foodmallshop.co.kr/product/%EB%B0%B1%EC%84%A4%EB%B0%B1%EC%84%A4%ED%83%95-1kg/213/,,,,,N/A_GENERIC,WORKING EXCEL v7 (incomplete) — awaiting Owner complete Excel (D-22),NO,NO_LOCAL_TERM_EVIDENCE,TERM_APPROVED (D-32),False,False,NONE,False
KR,South Korea,★★★★,EAST_ASIA,DEXTROSE,30,AFTER_ENGINE_10_10 (D-27),PI-ING-000494,DEXTROSE MONOHYDRATE · Sweetener · Dry,EXACT_PR,,,DEX-KR-PRODUCT,,ES식품원료 ES Food Ingredients,함수결정포도당 Dextrose Monohydrate 1kg,1 kg,,https://www.esfood.kr/goods/goods_view.php?goodsNo=186786072,,,,,BRAK,WORKING EXCEL v7 (incomplete) — awaiting Owner complete Excel (D-22),NO,NO_EAN_IN_V7,"AWAIT_OWNER_EXCEL (no SHOP gap-filling, D-23)",False,True,CCTLD,False
KR,South Korea,★★★★,EAST_ASIA,STABILIZER,3,AFTER_ENGINE_10_10 (D-27),PI-ING-000492,TARA GUM · Stabilizer,EXACT_PR,TARA (as listed in v7),,TARA-GTIN-08055728540170,,SaporePuro,Tara Gum 50gr. / Gomma di Tara E417,50 g,8055728540170,https://saporepuro.myshopify.com/products/farina-di-semi-di-tara-gomma-di-tara-origine-peru-e417-confezionato-in-italia-1,,,,,LEAD,WORKING EXCEL v7 (incomplete) — awaiting Owner complete Excel (D-22),NO,EAN_ON_GENERIC_TLD_PAGE,"AWAIT_OWNER_EXCEL (no SHOP gap-filling, D-23)",True,False,NONE,False
KW,Kuwait,★★★★,GCC,MILK,672,AFTER_ENGINE_10_10 (D-27),PI-ING-000236,MILK · 3.5% FAT · Chilled,EXACT_PR,,,MILK-GTIN-6281007040235,,Almarai,Fresh Milk Full Fat 1L,1 L butelka,6281007040235,https://mohideensupermarket.com/product/almarai-milk-full-fat-3-1-ltr/,,,,,LEAD,WORKING EXCEL v7 (incomplete) — awaiting Owner complete Excel (D-22),NO,EAN_ON_GENERIC_TLD_PAGE,"AWAIT_OWNER_EXCEL (no SHOP gap-filling, D-23)",True,False,NONE,False
KW,Kuwait,★★★★,GCC,CREAM,130,AFTER_ENGINE_10_10 (D-27),PI-ING-000180,CREAM 30% · Mlekovita Cream · Chilled,EXACT_PR,,,CREAM-GTIN-3412290032215,,Paysan Breton,Paysan Breton La Crème Pâtisserie & Cuisine UHT 30%,20 cl,3412290032215,https://bf1af2.akinoncloudcdn.com/products/2025/03/28/87485/697134c3-73cd-408b-8a68-2100017edff8_size1920_cropCenter.jpg,,,,,LEAD,WORKING EXCEL v7 (incomplete) — awaiting Owner complete Excel (D-22),NO,PAGE_WITHOUT_EAN,"AWAIT_OWNER_EXCEL (no SHOP gap-filling, D-23)",False,False,NONE,False
KW,Kuwait,★★★★,GCC,SMP,35,AFTER_ENGINE_10_10 (D-27),PI-ING-000270,SKIMMED MILK POWDER · 0.8% FAT · Dairy · Dry,EXACT_PR,,,SMP-GTIN-03043931691418,,Régilait,Régilait Instant Skimmed Milk Powder 0% Fat,puszka 300 g,3043931691418,https://thegrocer.com.qa/product/regilait-instant-skimmed-milk-powder-non-fat-300g/,,,,,LEAD,WORKING EXCEL v7 (incomplete) — awaiting Owner complete Excel (D-22),NO,EAN_ON_FOREIGN_MARKET_PAGE,"AWAIT_OWNER_EXCEL (no SHOP gap-filling, D-23)",True,False,OTHER_MARKET:QA,False
KW,Kuwait,★★★★,GCC,SUCROSE,130,AFTER_ENGINE_10_10 (D-27),PI-ING-000514,SUCROSE SUGAR · Sweetener · Dry,GLOBAL_PI_GENERIC,,SA10: en: granulated sugar (+sucrose/white sugar) | ar: سكروز,GENERIC-SUCROSE,,GENERIC,Biały cukier krystaliczny — 100% cukier,dowolne opakowanie,,,,,,,N/A_GENERIC,WORKING EXCEL v7 (incomplete) — awaiting Owner complete Excel (D-22),NO,NO_LOCAL_TERM_EVIDENCE,TERM_EVIDENCE_OR_OWNER_DECISION,False,False,NONE,False
KW,Kuwait,★★★★,GCC,DEXTROSE,30,AFTER_ENGINE_10_10 (D-27),PI-ING-000494,DEXTROSE MONOHYDRATE · Sweetener · Dry,EXACT_PR,,,DEX-KW-PRODUCT,,Unspecified manufacturer,Dextrose Monohydrate – food applications,B2B — opakowanie niepubliczne,,https://chemstock.ae/industrial-chemicals/food-chemicals/dextrose-monohydrate-supplier-uae/,,,,,BRAK,WORKING EXCEL v7 (incomplete) — awaiting Owner complete Excel (D-22),NO,NO_EAN_IN_V7,"AWAIT_OWNER_EXCEL (no SHOP gap-filling, D-23)",False,False,OTHER_MARKET:AE,False
KW,Kuwait,★★★★,GCC,STABILIZER,3,AFTER_ENGINE_10_10 (D-27),PI-ING-000492,TARA GUM · Stabilizer,EXACT_PR,TARA (as listed in v7),,TARA-MP-1508-50,,Modernist Pantry,Modernist Pantry Pure Tara Gum Powder,50 g,819543011967,https://modernistpantry.com/products/tara-gum.html,,,,,LEAD,WORKING EXCEL v7 (incomplete) — awaiting Owner complete Excel (D-22),NO,EAN_ON_GENERIC_TLD_PAGE,"AWAIT_OWNER_EXCEL (no SHOP gap-filling, D-23)",True,False,NONE,False
LK,Sri Lanka,★★★★,SOUTH_ASIA,MILK,672,AFTER_ENGINE_10_10 (D-27),PI-ING-000236,MILK · 3.5% FAT · Chilled,EXACT_PR,,,MILK-GTIN-4792116211000,,Ambewela,Ambewela Fresh Milk Full Cream UHT Treated 1000 ml,1000 ml carton with cap,4792116211000,https://mart.mrdeal.lk/product/ambewela-fresh-milk-full-cream-1l/4792116211000,LK,CCTLD,RAW_HTML,2026-09-10T13:37:56Z,CONFIRMED,WORKING EXCEL v7 (incomplete) — awaiting Owner complete Excel (D-22),ONLY_IF_OWNER_EXCEL_KEEPS_THIS_PRODUCT,,OWNER_EXCEL_RECONCILIATION → LABEL FACTS → ENGINE 10/10,True,True,CCTLD,True
LK,Sri Lanka,★★★★,SOUTH_ASIA,CREAM,130,AFTER_ENGINE_10_10 (D-27),PI-ING-000180,CREAM 30% · Mlekovita Cream · Chilled,EXACT_PR,,,CREAM-GTIN-5700426230177,,Puck,Puck Whipping Cream UHT 34% minimum fat,200 ml Tetra Pak,5700426230177,https://www.grandiose.ae/puck-whipping-cream-200ml0177,,,,,LEAD,WORKING EXCEL v7 (incomplete) — awaiting Owner complete Excel (D-22),NO,EAN_ON_FOREIGN_MARKET_PAGE,"AWAIT_OWNER_EXCEL (no SHOP gap-filling, D-23)",True,False,OTHER_MARKET:AE,False
LK,Sri Lanka,★★★★,SOUTH_ASIA,SMP,35,AFTER_ENGINE_10_10 (D-27),PI-ING-000270,SKIMMED MILK POWDER · 0.8% FAT · Dairy · Dry,EXACT_PR,,,SMP-GTIN-00733739058324,,NOW Foods,Real Food Organic Non-Fat Dry Milk Powder,12 oz (340 g),733739058324,https://www.nowfoods.com/products/natural-foods/non-fat-dry-milk-powder-organic,,,,,LEAD,WORKING EXCEL v7 (incomplete) — awaiting Owner complete Excel (D-22),NO,EAN_ON_GENERIC_TLD_PAGE,"AWAIT_OWNER_EXCEL (no SHOP gap-filling, D-23)",True,False,NONE,False
LK,Sri Lanka,★★★★,SOUTH_ASIA,SUCROSE,130,AFTER_ENGINE_10_10 (D-27),PI-ING-000514,SUCROSE SUGAR · Sweetener · Dry,GLOBAL_PI_GENERIC,,SA10: en: granulated sugar (+sucrose/white sugar) | si: සුක්‍රෝස් | ta: சுக்ரோஸ்,GENERIC-SUCROSE,,GENERIC,Biały cukier krystaliczny — 100% cukier,dowolne opakowanie,,,,,,,N/A_GENERIC,WORKING EXCEL v7 (incomplete) — awaiting Owner complete Excel (D-22),NO,NO_LOCAL_TERM_EVIDENCE,TERM_EVIDENCE_OR_OWNER_DECISION,False,False,NONE,False
LK,Sri Lanka,★★★★,SOUTH_ASIA,DEXTROSE,30,AFTER_ENGINE_10_10 (D-27),PI-ING-000494,DEXTROSE MONOHYDRATE · Sweetener · Dry,EXACT_PR,,,DEX-LK-PRODUCT,,,Likemta Dextrose Monohydrate,B2B — opakowanie niepubliczne,,https://www.likemta.com/food-ingredient/sweeteners/dextrose-monohydrate/,,,,,BRAK,WORKING EXCEL v7 (incomplete) — awaiting Owner complete Excel (D-22),NO,NO_EAN_IN_V7,"AWAIT_OWNER_EXCEL (no SHOP gap-filling, D-23)",False,False,NONE,False
LK,Sri Lanka,★★★★,SOUTH_ASIA,STABILIZER,3,AFTER_ENGINE_10_10 (D-27),PI-ING-000492,TARA GUM · Stabilizer,EXACT_PR,TARA (as listed in v7),,TARA-GTIN-00653981866129,,Happy Andes,Organic Tara Gum Powder,1 lb /16 oz,653981866129,https://www.happyandes-usa.com/products/organic-tara-gum/,,,,,LEAD,WORKING EXCEL v7 (incomplete) — awaiting Owner complete Excel (D-22),NO,PAGE_WITHOUT_EAN,"AWAIT_OWNER_EXCEL (no SHOP gap-filling, D-23)",False,False,NONE,False
LT,Lithuania,★★★★,EU27,MILK,672,AFTER_ENGINE_10_10 (D-27),PI-ING-000236,MILK · 3.5% FAT · Chilled,EXACT_PR,,,MILK-GTIN-4770265041259,,MŪ,"Pienas MŪ UAT 3,5% rieb. 1 l",1 l karton UAT/UHT,4770265041259,https://www.printera.lt/c/p/pienas-mu-3-5-riebumo-1-l--246813,LT,CCTLD,RAW_HTML,2026-09-10T13:40:01Z,CONFIRMED,WORKING EXCEL v7 (incomplete) — awaiting Owner complete Excel (D-22),ONLY_IF_OWNER_EXCEL_KEEPS_THIS_PRODUCT,,OWNER_EXCEL_RECONCILIATION → LABEL FACTS → ENGINE 10/10,True,True,CCTLD,True
LT,Lithuania,★★★★,EU27,CREAM,130,AFTER_ENGINE_10_10 (D-27),PI-ING-000180,CREAM 30% · Mlekovita Cream · Chilled,EXACT_PR,,,CREAM-GTIN-5901432003261,,Meadow Star,Meadow Star UHT whipping cream 30%,500 ml carton,5901432003261,https://www.rimi.lt/e-parduotuve/en/products/dairy-products-and-eggs/sour-and-sweet-cream-/cream/grietinele-meadow-star-uat-30-500-ml/p/4004128,,,,,LEAD,WORKING EXCEL v7 (incomplete) — awaiting Owner complete Excel (D-22),NO,MARKET_PAGE_WITHOUT_EAN,"AWAIT_OWNER_EXCEL (no SHOP gap-filling, D-23)",False,True,CCTLD,False
LT,Lithuania,★★★★,EU27,SMP,35,AFTER_ENGINE_10_10 (D-27),PI-ING-000270,SKIMMED MILK POWDER · 0.8% FAT · Dairy · Dry,EXACT_PR,,,SMP-LT-SKU,,UAB Rilis / Yerbamate.lt,Lieso pieno milteliai,1000 g,,https://aone.lt/produktas/lieso-pieno-milteliai-1000g/,,,,,BRAK,WORKING EXCEL v7 (incomplete) — awaiting Owner complete Excel (D-22),NO,NO_EAN_IN_V7,"AWAIT_OWNER_EXCEL (no SHOP gap-filling, D-23)",False,True,CCTLD,False
LT,Lithuania,★★★★,EU27,SUCROSE,130,AFTER_ENGINE_10_10 (D-27),PI-ING-000514,SUCROSE SUGAR · Sweetener · Dry,GLOBAL_PI_GENERIC,,lt:Cukrus,GENERIC-SUCROSE,,GENERIC,Biały cukier krystaliczny — 100% cukier,dowolne opakowanie,,https://www.vynomeka.lt/cukrus-1-kg,,,,,N/A_GENERIC,WORKING EXCEL v7 (incomplete) — awaiting Owner complete Excel (D-22),NO,NO_LOCAL_TERM_EVIDENCE,TERM_APPROVED (D-32),False,False,NONE,False
LT,Lithuania,★★★★,EU27,DEXTROSE,30,AFTER_ENGINE_10_10 (D-27),PI-ING-000494,DEXTROSE MONOHYDRATE · Sweetener · Dry,EXACT_PR,,,DEX-GTIN-04744130012590,,ICONFIT,"ICONFIT Dextro, czysta dekstroza w proszku",1000 g,4744130012590,https://iconfit.lt/en/products/dextrose,LT,CCTLD,RAW_HTML,2026-09-10T13:37:41Z,CONFIRMED,WORKING EXCEL v7 (incomplete) — awaiting Owner complete Excel (D-22),ONLY_IF_OWNER_EXCEL_KEEPS_THIS_PRODUCT,,OWNER_EXCEL_RECONCILIATION → LABEL FACTS → ENGINE 10/10,True,True,CCTLD,True
LT,Lithuania,★★★★,EU27,STABILIZER,3,AFTER_ENGINE_10_10 (D-27),PI-ING-000492,TARA GUM · Stabilizer,EXACT_PR,TARA (as listed in v7),,TARA-LT-PRODUCT,,Aone / UAB Rilis,Tara guma,200 g,,https://aone.lt/produktas/tara-guma-200g-400g-600g/,,,,,BRAK,WORKING EXCEL v7 (incomplete) — awaiting Owner complete Excel (D-22),NO,NO_EAN_IN_V7,"AWAIT_OWNER_EXCEL (no SHOP gap-filling, D-23)",False,True,CCTLD,False
LU,Luxembourg,★★★★,EU27,MILK,672,AFTER_ENGINE_10_10 (D-27),PI-ING-000236,MILK · 3.5% FAT · Chilled,EXACT_PR,,,MILK-LU-LUXLAIT-UHT-35-1L,,Luxlait,"Luxlait UHT Whole Milk 3,5% 1 L",1 L,5450168511507,https://www.luxlait.lu/en/product/uht-milk/pro,LU,CCTLD,RAW_HTML,2026-09-10T13:39:44Z,CONFIRMED,WORKING EXCEL v7 (incomplete) — awaiting Owner complete Excel (D-22),ONLY_IF_OWNER_EXCEL_KEEPS_THIS_PRODUCT,,OWNER_EXCEL_RECONCILIATION → LABEL FACTS → ENGINE 10/10,True,True,CCTLD,True
LU,Luxembourg,★★★★,EU27,CREAM,130,AFTER_ENGINE_10_10 (D-27),PI-ING-000180,CREAM 30% · Mlekovita Cream · Chilled,EXACT_PR,,,CREAM-GTIN-5450168531871,,Luxlait,Luxlait Crème UHT L’entière 30% 200 ml,200 ml,5450168531871,https://www.luxlait.lu/de/produkt/uht-schlagsahne/pro,LU,CCTLD,RAW_HTML,2026-09-10T13:39:44Z,CONFIRMED,WORKING EXCEL v7 (incomplete) — awaiting Owner complete Excel (D-22),ONLY_IF_OWNER_EXCEL_KEEPS_THIS_PRODUCT,,OWNER_EXCEL_RECONCILIATION → LABEL FACTS → ENGINE 10/10,True,True,CCTLD,True
LU,Luxembourg,★★★★,EU27,SMP,35,AFTER_ENGINE_10_10 (D-27),PI-ING-000270,SKIMMED MILK POWDER · 0.8% FAT · Dairy · Dry,EXACT_PR,,,SMP-GTIN-03254560079519,,Auchan,Lait en poudre écrémé,300 g,3254560079519,https://auchan.lu/lait-concentre-en-poudre/6749-lait-en-poudre-ecreme-300g-189847.html,LU,CCTLD,RAW_HTML,2026-09-10T13:37:08Z,CONFIRMED,WORKING EXCEL v7 (incomplete) — awaiting Owner complete Excel (D-22),ONLY_IF_OWNER_EXCEL_KEEPS_THIS_PRODUCT,,OWNER_EXCEL_RECONCILIATION → LABEL FACTS → ENGINE 10/10,True,True,CCTLD,True
LU,Luxembourg,★★★★,EU27,SUCROSE,130,AFTER_ENGINE_10_10 (D-27),PI-ING-000514,SUCROSE SUGAR · Sweetener · Dry,GLOBAL_PI_GENERIC,,SA10: de: Saccharose (+Zucker) | fr: saccharose (+sucre blanc),GENERIC-SUCROSE,,GENERIC,Biały cukier krystaliczny — 100% cukier,dowolne opakowanie,,,,,,,N/A_GENERIC,WORKING EXCEL v7 (incomplete) — awaiting Owner complete Excel (D-22),NO,NO_LOCAL_TERM_EVIDENCE,TERM_EVIDENCE_OR_OWNER_DECISION,False,False,NONE,False
LU,Luxembourg,★★★★,EU27,DEXTROSE,30,AFTER_ENGINE_10_10 (D-27),PI-ING-000494,DEXTROSE MONOHYDRATE · Sweetener · Dry,EXACT_PR,,,DEX-LU-PRODUCT,,Hobbyscuit (konfekcjonowany),Dextrose Monohydraté,500 g,,https://www.hobbyscuit.com/sucres/1268-dextrose-monohydrate.html,,,,,BRAK,WORKING EXCEL v7 (incomplete) — awaiting Owner complete Excel (D-22),NO,NO_EAN_IN_V7,"AWAIT_OWNER_EXCEL (no SHOP gap-filling, D-23)",False,False,NONE,False
LU,Luxembourg,★★★★,EU27,STABILIZER,3,AFTER_ENGINE_10_10 (D-27),PI-ING-000492,TARA GUM · Stabilizer,EXACT_PR,TARA (as listed in v7),,TARA-GTIN-08055728540170,,SaporePuro,SaporePuro Farina di Semi di Tara / Gomma di Tara E417,50 g,8055728540170,https://saporepuro.com/products/farina-di-semi-di-tara-gomma-di-tara-origine-peru-e417-confezionato-in-italia-1,,,,,LEAD,WORKING EXCEL v7 (incomplete) — awaiting Owner complete Excel (D-22),NO,EAN_ON_GENERIC_TLD_PAGE,"AWAIT_OWNER_EXCEL (no SHOP gap-filling, D-23)",True,False,NONE,False
LV,Latvia,★★★★,EU27,MILK,672,AFTER_ENGINE_10_10 (D-27),PI-ING-000236,MILK · 3.5% FAT · Chilled,EXACT_PR,,,MILK-GTIN-4770265041259,,MŪ,"Piens MŪ 3,5% tauku 1 l",1 l karton UAT/UHT,4770265041259,https://www.printera.lt/c/p/pienas-mu-3-5-riebumo-1-l--246813,,,,,LEAD,WORKING EXCEL v7 (incomplete) — awaiting Owner complete Excel (D-22),NO,EAN_ON_FOREIGN_MARKET_PAGE,"AWAIT_OWNER_EXCEL (no SHOP gap-filling, D-23)",True,False,OTHER_MARKET:LT,False
LV,Latvia,★★★★,EU27,CREAM,130,AFTER_ENGINE_10_10 (D-27),PI-ING-000180,CREAM 30% · Mlekovita Cream · Chilled,EXACT_PR,,,CREAM-GTIN-5901432003261,,Meadow Star,Meadow Star UHT whipping cream 30%,500 ml carton,5901432003261,https://www.rimi.lv/e-veikals/en/products/dairy-and-eggs/cream/whipping-cream/saldais-krejums-meadow-star-uht-30-500ml/p/4004128,,,,,LEAD,WORKING EXCEL v7 (incomplete) — awaiting Owner complete Excel (D-22),NO,MARKET_PAGE_WITHOUT_EAN,"AWAIT_OWNER_EXCEL (no SHOP gap-filling, D-23)",False,True,CCTLD,False
LV,Latvia,★★★★,EU27,SMP,35,AFTER_ENGINE_10_10 (D-27),PI-ING-000270,SKIMMED MILK POWDER · 0.8% FAT · Dairy · Dry,EXACT_PR,,,SMP-LV-SKU,,Rīgas piena kombināts,Vājpiena pulveris,"25 kg, worek",,https://piens.lv/produkti/vajpiena-pulveris,,,,,BRAK,WORKING EXCEL v7 (incomplete) — awaiting Owner complete Excel (D-22),NO,NO_EAN_IN_V7,"AWAIT_OWNER_EXCEL (no SHOP gap-filling, D-23)",False,True,CCTLD,False
LV,Latvia,★★★★,EU27,SUCROSE,130,AFTER_ENGINE_10_10 (D-27),PI-ING-000514,SUCROSE SUGAR · Sweetener · Dry,GLOBAL_PI_GENERIC,,lv:Cukurs,GENERIC-SUCROSE,,GENERIC,Biały cukier krystaliczny — 100% cukier,dowolne opakowanie,,https://www.rimi.lv/e-veikals/lv/produkti/iepakota-partika/saldas-garsvielas/cukurs/cukurs-rimi-1kg/p/801045,,,,,N/A_GENERIC,WORKING EXCEL v7 (incomplete) — awaiting Owner complete Excel (D-22),NO,NO_LOCAL_TERM_EVIDENCE,TERM_APPROVED (D-32),False,False,NONE,False
LV,Latvia,★★★★,EU27,DEXTROSE,30,AFTER_ENGINE_10_10 (D-27),PI-ING-000494,DEXTROSE MONOHYDRATE · Sweetener · Dry,EXACT_PR,,,DEX-GTIN-04744130012590,,ICONFIT,"ICONFIT Dextro, czysta dekstroza w proszku",1000 g,4744130012590,https://iconfit.lv/products/dextrose,LV,CCTLD,RAW_HTML,2026-09-10T13:37:41Z,CONFIRMED,WORKING EXCEL v7 (incomplete) — awaiting Owner complete Excel (D-22),ONLY_IF_OWNER_EXCEL_KEEPS_THIS_PRODUCT,,OWNER_EXCEL_RECONCILIATION → LABEL FACTS → ENGINE 10/10,True,True,CCTLD,True
LV,Latvia,★★★★,EU27,STABILIZER,3,AFTER_ENGINE_10_10 (D-27),PI-ING-000492,TARA GUM · Stabilizer,EXACT_PR,TARA (as listed in v7),,TARA-GTIN-08055728540170,,SaporePuro,SaporePuro Farina di Semi di Tara / Gomma di Tara E417,50 g,8055728540170,https://saporepuro.com/products/farina-di-semi-di-tara-gomma-di-tara-origine-peru-e417-confezionato-in-italia-1,,,,,LEAD,WORKING EXCEL v7 (incomplete) — awaiting Owner complete Excel (D-22),NO,EAN_ON_GENERIC_TLD_PAGE,"AWAIT_OWNER_EXCEL (no SHOP gap-filling, D-23)",True,False,NONE,False
MA,Morocco,★★★★,MAGHREB,MILK,672,AFTER_ENGINE_10_10 (D-27),PI-ING-000236,MILK · 3.5% FAT · Chilled,EXACT_PR,,,MILK-GTIN-8410285127347,,Président,Lait de vache stérilisé UHT entier 3.5% M.G. 1L,"1 L, karton eksportowy wielojęzyczny z nakrętką",8410285127347,https://suatuoi.com/president/president-full-cream-1l-combo,,,,,LEAD,WORKING EXCEL v7 (incomplete) — awaiting Owner complete Excel (D-22),NO,EAN_ON_GENERIC_TLD_PAGE,"AWAIT_OWNER_EXCEL (no SHOP gap-filling, D-23)",True,False,NONE,False
MA,Morocco,★★★★,MAGHREB,CREAM,130,AFTER_ENGINE_10_10 (D-27),PI-ING-000180,CREAM 30% · Mlekovita Cream · Chilled,EXACT_PR,,,CREAM-GTIN-3155250367834,,Bridélice,Bridélice Crème UHT entière fluide 30% MG,2 × 25 cl,3155250367834,https://www.carrefour.fr/p/creme-uht-fluide-entiere-30-mg-bridelice-3155250367834,,,,,LEAD,WORKING EXCEL v7 (incomplete) — awaiting Owner complete Excel (D-22),NO,SOURCE_NOT_READABLE,"AWAIT_OWNER_EXCEL (no SHOP gap-filling, D-23)",False,False,OTHER_MARKET:FR,False
MA,Morocco,★★★★,MAGHREB,SMP,35,AFTER_ENGINE_10_10 (D-27),PI-ING-000270,SKIMMED MILK POWDER · 0.8% FAT · Dairy · Dry,EXACT_PR,,,SMP-GTIN-00733739058324,,NOW Foods Real Food,NOW Real Food Organic Non-Fat Dry Milk Powder,torebka 12 oz (340 g),733739058324,https://www.nowfoods.com/products/natural-foods/non-fat-dry-milk-powder-organic,,,,,LEAD,WORKING EXCEL v7 (incomplete) — awaiting Owner complete Excel (D-22),NO,EAN_ON_GENERIC_TLD_PAGE,"AWAIT_OWNER_EXCEL (no SHOP gap-filling, D-23)",True,False,NONE,False
MA,Morocco,★★★★,MAGHREB,SUCROSE,130,AFTER_ENGINE_10_10 (D-27),PI-ING-000514,SUCROSE SUGAR · Sweetener · Dry,GLOBAL_PI_GENERIC,,SA10: fr: saccharose (+sucre blanc) | ar: سكروز,GENERIC-SUCROSE,,GENERIC,Biały cukier krystaliczny — 100% cukier,dowolne opakowanie,,,,,,,N/A_GENERIC,WORKING EXCEL v7 (incomplete) — awaiting Owner complete Excel (D-22),NO,NO_LOCAL_TERM_EVIDENCE,TERM_EVIDENCE_OR_OWNER_DECISION,False,False,NONE,False
MA,Morocco,★★★★,MAGHREB,DEXTROSE,30,AFTER_ENGINE_10_10 (D-27),PI-ING-000494,DEXTROSE MONOHYDRATE · Sweetener · Dry,EXACT_PR,,,DEX-MA-PRODUCT,,Unspecified manufacturer,Dextrose Monohydrate 25kg,25 kg paper bag,,https://www.multitrade.ma/nos-produits/,,,,,BRAK,WORKING EXCEL v7 (incomplete) — awaiting Owner complete Excel (D-22),NO,NO_EAN_IN_V7,"AWAIT_OWNER_EXCEL (no SHOP gap-filling, D-23)",False,True,CCTLD,False
MA,Morocco,★★★★,MAGHREB,STABILIZER,3,AFTER_ENGINE_10_10 (D-27),PI-ING-000492,TARA GUM · Stabilizer,EXACT_PR,TARA (as listed in v7),,TARA-MA-PRODUCT,,Top Negoce (distributor; manufacturer undisclosed),E417 - Gomme de Tara / Tara Gum,25 kg bag,,https://catalogue.topnegoce.com/en/1221-999-e417-tara-gum-top-negoce.html,,,,,BRAK,WORKING EXCEL v7 (incomplete) — awaiting Owner complete Excel (D-22),NO,NO_EAN_IN_V7,"AWAIT_OWNER_EXCEL (no SHOP gap-filling, D-23)",False,False,CURRENCY_ONLY,False
MT,Malta,★★★★,EU27,MILK,672,AFTER_ENGINE_10_10 (D-27),PI-ING-000236,MILK · 3.5% FAT · Chilled,EXACT_PR,,,MILK-MT-BENNA-FRESH-35-1L,,Benna,"Benna Fresh Whole Milk 3,5% 1 L",1 L,5350066100042,https://savemart.com.mt/product/3578/popup,MT,CCTLD,RAW_HTML,2026-09-10T13:38:24Z,CONFIRMED,WORKING EXCEL v7 (incomplete) — awaiting Owner complete Excel (D-22),ONLY_IF_OWNER_EXCEL_KEEPS_THIS_PRODUCT,,OWNER_EXCEL_RECONCILIATION → LABEL FACTS → ENGINE 10/10,True,True,CCTLD,True
MT,Malta,★★★★,EU27,CREAM,130,AFTER_ENGINE_10_10 (D-27),PI-ING-000180,CREAM 30% · Mlekovita Cream · Chilled,EXACT_PR,,,CREAM-GTIN-3155250367896,,Président,Président Crème UHT semi-épaisse entière 30% MG 2×25cl,2 × 250 ml,3155250367896,https://www.auchan.fr/president-creme-semi-epaisse-entiere-gastronomique-30-mg-uht/pr-C1174614,,,,,LEAD,WORKING EXCEL v7 (incomplete) — awaiting Owner complete Excel (D-22),NO,EAN_ON_FOREIGN_MARKET_PAGE,"AWAIT_OWNER_EXCEL (no SHOP gap-filling, D-23)",True,False,OTHER_MARKET:FR,False
MT,Malta,★★★★,EU27,SMP,35,AFTER_ENGINE_10_10 (D-27),PI-ING-000270,SKIMMED MILK POWDER · 0.8% FAT · Dairy · Dry,EXACT_PR,,,SMP-GTIN-03043939531112,,Régilait,Skimmed Milk Powder,puszka 300 g,3043939531112,https://savemart.com.mt/product/89655/popup,MT,CCTLD,RAW_HTML,2026-09-10T13:38:24Z,CONFIRMED,WORKING EXCEL v7 (incomplete) — awaiting Owner complete Excel (D-22),ONLY_IF_OWNER_EXCEL_KEEPS_THIS_PRODUCT,,OWNER_EXCEL_RECONCILIATION → LABEL FACTS → ENGINE 10/10,True,True,CCTLD,True
MT,Malta,★★★★,EU27,SUCROSE,130,AFTER_ENGINE_10_10 (D-27),PI-ING-000514,SUCROSE SUGAR · Sweetener · Dry,GLOBAL_PI_GENERIC,,SA10: en: granulated sugar (+sucrose/white sugar),GENERIC-SUCROSE,,GENERIC,Biały cukier krystaliczny — 100% cukier,dowolne opakowanie,,,,,,,N/A_GENERIC,WORKING EXCEL v7 (incomplete) — awaiting Owner complete Excel (D-22),NO,NO_LOCAL_TERM_EVIDENCE,TERM_EVIDENCE_OR_OWNER_DECISION,False,False,NONE,False
MT,Malta,★★★★,EU27,DEXTROSE,30,AFTER_ENGINE_10_10 (D-27),PI-ING-000494,DEXTROSE MONOHYDRATE · Sweetener · Dry,EXACT_PR,,,DEX-GTIN-08050246530061,,Artegustando,Destrosio Monoidrato 1kg,1 kg,8050246530061,https://artegustando.com/products/destrosio-monoidrato,,,,,LEAD,WORKING EXCEL v7 (incomplete) — awaiting Owner complete Excel (D-22),NO,EAN_ON_GENERIC_TLD_PAGE,"AWAIT_OWNER_EXCEL (no SHOP gap-filling, D-23)",True,False,NONE,False
MT,Malta,★★★★,EU27,STABILIZER,3,AFTER_ENGINE_10_10 (D-27),PI-ING-000492,TARA GUM · Stabilizer,EXACT_PR,TARA (as listed in v7),,TARA-GTIN-08055728540170,,SaporePuro,SaporePuro Farina di Semi di Tara / Gomma di Tara E417,50 g,8055728540170,https://saporepuro.com/products/farina-di-semi-di-tara-gomma-di-tara-origine-peru-e417-confezionato-in-italia-1,,,,,LEAD,WORKING EXCEL v7 (incomplete) — awaiting Owner complete Excel (D-22),NO,EAN_ON_GENERIC_TLD_PAGE,"AWAIT_OWNER_EXCEL (no SHOP gap-filling, D-23)",True,False,NONE,False
MX,Mexico,★★★★,LATAM_NORTH_ANDEAN,MILK,672,AFTER_ENGINE_10_10 (D-27),PI-ING-000236,MILK · 3.5% FAT · Chilled,EXACT_PR,,,MILK-MX-ALPURA-UHT-34-1L,,Alpura,"Alpura Clásica Leche Entera UHT 3,4% 1 L",1 L,7501055900039,https://onixsuper.com/producto/leche-up-alpura-clasica-1-0-lt/,,,,,LEAD,WORKING EXCEL v7 (incomplete) — awaiting Owner complete Excel (D-22),NO,EAN_ON_PAGE_BOUND_ONLY_BY_CURRENCY,"AWAIT_OWNER_EXCEL (no SHOP gap-filling, D-23)",True,False,CURRENCY_ONLY,False
MX,Mexico,★★★★,LATAM_NORTH_ANDEAN,CREAM,130,AFTER_ENGINE_10_10 (D-27),PI-ING-000180,CREAM 30% · Mlekovita Cream · Chilled,EXACT_PR,,,CREAM-GTIN-7501092101031,,Lyncott,Lyncott Crema para Batir 500 ml,500 ml,7501092101031,https://www.cucopanaderos.com.mx/tienda/cremas-/389-crema-p-batir-lyncott-20x500grs-5-0.html,MX,CCTLD,RAW_HTML,2026-09-10T13:39:10Z,CONFIRMED,WORKING EXCEL v7 (incomplete) — awaiting Owner complete Excel (D-22),ONLY_IF_OWNER_EXCEL_KEEPS_THIS_PRODUCT,,OWNER_EXCEL_RECONCILIATION → LABEL FACTS → ENGINE 10/10,True,True,CCTLD,True
MX,Mexico,★★★★,LATAM_NORTH_ANDEAN,SMP,35,AFTER_ENGINE_10_10 (D-27),PI-ING-000270,SKIMMED MILK POWDER · 0.8% FAT · Dairy · Dry,EXACT_PR,,,SMP-GTIN-00733739058324,,NOW Foods,NOW Real Food Organic Non-Fat Dry Milk Powder,12 oz / 340 g,733739058324,https://www.nowfoods.com/products/natural-foods/non-fat-dry-milk-powder-organic,,,,,LEAD,WORKING EXCEL v7 (incomplete) — awaiting Owner complete Excel (D-22),NO,EAN_ON_GENERIC_TLD_PAGE,"AWAIT_OWNER_EXCEL (no SHOP gap-filling, D-23)",True,False,NONE,False
MX,Mexico,★★★★,LATAM_NORTH_ANDEAN,SUCROSE,130,AFTER_ENGINE_10_10 (D-27),PI-ING-000514,SUCROSE SUGAR · Sweetener · Dry,GLOBAL_PI_GENERIC,,SA10: es: azúcar blanco (+sacarosa),GENERIC-SUCROSE,,GENERIC,Biały cukier krystaliczny — 100% cukier,dowolne opakowanie,,,,,,,N/A_GENERIC,WORKING EXCEL v7 (incomplete) — awaiting Owner complete Excel (D-22),NO,NO_LOCAL_TERM_EVIDENCE,TERM_EVIDENCE_OR_OWNER_DECISION,False,False,NONE,False
MX,Mexico,★★★★,LATAM_NORTH_ANDEAN,DEXTROSE,30,AFTER_ENGINE_10_10 (D-27),PI-ING-000494,DEXTROSE MONOHYDRATE · Sweetener · Dry,EXACT_PR,,,DEX-MX-PRODUCT,,Pochteca Materias Primas (dystrybutor),Dextrosa monohidratada,25 kg,,https://tienda.pochteca.net/products/dextrosa-monohidratada,,,,,BRAK,WORKING EXCEL v7 (incomplete) — awaiting Owner complete Excel (D-22),NO,NO_EAN_IN_V7,"AWAIT_OWNER_EXCEL (no SHOP gap-filling, D-23)",False,False,CURRENCY_ONLY,False
MX,Mexico,★★★★,LATAM_NORTH_ANDEAN,STABILIZER,3,AFTER_ENGINE_10_10 (D-27),PI-ING-000492,TARA GUM · Stabilizer,EXACT_PR,TARA (as listed in v7),,TARA-MX-PRODUCT,,Maprysa,Goma Tara — oferta spożywcza B2B,Gramatura niepubliczna,,https://maprysa.com.mx/goma-de-konjac,,,,,BRAK,WORKING EXCEL v7 (incomplete) — awaiting Owner complete Excel (D-22),NO,NO_EAN_IN_V7,"AWAIT_OWNER_EXCEL (no SHOP gap-filling, D-23)",False,True,CCTLD,False
MY,Malaysia,★★★★,ASEAN,MILK,672,AFTER_ENGINE_10_10 (D-27),PI-ING-000236,MILK · 3.5% FAT · Chilled,EXACT_PR,,,MILK-GTIN-5701215046832,,Emborg,"Emborg UHT Full Cream Milk 3,5% 1 L",1 L,5701215046832,https://maxmartonline.com/emborg-milk-full-cream-1ltr,,,,,LEAD,WORKING EXCEL v7 (incomplete) — awaiting Owner complete Excel (D-22),NO,EAN_ON_GENERIC_TLD_PAGE,"AWAIT_OWNER_EXCEL (no SHOP gap-filling, D-23)",True,False,NONE,False
MY,Malaysia,★★★★,ASEAN,CREAM,130,AFTER_ENGINE_10_10 (D-27),PI-ING-000180,CREAM 30% · Mlekovita Cream · Chilled,EXACT_PR,,,CREAM-GTIN-5701215046375,,Emborg,Emborg Natural Whipping Cream UHT 35.1% 200 ml,200 ml,5701215046375,https://maxmartonline.com/emborg-whipping-cream-200ml,,,,,LEAD,WORKING EXCEL v7 (incomplete) — awaiting Owner complete Excel (D-22),NO,EAN_ON_GENERIC_TLD_PAGE,"AWAIT_OWNER_EXCEL (no SHOP gap-filling, D-23)",True,False,NONE,False
MY,Malaysia,★★★★,ASEAN,SMP,35,AFTER_ENGINE_10_10 (D-27),PI-ING-000270,SKIMMED MILK POWDER · 0.8% FAT · Dairy · Dry,EXACT_PR,,,SMP-GTIN-09556958338807,,Sunlac,Sunlac Low Fat Instant Skim Milk Powder,700 g,9556958338807,https://megakulim.com.my/index.php?product_id=454&route=product%2Fproduct,MY,CCTLD,RAW_HTML,2026-09-10T13:37:58Z,CONFIRMED,WORKING EXCEL v7 (incomplete) — awaiting Owner complete Excel (D-22),ONLY_IF_OWNER_EXCEL_KEEPS_THIS_PRODUCT,,OWNER_EXCEL_RECONCILIATION → LABEL FACTS → ENGINE 10/10,True,True,CCTLD,True
MY,Malaysia,★★★★,ASEAN,SUCROSE,130,AFTER_ENGINE_10_10 (D-27),PI-ING-000514,SUCROSE SUGAR · Sweetener · Dry,GLOBAL_PI_GENERIC,,SA10: en: granulated sugar (+sucrose/white sugar) | ms: sukrosa,GENERIC-SUCROSE,,GENERIC,Biały cukier krystaliczny — 100% cukier,dowolne opakowanie,,,,,,,N/A_GENERIC,WORKING EXCEL v7 (incomplete) — awaiting Owner complete Excel (D-22),NO,NO_LOCAL_TERM_EVIDENCE,TERM_EVIDENCE_OR_OWNER_DECISION,False,False,NONE,False
MY,Malaysia,★★★★,ASEAN,DEXTROSE,30,AFTER_ENGINE_10_10 (D-27),PI-ING-000494,DEXTROSE MONOHYDRATE · Sweetener · Dry,EXACT_PR,,,DEX-MY-PRODUCT,,Pastry Pro,Pastry Pro Dextrose Monohydrate Food Grade 1kg,1 kg bag,,https://pastrypro.com.my/products/dextrose-monohydrate-food-grade-1kg,,,,,BRAK,WORKING EXCEL v7 (incomplete) — awaiting Owner complete Excel (D-22),NO,NO_EAN_IN_V7,"AWAIT_OWNER_EXCEL (no SHOP gap-filling, D-23)",False,True,CCTLD,False
MY,Malaysia,★★★★,ASEAN,STABILIZER,3,AFTER_ENGINE_10_10 (D-27),PI-ING-000492,TARA GUM · Stabilizer,EXACT_PR,TARA (as listed in v7),,TARA-MY-PRODUCT,,Take It Global,Tara Gum Powder / Serbuk Gam Tara,100 g (500g and1kg variants also listed),,https://takeitglobal.my/products/tara-gum-powder-serbuk-gam-tara-caesalpinia-spinosa-gum-%E5%A1%94%E6%8B%89%E8%83%B6%E7%B2%89,,,,,BRAK,WORKING EXCEL v7 (incomplete) — awaiting Owner complete Excel (D-22),NO,NO_EAN_IN_V7,"AWAIT_OWNER_EXCEL (no SHOP gap-filling, D-23)",False,True,CCTLD,False
NG,Nigeria,★★★★,WEST_AFRICA,MILK,672,AFTER_ENGINE_10_10 (D-27),PI-ING-000236,MILK · 3.5% FAT · Chilled,EXACT_PR,,,MILK-NG-PEAK-UHT-36-1L,,Peak,"Peak UHT Full Cream Milk 3,6% 1 L",1 L,8716200612883,https://www.peakmilk.com.ng/assortment/ready-to-drink/peak-uht-milk-full-cream/;,,,,,LEAD,WORKING EXCEL v7 (incomplete) — awaiting Owner complete Excel (D-22),NO,MARKET_PAGE_WITHOUT_EAN,"AWAIT_OWNER_EXCEL (no SHOP gap-filling, D-23)",False,True,CCTLD,False
NG,Nigeria,★★★★,WEST_AFRICA,CREAM,130,AFTER_ENGINE_10_10 (D-27),PI-ING-000180,CREAM 30% · Mlekovita Cream · Chilled,EXACT_PR,,,CREAM-GTIN-5701215046375,,Emborg,Emborg Natural Whipping Cream UHT 35%,200 ml,5701215046375,https://maxmartonline.com/emborg-whipping-cream-200ml,,,,,LEAD,WORKING EXCEL v7 (incomplete) — awaiting Owner complete Excel (D-22),NO,EAN_ON_GENERIC_TLD_PAGE,"AWAIT_OWNER_EXCEL (no SHOP gap-filling, D-23)",True,False,NONE,False
NG,Nigeria,★★★★,WEST_AFRICA,SMP,35,AFTER_ENGINE_10_10 (D-27),PI-ING-000270,SKIMMED MILK POWDER · 0.8% FAT · Dairy · Dry,EXACT_PR,,,SMP-GTIN-00733739058324,,NOW Foods Real Food,NOW Real Food Organic Non-Fat Dry Milk Powder,torebka 12 oz (340 g),733739058324,https://www.nowfoods.com/products/natural-foods/non-fat-dry-milk-powder-organic,,,,,LEAD,WORKING EXCEL v7 (incomplete) — awaiting Owner complete Excel (D-22),NO,EAN_ON_GENERIC_TLD_PAGE,"AWAIT_OWNER_EXCEL (no SHOP gap-filling, D-23)",True,False,NONE,False
NG,Nigeria,★★★★,WEST_AFRICA,SUCROSE,130,AFTER_ENGINE_10_10 (D-27),PI-ING-000514,SUCROSE SUGAR · Sweetener · Dry,GLOBAL_PI_GENERIC,,SA10: en: granulated sugar (+sucrose/white sugar),GENERIC-SUCROSE,,GENERIC,Biały cukier krystaliczny — 100% cukier,dowolne opakowanie,,,,,,,N/A_GENERIC,WORKING EXCEL v7 (incomplete) — awaiting Owner complete Excel (D-22),NO,NO_LOCAL_TERM_EVIDENCE,TERM_EVIDENCE_OR_OWNER_DECISION,False,False,NONE,False
NG,Nigeria,★★★★,WEST_AFRICA,DEXTROSE,30,AFTER_ENGINE_10_10 (D-27),PI-ING-000494,DEXTROSE MONOHYDRATE · Sweetener · Dry,EXACT_PR,,,DEX-NG-PRODUCT,,Unspecified manufacturer,Dextrose Monohydrate – Food Grade Glucose Powder,25 kg,,https://chemicalwarehouse.com.ng/product/dextrose-monohydrate/,,,,,BRAK,WORKING EXCEL v7 (incomplete) — awaiting Owner complete Excel (D-22),NO,NO_EAN_IN_V7,"AWAIT_OWNER_EXCEL (no SHOP gap-filling, D-23)",False,True,CCTLD,False
NG,Nigeria,★★★★,WEST_AFRICA,STABILIZER,3,AFTER_ENGINE_10_10 (D-27),PI-ING-000492,TARA GUM · Stabilizer,EXACT_PR,TARA (as listed in v7),,TARA-GTIN-00711221973058,,Cape Crystal Brands,Cape Crystal Brands Tara Gum Powder,2 oz (56.7 g),711221973058,https://www.capecrystalbrands.com/products/tara-gum,,,,,LEAD,WORKING EXCEL v7 (incomplete) — awaiting Owner complete Excel (D-22),NO,EAN_ON_GENERIC_TLD_PAGE,"AWAIT_OWNER_EXCEL (no SHOP gap-filling, D-23)",True,False,NONE,False
NL,Netherlands,★★★★★,EU27,MILK,672,AFTER_ENGINE_10_10 (D-27),PI-ING-000236,MILK · 3.5% FAT · Chilled,EXACT_PR,,,MILK-GTIN-8712800147770,,Campina Langlekker,Campina Langlekker Volle Melk 1 L,1 L carton,8712800147770,https://www.campina.nl/producten/campina-langlekker-volle-melk-1l,NL,CCTLD,RAW_HTML,2026-09-10T13:38:58Z,CONFIRMED,WORKING EXCEL v7 (incomplete) — awaiting Owner complete Excel (D-22),ONLY_IF_OWNER_EXCEL_KEEPS_THIS_PRODUCT,,OWNER_EXCEL_RECONCILIATION → LABEL FACTS → ENGINE 10/10,True,True,CCTLD,True
NL,Netherlands,★★★★★,EU27,CREAM,130,AFTER_ENGINE_10_10 (D-27),PI-ING-000180,CREAM 30% · Mlekovita Cream · Chilled,EXACT_PR,,,CREAM-GTIN-8718907237888,,AH,AH Slagroom houdbaar 30% 200 ml,200 ml,8718907237888,https://www.ah.nl/producten/product/wi34471/ah-slagroom-houdbaar,NL,CCTLD,BROWSER_DOM,2026-09-10T13:52Z,CONFIRMED,WORKING EXCEL v7 (incomplete) — awaiting Owner complete Excel (D-22),ONLY_IF_OWNER_EXCEL_KEEPS_THIS_PRODUCT,,OWNER_EXCEL_RECONCILIATION → LABEL FACTS → ENGINE 10/10,True,True,CCTLD,True
NL,Netherlands,★★★★★,EU27,SMP,35,AFTER_ENGINE_10_10 (D-27),PI-ING-000270,SKIMMED MILK POWDER · 0.8% FAT · Dairy · Dry,EXACT_PR,,,SMP-GTIN-08717677967827,,Mattisson,Mattisson Biologische Magere Melkpoeder 450 g,450 g,8717677967827,https://www.mattisson.nl/biologische-magere-melkpoeder,NL,CCTLD,RAW_HTML,2026-09-10T13:39:47Z,CONFIRMED,WORKING EXCEL v7 (incomplete) — awaiting Owner complete Excel (D-22),ONLY_IF_OWNER_EXCEL_KEEPS_THIS_PRODUCT,,OWNER_EXCEL_RECONCILIATION → LABEL FACTS → ENGINE 10/10,True,True,CCTLD,True
NL,Netherlands,★★★★★,EU27,SUCROSE,130,AFTER_ENGINE_10_10 (D-27),PI-ING-000514,SUCROSE SUGAR · Sweetener · Dry,GLOBAL_PI_GENERIC,,nl:Kristalsuiker,GENERIC-SUCROSE,,GENERIC,Biały cukier krystaliczny — 100% cukier,dowolne opakowanie,,https://www.ah.nl/producten/product/wi511002/ah-kristalsuiker,,,,,N/A_GENERIC,WORKING EXCEL v7 (incomplete) — awaiting Owner complete Excel (D-22),NO,NO_LOCAL_TERM_EVIDENCE,TERM_APPROVED (D-32),False,False,NONE,False
NL,Netherlands,★★★★★,EU27,DEXTROSE,30,AFTER_ENGINE_10_10 (D-27),PI-ING-000494,DEXTROSE MONOHYDRATE · Sweetener · Dry,EXACT_PR,,,DEX-NL-PRODUCT,,Natural Spices,Dextrose 5 kg,5 kg,,https://www.naturalspices.nl/dextrose,,,,,BRAK,WORKING EXCEL v7 (incomplete) — awaiting Owner complete Excel (D-22),NO,NO_EAN_IN_V7,"AWAIT_OWNER_EXCEL (no SHOP gap-filling, D-23)",False,True,CCTLD,False
NL,Netherlands,★★★★★,EU27,STABILIZER,3,AFTER_ENGINE_10_10 (D-27),PI-ING-000492,TARA GUM · Stabilizer,EXACT_PR,TARA (as listed in v7),,TARA-GTIN-08055728540170,,SaporePuro,SaporePuro Farina di Semi di Tara / Gomma di Tara E417,50 g,8055728540170,https://saporepuro.com/products/farina-di-semi-di-tara-gomma-di-tara-origine-peru-e417-confezionato-in-italia-1,,,,,LEAD,WORKING EXCEL v7 (incomplete) — awaiting Owner complete Excel (D-22),NO,EAN_ON_GENERIC_TLD_PAGE,"AWAIT_OWNER_EXCEL (no SHOP gap-filling, D-23)",True,False,NONE,False
NO,Norway,★★★★★,EEA_NON_EU,MILK,672,AFTER_ENGINE_10_10 (D-27),PI-ING-000236,MILK · 3.5% FAT · Chilled,EXACT_PR,,,MILK-NO-TINE-35-1L,,TINE,"TINE Helmelk 3,5% fett 1 L",1 L,7038010000065,https://www.tine.no/merkevarer/tinemelk/produkter/tinemelk-helmelk-3-5-fett;,,,,,LEAD,WORKING EXCEL v7 (incomplete) — awaiting Owner complete Excel (D-22),NO,MARKET_PAGE_WITHOUT_EAN,"AWAIT_OWNER_EXCEL (no SHOP gap-filling, D-23)",False,True,CCTLD,False
NO,Norway,★★★★★,EEA_NON_EU,CREAM,130,AFTER_ENGINE_10_10 (D-27),PI-ING-000180,CREAM 30% · Mlekovita Cream · Chilled,EXACT_PR,,,CREAM-GTIN-7038010041914,,TINE,TINE Kremfløte 37% 3 dl,300 ml,7038010041914,https://meny.no/varer/meieri-egg/flote/kremflote/kremflote-37-7038010041914,,,,,LEAD,WORKING EXCEL v7 (incomplete) — awaiting Owner complete Excel (D-22),NO,SOURCE_NOT_READABLE,"AWAIT_OWNER_EXCEL (no SHOP gap-filling, D-23)",False,True,CCTLD,False
NO,Norway,★★★★★,EEA_NON_EU,SMP,35,AFTER_ENGINE_10_10 (D-27),PI-ING-000270,SKIMMED MILK POWDER · 0.8% FAT · Dairy · Dry,EXACT_PR,,,SMP-GTIN-08445291393738,,Nestlé,Nestlé Skimmed Milk Powder 500 g,500 g,8445291393738,https://magnar-eikeland.emo.no/web/ePortal/ctrl?action=showiteminfo&itemNo=170806,NO,CCTLD,RAW_HTML,2026-09-10T13:37:54Z,CONFIRMED,WORKING EXCEL v7 (incomplete) — awaiting Owner complete Excel (D-22),ONLY_IF_OWNER_EXCEL_KEEPS_THIS_PRODUCT,,OWNER_EXCEL_RECONCILIATION → LABEL FACTS → ENGINE 10/10,True,True,CCTLD,True
NO,Norway,★★★★★,EEA_NON_EU,SUCROSE,130,AFTER_ENGINE_10_10 (D-27),PI-ING-000514,SUCROSE SUGAR · Sweetener · Dry,GLOBAL_PI_GENERIC,,nb:Sukker,GENERIC-SUCROSE,,GENERIC,Biały cukier krystaliczny — 100% cukier,dowolne opakowanie,,https://oda.com/no/products/7813-dansukker-sukker/,,,,,N/A_GENERIC,WORKING EXCEL v7 (incomplete) — awaiting Owner complete Excel (D-22),NO,NO_LOCAL_TERM_EVIDENCE,TERM_APPROVED (D-32),False,False,NONE,False
NO,Norway,★★★★★,EEA_NON_EU,DEXTROSE,30,AFTER_ENGINE_10_10 (D-27),PI-ING-000494,DEXTROSE MONOHYDRATE · Sweetener · Dry,EXACT_PR,,,DEX-GTIN-05709286720064,,Urtegaarden,Urtegaarden Druesukker 500 g,500 g,5709286720064,https://www.med24.no/matvarer/soetstoff/druesukker/urtegaarden-druesukker-500-g,NO,CCTLD,RAW_HTML,2026-09-10T13:39:49Z,CONFIRMED,WORKING EXCEL v7 (incomplete) — awaiting Owner complete Excel (D-22),ONLY_IF_OWNER_EXCEL_KEEPS_THIS_PRODUCT,,OWNER_EXCEL_RECONCILIATION → LABEL FACTS → ENGINE 10/10,True,True,CCTLD,True
NO,Norway,★★★★★,EEA_NON_EU,STABILIZER,3,AFTER_ENGINE_10_10 (D-27),PI-ING-000492,TARA GUM · Stabilizer,EXACT_PR,TARA (as listed in v7),,TARA-GTIN-04251510635756,,Buxtrade,Tarakernmehl / Tara gum 100 g,"100 g, zamykana torebka",4251510635756,https://buxtrade.de/products/tarakernmehl,,,,,LEAD,WORKING EXCEL v7 (incomplete) — awaiting Owner complete Excel (D-22),NO,EAN_ON_FOREIGN_MARKET_PAGE,"AWAIT_OWNER_EXCEL (no SHOP gap-filling, D-23)",True,False,OTHER_MARKET:DE,False
NZ,New Zealand,★★★★★,ANZ,MILK,672,AFTER_ENGINE_10_10 (D-27),PI-ING-000236,MILK · 3.5% FAT · Chilled,EXACT_PR,,,MILK-GTIN-94152210,,Anchor,Anchor Blue Milk 2 L,2 L,94152210,https://thegroceryhub.co.nz/products/anchor-blue-full-cream-milk-2l/,NZ,CCTLD,RAW_HTML,2026-09-10T13:38:37Z,CONFIRMED,WORKING EXCEL v7 (incomplete) — awaiting Owner complete Excel (D-22),ONLY_IF_OWNER_EXCEL_KEEPS_THIS_PRODUCT,,OWNER_EXCEL_RECONCILIATION → LABEL FACTS → ENGINE 10/10,True,True,CCTLD,True
NZ,New Zealand,★★★★★,ANZ,CREAM,130,AFTER_ENGINE_10_10 (D-27),PI-ING-000180,CREAM 30% · Mlekovita Cream · Chilled,EXACT_PR,,,CREAM-GTIN-94150803,,Anchor,Anchor Long Life Dessert Cream Original,250 ml,94150803,https://www.anchordairy.com/nz/en/products/cream-custard/anchor-longlife-dessert-cream-250ml.html,,,,,LEAD,WORKING EXCEL v7 (incomplete) — awaiting Owner complete Excel (D-22),NO,MARKET_PAGE_WITHOUT_EAN,"AWAIT_OWNER_EXCEL (no SHOP gap-filling, D-23)",False,True,PATH_LOCALE,False
NZ,New Zealand,★★★★★,ANZ,SMP,35,AFTER_ENGINE_10_10 (D-27),PI-ING-000270,SKIMMED MILK POWDER · 0.8% FAT · Dairy · Dry,EXACT_PR,,,SMP-GTIN-09300633765712,,Woolworths,Woolworths Milk Skim Powder,1 kg,9300633765712,https://assets.woolworths.com.au/images/2010/789358_1.jpg?impolicy=wowb2bgpkhx,,,,,LEAD,WORKING EXCEL v7 (incomplete) — awaiting Owner complete Excel (D-22),NO,PAGE_WITHOUT_EAN,"AWAIT_OWNER_EXCEL (no SHOP gap-filling, D-23)",False,False,OTHER_MARKET:AU,False
NZ,New Zealand,★★★★★,ANZ,SUCROSE,130,AFTER_ENGINE_10_10 (D-27),PI-ING-000514,SUCROSE SUGAR · Sweetener · Dry,GLOBAL_PI_GENERIC,,SA10: en: granulated sugar (+sucrose/white sugar),GENERIC-SUCROSE,,GENERIC,Biały cukier krystaliczny — 100% cukier,dowolne opakowanie,,,,,,,N/A_GENERIC,WORKING EXCEL v7 (incomplete) — awaiting Owner complete Excel (D-22),NO,NO_LOCAL_TERM_EVIDENCE,TERM_EVIDENCE_OR_OWNER_DECISION,False,False,NONE,False
NZ,New Zealand,★★★★★,ANZ,DEXTROSE,30,AFTER_ENGINE_10_10 (D-27),PI-ING-000494,DEXTROSE MONOHYDRATE · Sweetener · Dry,EXACT_PR,,,DEX-GTIN-09317127061786,,Lotus,Lotus Glucose Powder (Dextrose) 500g,500 g,9317127061786,https://www.kadac.com.au/browser/product.php?sku=6178,,,,,LEAD,WORKING EXCEL v7 (incomplete) — awaiting Owner complete Excel (D-22),NO,EAN_ON_FOREIGN_MARKET_PAGE,"AWAIT_OWNER_EXCEL (no SHOP gap-filling, D-23)",True,False,OTHER_MARKET:AU,False
NZ,New Zealand,★★★★★,ANZ,STABILIZER,3,AFTER_ENGINE_10_10 (D-27),PI-ING-000492,TARA GUM · Stabilizer,EXACT_PR,TARA (as listed in v7),,TARA-GTIN-08055728540170,,SaporePuro,Tara Gum 50gr. / Gomma di Tara E417,50 g,8055728540170,https://saporepuro.myshopify.com/products/farina-di-semi-di-tara-gomma-di-tara-origine-peru-e417-confezionato-in-italia-1,,,,,LEAD,WORKING EXCEL v7 (incomplete) — awaiting Owner complete Excel (D-22),NO,EAN_ON_GENERIC_TLD_PAGE,"AWAIT_OWNER_EXCEL (no SHOP gap-filling, D-23)",True,False,NONE,False
OM,Oman,★★★★,GCC,MILK,672,AFTER_ENGINE_10_10 (D-27),PI-ING-000236,MILK · 3.5% FAT · Chilled,EXACT_PR,,,MILK-GTIN-6073000051499,,Mazoon,Mazoon UHT Full Fat Milk 1 L,1 L,6073000051499,https://youshopom.com/en/products/%D9%85%D8%B2%D9%88%D9%86-%D8%AD%D9%84%D9%8A%D8%A8-%D8%B7%D9%88%D9%8A%D9%84-%D8%A7%D9%84%D8%A3%D8%AC%D9%84-%D9%83%D8%A7%D9%85%D9%84-%D8%A7%D9%84%D8%AF%D8%B3%D9%85-1-%D9%84%D8%AA%D8%B1,,,,,LEAD,WORKING EXCEL v7 (incomplete) — awaiting Owner complete Excel (D-22),NO,EAN_ON_PAGE_BOUND_ONLY_BY_CURRENCY,"AWAIT_OWNER_EXCEL (no SHOP gap-filling, D-23)",True,False,CURRENCY_ONLY,False
OM,Oman,★★★★,GCC,CREAM,130,AFTER_ENGINE_10_10 (D-27),PI-ING-000180,CREAM 30% · Mlekovita Cream · Chilled,EXACT_PR,,,CREAM-GTIN-5700426230177,,Puck,Puck Whipping Cream UHT,200 ml,5700426230177,https://www.sharjahcoop.ae/en/puck-whipping-cream-200ml/p/5700426230177,,,,,LEAD,WORKING EXCEL v7 (incomplete) — awaiting Owner complete Excel (D-22),NO,EAN_ON_FOREIGN_MARKET_PAGE,"AWAIT_OWNER_EXCEL (no SHOP gap-filling, D-23)",True,False,OTHER_MARKET:AE,False
OM,Oman,★★★★,GCC,SMP,35,AFTER_ENGINE_10_10 (D-27),PI-ING-000270,SKIMMED MILK POWDER · 0.8% FAT · Dairy · Dry,EXACT_PR,,,SMP-GTIN-00733739058324,,NOW Foods Real Food,NOW Real Food Organic Non-Fat Dry Milk Powder,torebka 12 oz (340 g),733739058324,https://www.nowfoods.com/products/natural-foods/non-fat-dry-milk-powder-organic,,,,,LEAD,WORKING EXCEL v7 (incomplete) — awaiting Owner complete Excel (D-22),NO,EAN_ON_GENERIC_TLD_PAGE,"AWAIT_OWNER_EXCEL (no SHOP gap-filling, D-23)",True,False,NONE,False
OM,Oman,★★★★,GCC,SUCROSE,130,AFTER_ENGINE_10_10 (D-27),PI-ING-000514,SUCROSE SUGAR · Sweetener · Dry,GLOBAL_PI_GENERIC,,SA10: en: granulated sugar (+sucrose/white sugar) | ar: سكروز,GENERIC-SUCROSE,,GENERIC,Biały cukier krystaliczny — 100% cukier,dowolne opakowanie,,,,,,,N/A_GENERIC,WORKING EXCEL v7 (incomplete) — awaiting Owner complete Excel (D-22),NO,NO_LOCAL_TERM_EVIDENCE,TERM_EVIDENCE_OR_OWNER_DECISION,False,False,NONE,False
OM,Oman,★★★★,GCC,DEXTROSE,30,AFTER_ENGINE_10_10 (D-27),PI-ING-000494,DEXTROSE MONOHYDRATE · Sweetener · Dry,EXACT_PR,,,DEX-OM-PRODUCT,,Louis François,Dextrose Monohydrate 1kg,1 kg; case 12,,https://www.chefmiddleeast.com/products/18224/,,,,,BRAK,WORKING EXCEL v7 (incomplete) — awaiting Owner complete Excel (D-22),NO,NO_EAN_IN_V7,"AWAIT_OWNER_EXCEL (no SHOP gap-filling, D-23)",False,False,NONE,False
OM,Oman,★★★★,GCC,STABILIZER,3,AFTER_ENGINE_10_10 (D-27),PI-ING-000492,TARA GUM · Stabilizer,EXACT_PR,TARA (as listed in v7),,TARA-MP-1508-50,,Modernist Pantry,Modernist Pantry Pure Tara Gum Powder,50 g,819543011967,https://modernistpantry.com/products/tara-gum.html,,,,,LEAD,WORKING EXCEL v7 (incomplete) — awaiting Owner complete Excel (D-22),NO,EAN_ON_GENERIC_TLD_PAGE,"AWAIT_OWNER_EXCEL (no SHOP gap-filling, D-23)",True,False,NONE,False
PA,Panama,★★★★,LATAM_NORTH_ANDEAN,MILK,672,AFTER_ENGINE_10_10 (D-27),PI-ING-000236,MILK · 3.5% FAT · Chilled,EXACT_PR,,,MILK-GTIN-0088209013366,,Estrella Azul,Estrella Azul D'Oro Leche Entera 946ml,946 ml karton UHT,0088209013366,https://www.super99.com/20046072-estrella-azul-d-oro-leche-entera-946ml,,,,,LEAD,WORKING EXCEL v7 (incomplete) — awaiting Owner complete Excel (D-22),NO,EAN_ON_GENERIC_TLD_PAGE,"AWAIT_OWNER_EXCEL (no SHOP gap-filling, D-23)",True,False,NONE,False
PA,Panama,★★★★,LATAM_NORTH_ANDEAN,CREAM,130,AFTER_ENGINE_10_10 (D-27),PI-ING-000180,CREAM 30% · Mlekovita Cream · Chilled,EXACT_PR,,,CREAM-GTIN-5701215046375,,Emborg,Emborg Natural Whipping Cream UHT 35.1% 200 ml,200 ml,5701215046375,https://www.super99.com/20145110-emborg-crema-batir-200ml,,,,,LEAD,WORKING EXCEL v7 (incomplete) — awaiting Owner complete Excel (D-22),NO,EAN_ON_GENERIC_TLD_PAGE,"AWAIT_OWNER_EXCEL (no SHOP gap-filling, D-23)",True,False,NONE,False
PA,Panama,★★★★,LATAM_NORTH_ANDEAN,SMP,35,AFTER_ENGINE_10_10 (D-27),PI-ING-000270,SKIMMED MILK POWDER · 0.8% FAT · Dairy · Dry,EXACT_PR,,,SMP-GTIN-00733739058324,,NOW Foods,NOW Real Food Organic Non-Fat Dry Milk Powder,12 oz / 340 g,733739058324,https://www.nowfoods.com/products/natural-foods/non-fat-dry-milk-powder-organic,,,,,LEAD,WORKING EXCEL v7 (incomplete) — awaiting Owner complete Excel (D-22),NO,EAN_ON_GENERIC_TLD_PAGE,"AWAIT_OWNER_EXCEL (no SHOP gap-filling, D-23)",True,False,NONE,False
PA,Panama,★★★★,LATAM_NORTH_ANDEAN,SUCROSE,130,AFTER_ENGINE_10_10 (D-27),PI-ING-000514,SUCROSE SUGAR · Sweetener · Dry,GLOBAL_PI_GENERIC,,SA10: es: azúcar blanco (+sacarosa),GENERIC-SUCROSE,,GENERIC,Biały cukier krystaliczny — 100% cukier,dowolne opakowanie,,,,,,,N/A_GENERIC,WORKING EXCEL v7 (incomplete) — awaiting Owner complete Excel (D-22),NO,NO_LOCAL_TERM_EVIDENCE,TERM_EVIDENCE_OR_OWNER_DECISION,False,False,NONE,False
PA,Panama,★★★★,LATAM_NORTH_ANDEAN,DEXTROSE,30,AFTER_ENGINE_10_10 (D-27),PI-ING-000494,DEXTROSE MONOHYDRATE · Sweetener · Dry,EXACT_PR,,,DEX-PA-PRODUCT,,Del Caribe (dystrybutor),DEXTROSA MONOHIDRATADA BOLSA 1 Kg,"1 kg, bolsa (worek)",,https://delcaribeshop.com/pa/producto/dextrosa-monohidratada-bolsa-1-kg/,,,,,BRAK,WORKING EXCEL v7 (incomplete) — awaiting Owner complete Excel (D-22),NO,NO_EAN_IN_V7,"AWAIT_OWNER_EXCEL (no SHOP gap-filling, D-23)",False,False,NONE,False
PA,Panama,★★★★,LATAM_NORTH_ANDEAN,STABILIZER,3,AFTER_ENGINE_10_10 (D-27),PI-ING-000492,TARA GUM · Stabilizer,EXACT_PR,TARA (as listed in v7),,TARA-MP-1508-50,,Modernist Pantry,Tara Gum — Home 50g,50 g (Home pack),819543011967,https://modernistpantry.com/products/tara-gum.html,,,,,LEAD,WORKING EXCEL v7 (incomplete) — awaiting Owner complete Excel (D-22),NO,EAN_ON_GENERIC_TLD_PAGE,"AWAIT_OWNER_EXCEL (no SHOP gap-filling, D-23)",True,False,NONE,False
PH,Philippines,★★★★,ASEAN,MILK,672,AFTER_ENGINE_10_10 (D-27),PI-ING-000236,MILK · 3.5% FAT · Chilled,EXACT_PR,,,MILK-GTIN-5701215046832,,Emborg,Emborg Full Cream Milk 3.5% 1L,"1 L, karton UHT",5701215046832,https://maxmartonline.com/emborg-milk-full-cream-1ltr,,,,,LEAD,WORKING EXCEL v7 (incomplete) — awaiting Owner complete Excel (D-22),NO,EAN_ON_GENERIC_TLD_PAGE,"AWAIT_OWNER_EXCEL (no SHOP gap-filling, D-23)",True,False,NONE,False
PH,Philippines,★★★★,ASEAN,CREAM,130,AFTER_ENGINE_10_10 (D-27),PI-ING-000180,CREAM 30% · Mlekovita Cream · Chilled,EXACT_PR,,,CREAM-GTIN-5701215046375,,Emborg,Emborg Natural Whipping Cream UHT 35.1% 200 ml,200 ml,5701215046375,https://maxmartonline.com/emborg-whipping-cream-200ml,,,,,LEAD,WORKING EXCEL v7 (incomplete) — awaiting Owner complete Excel (D-22),NO,EAN_ON_GENERIC_TLD_PAGE,"AWAIT_OWNER_EXCEL (no SHOP gap-filling, D-23)",True,False,NONE,False
PH,Philippines,★★★★,ASEAN,SMP,35,AFTER_ENGINE_10_10 (D-27),PI-ING-000270,SKIMMED MILK POWDER · 0.8% FAT · Dairy · Dry,EXACT_PR,,,SMP-GTIN-09300639999005,,Devondale,Devondale Instant Skim Milk Powder,1 kg,9300639999005,https://shopee.ph/Devondale-Instant-Skim-Milk-Powder-1kg-i.82265567.23335805507,,,,,LEAD,WORKING EXCEL v7 (incomplete) — awaiting Owner complete Excel (D-22),NO,MARKET_PAGE_WITHOUT_EAN,"AWAIT_OWNER_EXCEL (no SHOP gap-filling, D-23)",False,True,CCTLD,False
PH,Philippines,★★★★,ASEAN,SUCROSE,130,AFTER_ENGINE_10_10 (D-27),PI-ING-000514,SUCROSE SUGAR · Sweetener · Dry,GLOBAL_PI_GENERIC,,SA10: en: granulated sugar (+sucrose/white sugar) | fil: sucrose,GENERIC-SUCROSE,,GENERIC,Biały cukier krystaliczny — 100% cukier,dowolne opakowanie,,,,,,,N/A_GENERIC,WORKING EXCEL v7 (incomplete) — awaiting Owner complete Excel (D-22),NO,NO_LOCAL_TERM_EVIDENCE,TERM_EVIDENCE_OR_OWNER_DECISION,False,False,NONE,False
PH,Philippines,★★★★,ASEAN,DEXTROSE,30,AFTER_ENGINE_10_10 (D-27),PI-ING-000494,DEXTROSE MONOHYDRATE · Sweetener · Dry,EXACT_PR,,,DEX-PH-PRODUCT,,,Purechem Dextrose Monohydrate,B2B — opakowanie niepubliczne,,https://www.purechem.com.ph/shop/bakery/dextrose-monohydrate,,,,,BRAK,WORKING EXCEL v7 (incomplete) — awaiting Owner complete Excel (D-22),NO,NO_EAN_IN_V7,"AWAIT_OWNER_EXCEL (no SHOP gap-filling, D-23)",False,True,CCTLD,False
PH,Philippines,★★★★,ASEAN,STABILIZER,3,AFTER_ENGINE_10_10 (D-27),PI-ING-000492,TARA GUM · Stabilizer,EXACT_PR,TARA (as listed in v7),,TARA-MP-1508-50,,Modernist Pantry,Tara Gum — Home 50g,50 g (manufacturer Home pack; retailer title also says2oz),819543011967,https://modernistpantry.com/products/tara-gum.html,,,,,LEAD,WORKING EXCEL v7 (incomplete) — awaiting Owner complete Excel (D-22),NO,EAN_ON_GENERIC_TLD_PAGE,"AWAIT_OWNER_EXCEL (no SHOP gap-filling, D-23)",True,False,NONE,False
PK,Pakistan,★★★★,SOUTH_ASIA,MILK,672,AFTER_ENGINE_10_10 (D-27),PI-ING-000236,MILK · 3.5% FAT · Chilled,EXACT_PR,,,MILK-GTIN-8961008219561,,Nestlé Milkpak,Nestlé Milkpak Full Cream UHT Milk 1000ml,"1 L, karton UHT, 4 porcje po250ml",8961008219561,https://zainabfamilymart.com/product/nestle-milk-pak-full-cream-milk-1-liter/,,,,,LEAD,WORKING EXCEL v7 (incomplete) — awaiting Owner complete Excel (D-22),NO,EAN_ON_PAGE_BOUND_ONLY_BY_CURRENCY,"AWAIT_OWNER_EXCEL (no SHOP gap-filling, D-23)",True,False,CURRENCY_ONLY,False
PK,Pakistan,★★★★,SOUTH_ASIA,CREAM,130,AFTER_ENGINE_10_10 (D-27),PI-ING-000180,CREAM 30% · Mlekovita Cream · Chilled,EXACT_PR,,,CREAM-GTIN-3155253004699,,Président,Président Whipping Cream UHT 35.1%,200 ml / 20 cl carton,3155253004699,https://alfatah.pk/products/president-whipping-cream-200ml,PK,CCTLD,RAW_HTML,2026-09-10T13:37:06Z,CONFIRMED,WORKING EXCEL v7 (incomplete) — awaiting Owner complete Excel (D-22),ONLY_IF_OWNER_EXCEL_KEEPS_THIS_PRODUCT,,OWNER_EXCEL_RECONCILIATION → LABEL FACTS → ENGINE 10/10,True,True,CCTLD,True
PK,Pakistan,★★★★,SOUTH_ASIA,SMP,35,AFTER_ENGINE_10_10 (D-27),PI-ING-000270,SKIMMED MILK POWDER · 0.8% FAT · Dairy · Dry,EXACT_PR,,,SMP-GTIN-00733739058324,,NOW Foods,Real Food Organic Non-Fat Dry Milk Powder,12 oz (340 g),733739058324,https://www.nowfoods.com/products/natural-foods/non-fat-dry-milk-powder-organic,,,,,LEAD,WORKING EXCEL v7 (incomplete) — awaiting Owner complete Excel (D-22),NO,EAN_ON_GENERIC_TLD_PAGE,"AWAIT_OWNER_EXCEL (no SHOP gap-filling, D-23)",True,False,NONE,False
PK,Pakistan,★★★★,SOUTH_ASIA,SUCROSE,130,AFTER_ENGINE_10_10 (D-27),PI-ING-000514,SUCROSE SUGAR · Sweetener · Dry,GLOBAL_PI_GENERIC,,SA10: en: granulated sugar (+sucrose/white sugar) | ur: سکروز,GENERIC-SUCROSE,,GENERIC,Biały cukier krystaliczny — 100% cukier,dowolne opakowanie,,,,,,,N/A_GENERIC,WORKING EXCEL v7 (incomplete) — awaiting Owner complete Excel (D-22),NO,NO_LOCAL_TERM_EVIDENCE,TERM_EVIDENCE_OR_OWNER_DECISION,False,False,NONE,False
PK,Pakistan,★★★★,SOUTH_ASIA,DEXTROSE,30,AFTER_ENGINE_10_10 (D-27),PI-ING-000494,DEXTROSE MONOHYDRATE · Sweetener · Dry,EXACT_PR,,,DEX-PK-PRODUCT,,Confectoland,Confectoland Glucose Powder (Dextrose) – Premium Sweetener 250g,250 g; również 1 kg i 25 kg,,https://www.confectoland.com/products/glucose-powder-dextrose-baking-pakistan,,,,,BRAK,WORKING EXCEL v7 (incomplete) — awaiting Owner complete Excel (D-22),NO,NO_EAN_IN_V7,"AWAIT_OWNER_EXCEL (no SHOP gap-filling, D-23)",False,False,CURRENCY_ONLY,False
PK,Pakistan,★★★★,SOUTH_ASIA,STABILIZER,3,AFTER_ENGINE_10_10 (D-27),PI-ING-000492,TARA GUM · Stabilizer,EXACT_PR,TARA (as listed in v7),,TARA-PK-PRODUCT,,Eisen-Golden Laboratories,Tara Gum [E417] 100% USP Food Grade Powder,1 oz bottle — indexed title; URL slug incorrectly says1lb in two bottles,,https://www.ubuy.com.pk/en/product/5BVJX2NL2-tara-gum-e417-100-usp-food-grade-powder-1-lb-in-two-bottles-usa,,,,,BRAK,WORKING EXCEL v7 (incomplete) — awaiting Owner complete Excel (D-22),NO,NO_EAN_IN_V7,"AWAIT_OWNER_EXCEL (no SHOP gap-filling, D-23)",False,True,CCTLD,False
PL,Poland,★★★★★,EU27,MILK,672,AFTER_ENGINE_10_10 (D-27),PI-ING-000236,MILK · 3.5% FAT · Chilled,EXACT_PR,,,MILK-GTIN-5900820016296,,Łaciate,"Łaciate Mleko UHT 3,5%, 200 ml",200 ml karton,5900820016296,https://mlekpol.com.pl/index.php/en/produkt/laciate-uht-milk-35-2/,PL,CCTLD,RAW_HTML,2026-09-10T13:38:01Z,CONFIRMED,WORKING EXCEL v7 (incomplete) — awaiting Owner complete Excel (D-22),ONLY_IF_OWNER_EXCEL_KEEPS_THIS_PRODUCT,,OWNER_EXCEL_RECONCILIATION → LABEL FACTS → ENGINE 10/10,True,True,CCTLD,True
PL,Poland,★★★★★,EU27,CREAM,130,AFTER_ENGINE_10_10 (D-27),PI-ING-000180,CREAM 30% · Mlekovita Cream · Chilled,EXACT_PR,,,CREAM-GTIN-5900512300634,,Mlekovita,Śmietanka Polska 30% UHT 1 L,1 L,5900512300634,https://mlekovita.com.pl/produkt/smietanka-uht-polska-30-tluszczu-1-l-491,PL,CCTLD,RAW_HTML,2026-09-10T13:38:01Z,CONFIRMED,WORKING EXCEL v7 (incomplete) — awaiting Owner complete Excel (D-22),ONLY_IF_OWNER_EXCEL_KEEPS_THIS_PRODUCT,,OWNER_EXCEL_RECONCILIATION → LABEL FACTS → ENGINE 10/10,True,True,CCTLD,True
PL,Poland,★★★★★,EU27,SMP,35,AFTER_ENGINE_10_10 (D-27),PI-ING-000270,SKIMMED MILK POWDER · 0.8% FAT · Dairy · Dry,EXACT_PR,,,SMP-GTIN-05900512500546,,Mlekovita,Mleko w proszku odtłuszczone instant,250 g,5900512500546,https://www.divinebody.pl/pl/p/Mlekovita-Mleko-w-proszku-odtluszczone-instant-250/3244,PL,CCTLD,RAW_HTML,2026-09-10T13:39:15Z,CONFIRMED,WORKING EXCEL v7 (incomplete) — awaiting Owner complete Excel (D-22),ONLY_IF_OWNER_EXCEL_KEEPS_THIS_PRODUCT,,OWNER_EXCEL_RECONCILIATION → LABEL FACTS → ENGINE 10/10,True,True,CCTLD,True
PL,Poland,★★★★★,EU27,SUCROSE,130,AFTER_ENGINE_10_10 (D-27),PI-ING-000514,SUCROSE SUGAR · Sweetener · Dry,GLOBAL_PI_GENERIC,,SA10: pl: cukier (+sacharoza),GENERIC-SUCROSE,,GENERIC,Biały cukier krystaliczny — 100% cukier,dowolne opakowanie,,,,,,,N/A_GENERIC,WORKING EXCEL v7 (incomplete) — awaiting Owner complete Excel (D-22),NO,NO_LOCAL_TERM_EVIDENCE,TERM_EVIDENCE_OR_OWNER_DECISION,False,False,NONE,False
PL,Poland,★★★★★,EU27,DEXTROSE,30,AFTER_ENGINE_10_10 (D-27),PI-ING-000494,DEXTROSE MONOHYDRATE · Sweetener · Dry,EXACT_PR,,,DEX-PL-PRODUCT,,KicCake,Dekstroza – glukoza spożywcza jednowodna 100g,100 g,,https://kiccake.pl/pl/products/dekstroza-glukoza-spozywcza-jednowodna-100g-kiccake-109326.html,,,,,BRAK,WORKING EXCEL v7 (incomplete) — awaiting Owner complete Excel (D-22),NO,NO_EAN_IN_V7,"AWAIT_OWNER_EXCEL (no SHOP gap-filling, D-23)",False,True,CCTLD,False
PL,Poland,★★★★★,EU27,STABILIZER,3,AFTER_ENGINE_10_10 (D-27),PI-ING-000492,TARA GUM · Stabilizer,EXACT_PR,TARA (as listed in v7),,TARA-PL-PRODUCT,,SEMPRE,Guma Tara (E417) 130002 SEMPRE,500 g black PE jar,,https://www.cukieteria.pl/dodatki-funkcjonalne-do-lodow/13953-op-500-g-guma-tara-e417-130002-sempre-dodatek-do-zywnosci-o-wlasciwosciach-zageszczajacych-i-stabilizujacych.html,,,,,BRAK,WORKING EXCEL v7 (incomplete) — awaiting Owner complete Excel (D-22),NO,NO_EAN_IN_V7,"AWAIT_OWNER_EXCEL (no SHOP gap-filling, D-23)",False,True,CCTLD,False
PT,Portugal,★★★★★,EU27,MILK,672,AFTER_ENGINE_10_10 (D-27),PI-ING-000236,MILK · 3.5% FAT · Chilled,EXACT_PR,,,MILK-GTIN-5601049131998,,Mimosa,Leite Mimosa UHT Inteiro 1L,1 L karton UHT,5601049131998,https://www.auchan.pt/pt/alimentacao/produtos-lacteos/leites/leite-uht/leite-mimosa-uht-inteiro-1l/11864.html,PT,CCTLD,RAW_HTML,2026-09-10T13:38:53Z,CONFIRMED,WORKING EXCEL v7 (incomplete) — awaiting Owner complete Excel (D-22),ONLY_IF_OWNER_EXCEL_KEEPS_THIS_PRODUCT,,OWNER_EXCEL_RECONCILIATION → LABEL FACTS → ENGINE 10/10,True,True,CCTLD,True
PT,Portugal,★★★★★,EU27,CREAM,130,AFTER_ENGINE_10_10 (D-27),PI-ING-000180,CREAM 30% · Mlekovita Cream · Chilled,EXACT_PR,,,CREAM-GTIN-5603089007370,,Parmalat,Parmalat Nata para Bater 30% 500 ml,500 ml,5603089007370,https://www.auchan.pt/pt/alimentacao/produtos-lacteos/natas-bechamel-e-chantilly/natas/nata-parmalat-para-bater-500ml/2307302.html,PT,CCTLD,RAW_HTML,2026-09-10T13:38:53Z,CONFIRMED,WORKING EXCEL v7 (incomplete) — awaiting Owner complete Excel (D-22),ONLY_IF_OWNER_EXCEL_KEEPS_THIS_PRODUCT,,OWNER_EXCEL_RECONCILIATION → LABEL FACTS → ENGINE 10/10,True,True,CCTLD,True
PT,Portugal,★★★★★,EU27,SMP,35,AFTER_ENGINE_10_10 (D-27),PI-ING-000270,SKIMMED MILK POWDER · 0.8% FAT · Dairy · Dry,EXACT_PR,,,SMP-GTIN-03043932663704,,Régilait,Leite Magro em Pó,250 g,3043932663704,https://www.auchan.pt/pt/alimentacao/produtos-lacteos/leites/leite-em-po/leite-em-po-regilait-magro-250g/3717097.html,PT,CCTLD,RAW_HTML,2026-09-10T13:38:53Z,CONFIRMED,WORKING EXCEL v7 (incomplete) — awaiting Owner complete Excel (D-22),ONLY_IF_OWNER_EXCEL_KEEPS_THIS_PRODUCT,,OWNER_EXCEL_RECONCILIATION → LABEL FACTS → ENGINE 10/10,True,True,CCTLD,True
PT,Portugal,★★★★★,EU27,SUCROSE,130,AFTER_ENGINE_10_10 (D-27),PI-ING-000514,SUCROSE SUGAR · Sweetener · Dry,GLOBAL_PI_GENERIC,,pt:Açúcar Branco,GENERIC-SUCROSE,,GENERIC,Biały cukier krystaliczny — 100% cukier,dowolne opakowanie,,https://www.continente.pt/produto/acucar-branco-continente-5038799.html,,,,,N/A_GENERIC,WORKING EXCEL v7 (incomplete) — awaiting Owner complete Excel (D-22),NO,NO_LOCAL_TERM_EVIDENCE,TERM_APPROVED (D-32),False,False,NONE,False
PT,Portugal,★★★★★,EU27,DEXTROSE,30,AFTER_ENGINE_10_10 (D-27),PI-ING-000494,DEXTROSE MONOHYDRATE · Sweetener · Dry,EXACT_PR,,,DEX-GTIN-05600985800333,,Zumub,Zumub Dextrose 1kg,1 kg,5600985800333,https://www.zumub.com/PT/nutri-ao-desportiva/dextrose/dextrose-1kg-p-9210,PT,PATH_LOCALE,RAW_HTML,2026-09-10T13:40:29Z,CONFIRMED,WORKING EXCEL v7 (incomplete) — awaiting Owner complete Excel (D-22),ONLY_IF_OWNER_EXCEL_KEEPS_THIS_PRODUCT,,OWNER_EXCEL_RECONCILIATION → LABEL FACTS → ENGINE 10/10,True,True,PATH_LOCALE,True
PT,Portugal,★★★★★,EU27,STABILIZER,3,AFTER_ENGINE_10_10 (D-27),PI-ING-000492,TARA GUM · Stabilizer,EXACT_PR,TARA (as listed in v7),,TARA-GTIN-08055728540170,,SaporePuro,SaporePuro Farina di Semi di Tara / Gomma di Tara E417,50 g,8055728540170,https://saporepuro.com/products/farina-di-semi-di-tara-gomma-di-tara-origine-peru-e417-confezionato-in-italia-1,,,,,LEAD,WORKING EXCEL v7 (incomplete) — awaiting Owner complete Excel (D-22),NO,EAN_ON_GENERIC_TLD_PAGE,"AWAIT_OWNER_EXCEL (no SHOP gap-filling, D-23)",True,False,NONE,False
QA,Qatar,★★★★,GCC,MILK,672,AFTER_ENGINE_10_10 (D-27),PI-ING-000236,MILK · 3.5% FAT · Chilled,EXACT_PR,,,MILK-GTIN-5711953072352,,Arla,Organic Milk Full Fat 200ml,200 ml,5711953072352,https://www.thefreshmarketdubai.com/products/arla-organic-milk-full-fat-200ml-5711953072352,,,,,LEAD,WORKING EXCEL v7 (incomplete) — awaiting Owner complete Excel (D-22),NO,EAN_ON_FOREIGN_MARKET_PAGE,"AWAIT_OWNER_EXCEL (no SHOP gap-filling, D-23)",True,False,OTHER_MARKET:AE,False
QA,Qatar,★★★★,GCC,CREAM,130,AFTER_ENGINE_10_10 (D-27),PI-ING-000180,CREAM 30% · Mlekovita Cream · Chilled,EXACT_PR,,,CREAM-GTIN-3412290032215,,Paysan Breton,Paysan Breton La Crème Pâtisserie & Cuisine UHT 30%,20 cl,3412290032215,https://bf1af2.akinoncloudcdn.com/products/2025/03/28/87485/697134c3-73cd-408b-8a68-2100017edff8_size1920_cropCenter.jpg,,,,,LEAD,WORKING EXCEL v7 (incomplete) — awaiting Owner complete Excel (D-22),NO,PAGE_WITHOUT_EAN,"AWAIT_OWNER_EXCEL (no SHOP gap-filling, D-23)",False,False,NONE,False
QA,Qatar,★★★★,GCC,SMP,35,AFTER_ENGINE_10_10 (D-27),PI-ING-000270,SKIMMED MILK POWDER · 0.8% FAT · Dairy · Dry,EXACT_PR,,,SMP-GTIN-03043931691418,,Régilait,Régilait Instant Skimmed Milk Powder 0% Fat,puszka 300 g,3043931691418,https://thegrocer.com.qa/product/regilait-instant-skimmed-milk-powder-non-fat-300g/,QA,CCTLD,RAW_HTML,2026-09-10T13:38:37Z,CONFIRMED,WORKING EXCEL v7 (incomplete) — awaiting Owner complete Excel (D-22),ONLY_IF_OWNER_EXCEL_KEEPS_THIS_PRODUCT,,OWNER_EXCEL_RECONCILIATION → LABEL FACTS → ENGINE 10/10,True,True,CCTLD,True
QA,Qatar,★★★★,GCC,SUCROSE,130,AFTER_ENGINE_10_10 (D-27),PI-ING-000514,SUCROSE SUGAR · Sweetener · Dry,GLOBAL_PI_GENERIC,,SA10: en: granulated sugar (+sucrose/white sugar) | ar: سكروز,GENERIC-SUCROSE,,GENERIC,Biały cukier krystaliczny — 100% cukier,dowolne opakowanie,,,,,,,N/A_GENERIC,WORKING EXCEL v7 (incomplete) — awaiting Owner complete Excel (D-22),NO,NO_LOCAL_TERM_EVIDENCE,TERM_EVIDENCE_OR_OWNER_DECISION,False,False,NONE,False
QA,Qatar,★★★★,GCC,DEXTROSE,30,AFTER_ENGINE_10_10 (D-27),PI-ING-000494,DEXTROSE MONOHYDRATE · Sweetener · Dry,EXACT_PR,,,DEX-QA-PRODUCT,,Louis François,Dextrose Monohydrate 1kg,1 kg; case 12,,https://www.chefmiddleeast.com/products/18224/,,,,,BRAK,WORKING EXCEL v7 (incomplete) — awaiting Owner complete Excel (D-22),NO,NO_EAN_IN_V7,"AWAIT_OWNER_EXCEL (no SHOP gap-filling, D-23)",False,False,NONE,False
QA,Qatar,★★★★,GCC,STABILIZER,3,AFTER_ENGINE_10_10 (D-27),PI-ING-000492,TARA GUM · Stabilizer,EXACT_PR,TARA (as listed in v7),,TARA-MP-1508-50,,Modernist Pantry,Modernist Pantry Pure Tara Gum Powder,50 g,819543011967,https://modernistpantry.com/products/tara-gum.html,,,,,LEAD,WORKING EXCEL v7 (incomplete) — awaiting Owner complete Excel (D-22),NO,EAN_ON_GENERIC_TLD_PAGE,"AWAIT_OWNER_EXCEL (no SHOP gap-filling, D-23)",True,False,NONE,False
RO,Romania,★★★★,EU27,MILK,672,AFTER_ENGINE_10_10 (D-27),PI-ING-000236,MILK · 3.5% FAT · Chilled,EXACT_PR,,,MILK-GTIN-5941355000688,,Zuzu,"Zuzu lapte de consum integral 3,5% grăsime 1 l","1 l karton, mleko pasteryzowane chłodzone",5941355000688,https://pacomarket.ro/product/lapte-zuzu-1l-3-5-grasime-2/,RO,CCTLD,RAW_HTML,2026-09-10T13:38:14Z,CONFIRMED,WORKING EXCEL v7 (incomplete) — awaiting Owner complete Excel (D-22),ONLY_IF_OWNER_EXCEL_KEEPS_THIS_PRODUCT,,OWNER_EXCEL_RECONCILIATION → LABEL FACTS → ENGINE 10/10,True,True,CCTLD,True
RO,Romania,★★★★,EU27,CREAM,130,AFTER_ENGINE_10_10 (D-27),PI-ING-000180,CREAM 30% · Mlekovita Cream · Chilled,EXACT_PR,,,CREAM-GTIN-8585002501837,,MEGGLE Slovakia,Meggle Frișcă lichidă UHT 30%,200 ml carton,8585002501837,https://www.depozitcc.ro/delicatese/smantana-frisca-unt/frisca/frisca-lichida-30-meggle-uht-200ml-92327.html,RO,CCTLD,RAW_HTML,2026-09-10T13:39:14Z,CONFIRMED,WORKING EXCEL v7 (incomplete) — awaiting Owner complete Excel (D-22),ONLY_IF_OWNER_EXCEL_KEEPS_THIS_PRODUCT,,OWNER_EXCEL_RECONCILIATION → LABEL FACTS → ENGINE 10/10,True,True,CCTLD,True
RO,Romania,★★★★,EU27,SMP,35,AFTER_ENGINE_10_10 (D-27),PI-ING-000270,SKIMMED MILK POWDER · 0.8% FAT · Dairy · Dry,EXACT_PR,,,SMP-GTIN-06426309006538,,Pronat,"Lapte praf bio degresat, 1% grasime","250 g, worek zip",6426309006538,https://pronat.ro/products/lapte-praf-bio-degresat-1-grasime-250g-pronat,RO,CCTLD,RAW_HTML,2026-09-10T13:38:19Z,CONFIRMED,WORKING EXCEL v7 (incomplete) — awaiting Owner complete Excel (D-22),ONLY_IF_OWNER_EXCEL_KEEPS_THIS_PRODUCT,,OWNER_EXCEL_RECONCILIATION → LABEL FACTS → ENGINE 10/10,True,True,CCTLD,True
RO,Romania,★★★★,EU27,SUCROSE,130,AFTER_ENGINE_10_10 (D-27),PI-ING-000514,SUCROSE SUGAR · Sweetener · Dry,GLOBAL_PI_GENERIC,,ro:Zahăr alb,GENERIC-SUCROSE,,GENERIC,Biały cukier krystaliczny — 100% cukier,dowolne opakowanie,,https://www.freshful.ro/p/100150311-soland-zahar-alb-1kg,,,,,N/A_GENERIC,WORKING EXCEL v7 (incomplete) — awaiting Owner complete Excel (D-22),NO,NO_LOCAL_TERM_EVIDENCE,TERM_APPROVED (D-32),False,False,NONE,False
RO,Romania,★★★★,EU27,DEXTROSE,30,AFTER_ENGINE_10_10 (D-27),PI-ING-000494,DEXTROSE MONOHYDRATE · Sweetener · Dry,EXACT_PR,,,DEX-GTIN-08588006139983,,GymBeam,"Dextroză - GymBeam, bez dodatków smakowych",1000 g,8588006139983,https://gymbeam.ro/dextroza-1000-g-gymbeam.html,RO,CCTLD,RAW_HTML,2026-09-10T13:37:39Z,CONFIRMED,WORKING EXCEL v7 (incomplete) — awaiting Owner complete Excel (D-22),ONLY_IF_OWNER_EXCEL_KEEPS_THIS_PRODUCT,,OWNER_EXCEL_RECONCILIATION → LABEL FACTS → ENGINE 10/10,True,True,CCTLD,True
RO,Romania,★★★★,EU27,STABILIZER,3,AFTER_ENGINE_10_10 (D-27),PI-ING-000492,TARA GUM · Stabilizer,EXACT_PR,TARA (as listed in v7),,TARA-GTIN-08055728540170,,SaporePuro,SaporePuro Farina di Semi di Tara / Gomma di Tara E417,50 g,8055728540170,https://saporepuro.com/products/farina-di-semi-di-tara-gomma-di-tara-origine-peru-e417-confezionato-in-italia-1,,,,,LEAD,WORKING EXCEL v7 (incomplete) — awaiting Owner complete Excel (D-22),NO,EAN_ON_GENERIC_TLD_PAGE,"AWAIT_OWNER_EXCEL (no SHOP gap-filling, D-23)",True,False,NONE,False
SA,Saudi Arabia,★★★★,GCC,MILK,672,AFTER_ENGINE_10_10 (D-27),PI-ING-000236,MILK · 3.5% FAT · Chilled,EXACT_PR,,,MILK-GTIN-6281007040235,,Almarai,Almarai Fresh Milk Full Fat 1 L,1 L,6281007040235,https://mohideensupermarket.com/product/almarai-milk-full-fat-3-1-ltr/,,,,,LEAD,WORKING EXCEL v7 (incomplete) — awaiting Owner complete Excel (D-22),NO,EAN_ON_GENERIC_TLD_PAGE,"AWAIT_OWNER_EXCEL (no SHOP gap-filling, D-23)",True,False,NONE,False
SA,Saudi Arabia,★★★★,GCC,CREAM,130,AFTER_ENGINE_10_10 (D-27),PI-ING-000180,CREAM 30% · Mlekovita Cream · Chilled,EXACT_PR,,,CREAM-GTIN-3412290032215,,Paysan Breton,Paysan Breton La Crème Pâtisserie & Cuisine UHT 30%,20 cl,3412290032215,https://bf1af2.akinoncloudcdn.com/products/2025/03/28/87485/697134c3-73cd-408b-8a68-2100017edff8_size1920_cropCenter.jpg,,,,,LEAD,WORKING EXCEL v7 (incomplete) — awaiting Owner complete Excel (D-22),NO,PAGE_WITHOUT_EAN,"AWAIT_OWNER_EXCEL (no SHOP gap-filling, D-23)",False,False,NONE,False
SA,Saudi Arabia,★★★★,GCC,SMP,35,AFTER_ENGINE_10_10 (D-27),PI-ING-000270,SKIMMED MILK POWDER · 0.8% FAT · Dairy · Dry,EXACT_PR,,,SMP-GTIN-03043931692415,,Régilait,Régilait Instant Skimmed Milk Powder 0% Fat,puszka 700 g,3043931692415,https://www.amazon.ae/REGILAIT-NON-SKIMD-MILK-700G/dp/B07NF7B1H6,,,,,LEAD,WORKING EXCEL v7 (incomplete) — awaiting Owner complete Excel (D-22),NO,EAN_ON_FOREIGN_MARKET_PAGE,"AWAIT_OWNER_EXCEL (no SHOP gap-filling, D-23)",False,False,OTHER_MARKET:AE,False
SA,Saudi Arabia,★★★★,GCC,SUCROSE,130,AFTER_ENGINE_10_10 (D-27),PI-ING-000514,SUCROSE SUGAR · Sweetener · Dry,GLOBAL_PI_GENERIC,,SA10: en: granulated sugar (+sucrose/white sugar) | ar: سكروز,GENERIC-SUCROSE,,GENERIC,Biały cukier krystaliczny — 100% cukier,dowolne opakowanie,,,,,,,N/A_GENERIC,WORKING EXCEL v7 (incomplete) — awaiting Owner complete Excel (D-22),NO,NO_LOCAL_TERM_EVIDENCE,TERM_EVIDENCE_OR_OWNER_DECISION,False,False,NONE,False
SA,Saudi Arabia,★★★★,GCC,DEXTROSE,30,AFTER_ENGINE_10_10 (D-27),PI-ING-000494,DEXTROSE MONOHYDRATE · Sweetener · Dry,EXACT_PR,,,DEX-SA-PRODUCT,,Unspecified manufacturer,DEXTROSE MONOHYDRATE 25kg,25 kg,,https://bsaten-althuaq.com/en/products/dextrose-monohydrate-25kg-%D8%AF%D9%83%D8%B3%D8%AA%D8%B1%D9%88%D8%B2,,,,,BRAK,WORKING EXCEL v7 (incomplete) — awaiting Owner complete Excel (D-22),NO,NO_EAN_IN_V7,"AWAIT_OWNER_EXCEL (no SHOP gap-filling, D-23)",False,False,CURRENCY_ONLY,False
SA,Saudi Arabia,★★★★,GCC,STABILIZER,3,AFTER_ENGINE_10_10 (D-27),PI-ING-000492,TARA GUM · Stabilizer,EXACT_PR,TARA (as listed in v7),,TARA-GTIN-00711221973058,,Cape Crystal Brands,Cape Crystal Brands Tara Gum Powder,2 oz (56.7 g),711221973058,https://www.capecrystalbrands.com/products/tara-gum,,,,,LEAD,WORKING EXCEL v7 (incomplete) — awaiting Owner complete Excel (D-22),NO,EAN_ON_GENERIC_TLD_PAGE,"AWAIT_OWNER_EXCEL (no SHOP gap-filling, D-23)",True,False,NONE,False
SE,Sweden,★★★★★,EU27,MILK,672,AFTER_ENGINE_10_10 (D-27),PI-ING-000236,MILK · 3.5% FAT · Chilled,EXACT_PR,,,MILK-GTIN-5709310050303,,Arla,"Arla Sødmælk / Mjölk 3,5% UHT 1 L",1 L carton with screw cap,5709310050303,https://www.chefsculinar.se/sv-se/mat-and-dryck/mejeri-and-gg/mj-lk/mj-lk-3-5-uht-1l-34231043,SE,CCTLD,RAW_HTML,2026-09-10T13:39:03Z,CONFIRMED,WORKING EXCEL v7 (incomplete) — awaiting Owner complete Excel (D-22),ONLY_IF_OWNER_EXCEL_KEEPS_THIS_PRODUCT,,OWNER_EXCEL_RECONCILIATION → LABEL FACTS → ENGINE 10/10,True,True,CCTLD,True
SE,Sweden,★★★★★,EU27,CREAM,130,AFTER_ENGINE_10_10 (D-27),PI-ING-000180,CREAM 30% · Mlekovita Cream · Chilled,EXACT_PR,,,CREAM-GTIN-7311043021192,,DairyFood,DairyFood Grädde Lång Hållbarhet 30% 2.5 dl,250 ml,7311043021192,https://www.delitea.se/dairy-food-gradde-lang-hallbarhet-30-25dl,SE,CCTLD,RAW_HTML,2026-09-10T13:39:13Z,CONFIRMED,WORKING EXCEL v7 (incomplete) — awaiting Owner complete Excel (D-22),ONLY_IF_OWNER_EXCEL_KEEPS_THIS_PRODUCT,,OWNER_EXCEL_RECONCILIATION → LABEL FACTS → ENGINE 10/10,True,True,CCTLD,True
SE,Sweden,★★★★★,EU27,SMP,35,AFTER_ENGINE_10_10 (D-27),PI-ING-000270,SKIMMED MILK POWDER · 0.8% FAT · Dairy · Dry,EXACT_PR,,,SMP-GTIN-07310100318985,,Semper,"Semper Mjölkpulver till bak, mat och dryck 480 g",480 g,7310100318985,https://www.martinservera.se/produkter/633057/torrmjolk-fettfri-480g,SE,CCTLD,RAW_HTML,2026-09-10T13:39:46Z,CONFIRMED,WORKING EXCEL v7 (incomplete) — awaiting Owner complete Excel (D-22),ONLY_IF_OWNER_EXCEL_KEEPS_THIS_PRODUCT,,OWNER_EXCEL_RECONCILIATION → LABEL FACTS → ENGINE 10/10,True,True,CCTLD,True
SE,Sweden,★★★★★,EU27,SUCROSE,130,AFTER_ENGINE_10_10 (D-27),PI-ING-000514,SUCROSE SUGAR · Sweetener · Dry,GLOBAL_PI_GENERIC,,sv:Strösocker,GENERIC-SUCROSE,,GENERIC,Biały cukier krystaliczny — 100% cukier,dowolne opakowanie,,https://handla.ica.se/produkt/1286601,,,,,N/A_GENERIC,WORKING EXCEL v7 (incomplete) — awaiting Owner complete Excel (D-22),NO,NO_LOCAL_TERM_EVIDENCE,TERM_APPROVED (D-32),False,False,NONE,False
SE,Sweden,★★★★★,EU27,DEXTROSE,30,AFTER_ENGINE_10_10 (D-27),PI-ING-000494,DEXTROSE MONOHYDRATE · Sweetener · Dry,EXACT_PR,,,DEX-GTIN-05709286720064,,Urtegaarden,Urtegaarden Druvsocker 500 g,500 g,5709286720064,https://www.med24.se/matvaror/socker-sirap-honung/druvsocker/urtegaarden-druvsocker-500-g,SE,CCTLD,RAW_HTML,2026-09-10T13:39:49Z,CONFIRMED,WORKING EXCEL v7 (incomplete) — awaiting Owner complete Excel (D-22),ONLY_IF_OWNER_EXCEL_KEEPS_THIS_PRODUCT,,OWNER_EXCEL_RECONCILIATION → LABEL FACTS → ENGINE 10/10,True,True,CCTLD,True
SE,Sweden,★★★★★,EU27,STABILIZER,3,AFTER_ENGINE_10_10 (D-27),PI-ING-000492,TARA GUM · Stabilizer,EXACT_PR,TARA (as listed in v7),,TARA-GTIN-08055728540170,,SaporePuro,SaporePuro Farina di Semi di Tara / Gomma di Tara E417,50 g,8055728540170,https://saporepuro.com/products/farina-di-semi-di-tara-gomma-di-tara-origine-peru-e417-confezionato-in-italia-1,,,,,LEAD,WORKING EXCEL v7 (incomplete) — awaiting Owner complete Excel (D-22),NO,EAN_ON_GENERIC_TLD_PAGE,"AWAIT_OWNER_EXCEL (no SHOP gap-filling, D-23)",True,False,NONE,False
SG,Singapore,★★★★,ASEAN,MILK,672,AFTER_ENGINE_10_10 (D-27),PI-ING-000236,MILK · 3.5% FAT · Chilled,EXACT_PR,,,MILK-GTIN-8888030300749,,FairPrice,FairPrice UHT Kids Full Cream Packet Milk — Fresh Milk,200 ml carton; retail multipack 6 x 200 ml,8888030300749,https://www.fairprice.com.sg/product/fairprice-uht-kids-full-cream-packet-milk-fresh-milk-6-x-200ml-13165083,,,,,LEAD,WORKING EXCEL v7 (incomplete) — awaiting Owner complete Excel (D-22),NO,MARKET_PAGE_WITHOUT_EAN,"AWAIT_OWNER_EXCEL (no SHOP gap-filling, D-23)",False,True,CCTLD,False
SG,Singapore,★★★★,ASEAN,CREAM,130,AFTER_ENGINE_10_10 (D-27),PI-ING-000180,CREAM 30% · Mlekovita Cream · Chilled,EXACT_PR,,,CREAM-GTIN-3412290032215,,Paysan Breton,Paysan Breton UHT Cooking & Whipping Cream 30%,200 ml (20 cl),3412290032215,https://redmart.lazada.sg/paysan-breton-164150/?m=redmart,,,,,LEAD,WORKING EXCEL v7 (incomplete) — awaiting Owner complete Excel (D-22),NO,MARKET_PAGE_WITHOUT_EAN,"AWAIT_OWNER_EXCEL (no SHOP gap-filling, D-23)",False,True,CCTLD,False
SG,Singapore,★★★★,ASEAN,SMP,35,AFTER_ENGINE_10_10 (D-27),PI-ING-000270,SKIMMED MILK POWDER · 0.8% FAT · Dairy · Dry,EXACT_PR,,,SMP-GTIN-08888030307090,,FairPrice,FairPrice Adult Milk Powder - Skim,600 g,8888030307090,https://www.fairprice.com.sg/product/fairprice-instant-skim-milk-powder-600g-13097040,SG,CCTLD,RAW_HTML,2026-09-10T13:39:19Z,CONFIRMED,WORKING EXCEL v7 (incomplete) — awaiting Owner complete Excel (D-22),ONLY_IF_OWNER_EXCEL_KEEPS_THIS_PRODUCT,,OWNER_EXCEL_RECONCILIATION → LABEL FACTS → ENGINE 10/10,True,True,CCTLD,True
SG,Singapore,★★★★,ASEAN,SUCROSE,130,AFTER_ENGINE_10_10 (D-27),PI-ING-000514,SUCROSE SUGAR · Sweetener · Dry,GLOBAL_PI_GENERIC,,SA10: en: granulated sugar (+sucrose/white sugar) | zh-Hans: 蔗糖 | ta: சுக்ரோஸ் | ms: sukrosa,GENERIC-SUCROSE,,GENERIC,Biały cukier krystaliczny — 100% cukier,dowolne opakowanie,,,,,,,N/A_GENERIC,WORKING EXCEL v7 (incomplete) — awaiting Owner complete Excel (D-22),NO,NO_LOCAL_TERM_EVIDENCE,TERM_EVIDENCE_OR_OWNER_DECISION,False,False,NONE,False
SG,Singapore,★★★★,ASEAN,DEXTROSE,30,AFTER_ENGINE_10_10 (D-27),PI-ING-000494,DEXTROSE MONOHYDRATE · Sweetener · Dry,EXACT_PR,,,DEX-SG-PRODUCT,,Bakelab,[Bakelab] Dextrose 5kg,5 kg,,https://shop.bakelab.com.sg/dextrose.html,,,,,BRAK,WORKING EXCEL v7 (incomplete) — awaiting Owner complete Excel (D-22),NO,NO_EAN_IN_V7,"AWAIT_OWNER_EXCEL (no SHOP gap-filling, D-23)",False,True,CCTLD,False
SG,Singapore,★★★★,ASEAN,STABILIZER,3,AFTER_ENGINE_10_10 (D-27),PI-ING-000492,TARA GUM · Stabilizer,EXACT_PR,TARA (as listed in v7),,TARA-SG-PRODUCT,,,Tara Gum (塔拉胶) - 50g,50 g,,https://better4u.sg/edible-food-tech/244-tara-gum-50g.html,,,,,BRAK,WORKING EXCEL v7 (incomplete) — awaiting Owner complete Excel (D-22),NO,NO_EAN_IN_V7,"AWAIT_OWNER_EXCEL (no SHOP gap-filling, D-23)",False,True,CCTLD,False
SI,Slovenia,★★★★,EU27,MILK,672,AFTER_ENGINE_10_10 (D-27),PI-ING-000236,MILK · 3.5% FAT · Chilled,EXACT_PR,,,MILK-GTIN-3838800040578,,Alpsko mleko,"Alpsko mleko polnomastno 3,5% 1 L",1 L,3838800040578,https://online.spar.si/p/alpsko-mleko-polnomastno-35-mm-1l-266388,SI,CCTLD,RAW_HTML,2026-09-10T13:38:13Z,CONFIRMED,WORKING EXCEL v7 (incomplete) — awaiting Owner complete Excel (D-22),ONLY_IF_OWNER_EXCEL_KEEPS_THIS_PRODUCT,,OWNER_EXCEL_RECONCILIATION → LABEL FACTS → ENGINE 10/10,True,True,CCTLD,True
SI,Slovenia,★★★★,EU27,CREAM,130,AFTER_ENGINE_10_10 (D-27),PI-ING-000180,CREAM 30% · Mlekovita Cream · Chilled,EXACT_PR,,,CREAM-GTIN-3838800033754,,Mu Cuisine,Mu Cuisine Alpska smetana za stepanje 33%,500 ml carton,3838800033754,https://mercatoronline.si/izdelek/5068345/alpska-smetana-za-stepanje-33-m-m-mu-cuisine-500-ml,SI,CCTLD,RAW_HTML,2026-09-10T13:38:00Z,CONFIRMED,WORKING EXCEL v7 (incomplete) — awaiting Owner complete Excel (D-22),ONLY_IF_OWNER_EXCEL_KEEPS_THIS_PRODUCT,,OWNER_EXCEL_RECONCILIATION → LABEL FACTS → ENGINE 10/10,True,True,CCTLD,True
SI,Slovenia,★★★★,EU27,SMP,35,AFTER_ENGINE_10_10 (D-27),PI-ING-000270,SKIMMED MILK POWDER · 0.8% FAT · Dairy · Dry,EXACT_PR,,,SMP-GTIN-03831040010028,,Pomurske mlekarne,Posneto mleko v prahu,400 g,3831040010028,https://www.pomurske-mlekarne.si/posneto-mleko-v-prahu/,SI,CCTLD,RAW_HTML,2026-09-10T13:39:59Z,CONFIRMED,WORKING EXCEL v7 (incomplete) — awaiting Owner complete Excel (D-22),ONLY_IF_OWNER_EXCEL_KEEPS_THIS_PRODUCT,,OWNER_EXCEL_RECONCILIATION → LABEL FACTS → ENGINE 10/10,True,True,CCTLD,True
SI,Slovenia,★★★★,EU27,SUCROSE,130,AFTER_ENGINE_10_10 (D-27),PI-ING-000514,SUCROSE SUGAR · Sweetener · Dry,GLOBAL_PI_GENERIC,,sl:Beli kristalni sladkor,GENERIC-SUCROSE,,GENERIC,Biały cukier krystaliczny — 100% cukier,dowolne opakowanie,,https://www.zrno.si/beli-kristalni-sladkor-1-kg-133637,,,,,N/A_GENERIC,WORKING EXCEL v7 (incomplete) — awaiting Owner complete Excel (D-22),NO,NO_LOCAL_TERM_EVIDENCE,TERM_APPROVED (D-32),False,False,NONE,False
SI,Slovenia,★★★★,EU27,DEXTROSE,30,AFTER_ENGINE_10_10 (D-27),PI-ING-000494,DEXTROSE MONOHYDRATE · Sweetener · Dry,EXACT_PR,,,DEX-GTIN-08588006139983,,GymBeam,"Dekstroza - GymBeam, bez dodatków smakowych",1000 g,8588006139983,https://gymbeam.si/dekstroza-gymbeam.html,SI,CCTLD,RAW_HTML,2026-09-10T13:37:40Z,CONFIRMED,WORKING EXCEL v7 (incomplete) — awaiting Owner complete Excel (D-22),ONLY_IF_OWNER_EXCEL_KEEPS_THIS_PRODUCT,,OWNER_EXCEL_RECONCILIATION → LABEL FACTS → ENGINE 10/10,True,True,CCTLD,True
SI,Slovenia,★★★★,EU27,STABILIZER,3,AFTER_ENGINE_10_10 (D-27),PI-ING-000492,TARA GUM · Stabilizer,EXACT_PR,TARA (as listed in v7),,TARA-GTIN-08055728540170,,SaporePuro,SaporePuro Farina di Semi di Tara / Gomma di Tara E417,50 g,8055728540170,https://saporepuro.com/products/farina-di-semi-di-tara-gomma-di-tara-origine-peru-e417-confezionato-in-italia-1,,,,,LEAD,WORKING EXCEL v7 (incomplete) — awaiting Owner complete Excel (D-22),NO,EAN_ON_GENERIC_TLD_PAGE,"AWAIT_OWNER_EXCEL (no SHOP gap-filling, D-23)",True,False,NONE,False
SK,Slovakia,★★★★,EU27,MILK,672,AFTER_ENGINE_10_10 (D-27),PI-ING-000236,MILK · 3.5% FAT · Chilled,EXACT_PR,,,MILK-GTIN-8585002510037,,Rajo,"Rajo Mlieko plnotučné UHT 3,5% 1 l",1 l karton UHT z zamknięciem,8585002510037,https://www.office4u.sk/mlieka-a-smotany/19321-trvanlive-mlieko-rajo-plnotucne-35-1--8585002510037.html,SK,CCTLD,RAW_HTML,2026-09-10T13:39:56Z,CONFIRMED,WORKING EXCEL v7 (incomplete) — awaiting Owner complete Excel (D-22),ONLY_IF_OWNER_EXCEL_KEEPS_THIS_PRODUCT,,OWNER_EXCEL_RECONCILIATION → LABEL FACTS → ENGINE 10/10,True,True,CCTLD,True
SK,Slovakia,★★★★,EU27,CREAM,130,AFTER_ENGINE_10_10 (D-27),PI-ING-000180,CREAM 30% · Mlekovita Cream · Chilled,EXACT_PR,,,CREAM-GTIN-8585002520036,,Rajo / MEGGLE Slovakia,Rajo Smotana na šľahanie UHT 30%,250 ml carton,8585002520036,https://lcsever.ijednota.sk/produkt/smotna-slah30-250ml,SK,CCTLD,RAW_HTML,2026-09-10T13:37:49Z,CONFIRMED,WORKING EXCEL v7 (incomplete) — awaiting Owner complete Excel (D-22),ONLY_IF_OWNER_EXCEL_KEEPS_THIS_PRODUCT,,OWNER_EXCEL_RECONCILIATION → LABEL FACTS → ENGINE 10/10,True,True,CCTLD,True
SK,Slovakia,★★★★,EU27,SMP,35,AFTER_ENGINE_10_10 (D-27),PI-ING-000270,SKIMMED MILK POWDER · 0.8% FAT · Dairy · Dry,EXACT_PR,,,SMP-SK-SKU,,SABI,Sušené mlieko odtučnené,400 g,,https://www.milkagro.sk/sk/produkty/susene-vyrobky/susene-mlieko/susene-mlieko-odtucnene/product/80,,,,,BRAK,WORKING EXCEL v7 (incomplete) — awaiting Owner complete Excel (D-22),NO,NO_EAN_IN_V7,"AWAIT_OWNER_EXCEL (no SHOP gap-filling, D-23)",False,True,CCTLD,False
SK,Slovakia,★★★★,EU27,SUCROSE,130,AFTER_ENGINE_10_10 (D-27),PI-ING-000514,SUCROSE SUGAR · Sweetener · Dry,GLOBAL_PI_GENERIC,,sk:Cukor kryštálový biely,GENERIC-SUCROSE,,GENERIC,Biały cukier krystaliczny — 100% cukier,dowolne opakowanie,,https://eshop.damito.sk/cukor-krystalovy-biely-1-kg,,,,,N/A_GENERIC,WORKING EXCEL v7 (incomplete) — awaiting Owner complete Excel (D-22),NO,NO_LOCAL_TERM_EVIDENCE,TERM_APPROVED (D-32),False,False,NONE,False
SK,Slovakia,★★★★,EU27,DEXTROSE,30,AFTER_ENGINE_10_10 (D-27),PI-ING-000494,DEXTROSE MONOHYDRATE · Sweetener · Dry,EXACT_PR,,,DEX-GTIN-08588006139983,,GymBeam,"Dextróza - GymBeam, bez dodatków smakowych",1000 g,8588006139983,https://gymbeam.sk/dextroza-gymbeam.html,SK,CCTLD,RAW_HTML,2026-09-10T13:37:40Z,CONFIRMED,WORKING EXCEL v7 (incomplete) — awaiting Owner complete Excel (D-22),ONLY_IF_OWNER_EXCEL_KEEPS_THIS_PRODUCT,,OWNER_EXCEL_RECONCILIATION → LABEL FACTS → ENGINE 10/10,True,True,CCTLD,True
SK,Slovakia,★★★★,EU27,STABILIZER,3,AFTER_ENGINE_10_10 (D-27),PI-ING-000492,TARA GUM · Stabilizer,EXACT_PR,TARA (as listed in v7),,TARA-SK-PRODUCT,,Valknut,Guma Tara Valknut / Tara guma Valknut,500 g,,https://www.valknut.sk/tara-guma-valknut/,,,,,BRAK,WORKING EXCEL v7 (incomplete) — awaiting Owner complete Excel (D-22),NO,NO_EAN_IN_V7,"AWAIT_OWNER_EXCEL (no SHOP gap-filling, D-23)",False,True,CCTLD,False
TH,Thailand,★★★★,ASEAN,MILK,672,AFTER_ENGINE_10_10 (D-27),PI-ING-000236,MILK · 3.5% FAT · Chilled,EXACT_PR,,,MILK-GTIN-8850329120116,,Meiji,Meiji Pasteurized Fresh Milk,200 ml bottle,8850329120116,https://www.tops.co.th/th/meiji-pasteurized-milk-plain-200cc-8850329120116,TH,CCTLD,BROWSER_DOM,2026-09-10T14:05Z,CONFIRMED,WORKING EXCEL v7 (incomplete) — awaiting Owner complete Excel (D-22),ONLY_IF_OWNER_EXCEL_KEEPS_THIS_PRODUCT,,OWNER_EXCEL_RECONCILIATION → LABEL FACTS → ENGINE 10/10,True,True,CCTLD,True
TH,Thailand,★★★★,ASEAN,CREAM,130,AFTER_ENGINE_10_10 (D-27),PI-ING-000180,CREAM 30% · Mlekovita Cream · Chilled,EXACT_PR,,,CREAM-GTIN-3412290032215,,Paysan Breton,Paysan Breton UHT Cooking & Whipping Cream 30%,200 ml (20 cl),3412290032215,https://cdn.shopify.com/s/files/1/1575/0603/files/afff2bdbe0c3a9dc388d388e7964416ea6e037cc_PAYC002_2.jpg?v=1786035968&width=1600,,,,,LEAD,WORKING EXCEL v7 (incomplete) — awaiting Owner complete Excel (D-22),NO,PAGE_WITHOUT_EAN,"AWAIT_OWNER_EXCEL (no SHOP gap-filling, D-23)",False,False,NONE,False
TH,Thailand,★★★★,ASEAN,SMP,35,AFTER_ENGINE_10_10 (D-27),PI-ING-000270,SKIMMED MILK POWDER · 0.8% FAT · Dairy · Dry,EXACT_PR,,,SMP-GTIN-00733739058324,,NOW Foods / Real Food,NOW Foods Real Food Organic Non-Fat Dry Milk Powder,340 g (12 oz),0733739058324,https://www.nowfoods.com/products/natural-foods/non-fat-dry-milk-powder-organic,,,,,LEAD,WORKING EXCEL v7 (incomplete) — awaiting Owner complete Excel (D-22),NO,EAN_ON_GENERIC_TLD_PAGE,"AWAIT_OWNER_EXCEL (no SHOP gap-filling, D-23)",True,False,NONE,False
TH,Thailand,★★★★,ASEAN,SUCROSE,130,AFTER_ENGINE_10_10 (D-27),PI-ING-000514,SUCROSE SUGAR · Sweetener · Dry,GLOBAL_PI_GENERIC,,th:น้ำตาลทรายขาวบริสุทธิ์,GENERIC-SUCROSE,,GENERIC,Biały cukier krystaliczny — 100% cukier,dowolne opakowanie,,https://www.allonline.7eleven.co.th/p/%E0%B8%A1%E0%B8%B4%E0%B8%95%E0%B8%A3%E0%B8%9C%E0%B8%A5-%E0%B8%99%E0%B9%89%E0%B8%B3%E0%B8%95%E0%B8%B2%E0%B8%A5%E0%B8%97%E0%B8%A3%E0%B8%B2%E0%B8%A2%E0%B8%82%E0%B8%B2%E0%B8%A7%E0%B8%9A%E0%B8%A3%E0%B8%B4%E0%B8%AA%E0%B8%B8%E0%B8%97%E0%B8%98%E0%B8%B4%E0%B9%8C-1-%E0%B8%81%E0%B8%B4%E0%B9%82%E0%B8%A5%E0%B8%81%E0%B8%A3%E0%B8%B1%E0%B8%A1-%E0%B8%A2%E0%B8%81%E0%B8%81%E0%B8%A3%E0%B8%B0%E0%B8%AA%E0%B8%AD%E0%B8%9A-25-%E0%B8%8A%E0%B8%B4%E0%B9%89%E0%B8%99/573152/,,,,,N/A_GENERIC,WORKING EXCEL v7 (incomplete) — awaiting Owner complete Excel (D-22),NO,NO_LOCAL_TERM_EVIDENCE,TERM_APPROVED (D-32),False,False,NONE,False
TH,Thailand,★★★★,ASEAN,DEXTROSE,30,AFTER_ENGINE_10_10 (D-27),PI-ING-000494,DEXTROSE MONOHYDRATE · Sweetener · Dry,EXACT_PR,,,DEX-GTIN-02055040011118,,Chemipan,Dextrose Monohydrate 1kg,1 kg,2055040011118,https://www.chemipan.com/a/index.php?Itemid=384&lang=en-gb&option=com_virtuemart&view=productdetails&virtuemart_category_id=0&virtuemart_product_id=6711,,,,,LEAD,WORKING EXCEL v7 (incomplete) — awaiting Owner complete Excel (D-22),NO,SOURCE_NOT_READABLE,"AWAIT_OWNER_EXCEL (no SHOP gap-filling, D-23)",False,False,NONE,False
TH,Thailand,★★★★,ASEAN,STABILIZER,3,AFTER_ENGINE_10_10 (D-27),PI-ING-000492,TARA GUM · Stabilizer,EXACT_PR,TARA (as listed in v7),,TARA-GTIN-02033200071103,,Chemipan,Tara Gum (China) 25g. A M,25 g,2033200071103,https://www.chemipan.com/a/index.php?lang=en-gb&option=com_virtuemart&view=productdetails&virtuemart_category_id=126&virtuemart_product_id=17389,,,,,LEAD,WORKING EXCEL v7 (incomplete) — awaiting Owner complete Excel (D-22),NO,SOURCE_NOT_READABLE,"AWAIT_OWNER_EXCEL (no SHOP gap-filling, D-23)",False,False,NONE,False
TN,Tunisia,★★★★,MAGHREB,MILK,672,AFTER_ENGINE_10_10 (D-27),PI-ING-000236,MILK · 3.5% FAT · Chilled,EXACT_PR,,,MILK-GTIN-8002670165395,,Granarolo Bio,Granarolo Bio Latte Biologico Intero 1 L,"1 L, karton Tetra Rex; mleko ESL pasteryzowane w podwyższonej temperaturze, chłodzone 0–6°C",8002670165395,https://www.tiportolaspesa.it/negozio/freschissimi/latticini/latte-e-panna-fresca/latte-fresco-intero-granarolo-bio-lt-1-2/,,,,,LEAD,WORKING EXCEL v7 (incomplete) — awaiting Owner complete Excel (D-22),NO,EAN_ON_FOREIGN_MARKET_PAGE,"AWAIT_OWNER_EXCEL (no SHOP gap-filling, D-23)",True,False,OTHER_MARKET:IT,False
TN,Tunisia,★★★★,MAGHREB,CREAM,130,AFTER_ENGINE_10_10 (D-27),PI-ING-000180,CREAM 30% · Mlekovita Cream · Chilled,EXACT_PR,,,CREAM-GTIN-3412290032215,,Paysan Breton,Paysan Breton La Crème Pâtisserie & Cuisine UHT 30%,20 cl,3412290032215,https://bf1af2.akinoncloudcdn.com/products/2025/03/28/87485/697134c3-73cd-408b-8a68-2100017edff8_size1920_cropCenter.jpg,,,,,LEAD,WORKING EXCEL v7 (incomplete) — awaiting Owner complete Excel (D-22),NO,PAGE_WITHOUT_EAN,"AWAIT_OWNER_EXCEL (no SHOP gap-filling, D-23)",False,False,NONE,False
TN,Tunisia,★★★★,MAGHREB,SMP,35,AFTER_ENGINE_10_10 (D-27),PI-ING-000270,SKIMMED MILK POWDER · 0.8% FAT · Dairy · Dry,EXACT_PR,,,SMP-GTIN-00733739058324,,NOW Foods Real Food,NOW Real Food Organic Non-Fat Dry Milk Powder,torebka 12 oz (340 g),733739058324,https://www.nowfoods.com/products/natural-foods/non-fat-dry-milk-powder-organic,,,,,LEAD,WORKING EXCEL v7 (incomplete) — awaiting Owner complete Excel (D-22),NO,EAN_ON_GENERIC_TLD_PAGE,"AWAIT_OWNER_EXCEL (no SHOP gap-filling, D-23)",True,False,NONE,False
TN,Tunisia,★★★★,MAGHREB,SUCROSE,130,AFTER_ENGINE_10_10 (D-27),PI-ING-000514,SUCROSE SUGAR · Sweetener · Dry,GLOBAL_PI_GENERIC,,SA10: fr: saccharose (+sucre blanc) | ar: سكروز,GENERIC-SUCROSE,,GENERIC,Biały cukier krystaliczny — 100% cukier,dowolne opakowanie,,,,,,,N/A_GENERIC,WORKING EXCEL v7 (incomplete) — awaiting Owner complete Excel (D-22),NO,NO_LOCAL_TERM_EVIDENCE,TERM_EVIDENCE_OR_OWNER_DECISION,False,False,NONE,False
TN,Tunisia,★★★★,MAGHREB,DEXTROSE,30,AFTER_ENGINE_10_10 (D-27),PI-ING-000494,DEXTROSE MONOHYDRATE · Sweetener · Dry,EXACT_PR,,,DEX-TN-PRODUCT,,Ben Yaghlane,Dextrose en Poudre – Sucre Technique pour Glaces,"Sold by weight; displayed price1.200TND at12TND/kg implies100g unit (inferred, confirm)",,https://ben-yaghlane.com/products/agar-agar-vegan-poudre-gelifiante-copie,,,,,BRAK,WORKING EXCEL v7 (incomplete) — awaiting Owner complete Excel (D-22),NO,NO_EAN_IN_V7,"AWAIT_OWNER_EXCEL (no SHOP gap-filling, D-23)",False,False,CURRENCY_ONLY,False
TN,Tunisia,★★★★,MAGHREB,STABILIZER,3,AFTER_ENGINE_10_10 (D-27),PI-ING-000492,TARA GUM · Stabilizer,EXACT_PR,TARA (as listed in v7),,TARA-GTIN-00711221973058,,Cape Crystal Brands,Cape Crystal Brands Tara Gum Powder,2 oz (56.7 g),711221973058,https://www.capecrystalbrands.com/products/tara-gum,,,,,LEAD,WORKING EXCEL v7 (incomplete) — awaiting Owner complete Excel (D-22),NO,EAN_ON_GENERIC_TLD_PAGE,"AWAIT_OWNER_EXCEL (no SHOP gap-filling, D-23)",True,False,NONE,False
TR,Türkiye,★★★★,TURKIYE,MILK,672,AFTER_ENGINE_10_10 (D-27),PI-ING-000236,MILK · 3.5% FAT · Chilled,EXACT_PR,,,MILK-TR-SUTAS-UHT-35-1L,,Sütaş,"Sütaş Whole Milk UHT 3,5% 1 L",1 L,8681324005449,https://sutas.market/urun/tam-yagli-sut-1-l,,,,,LEAD,WORKING EXCEL v7 (incomplete) — awaiting Owner complete Excel (D-22),NO,MARKET_PAGE_WITHOUT_EAN,"AWAIT_OWNER_EXCEL (no SHOP gap-filling, D-23)",False,False,CURRENCY_ONLY,False
TR,Türkiye,★★★★,TURKIYE,CREAM,130,AFTER_ENGINE_10_10 (D-27),PI-ING-000180,CREAM 30% · Mlekovita Cream · Chilled,EXACT_PR,,,CREAM-GTIN-8690767670060,,Sütaş,Sütaş Krema 30% Tatlılara ve Yemeklere 200 ml,200 ml,8690767670060,https://www.sariyermarket.com/sutas-krema-200-gr,,,,,LEAD,WORKING EXCEL v7 (incomplete) — awaiting Owner complete Excel (D-22),NO,EAN_ON_GENERIC_TLD_PAGE,"AWAIT_OWNER_EXCEL (no SHOP gap-filling, D-23)",True,False,NONE,False
TR,Türkiye,★★★★,TURKIYE,SMP,35,AFTER_ENGINE_10_10 (D-27),PI-ING-000270,SKIMMED MILK POWDER · 0.8% FAT · Dairy · Dry,EXACT_PR,,,SMP-GTIN-08681770071449,,Pınar,Yağsız Süt Tozu,worek 25 kg,8681770071449,https://www.hammaddeler.com/urun/pinar-yagsiz-sut-tozu-25-kg,,,,,LEAD,WORKING EXCEL v7 (incomplete) — awaiting Owner complete Excel (D-22),NO,EAN_ON_GENERIC_TLD_PAGE,"AWAIT_OWNER_EXCEL (no SHOP gap-filling, D-23)",True,False,NONE,False
TR,Türkiye,★★★★,TURKIYE,SUCROSE,130,AFTER_ENGINE_10_10 (D-27),PI-ING-000514,SUCROSE SUGAR · Sweetener · Dry,GLOBAL_PI_GENERIC,,tr:Toz Şeker,GENERIC-SUCROSE,,GENERIC,Biały cukier krystaliczny — 100% cukier,dowolne opakowanie,,https://www.migros.com.tr/migros-toz-seker-1kg-p-328964,,,,,N/A_GENERIC,WORKING EXCEL v7 (incomplete) — awaiting Owner complete Excel (D-22),NO,NO_LOCAL_TERM_EVIDENCE,TERM_APPROVED (D-32),False,False,NONE,False
TR,Türkiye,★★★★,TURKIYE,DEXTROSE,30,AFTER_ENGINE_10_10 (D-27),PI-ING-000494,DEXTROSE MONOHYDRATE · Sweetener · Dry,EXACT_PR,,,DEX-TR-PRODUCT,,Parmor,Parmor Dekstroz1kg,1 kg,,https://www.hepsiburada.com/parmor-dekstroz-1-kg-pm-HBC00002OYEF6,,,,,BRAK,WORKING EXCEL v7 (incomplete) — awaiting Owner complete Excel (D-22),NO,NO_EAN_IN_V7,"AWAIT_OWNER_EXCEL (no SHOP gap-filling, D-23)",False,False,NONE,False
TR,Türkiye,★★★★,TURKIYE,STABILIZER,3,AFTER_ENGINE_10_10 (D-27),PI-ING-000492,TARA GUM · Stabilizer,EXACT_PR,TARA (as listed in v7),,TARA-GTIN-00795258101998,,Benosen,Benosen Tara Gum (E417) 200 g,200 g,0795258101998,https://www.trendyol.com/benosen/tara-gum-e417-dondurma-stabilizeri-kivam-verici-net-200-g-p-81504382,,,,,LEAD,WORKING EXCEL v7 (incomplete) — awaiting Owner complete Excel (D-22),NO,SOURCE_NOT_READABLE,"AWAIT_OWNER_EXCEL (no SHOP gap-filling, D-23)",False,False,NONE,False
TW,Taiwan,★★★★,GREATER_CHINA,MILK,672,AFTER_ENGINE_10_10 (D-27),PI-ING-000236,MILK · 3.5% FAT · Chilled,EXACT_PR,,,MILK-GTIN-4955447100416,,Hokkaido Hidaka,Hokkaido Hidaka 3.6 Long Life Milk 200 ml,200 ml carton; retailer case 24 cartons,4955447100416,https://shop.use.com.tw/products/%E5%8C%97%E6%B5%B7%E9%81%93%E6%97%A5%E9%AB%9836%E7%89%9B%E4%B9%B3,TW,CCTLD,RAW_HTML,2026-09-10T13:38:28Z,CONFIRMED,WORKING EXCEL v7 (incomplete) — awaiting Owner complete Excel (D-22),ONLY_IF_OWNER_EXCEL_KEEPS_THIS_PRODUCT,,OWNER_EXCEL_RECONCILIATION → LABEL FACTS → ENGINE 10/10,True,True,CCTLD,True
TW,Taiwan,★★★★,GREATER_CHINA,CREAM,130,AFTER_ENGINE_10_10 (D-27),PI-ING-000180,CREAM 30% · Mlekovita Cream · Chilled,EXACT_PR,,,CREAM-GTIN-4036300003249,,Oldenburger,Oldenburger Whipping Cream 35% fat UHT (Shani),200 g (PX Mart lists 200 ml),4036300003249,https://www.oldenburger-professional.com/media/13/8d/af/1696234639/OLB%20Assortmentlist%202023_2024_combined.pdf,,,,,LEAD,WORKING EXCEL v7 (incomplete) — awaiting Owner complete Excel (D-22),NO,EAN_ON_GENERIC_TLD_PAGE,"AWAIT_OWNER_EXCEL (no SHOP gap-filling, D-23)",True,False,NONE,False
TW,Taiwan,★★★★,GREATER_CHINA,SMP,35,AFTER_ENGINE_10_10 (D-27),PI-ING-000270,SKIMMED MILK POWDER · 0.8% FAT · Dairy · Dry,EXACT_PR,,,SMP-GTIN-04711257007419,,KLIM / 克寧,克寧100%純脫脂奶粉 (KLIM 100% Pure Skimmed Milk Powder),750 g,4711257007419,https://www.etmall.com.tw/i/7872702,,,,,LEAD,WORKING EXCEL v7 (incomplete) — awaiting Owner complete Excel (D-22),NO,MARKET_PAGE_WITHOUT_EAN,"AWAIT_OWNER_EXCEL (no SHOP gap-filling, D-23)",False,True,CCTLD,False
TW,Taiwan,★★★★,GREATER_CHINA,SUCROSE,130,AFTER_ENGINE_10_10 (D-27),PI-ING-000514,SUCROSE SUGAR · Sweetener · Dry,GLOBAL_PI_GENERIC,,zh-Hant:細砂糖,GENERIC-SUCROSE,,GENERIC,Biały cukier krystaliczny — 100% cukier,dowolne opakowanie,,https://ycbake.com.tw/product/%E7%B4%B0%E7%A0%82%E7%B3%961kg/,,,,,N/A_GENERIC,WORKING EXCEL v7 (incomplete) — awaiting Owner complete Excel (D-22),NO,NO_LOCAL_TERM_EVIDENCE,TERM_APPROVED (D-32),False,False,NONE,False
TW,Taiwan,★★★★,GREATER_CHINA,DEXTROSE,30,AFTER_ENGINE_10_10 (D-27),PI-ING-000494,DEXTROSE MONOHYDRATE · Sweetener · Dry,EXACT_PR,,,DEX-TW-PRODUCT,,順億化工 SESE (producent niepodany),食品級 葡萄糖 (單水葡萄糖・一水葡萄糖) 1kg,1 kg,,https://www.sese.tw/product.php?pid_for_show=7262,,,,,BRAK,WORKING EXCEL v7 (incomplete) — awaiting Owner complete Excel (D-22),NO,NO_EAN_IN_V7,"AWAIT_OWNER_EXCEL (no SHOP gap-filling, D-23)",False,True,CCTLD,False
TW,Taiwan,★★★★,GREATER_CHINA,STABILIZER,3,AFTER_ENGINE_10_10 (D-27),PI-ING-000492,TARA GUM · Stabilizer,EXACT_PR,TARA (as listed in v7),,TARA-GTIN-08055728540170,,SaporePuro,Tara Gum 50gr. / Gomma di Tara E417,50 g,8055728540170,https://saporepuro.myshopify.com/products/farina-di-semi-di-tara-gomma-di-tara-origine-peru-e417-confezionato-in-italia-1,,,,,LEAD,WORKING EXCEL v7 (incomplete) — awaiting Owner complete Excel (D-22),NO,EAN_ON_GENERIC_TLD_PAGE,"AWAIT_OWNER_EXCEL (no SHOP gap-filling, D-23)",True,False,NONE,False
US,United States,★★★★★,UNITED_STATES,MILK,672,AFTER_ENGINE_10_10 (D-27),PI-ING-000236,MILK · 3.5% FAT · Chilled,EXACT_PR,,,MILK-GTIN-0093966513004,,Organic Valley,Organic Valley Whole Milk Half Gallon,"64 fl oz / 1,89 L",0093966513004,https://www.priceritemarketplace.com/sm/planning/rsid/377/product/organic-valley-whole-milk-half-gallon-id-00093966513004,,,,,LEAD,WORKING EXCEL v7 (incomplete) — awaiting Owner complete Excel (D-22),NO,SOURCE_NOT_READABLE,"AWAIT_OWNER_EXCEL (no SHOP gap-filling, D-23)",False,False,NONE,False
US,United States,★★★★★,UNITED_STATES,CREAM,130,AFTER_ENGINE_10_10 (D-27),PI-ING-000180,CREAM 30% · Mlekovita Cream · Chilled,EXACT_PR,,,CREAM-GTIN-092825922230,,Brookshire’s,"Brookshire’s Whipping Cream Ultra-Pasteurized, minimum36% milkfat",1 pint (473ml),092825922230,https://delivery.brookshires.com/store/brookshires/products/18635421-brookshire-s-whipping-cream-ultra-pasteurized-30-milkfat-16-oz,,,,,LEAD,WORKING EXCEL v7 (incomplete) — awaiting Owner complete Excel (D-22),NO,PAGE_WITHOUT_EAN,"AWAIT_OWNER_EXCEL (no SHOP gap-filling, D-23)",False,False,NONE,False
US,United States,★★★★★,UNITED_STATES,SMP,35,AFTER_ENGINE_10_10 (D-27),PI-ING-000270,SKIMMED MILK POWDER · 0.8% FAT · Dairy · Dry,EXACT_PR,,,SMP-BRM-11520,,Bob's Red Mill,Bob's Red Mill Nonfat Dry Milk Powder,22 oz / 624 g,039978115201,https://www.vitacost.com/products/bob-s-red-mill-milk-powder-nonfat-dry-22-oz-624-g-97753,,,,,LEAD,WORKING EXCEL v7 (incomplete) — awaiting Owner complete Excel (D-22),NO,EAN_ON_GENERIC_TLD_PAGE,"AWAIT_OWNER_EXCEL (no SHOP gap-filling, D-23)",True,False,NONE,False
US,United States,★★★★★,UNITED_STATES,SUCROSE,130,AFTER_ENGINE_10_10 (D-27),PI-ING-000514,SUCROSE SUGAR · Sweetener · Dry,GLOBAL_PI_GENERIC,,SA10: en: granulated sugar (+sucrose/white sugar) | es: azúcar blanco (+sacarosa),GENERIC-SUCROSE,,GENERIC,Biały cukier krystaliczny — 100% cukier,dowolne opakowanie,,,,,,,N/A_GENERIC,WORKING EXCEL v7 (incomplete) — awaiting Owner complete Excel (D-22),NO,NO_LOCAL_TERM_EVIDENCE,TERM_EVIDENCE_OR_OWNER_DECISION,False,False,NONE,False
US,United States,★★★★★,UNITED_STATES,DEXTROSE,30,AFTER_ENGINE_10_10 (D-27),PI-ING-000494,DEXTROSE MONOHYDRATE · Sweetener · Dry,EXACT_PR,,,DEX-US-BREWMASTER-AD310,,Brewmaster,Brewmaster Corn Sugar / Dextrose Monohydrate,"1 lb / 453,6 g",843200100039,https://morebeer.com/products/corn-sugar,,,,,LEAD,WORKING EXCEL v7 (incomplete) — awaiting Owner complete Excel (D-22),NO,EAN_ON_GENERIC_TLD_PAGE,"AWAIT_OWNER_EXCEL (no SHOP gap-filling, D-23)",True,False,NONE,False
US,United States,★★★★★,UNITED_STATES,STABILIZER,3,AFTER_ENGINE_10_10 (D-27),PI-ING-000492,TARA GUM · Stabilizer,EXACT_PR,TARA (as listed in v7),,TARA-MP-1508-50,,Modernist Pantry,Tara Gum — Home 50g,50 g,819543011967,https://modernistpantry.com/products/tara-gum.html,,,,,LEAD,WORKING EXCEL v7 (incomplete) — awaiting Owner complete Excel (D-22),NO,EAN_ON_GENERIC_TLD_PAGE,"AWAIT_OWNER_EXCEL (no SHOP gap-filling, D-23)",True,False,NONE,False
UY,Uruguay,★★★★,LATAM_SOUTH_CONE,MILK,672,AFTER_ENGINE_10_10 (D-27),PI-ING-000236,MILK · 3.5% FAT · Chilled,EXACT_PR,,,MILK-GTIN-7790742335500,,La Serenísima,La Serenísima Leche Larga Vida Clásica 3% Botella 1 L,1 L PET bottle,7790742335500,https://www.eldorado.com.uy/leche-la-serenisima-larga-vida-entera-1lt/p,UY,CCTLD,RAW_HTML,2026-09-10T13:39:16Z,CONFIRMED,WORKING EXCEL v7 (incomplete) — awaiting Owner complete Excel (D-22),ONLY_IF_OWNER_EXCEL_KEEPS_THIS_PRODUCT,,OWNER_EXCEL_RECONCILIATION → LABEL FACTS → ENGINE 10/10,True,True,CCTLD,True
UY,Uruguay,★★★★,LATAM_SOUTH_CONE,CREAM,130,AFTER_ENGINE_10_10 (D-27),PI-ING-000180,CREAM 30% · Mlekovita Cream · Chilled,EXACT_PR,,,CREAM-GTIN-7790742141309,,La Serenísima,La Serenísima Crema para Batir Larga Vida,"200 ml, karton UAT",7790742141309,https://www.jumbo.com.ar/crema-uat-la-serenisima-batir-200ml/p,,,,,LEAD,WORKING EXCEL v7 (incomplete) — awaiting Owner complete Excel (D-22),NO,EAN_ON_FOREIGN_MARKET_PAGE,"AWAIT_OWNER_EXCEL (no SHOP gap-filling, D-23)",True,False,OTHER_MARKET:AR,False
UY,Uruguay,★★★★,LATAM_SOUTH_CONE,SMP,35,AFTER_ENGINE_10_10 (D-27),PI-ING-000270,SKIMMED MILK POWDER · 0.8% FAT · Dairy · Dry,EXACT_PR,,,SMP-GTIN-07730105004155,,Conaprole,Conaprole Leche en Polvo Descremada,200 g,7730105004155,https://elnaranjo.com.uy/productos/leche-en-polvo-descremada-conaprole-200g,UY,CCTLD,RAW_HTML,2026-09-10T13:37:31Z,CONFIRMED,WORKING EXCEL v7 (incomplete) — awaiting Owner complete Excel (D-22),ONLY_IF_OWNER_EXCEL_KEEPS_THIS_PRODUCT,,OWNER_EXCEL_RECONCILIATION → LABEL FACTS → ENGINE 10/10,True,True,CCTLD,True
UY,Uruguay,★★★★,LATAM_SOUTH_CONE,SUCROSE,130,AFTER_ENGINE_10_10 (D-27),PI-ING-000514,SUCROSE SUGAR · Sweetener · Dry,GLOBAL_PI_GENERIC,,SA10: es: azúcar blanco (+sacarosa),GENERIC-SUCROSE,,GENERIC,Biały cukier krystaliczny — 100% cukier,dowolne opakowanie,,,,,,,N/A_GENERIC,WORKING EXCEL v7 (incomplete) — awaiting Owner complete Excel (D-22),NO,NO_LOCAL_TERM_EVIDENCE,TERM_EVIDENCE_OR_OWNER_DECISION,False,False,NONE,False
UY,Uruguay,★★★★,LATAM_SOUTH_CONE,DEXTROSE,30,AFTER_ENGINE_10_10 (D-27),PI-ING-000494,DEXTROSE MONOHYDRATE · Sweetener · Dry,EXACT_PR,,,DEX-UY-PRODUCT,,Química SA,Dextrosa Monohidratada,25 kg,,https://quimicasa.com.uy/catalogo/food/edulcorantes/dextrosa-monohidratada/,,,,,BRAK,WORKING EXCEL v7 (incomplete) — awaiting Owner complete Excel (D-22),NO,NO_EAN_IN_V7,"AWAIT_OWNER_EXCEL (no SHOP gap-filling, D-23)",False,True,CCTLD,False
UY,Uruguay,★★★★,LATAM_SOUTH_CONE,STABILIZER,3,AFTER_ENGINE_10_10 (D-27),PI-ING-000492,TARA GUM · Stabilizer,EXACT_PR,TARA (as listed in v7),,TARA-UY-PRODUCT,,Kilmecor,Goma de Tara — oferta spożywcza B2B,Gramatura niepubliczna,,https://www.kilmecor.com.uy/productos/,,,,,BRAK,WORKING EXCEL v7 (incomplete) — awaiting Owner complete Excel (D-22),NO,NO_EAN_IN_V7,"AWAIT_OWNER_EXCEL (no SHOP gap-filling, D-23)",False,True,CCTLD,False
VN,Vietnam,★★★★,ASEAN,MILK,672,AFTER_ENGINE_10_10 (D-27),PI-ING-000236,MILK · 3.5% FAT · Chilled,EXACT_PR,,,MILK-GTIN-8410285127347,,Président,Président UHT Whole Milk 3.5% Fat 1 L,1 L carton,8410285127347,https://suatuoi.com/president/president-full-cream-1l,,,,,LEAD,WORKING EXCEL v7 (incomplete) — awaiting Owner complete Excel (D-22),NO,EAN_ON_GENERIC_TLD_PAGE,"AWAIT_OWNER_EXCEL (no SHOP gap-filling, D-23)",True,False,NONE,False
VN,Vietnam,★★★★,ASEAN,CREAM,130,AFTER_ENGINE_10_10 (D-27),PI-ING-000180,CREAM 30% · Mlekovita Cream · Chilled,EXACT_PR,,,CREAM-GTIN-5701215046375,,Emborg,Emborg Natural Whipping Cream UHT 35.1% 200 ml,200 ml,5701215046375,https://maxmartonline.com/emborg-whipping-cream-200ml,,,,,LEAD,WORKING EXCEL v7 (incomplete) — awaiting Owner complete Excel (D-22),NO,EAN_ON_GENERIC_TLD_PAGE,"AWAIT_OWNER_EXCEL (no SHOP gap-filling, D-23)",True,False,NONE,False
VN,Vietnam,★★★★,ASEAN,SMP,35,AFTER_ENGINE_10_10 (D-27),PI-ING-000270,SKIMMED MILK POWDER · 0.8% FAT · Dairy · Dry,EXACT_PR,,,SMP-VN-SKU,,NZMP,NZMP Skim Milk Powder Low Heat / Sữa Bột Gầy Low Heat Fonterra,"25 kg, worek",,https://newviet.vn/san-pham/sua-bot-gay-low-heat-fonterra/,,,,,BRAK,WORKING EXCEL v7 (incomplete) — awaiting Owner complete Excel (D-22),NO,NO_EAN_IN_V7,"AWAIT_OWNER_EXCEL (no SHOP gap-filling, D-23)",False,True,CCTLD,False
VN,Vietnam,★★★★,ASEAN,SUCROSE,130,AFTER_ENGINE_10_10 (D-27),PI-ING-000514,SUCROSE SUGAR · Sweetener · Dry,GLOBAL_PI_GENERIC,,vi:Đường trắng,GENERIC-SUCROSE,,GENERIC,Biały cukier krystaliczny — 100% cukier,dowolne opakowanie,,https://winmart.vn/products/bien-hoa-duong-mia-cao-cap-1kg--s10009573,,,,,N/A_GENERIC,WORKING EXCEL v7 (incomplete) — awaiting Owner complete Excel (D-22),NO,NO_LOCAL_TERM_EVIDENCE,TERM_APPROVED (D-32),False,False,NONE,False
VN,Vietnam,★★★★,ASEAN,DEXTROSE,30,AFTER_ENGINE_10_10 (D-27),PI-ING-000494,DEXTROSE MONOHYDRATE · Sweetener · Dry,EXACT_PR,,,DEX-VN-PRODUCT,,Fufeng,Fufeng Đường Dextrose Monohydrate C6H12O6.H2O 25kg,25 kg bag,,https://hoachatphuthinh.vn/san-pham/duong-dextrose-monohydrate-c6h12o6h2o-fufeng.html,,,,,BRAK,WORKING EXCEL v7 (incomplete) — awaiting Owner complete Excel (D-22),NO,NO_EAN_IN_V7,"AWAIT_OWNER_EXCEL (no SHOP gap-filling, D-23)",False,True,CCTLD,False
VN,Vietnam,★★★★,ASEAN,STABILIZER,3,AFTER_ENGINE_10_10 (D-27),PI-ING-000492,TARA GUM · Stabilizer,EXACT_PR,TARA (as listed in v7),,TARA-VN-PRODUCT,,Camachem,Tara Gum — food-use bulk raw material,25kg PPE bag or25kg paper drum,,https://camachem.com/vn/tara-gum.html,,,,,BRAK,WORKING EXCEL v7 (incomplete) — awaiting Owner complete Excel (D-22),NO,NO_EAN_IN_V7,"AWAIT_OWNER_EXCEL (no SHOP gap-filling, D-23)",False,False,NONE,False
ZA,South Africa,★★★★,SOUTH_AFRICA,MILK,672,AFTER_ENGINE_10_10 (D-27),PI-ING-000236,MILK · 3.5% FAT · Chilled,EXACT_PR,,,MILK-GTIN-6001299016158,,Clover,Ultra Pasteurised Full Cream Milk 2L,2 L,6001299016158,https://www.checkers.co.za/product/clover-fresh-full-cream-milk-2l-10413121EA,ZA,CCTLD,RAW_HTML,2026-09-10T13:39:03Z,CONFIRMED,WORKING EXCEL v7 (incomplete) — awaiting Owner complete Excel (D-22),ONLY_IF_OWNER_EXCEL_KEEPS_THIS_PRODUCT,,OWNER_EXCEL_RECONCILIATION → LABEL FACTS → ENGINE 10/10,True,True,CCTLD,True
ZA,South Africa,★★★★,SOUTH_AFRICA,CREAM,130,AFTER_ENGINE_10_10 (D-27),PI-ING-000180,CREAM 30% · Mlekovita Cream · Chilled,EXACT_PR,,,CREAM-GTIN-6001299012082,,Clover,Clover Fresh Cream Ultra Pasteurised,250 ml,6001299012082,https://www.evergreenspta.co.za/cream/7455-clover-fresh-cream-250ml.html,ZA,CCTLD,RAW_HTML,2026-09-10T13:39:19Z,CONFIRMED,WORKING EXCEL v7 (incomplete) — awaiting Owner complete Excel (D-22),ONLY_IF_OWNER_EXCEL_KEEPS_THIS_PRODUCT,,OWNER_EXCEL_RECONCILIATION → LABEL FACTS → ENGINE 10/10,True,True,CCTLD,True
ZA,South Africa,★★★★,SOUTH_AFRICA,SMP,35,AFTER_ENGINE_10_10 (D-27),PI-ING-000270,SKIMMED MILK POWDER · 0.8% FAT · Dairy · Dry,EXACT_PR,,,SMP-ZA-SKU,,Clover,Clover Skimmed Milk Powder,worek 25 kg,,https://www.clover.co.za/business/clover-skimmed-milk-powder/,,,,,BRAK,WORKING EXCEL v7 (incomplete) — awaiting Owner complete Excel (D-22),NO,NO_EAN_IN_V7,"AWAIT_OWNER_EXCEL (no SHOP gap-filling, D-23)",False,True,CCTLD,False
ZA,South Africa,★★★★,SOUTH_AFRICA,SUCROSE,130,AFTER_ENGINE_10_10 (D-27),PI-ING-000514,SUCROSE SUGAR · Sweetener · Dry,GLOBAL_PI_GENERIC,,SA10: en: granulated sugar (+sucrose/white sugar) | af: sukrose,GENERIC-SUCROSE,,GENERIC,Biały cukier krystaliczny — 100% cukier,dowolne opakowanie,,,,,,,N/A_GENERIC,WORKING EXCEL v7 (incomplete) — awaiting Owner complete Excel (D-22),NO,NO_LOCAL_TERM_EVIDENCE,TERM_EVIDENCE_OR_OWNER_DECISION,False,False,NONE,False
ZA,South Africa,★★★★,SOUTH_AFRICA,DEXTROSE,30,AFTER_ENGINE_10_10 (D-27),PI-ING-000494,DEXTROSE MONOHYDRATE · Sweetener · Dry,EXACT_PR,,,DEX-GTIN-06009705443239,,My Whey,Dextrose Monohydrate Powder 1kg,1 kg,6009705443239,https://my-whey.co.za/products/dextrose-monohydrate-powder,ZA,CCTLD,RAW_HTML,2026-09-10T13:38:05Z,CONFIRMED,WORKING EXCEL v7 (incomplete) — awaiting Owner complete Excel (D-22),ONLY_IF_OWNER_EXCEL_KEEPS_THIS_PRODUCT,,OWNER_EXCEL_RECONCILIATION → LABEL FACTS → ENGINE 10/10,True,True,CCTLD,True
ZA,South Africa,★★★★,SOUTH_AFRICA,STABILIZER,3,AFTER_ENGINE_10_10 (D-27),PI-ING-000492,TARA GUM · Stabilizer,EXACT_PR,TARA (as listed in v7),,TARA-ZA-PRODUCT,,UNIPEKTIN Ingredients AG,UNIPEKTIN VIDOGUM SP native tara gum E417,Gramatura niepubliczna,,https://danlink.com/product/gums-stabilizers/,,,,,BRAK,WORKING EXCEL v7 (incomplete) — awaiting Owner complete Excel (D-22),NO,NO_EAN_IN_V7,"AWAIT_OWNER_EXCEL (no SHOP gap-filling, D-23)",False,False,NONE,False
