iso2,priority,slot,owner_excel_product,owner_excel_pi,owner_excel_ean,working_excel_product,working_excel_ean,working_evidence_for_reference,s1_pi_ing,s2_pr_ing,s3_brand_product_ean,s4_market_availability,s5_source_evidence,s6_technical_readiness,s7_reconciled_2541,s8_genuine_gaps,s9_report_back,engine_10_10,country_grams_frozen,final_status
AE,★★★★,MILK,,,,Al Rawabi Fresh Milk Full Cream 1 L,6291030200032,CONFIRMED,PENDING_OWNER_EXCEL,PENDING_OWNER_EXCEL,PENDING_OWNER_EXCEL,PENDING_OWNER_EXCEL,PENDING_OWNER_EXCEL,PENDING_OWNER_EXCEL,PENDING_OWNER_EXCEL,PENDING_OWNER_EXCEL,PENDING_OWNER_EXCEL,PENDING,NO,NOT_FINAL (D-27)
AE,★★★★,CREAM,,,,Paysan Breton La Crème Pâtisserie & Cuisine UHT 30%,3412290032215,LEAD,PENDING_OWNER_EXCEL,PENDING_OWNER_EXCEL,PENDING_OWNER_EXCEL,PENDING_OWNER_EXCEL,PENDING_OWNER_EXCEL,PENDING_OWNER_EXCEL,PENDING_OWNER_EXCEL,PENDING_OWNER_EXCEL,PENDING_OWNER_EXCEL,PENDING,NO,NOT_FINAL (D-27)
AE,★★★★,SMP,,,,Régilait Instant Skimmed Milk Powder 0% Fat,3043931692415,LEAD,PENDING_OWNER_EXCEL,PENDING_OWNER_EXCEL,PENDING_OWNER_EXCEL,PENDING_OWNER_EXCEL,PENDING_OWNER_EXCEL,PENDING_OWNER_EXCEL,PENDING_OWNER_EXCEL,PENDING_OWNER_EXCEL,PENDING_OWNER_EXCEL,PENDING,NO,NOT_FINAL (D-27)
AE,★★★★,SUCROSE,,,,Biały cukier krystaliczny — 100% cukier,,N/A_GENERIC,PENDING_OWNER_EXCEL,N/A (global PI),N/A (global PI),N/A (global PI),PENDING_OWNER_EXCEL,PENDING_OWNER_EXCEL,PENDING_OWNER_EXCEL,PENDING_OWNER_EXCEL,PENDING_OWNER_EXCEL,PENDING,NO,NOT_FINAL (D-27)
AE,★★★★,DEXTROSE,,,,Trioxi Dextrose Monohydrate (Glucose-D) Natural Food Sweetener,6297001119785,LEAD,PENDING_OWNER_EXCEL,PENDING_OWNER_EXCEL,PENDING_OWNER_EXCEL,PENDING_OWNER_EXCEL,PENDING_OWNER_EXCEL,PENDING_OWNER_EXCEL,PENDING_OWNER_EXCEL,PENDING_OWNER_EXCEL,PENDING_OWNER_EXCEL,PENDING,NO,NOT_FINAL (D-27)
AE,★★★★,STABILIZER,,,,Modernist Pantry Pure Tara Gum Powder,819543011967,LEAD,PENDING_OWNER_EXCEL,PENDING_OWNER_EXCEL,PENDING_OWNER_EXCEL,PENDING_OWNER_EXCEL,PENDING_OWNER_EXCEL,PENDING_OWNER_EXCEL,PENDING_OWNER_EXCEL,PENDING_OWNER_EXCEL,PENDING_OWNER_EXCEL,PENDING,NO,NOT_FINAL (D-27)
AR,★★★★,MILK,,,,La Serenísima Leche Larga Vida Clásica 3% 1 L,7790742308801,CONFIRMED,PENDING_OWNER_EXCEL,PENDING_OWNER_EXCEL,PENDING_OWNER_EXCEL,PENDING_OWNER_EXCEL,PENDING_OWNER_EXCEL,PENDING_OWNER_EXCEL,PENDING_OWNER_EXCEL,PENDING_OWNER_EXCEL,PENDING_OWNER_EXCEL,PENDING,NO,NOT_FINAL (D-27)
AR,★★★★,CREAM,,,,Milkaut Profesional Crema de Leche 39%,7794820901670,LEAD,PENDING_OWNER_EXCEL,PENDING_OWNER_EXCEL,PENDING_OWNER_EXCEL,PENDING_OWNER_EXCEL,PENDING_OWNER_EXCEL,PENDING_OWNER_EXCEL,PENDING_OWNER_EXCEL,PENDING_OWNER_EXCEL,PENDING_OWNER_EXCEL,PENDING,NO,NOT_FINAL (D-27)
AR,★★★★,SMP,,,,La Serenísima Leche en Polvo Liviana / Descremada Instantánea 400 g,7790742436405,CONFIRMED,PENDING_OWNER_EXCEL,PENDING_OWNER_EXCEL,PENDING_OWNER_EXCEL,PENDING_OWNER_EXCEL,PENDING_OWNER_EXCEL,PENDING_OWNER_EXCEL,PENDING_OWNER_EXCEL,PENDING_OWNER_EXCEL,PENDING_OWNER_EXCEL,PENDING,NO,NOT_FINAL (D-27)
AR,★★★★,SUCROSE,,,,Biały cukier krystaliczny — 100% cukier,,N/A_GENERIC,PENDING_OWNER_EXCEL,N/A (global PI),N/A (global PI),N/A (global PI),PENDING_OWNER_EXCEL,PENDING_OWNER_EXCEL,PENDING_OWNER_EXCEL,PENDING_OWNER_EXCEL,PENDING_OWNER_EXCEL,PENDING,NO,NOT_FINAL (D-27)
AR,★★★★,DEXTROSE,,,,Dextrosa Monohidratada x 1kg,,BRAK,PENDING_OWNER_EXCEL,PENDING_OWNER_EXCEL,PENDING_OWNER_EXCEL,PENDING_OWNER_EXCEL,PENDING_OWNER_EXCEL,PENDING_OWNER_EXCEL,PENDING_OWNER_EXCEL,PENDING_OWNER_EXCEL,PENDING_OWNER_EXCEL,PENDING,NO,NOT_FINAL (D-27)
AR,★★★★,STABILIZER,,,,Goma Tara Grado Alimenticio Calidad Premium,,BRAK,PENDING_OWNER_EXCEL,PENDING_OWNER_EXCEL,PENDING_OWNER_EXCEL,PENDING_OWNER_EXCEL,PENDING_OWNER_EXCEL,PENDING_OWNER_EXCEL,PENDING_OWNER_EXCEL,PENDING_OWNER_EXCEL,PENDING_OWNER_EXCEL,PENDING,NO,NOT_FINAL (D-27)
AT,★★★★★,MILK,,,,"Schärdinger Vollmilch 3,5% ESL 1 L",9066000164907,CONFIRMED,PENDING_OWNER_EXCEL,PENDING_OWNER_EXCEL,PENDING_OWNER_EXCEL,PENDING_OWNER_EXCEL,PENDING_OWNER_EXCEL,PENDING_OWNER_EXCEL,PENDING_OWNER_EXCEL,PENDING_OWNER_EXCEL,PENDING_OWNER_EXCEL,PENDING,NO,NOT_FINAL (D-27)
AT,★★★★★,CREAM,,,,Alpiland H-Schlagrahm 30% 1 L,9066000864401,CONFIRMED,PENDING_OWNER_EXCEL,PENDING_OWNER_EXCEL,PENDING_OWNER_EXCEL,PENDING_OWNER_EXCEL,PENDING_OWNER_EXCEL,PENDING_OWNER_EXCEL,PENDING_OWNER_EXCEL,PENDING_OWNER_EXCEL,PENDING_OWNER_EXCEL,PENDING,NO,NOT_FINAL (D-27)
AT,★★★★★,SMP,,,,Wild Thing Magermilchpulver 500 g,,BRAK,PENDING_OWNER_EXCEL,PENDING_OWNER_EXCEL,PENDING_OWNER_EXCEL,PENDING_OWNER_EXCEL,PENDING_OWNER_EXCEL,PENDING_OWNER_EXCEL,PENDING_OWNER_EXCEL,PENDING_OWNER_EXCEL,PENDING_OWNER_EXCEL,PENDING,NO,NOT_FINAL (D-27)
AT,★★★★★,SUCROSE,,,,Biały cukier krystaliczny — 100% cukier,,N/A_GENERIC,PENDING_OWNER_EXCEL,N/A (global PI),N/A (global PI),N/A (global PI),PENDING_OWNER_EXCEL,PENDING_OWNER_EXCEL,PENDING_OWNER_EXCEL,PENDING_OWNER_EXCEL,PENDING_OWNER_EXCEL,PENDING,NO,NOT_FINAL (D-27)
AT,★★★★★,DEXTROSE,,,,Dextrose monohydrat Pulver 5 kg,4250573301738,LEAD,PENDING_OWNER_EXCEL,PENDING_OWNER_EXCEL,PENDING_OWNER_EXCEL,PENDING_OWNER_EXCEL,PENDING_OWNER_EXCEL,PENDING_OWNER_EXCEL,PENDING_OWNER_EXCEL,PENDING_OWNER_EXCEL,PENDING_OWNER_EXCEL,PENDING,NO,NOT_FINAL (D-27)
AT,★★★★★,STABILIZER,,,,SaporePuro Farina di Semi di Tara / Gomma di Tara E417,8055728540170,LEAD,PENDING_OWNER_EXCEL,PENDING_OWNER_EXCEL,PENDING_OWNER_EXCEL,PENDING_OWNER_EXCEL,PENDING_OWNER_EXCEL,PENDING_OWNER_EXCEL,PENDING_OWNER_EXCEL,PENDING_OWNER_EXCEL,PENDING_OWNER_EXCEL,PENDING,NO,NOT_FINAL (D-27)
AU,★★★★★,MILK,,,,Devondale Full Cream Long Life Milk 1 L,9300639500041,CONFIRMED,PENDING_OWNER_EXCEL,PENDING_OWNER_EXCEL,PENDING_OWNER_EXCEL,PENDING_OWNER_EXCEL,PENDING_OWNER_EXCEL,PENDING_OWNER_EXCEL,PENDING_OWNER_EXCEL,PENDING_OWNER_EXCEL,PENDING_OWNER_EXCEL,PENDING,NO,NOT_FINAL (D-27)
AU,★★★★★,CREAM,,,,Pauls Thickened Cream,9310036007296,LEAD,PENDING_OWNER_EXCEL,PENDING_OWNER_EXCEL,PENDING_OWNER_EXCEL,PENDING_OWNER_EXCEL,PENDING_OWNER_EXCEL,PENDING_OWNER_EXCEL,PENDING_OWNER_EXCEL,PENDING_OWNER_EXCEL,PENDING_OWNER_EXCEL,PENDING,NO,NOT_FINAL (D-27)
AU,★★★★★,SMP,,,,Devondale Instant Skim Milk Powder,9300639999005,CONFIRMED,PENDING_OWNER_EXCEL,PENDING_OWNER_EXCEL,PENDING_OWNER_EXCEL,PENDING_OWNER_EXCEL,PENDING_OWNER_EXCEL,PENDING_OWNER_EXCEL,PENDING_OWNER_EXCEL,PENDING_OWNER_EXCEL,PENDING_OWNER_EXCEL,PENDING,NO,NOT_FINAL (D-27)
AU,★★★★★,SUCROSE,,,,Biały cukier krystaliczny — 100% cukier,,N/A_GENERIC,PENDING_OWNER_EXCEL,N/A (global PI),N/A (global PI),N/A (global PI),PENDING_OWNER_EXCEL,PENDING_OWNER_EXCEL,PENDING_OWNER_EXCEL,PENDING_OWNER_EXCEL,PENDING_OWNER_EXCEL,PENDING,NO,NOT_FINAL (D-27)
AU,★★★★★,DEXTROSE,,,,Lotus Glucose Powder (Dextrose) 500g,9317127061786,CONFIRMED,PENDING_OWNER_EXCEL,PENDING_OWNER_EXCEL,PENDING_OWNER_EXCEL,PENDING_OWNER_EXCEL,PENDING_OWNER_EXCEL,PENDING_OWNER_EXCEL,PENDING_OWNER_EXCEL,PENDING_OWNER_EXCEL,PENDING_OWNER_EXCEL,PENDING,NO,NOT_FINAL (D-27)
AU,★★★★★,STABILIZER,,,,Tara Gum 50gr. / Gomma di Tara E417,8055728540170,LEAD,PENDING_OWNER_EXCEL,PENDING_OWNER_EXCEL,PENDING_OWNER_EXCEL,PENDING_OWNER_EXCEL,PENDING_OWNER_EXCEL,PENDING_OWNER_EXCEL,PENDING_OWNER_EXCEL,PENDING_OWNER_EXCEL,PENDING_OWNER_EXCEL,PENDING,NO,NOT_FINAL (D-27)
BD,★★★★,MILK,,,,Harvey Fresh Full Cream Longlife Milk 1L,9311697100173,LEAD,PENDING_OWNER_EXCEL,PENDING_OWNER_EXCEL,PENDING_OWNER_EXCEL,PENDING_OWNER_EXCEL,PENDING_OWNER_EXCEL,PENDING_OWNER_EXCEL,PENDING_OWNER_EXCEL,PENDING_OWNER_EXCEL,PENDING_OWNER_EXCEL,PENDING,NO,NOT_FINAL (D-27)
BD,★★★★,CREAM,,,,Emborg Natural Whipping Cream UHT 35.1% 1 L,5701215046399,LEAD,PENDING_OWNER_EXCEL,PENDING_OWNER_EXCEL,PENDING_OWNER_EXCEL,PENDING_OWNER_EXCEL,PENDING_OWNER_EXCEL,PENDING_OWNER_EXCEL,PENDING_OWNER_EXCEL,PENDING_OWNER_EXCEL,PENDING_OWNER_EXCEL,PENDING,NO,NOT_FINAL (D-27)
BD,★★★★,SMP,,,,Real Food Organic Non-Fat Dry Milk Powder,733739058324,LEAD,PENDING_OWNER_EXCEL,PENDING_OWNER_EXCEL,PENDING_OWNER_EXCEL,PENDING_OWNER_EXCEL,PENDING_OWNER_EXCEL,PENDING_OWNER_EXCEL,PENDING_OWNER_EXCEL,PENDING_OWNER_EXCEL,PENDING_OWNER_EXCEL,PENDING,NO,NOT_FINAL (D-27)
BD,★★★★,SUCROSE,,,,Biały cukier krystaliczny — 100% cukier,,N/A_GENERIC,PENDING_OWNER_EXCEL,N/A (global PI),N/A (global PI),N/A (global PI),PENDING_OWNER_EXCEL,PENDING_OWNER_EXCEL,PENDING_OWNER_EXCEL,PENDING_OWNER_EXCEL,PENDING_OWNER_EXCEL,PENDING,NO,NOT_FINAL (D-27)
BD,★★★★,DEXTROSE,,,,Unicorn Dextrose Monohydrate Food Grade,,BRAK,PENDING_OWNER_EXCEL,PENDING_OWNER_EXCEL,PENDING_OWNER_EXCEL,PENDING_OWNER_EXCEL,PENDING_OWNER_EXCEL,PENDING_OWNER_EXCEL,PENDING_OWNER_EXCEL,PENDING_OWNER_EXCEL,PENDING_OWNER_EXCEL,PENDING,NO,NOT_FINAL (D-27)
BD,★★★★,STABILIZER,,,,Tara Gum — Home 50g,819543011967,LEAD,PENDING_OWNER_EXCEL,PENDING_OWNER_EXCEL,PENDING_OWNER_EXCEL,PENDING_OWNER_EXCEL,PENDING_OWNER_EXCEL,PENDING_OWNER_EXCEL,PENDING_OWNER_EXCEL,PENDING_OWNER_EXCEL,PENDING_OWNER_EXCEL,PENDING,NO,NOT_FINAL (D-27)
BE,★★★★★,MILK,,,,Inex Lait entier UHT 1 L PET (art. 6013),54025059,CONFIRMED,PENDING_OWNER_EXCEL,PENDING_OWNER_EXCEL,PENDING_OWNER_EXCEL,PENDING_OWNER_EXCEL,PENDING_OWNER_EXCEL,PENDING_OWNER_EXCEL,PENDING_OWNER_EXCEL,PENDING_OWNER_EXCEL,PENDING_OWNER_EXCEL,PENDING,NO,NOT_FINAL (D-27)
BE,★★★★★,CREAM,,,,AH Slagroom houdbaar 30% 200 ml,8718907237888,CONFIRMED,PENDING_OWNER_EXCEL,PENDING_OWNER_EXCEL,PENDING_OWNER_EXCEL,PENDING_OWNER_EXCEL,PENDING_OWNER_EXCEL,PENDING_OWNER_EXCEL,PENDING_OWNER_EXCEL,PENDING_OWNER_EXCEL,PENDING_OWNER_EXCEL,PENDING,NO,NOT_FINAL (D-27)
BE,★★★★★,SMP,,,,Carrefour Classic' Lait Écrémé en Poudre 750 g,3245413563040,LEAD,PENDING_OWNER_EXCEL,PENDING_OWNER_EXCEL,PENDING_OWNER_EXCEL,PENDING_OWNER_EXCEL,PENDING_OWNER_EXCEL,PENDING_OWNER_EXCEL,PENDING_OWNER_EXCEL,PENDING_OWNER_EXCEL,PENDING_OWNER_EXCEL,PENDING,NO,NOT_FINAL (D-27)
BE,★★★★★,SUCROSE,,,,Biały cukier krystaliczny — 100% cukier,,N/A_GENERIC,PENDING_OWNER_EXCEL,N/A (global PI),N/A (global PI),N/A (global PI),PENDING_OWNER_EXCEL,PENDING_OWNER_EXCEL,PENDING_OWNER_EXCEL,PENDING_OWNER_EXCEL,PENDING_OWNER_EXCEL,PENDING,NO,NOT_FINAL (D-27)
BE,★★★★★,DEXTROSE,,,,Glucopur 250 g (5 × 50 g),,BRAK,PENDING_OWNER_EXCEL,PENDING_OWNER_EXCEL,PENDING_OWNER_EXCEL,PENDING_OWNER_EXCEL,PENDING_OWNER_EXCEL,PENDING_OWNER_EXCEL,PENDING_OWNER_EXCEL,PENDING_OWNER_EXCEL,PENDING_OWNER_EXCEL,PENDING,NO,NOT_FINAL (D-27)
BE,★★★★★,STABILIZER,,,,SaporePuro Farina di Semi di Tara / Gomma di Tara E417,8055728540170,LEAD,PENDING_OWNER_EXCEL,PENDING_OWNER_EXCEL,PENDING_OWNER_EXCEL,PENDING_OWNER_EXCEL,PENDING_OWNER_EXCEL,PENDING_OWNER_EXCEL,PENDING_OWNER_EXCEL,PENDING_OWNER_EXCEL,PENDING_OWNER_EXCEL,PENDING,NO,NOT_FINAL (D-27)
BG,★★★★,MILK,,,,"Président UHT 3,5% / 3,6% 1 L",3228022980095,LEAD,PENDING_OWNER_EXCEL,PENDING_OWNER_EXCEL,PENDING_OWNER_EXCEL,PENDING_OWNER_EXCEL,PENDING_OWNER_EXCEL,PENDING_OWNER_EXCEL,PENDING_OWNER_EXCEL,PENDING_OWNER_EXCEL,PENDING_OWNER_EXCEL,PENDING,NO,NOT_FINAL (D-27)
BG,★★★★,CREAM,,,,Madeta Jihočeská smetana UHT 31%,8593803253053,LEAD,PENDING_OWNER_EXCEL,PENDING_OWNER_EXCEL,PENDING_OWNER_EXCEL,PENDING_OWNER_EXCEL,PENDING_OWNER_EXCEL,PENDING_OWNER_EXCEL,PENDING_OWNER_EXCEL,PENDING_OWNER_EXCEL,PENDING_OWNER_EXCEL,PENDING,NO,NOT_FINAL (D-27)
BG,★★★★,SMP,,,,"Сухо обезмаслено мляко 1,5%",3800081460239,CONFIRMED,PENDING_OWNER_EXCEL,PENDING_OWNER_EXCEL,PENDING_OWNER_EXCEL,PENDING_OWNER_EXCEL,PENDING_OWNER_EXCEL,PENDING_OWNER_EXCEL,PENDING_OWNER_EXCEL,PENDING_OWNER_EXCEL,PENDING_OWNER_EXCEL,PENDING,NO,NOT_FINAL (D-27)
BG,★★★★,SUCROSE,,,,Biały cukier krystaliczny — 100% cukier,,N/A_GENERIC,PENDING_OWNER_EXCEL,N/A (global PI),N/A (global PI),N/A (global PI),PENDING_OWNER_EXCEL,PENDING_OWNER_EXCEL,PENDING_OWNER_EXCEL,PENDING_OWNER_EXCEL,PENDING_OWNER_EXCEL,PENDING,NO,NOT_FINAL (D-27)
BG,★★★★,DEXTROSE,,,,"Декстроза - GymBeam, bez dodatków smakowych",8588006139983,LEAD,PENDING_OWNER_EXCEL,PENDING_OWNER_EXCEL,PENDING_OWNER_EXCEL,PENDING_OWNER_EXCEL,PENDING_OWNER_EXCEL,PENDING_OWNER_EXCEL,PENDING_OWNER_EXCEL,PENDING_OWNER_EXCEL,PENDING_OWNER_EXCEL,PENDING,NO,NOT_FINAL (D-27)
BG,★★★★,STABILIZER,,,,SaporePuro Farina di Semi di Tara / Gomma di Tara E417,8055728540170,LEAD,PENDING_OWNER_EXCEL,PENDING_OWNER_EXCEL,PENDING_OWNER_EXCEL,PENDING_OWNER_EXCEL,PENDING_OWNER_EXCEL,PENDING_OWNER_EXCEL,PENDING_OWNER_EXCEL,PENDING_OWNER_EXCEL,PENDING_OWNER_EXCEL,PENDING,NO,NOT_FINAL (D-27)
BH,★★★★,MILK,,,,Organic Milk Full Fat 200ml,5711953072352,LEAD,PENDING_OWNER_EXCEL,PENDING_OWNER_EXCEL,PENDING_OWNER_EXCEL,PENDING_OWNER_EXCEL,PENDING_OWNER_EXCEL,PENDING_OWNER_EXCEL,PENDING_OWNER_EXCEL,PENDING_OWNER_EXCEL,PENDING_OWNER_EXCEL,PENDING,NO,NOT_FINAL (D-27)
BH,★★★★,CREAM,,,,Puck Whipping Cream UHT,5700426230177,LEAD,PENDING_OWNER_EXCEL,PENDING_OWNER_EXCEL,PENDING_OWNER_EXCEL,PENDING_OWNER_EXCEL,PENDING_OWNER_EXCEL,PENDING_OWNER_EXCEL,PENDING_OWNER_EXCEL,PENDING_OWNER_EXCEL,PENDING_OWNER_EXCEL,PENDING,NO,NOT_FINAL (D-27)
BH,★★★★,SMP,,,,Régilait Instant Skimmed Milk Powder 0% Fat,3043931692415,LEAD,PENDING_OWNER_EXCEL,PENDING_OWNER_EXCEL,PENDING_OWNER_EXCEL,PENDING_OWNER_EXCEL,PENDING_OWNER_EXCEL,PENDING_OWNER_EXCEL,PENDING_OWNER_EXCEL,PENDING_OWNER_EXCEL,PENDING_OWNER_EXCEL,PENDING,NO,NOT_FINAL (D-27)
BH,★★★★,SUCROSE,,,,Biały cukier krystaliczny — 100% cukier,,N/A_GENERIC,PENDING_OWNER_EXCEL,N/A (global PI),N/A (global PI),N/A (global PI),PENDING_OWNER_EXCEL,PENDING_OWNER_EXCEL,PENDING_OWNER_EXCEL,PENDING_OWNER_EXCEL,PENDING_OWNER_EXCEL,PENDING,NO,NOT_FINAL (D-27)
BH,★★★★,DEXTROSE,,,,Dextrose Monohydrate – food applications,,BRAK,PENDING_OWNER_EXCEL,PENDING_OWNER_EXCEL,PENDING_OWNER_EXCEL,PENDING_OWNER_EXCEL,PENDING_OWNER_EXCEL,PENDING_OWNER_EXCEL,PENDING_OWNER_EXCEL,PENDING_OWNER_EXCEL,PENDING_OWNER_EXCEL,PENDING,NO,NOT_FINAL (D-27)
BH,★★★★,STABILIZER,,,,Modernist Pantry Pure Tara Gum Powder,819543011967,LEAD,PENDING_OWNER_EXCEL,PENDING_OWNER_EXCEL,PENDING_OWNER_EXCEL,PENDING_OWNER_EXCEL,PENDING_OWNER_EXCEL,PENDING_OWNER_EXCEL,PENDING_OWNER_EXCEL,PENDING_OWNER_EXCEL,PENDING_OWNER_EXCEL,PENDING,NO,NOT_FINAL (D-27)
BR,★★★★,MILK,,,,Piracanjuba Leite Integral UHT 1 L,7898215151708,CONFIRMED,PENDING_OWNER_EXCEL,PENDING_OWNER_EXCEL,PENDING_OWNER_EXCEL,PENDING_OWNER_EXCEL,PENDING_OWNER_EXCEL,PENDING_OWNER_EXCEL,PENDING_OWNER_EXCEL,PENDING_OWNER_EXCEL,PENDING_OWNER_EXCEL,PENDING,NO,NOT_FINAL (D-27)
BR,★★★★,CREAM,,,,Piracanjuba Seleção Creme de Leite Gourmet 30%,7898215151975,CONFIRMED,PENDING_OWNER_EXCEL,PENDING_OWNER_EXCEL,PENDING_OWNER_EXCEL,PENDING_OWNER_EXCEL,PENDING_OWNER_EXCEL,PENDING_OWNER_EXCEL,PENDING_OWNER_EXCEL,PENDING_OWNER_EXCEL,PENDING_OWNER_EXCEL,PENDING,NO,NOT_FINAL (D-27)
BR,★★★★,SMP,,,,Molico Desnatado Leite em Pó,7891000101506,CONFIRMED,PENDING_OWNER_EXCEL,PENDING_OWNER_EXCEL,PENDING_OWNER_EXCEL,PENDING_OWNER_EXCEL,PENDING_OWNER_EXCEL,PENDING_OWNER_EXCEL,PENDING_OWNER_EXCEL,PENDING_OWNER_EXCEL,PENDING_OWNER_EXCEL,PENDING,NO,NOT_FINAL (D-27)
BR,★★★★,SUCROSE,,,,Biały cukier krystaliczny — 100% cukier,,N/A_GENERIC,PENDING_OWNER_EXCEL,N/A (global PI),N/A (global PI),N/A (global PI),PENDING_OWNER_EXCEL,PENDING_OWNER_EXCEL,PENDING_OWNER_EXCEL,PENDING_OWNER_EXCEL,PENDING_OWNER_EXCEL,PENDING,NO,NOT_FINAL (D-27)
BR,★★★★,DEXTROSE,,,,Dextrose Monohidratada,,BRAK,PENDING_OWNER_EXCEL,PENDING_OWNER_EXCEL,PENDING_OWNER_EXCEL,PENDING_OWNER_EXCEL,PENDING_OWNER_EXCEL,PENDING_OWNER_EXCEL,PENDING_OWNER_EXCEL,PENDING_OWNER_EXCEL,PENDING_OWNER_EXCEL,PENDING,NO,NOT_FINAL (D-27)
BR,★★★★,STABILIZER,,,,Goma Tara INS 417 — 1 kg,,BRAK,PENDING_OWNER_EXCEL,PENDING_OWNER_EXCEL,PENDING_OWNER_EXCEL,PENDING_OWNER_EXCEL,PENDING_OWNER_EXCEL,PENDING_OWNER_EXCEL,PENDING_OWNER_EXCEL,PENDING_OWNER_EXCEL,PENDING_OWNER_EXCEL,PENDING,NO,NOT_FINAL (D-27)
CA,★★★★★,MILK,,,,Natrel Fine-Filtered Homogenized Milk 3.25% M.F. 2 L,0064420010025,CONFIRMED,PENDING_OWNER_EXCEL,PENDING_OWNER_EXCEL,PENDING_OWNER_EXCEL,PENDING_OWNER_EXCEL,PENDING_OWNER_EXCEL,PENDING_OWNER_EXCEL,PENDING_OWNER_EXCEL,PENDING_OWNER_EXCEL,PENDING_OWNER_EXCEL,PENDING,NO,NOT_FINAL (D-27)
CA,★★★★★,CREAM,,,,Dairyland Whipping Cream 33% M.F.,068700100451,LEAD,PENDING_OWNER_EXCEL,PENDING_OWNER_EXCEL,PENDING_OWNER_EXCEL,PENDING_OWNER_EXCEL,PENDING_OWNER_EXCEL,PENDING_OWNER_EXCEL,PENDING_OWNER_EXCEL,PENDING_OWNER_EXCEL,PENDING_OWNER_EXCEL,PENDING,NO,NOT_FINAL (D-27)
CA,★★★★★,SMP,,,,Carnation Fat Free Instant Skim Milk Powder,059000111322,CONFIRMED,PENDING_OWNER_EXCEL,PENDING_OWNER_EXCEL,PENDING_OWNER_EXCEL,PENDING_OWNER_EXCEL,PENDING_OWNER_EXCEL,PENDING_OWNER_EXCEL,PENDING_OWNER_EXCEL,PENDING_OWNER_EXCEL,PENDING_OWNER_EXCEL,PENDING,NO,NOT_FINAL (D-27)
CA,★★★★★,SUCROSE,,,,Biały cukier krystaliczny — 100% cukier,,N/A_GENERIC,PENDING_OWNER_EXCEL,N/A (global PI),N/A (global PI),N/A (global PI),PENDING_OWNER_EXCEL,PENDING_OWNER_EXCEL,PENDING_OWNER_EXCEL,PENDING_OWNER_EXCEL,PENDING_OWNER_EXCEL,PENDING,NO,NOT_FINAL (D-27)
CA,★★★★★,DEXTROSE,,,,ProteinCo Dextrose Plain,700956300208,CONFIRMED,PENDING_OWNER_EXCEL,PENDING_OWNER_EXCEL,PENDING_OWNER_EXCEL,PENDING_OWNER_EXCEL,PENDING_OWNER_EXCEL,PENDING_OWNER_EXCEL,PENDING_OWNER_EXCEL,PENDING_OWNER_EXCEL,PENDING_OWNER_EXCEL,PENDING,NO,NOT_FINAL (D-27)
CA,★★★★★,STABILIZER,,,,Louis François Tara Gum 1 kg,,BRAK,PENDING_OWNER_EXCEL,PENDING_OWNER_EXCEL,PENDING_OWNER_EXCEL,PENDING_OWNER_EXCEL,PENDING_OWNER_EXCEL,PENDING_OWNER_EXCEL,PENDING_OWNER_EXCEL,PENDING_OWNER_EXCEL,PENDING_OWNER_EXCEL,PENDING,NO,NOT_FINAL (D-27)
CH,★★★★★,MILK,,,,Prima Vollmilch UHT 3.5% 1L Tetra Base,7610900041589,CONFIRMED,PENDING_OWNER_EXCEL,PENDING_OWNER_EXCEL,PENDING_OWNER_EXCEL,PENDING_OWNER_EXCEL,PENDING_OWNER_EXCEL,PENDING_OWNER_EXCEL,PENDING_OWNER_EXCEL,PENDING_OWNER_EXCEL,PENDING_OWNER_EXCEL,PENDING,NO,NOT_FINAL (D-27)
CH,★★★★★,CREAM,,,,Valflora Vollrahm UHT 35% 250 ml,7613269880585,LEAD,PENDING_OWNER_EXCEL,PENDING_OWNER_EXCEL,PENDING_OWNER_EXCEL,PENDING_OWNER_EXCEL,PENDING_OWNER_EXCEL,PENDING_OWNER_EXCEL,PENDING_OWNER_EXCEL,PENDING_OWNER_EXCEL,PENDING_OWNER_EXCEL,PENDING,NO,NOT_FINAL (D-27)
CH,★★★★★,SMP,,,,Coop Magermilchpulver 350 g,,BRAK,PENDING_OWNER_EXCEL,PENDING_OWNER_EXCEL,PENDING_OWNER_EXCEL,PENDING_OWNER_EXCEL,PENDING_OWNER_EXCEL,PENDING_OWNER_EXCEL,PENDING_OWNER_EXCEL,PENDING_OWNER_EXCEL,PENDING_OWNER_EXCEL,PENDING,NO,NOT_FINAL (D-27)
CH,★★★★★,SUCROSE,,,,Biały cukier krystaliczny — 100% cukier,,N/A_GENERIC,PENDING_OWNER_EXCEL,N/A (global PI),N/A (global PI),N/A (global PI),PENDING_OWNER_EXCEL,PENDING_OWNER_EXCEL,PENDING_OWNER_EXCEL,PENDING_OWNER_EXCEL,PENDING_OWNER_EXCEL,PENDING,NO,NOT_FINAL (D-27)
CH,★★★★★,DEXTROSE,,,,Dextrose Pulver Neutral 1000 g,7640153565938,CONFIRMED,PENDING_OWNER_EXCEL,PENDING_OWNER_EXCEL,PENDING_OWNER_EXCEL,PENDING_OWNER_EXCEL,PENDING_OWNER_EXCEL,PENDING_OWNER_EXCEL,PENDING_OWNER_EXCEL,PENDING_OWNER_EXCEL,PENDING_OWNER_EXCEL,PENDING,NO,NOT_FINAL (D-27)
CH,★★★★★,STABILIZER,,,,SaporePuro Farina di Semi di Tara / Gomma di Tara E417,8055728540170,LEAD,PENDING_OWNER_EXCEL,PENDING_OWNER_EXCEL,PENDING_OWNER_EXCEL,PENDING_OWNER_EXCEL,PENDING_OWNER_EXCEL,PENDING_OWNER_EXCEL,PENDING_OWNER_EXCEL,PENDING_OWNER_EXCEL,PENDING_OWNER_EXCEL,PENDING,NO,NOT_FINAL (D-27)
CL,★★★★,MILK,,,,"COLUN Leche Entera Natural 3,1% 1 L",7802920777542,LEAD,PENDING_OWNER_EXCEL,PENDING_OWNER_EXCEL,PENDING_OWNER_EXCEL,PENDING_OWNER_EXCEL,PENDING_OWNER_EXCEL,PENDING_OWNER_EXCEL,PENDING_OWNER_EXCEL,PENDING_OWNER_EXCEL,PENDING_OWNER_EXCEL,PENDING,NO,NOT_FINAL (D-27)
CL,★★★★,CREAM,,,,Soprole Crema para Batir Larga Vida 35%,7802900107017,CONFIRMED,PENDING_OWNER_EXCEL,PENDING_OWNER_EXCEL,PENDING_OWNER_EXCEL,PENDING_OWNER_EXCEL,PENDING_OWNER_EXCEL,PENDING_OWNER_EXCEL,PENDING_OWNER_EXCEL,PENDING_OWNER_EXCEL,PENDING_OWNER_EXCEL,PENDING,NO,NOT_FINAL (D-27)
CL,★★★★,SMP,,,,Colun Leche Descremada en Polvo,7802920009865,CONFIRMED,PENDING_OWNER_EXCEL,PENDING_OWNER_EXCEL,PENDING_OWNER_EXCEL,PENDING_OWNER_EXCEL,PENDING_OWNER_EXCEL,PENDING_OWNER_EXCEL,PENDING_OWNER_EXCEL,PENDING_OWNER_EXCEL,PENDING_OWNER_EXCEL,PENDING,NO,NOT_FINAL (D-27)
CL,★★★★,SUCROSE,,,,Biały cukier krystaliczny — 100% cukier,,N/A_GENERIC,PENDING_OWNER_EXCEL,N/A (global PI),N/A (global PI),N/A (global PI),PENDING_OWNER_EXCEL,PENDING_OWNER_EXCEL,PENDING_OWNER_EXCEL,PENDING_OWNER_EXCEL,PENDING_OWNER_EXCEL,PENDING,NO,NOT_FINAL (D-27)
CL,★★★★,DEXTROSE,,,,Dextrosa Monohidratada,,BRAK,PENDING_OWNER_EXCEL,PENDING_OWNER_EXCEL,PENDING_OWNER_EXCEL,PENDING_OWNER_EXCEL,PENDING_OWNER_EXCEL,PENDING_OWNER_EXCEL,PENDING_OWNER_EXCEL,PENDING_OWNER_EXCEL,PENDING_OWNER_EXCEL,PENDING,NO,NOT_FINAL (D-27)
CL,★★★★,STABILIZER,,,,Goma Tara 100 Grs,,BRAK,PENDING_OWNER_EXCEL,PENDING_OWNER_EXCEL,PENDING_OWNER_EXCEL,PENDING_OWNER_EXCEL,PENDING_OWNER_EXCEL,PENDING_OWNER_EXCEL,PENDING_OWNER_EXCEL,PENDING_OWNER_EXCEL,PENDING_OWNER_EXCEL,PENDING,NO,NOT_FINAL (D-27)
CN,★★★★,MILK,,,,Oldenburger UHT Full Cream Milk 3.5% fat — Chinese label SKU 14642,4036300069450,LEAD,PENDING_OWNER_EXCEL,PENDING_OWNER_EXCEL,PENDING_OWNER_EXCEL,PENDING_OWNER_EXCEL,PENDING_OWNER_EXCEL,PENDING_OWNER_EXCEL,PENDING_OWNER_EXCEL,PENDING_OWNER_EXCEL,PENDING_OWNER_EXCEL,PENDING,NO,NOT_FINAL (D-27)
CN,★★★★,CREAM,,,,Oldenburger Whipping Cream 30% fat UHT,4036300066749,LEAD,PENDING_OWNER_EXCEL,PENDING_OWNER_EXCEL,PENDING_OWNER_EXCEL,PENDING_OWNER_EXCEL,PENDING_OWNER_EXCEL,PENDING_OWNER_EXCEL,PENDING_OWNER_EXCEL,PENDING_OWNER_EXCEL,PENDING_OWNER_EXCEL,PENDING,NO,NOT_FINAL (D-27)
CN,★★★★,SMP,,,,Devondale Instant Skim Milk Powder (德运脱脂奶粉),9300639999005,LEAD,PENDING_OWNER_EXCEL,PENDING_OWNER_EXCEL,PENDING_OWNER_EXCEL,PENDING_OWNER_EXCEL,PENDING_OWNER_EXCEL,PENDING_OWNER_EXCEL,PENDING_OWNER_EXCEL,PENDING_OWNER_EXCEL,PENDING_OWNER_EXCEL,PENDING,NO,NOT_FINAL (D-27)
CN,★★★★,SUCROSE,,,,Biały cukier krystaliczny — 100% cukier,,N/A_GENERIC,PENDING_OWNER_EXCEL,N/A (global PI),N/A (global PI),N/A (global PI),PENDING_OWNER_EXCEL,PENDING_OWNER_EXCEL,PENDING_OWNER_EXCEL,PENDING_OWNER_EXCEL,PENDING_OWNER_EXCEL,PENDING,NO,NOT_FINAL (D-27)
CN,★★★★,DEXTROSE,,,,Dextrose monohydrate food grade,,BRAK,PENDING_OWNER_EXCEL,PENDING_OWNER_EXCEL,PENDING_OWNER_EXCEL,PENDING_OWNER_EXCEL,PENDING_OWNER_EXCEL,PENDING_OWNER_EXCEL,PENDING_OWNER_EXCEL,PENDING_OWNER_EXCEL,PENDING_OWNER_EXCEL,PENDING,NO,NOT_FINAL (D-27)
CN,★★★★,STABILIZER,,,,"他拉胶 / 刺云实胶 / 塔拉胶 (Tara gum), food grade",,BRAK,PENDING_OWNER_EXCEL,PENDING_OWNER_EXCEL,PENDING_OWNER_EXCEL,PENDING_OWNER_EXCEL,PENDING_OWNER_EXCEL,PENDING_OWNER_EXCEL,PENDING_OWNER_EXCEL,PENDING_OWNER_EXCEL,PENDING_OWNER_EXCEL,PENDING,NO,NOT_FINAL (D-27)
CO,★★★★,MILK,,,,"Alquería Súper Cremosa Leche Entera 3,5% 1100 ml",7702177022726,LEAD,PENDING_OWNER_EXCEL,PENDING_OWNER_EXCEL,PENDING_OWNER_EXCEL,PENDING_OWNER_EXCEL,PENDING_OWNER_EXCEL,PENDING_OWNER_EXCEL,PENDING_OWNER_EXCEL,PENDING_OWNER_EXCEL,PENDING_OWNER_EXCEL,PENDING,NO,NOT_FINAL (D-27)
CO,★★★★,CREAM,,,,Alquería Crema de Leche Original (fórmula PEC) 400 g,7702177022344,CONFIRMED,PENDING_OWNER_EXCEL,PENDING_OWNER_EXCEL,PENDING_OWNER_EXCEL,PENDING_OWNER_EXCEL,PENDING_OWNER_EXCEL,PENDING_OWNER_EXCEL,PENDING_OWNER_EXCEL,PENDING_OWNER_EXCEL,PENDING_OWNER_EXCEL,PENDING,NO,NOT_FINAL (D-27)
CO,★★★★,SMP,,,,Leche en Polvo Descremada Colanta Slight,7702129004572,CONFIRMED,PENDING_OWNER_EXCEL,PENDING_OWNER_EXCEL,PENDING_OWNER_EXCEL,PENDING_OWNER_EXCEL,PENDING_OWNER_EXCEL,PENDING_OWNER_EXCEL,PENDING_OWNER_EXCEL,PENDING_OWNER_EXCEL,PENDING_OWNER_EXCEL,PENDING,NO,NOT_FINAL (D-27)
CO,★★★★,SUCROSE,,,,Biały cukier krystaliczny — 100% cukier,,N/A_GENERIC,PENDING_OWNER_EXCEL,N/A (global PI),N/A (global PI),N/A (global PI),PENDING_OWNER_EXCEL,PENDING_OWNER_EXCEL,PENDING_OWNER_EXCEL,PENDING_OWNER_EXCEL,PENDING_OWNER_EXCEL,PENDING,NO,NOT_FINAL (D-27)
CO,★★★★,DEXTROSE,,,,Dextrosa Monohidratada,,BRAK,PENDING_OWNER_EXCEL,PENDING_OWNER_EXCEL,PENDING_OWNER_EXCEL,PENDING_OWNER_EXCEL,PENDING_OWNER_EXCEL,PENDING_OWNER_EXCEL,PENDING_OWNER_EXCEL,PENDING_OWNER_EXCEL,PENDING_OWNER_EXCEL,PENDING,NO,NOT_FINAL (D-27)
CO,★★★★,STABILIZER,,,,Tara Gum — Home 50g,819543011967,LEAD,PENDING_OWNER_EXCEL,PENDING_OWNER_EXCEL,PENDING_OWNER_EXCEL,PENDING_OWNER_EXCEL,PENDING_OWNER_EXCEL,PENDING_OWNER_EXCEL,PENDING_OWNER_EXCEL,PENDING_OWNER_EXCEL,PENDING_OWNER_EXCEL,PENDING,NO,NOT_FINAL (D-27)
CR,★★★★,MILK,,,,"Dos Pinos Leche Entera UAT 3,5% 1 L",7441001601071,LEAD,PENDING_OWNER_EXCEL,PENDING_OWNER_EXCEL,PENDING_OWNER_EXCEL,PENDING_OWNER_EXCEL,PENDING_OWNER_EXCEL,PENDING_OWNER_EXCEL,PENDING_OWNER_EXCEL,PENDING_OWNER_EXCEL,PENDING_OWNER_EXCEL,PENDING,NO,NOT_FINAL (D-27)
CR,★★★★,CREAM,,,,Dos Pinos Crema Dulce para Batir 35%,7441001604508,CONFIRMED,PENDING_OWNER_EXCEL,PENDING_OWNER_EXCEL,PENDING_OWNER_EXCEL,PENDING_OWNER_EXCEL,PENDING_OWNER_EXCEL,PENDING_OWNER_EXCEL,PENDING_OWNER_EXCEL,PENDING_OWNER_EXCEL,PENDING_OWNER_EXCEL,PENDING,NO,NOT_FINAL (D-27)
CR,★★★★,SMP,,,,Dos Pinos Leche descremada en polvo instantánea 0% grasa 400 g,7441001612039,CONFIRMED,PENDING_OWNER_EXCEL,PENDING_OWNER_EXCEL,PENDING_OWNER_EXCEL,PENDING_OWNER_EXCEL,PENDING_OWNER_EXCEL,PENDING_OWNER_EXCEL,PENDING_OWNER_EXCEL,PENDING_OWNER_EXCEL,PENDING_OWNER_EXCEL,PENDING,NO,NOT_FINAL (D-27)
CR,★★★★,SUCROSE,,,,Biały cukier krystaliczny — 100% cukier,,N/A_GENERIC,PENDING_OWNER_EXCEL,N/A (global PI),N/A (global PI),N/A (global PI),PENDING_OWNER_EXCEL,PENDING_OWNER_EXCEL,PENDING_OWNER_EXCEL,PENDING_OWNER_EXCEL,PENDING_OWNER_EXCEL,PENDING,NO,NOT_FINAL (D-27)
CR,★★★★,DEXTROSE,,,,Dextrosa Monohidratada,,BRAK,PENDING_OWNER_EXCEL,PENDING_OWNER_EXCEL,PENDING_OWNER_EXCEL,PENDING_OWNER_EXCEL,PENDING_OWNER_EXCEL,PENDING_OWNER_EXCEL,PENDING_OWNER_EXCEL,PENDING_OWNER_EXCEL,PENDING_OWNER_EXCEL,PENDING,NO,NOT_FINAL (D-27)
CR,★★★★,STABILIZER,,,,Tara Gum — Home 50g,819543011967,LEAD,PENDING_OWNER_EXCEL,PENDING_OWNER_EXCEL,PENDING_OWNER_EXCEL,PENDING_OWNER_EXCEL,PENDING_OWNER_EXCEL,PENDING_OWNER_EXCEL,PENDING_OWNER_EXCEL,PENDING_OWNER_EXCEL,PENDING_OWNER_EXCEL,PENDING,NO,NOT_FINAL (D-27)
CY,★★★★,MILK,,,,"MEGGLE UHT Whole Milk 3,5% 1 L",8585002504432,LEAD,PENDING_OWNER_EXCEL,PENDING_OWNER_EXCEL,PENDING_OWNER_EXCEL,PENDING_OWNER_EXCEL,PENDING_OWNER_EXCEL,PENDING_OWNER_EXCEL,PENDING_OWNER_EXCEL,PENDING_OWNER_EXCEL,PENDING_OWNER_EXCEL,PENDING,NO,NOT_FINAL (D-27)
CY,★★★★,CREAM,,,,Charalambides Christis Dairy Whipping Cream 35% 500 ml,5290036002436,LEAD,PENDING_OWNER_EXCEL,PENDING_OWNER_EXCEL,PENDING_OWNER_EXCEL,PENDING_OWNER_EXCEL,PENDING_OWNER_EXCEL,PENDING_OWNER_EXCEL,PENDING_OWNER_EXCEL,PENDING_OWNER_EXCEL,PENDING_OWNER_EXCEL,PENDING,NO,NOT_FINAL (D-27)
CY,★★★★,SMP,,,,Instant Skimmed Milk Powder With 0% Fat,3043939531112,LEAD,PENDING_OWNER_EXCEL,PENDING_OWNER_EXCEL,PENDING_OWNER_EXCEL,PENDING_OWNER_EXCEL,PENDING_OWNER_EXCEL,PENDING_OWNER_EXCEL,PENDING_OWNER_EXCEL,PENDING_OWNER_EXCEL,PENDING_OWNER_EXCEL,PENDING,NO,NOT_FINAL (D-27)
CY,★★★★,SUCROSE,,,,Biały cukier krystaliczny — 100% cukier,,N/A_GENERIC,PENDING_OWNER_EXCEL,N/A (global PI),N/A (global PI),N/A (global PI),PENDING_OWNER_EXCEL,PENDING_OWNER_EXCEL,PENDING_OWNER_EXCEL,PENDING_OWNER_EXCEL,PENDING_OWNER_EXCEL,PENDING,NO,NOT_FINAL (D-27)
CY,★★★★,DEXTROSE,,,,Prozis Dextrose900g (3-pack),,BRAK,PENDING_OWNER_EXCEL,PENDING_OWNER_EXCEL,PENDING_OWNER_EXCEL,PENDING_OWNER_EXCEL,PENDING_OWNER_EXCEL,PENDING_OWNER_EXCEL,PENDING_OWNER_EXCEL,PENDING_OWNER_EXCEL,PENDING_OWNER_EXCEL,PENDING,NO,NOT_FINAL (D-27)
CY,★★★★,STABILIZER,,,,SaporePuro Farina di Semi di Tara / Gomma di Tara E417,8055728540170,LEAD,PENDING_OWNER_EXCEL,PENDING_OWNER_EXCEL,PENDING_OWNER_EXCEL,PENDING_OWNER_EXCEL,PENDING_OWNER_EXCEL,PENDING_OWNER_EXCEL,PENDING_OWNER_EXCEL,PENDING_OWNER_EXCEL,PENDING_OWNER_EXCEL,PENDING,NO,NOT_FINAL (D-27)
CZ,★★★★,MILK,,,,Madeta Jihočeské mléko trvanlivé plnotučné 3.5% 1L,8593803224015,CONFIRMED,PENDING_OWNER_EXCEL,PENDING_OWNER_EXCEL,PENDING_OWNER_EXCEL,PENDING_OWNER_EXCEL,PENDING_OWNER_EXCEL,PENDING_OWNER_EXCEL,PENDING_OWNER_EXCEL,PENDING_OWNER_EXCEL,PENDING_OWNER_EXCEL,PENDING,NO,NOT_FINAL (D-27)
CZ,★★★★,CREAM,,,,Meggle Smetana ke šlehání 30%,8585002520043,CONFIRMED,PENDING_OWNER_EXCEL,PENDING_OWNER_EXCEL,PENDING_OWNER_EXCEL,PENDING_OWNER_EXCEL,PENDING_OWNER_EXCEL,PENDING_OWNER_EXCEL,PENDING_OWNER_EXCEL,PENDING_OWNER_EXCEL,PENDING_OWNER_EXCEL,PENDING,NO,NOT_FINAL (D-27)
CZ,★★★★,SMP,,,,Sušené odtučněné mléko ALMECO,8369921447533,CONFIRMED,PENDING_OWNER_EXCEL,PENDING_OWNER_EXCEL,PENDING_OWNER_EXCEL,PENDING_OWNER_EXCEL,PENDING_OWNER_EXCEL,PENDING_OWNER_EXCEL,PENDING_OWNER_EXCEL,PENDING_OWNER_EXCEL,PENDING_OWNER_EXCEL,PENDING,NO,NOT_FINAL (D-27)
CZ,★★★★,SUCROSE,,,,Biały cukier krystaliczny — 100% cukier,,N/A_GENERIC,PENDING_OWNER_EXCEL,N/A (global PI),N/A (global PI),N/A (global PI),PENDING_OWNER_EXCEL,PENDING_OWNER_EXCEL,PENDING_OWNER_EXCEL,PENDING_OWNER_EXCEL,PENDING_OWNER_EXCEL,PENDING,NO,NOT_FINAL (D-27)
CZ,★★★★,DEXTROSE,,,,"Dextróza - GymBeam, bez dodatków smakowych",8588006139983,CONFIRMED,PENDING_OWNER_EXCEL,PENDING_OWNER_EXCEL,PENDING_OWNER_EXCEL,PENDING_OWNER_EXCEL,PENDING_OWNER_EXCEL,PENDING_OWNER_EXCEL,PENDING_OWNER_EXCEL,PENDING_OWNER_EXCEL,PENDING_OWNER_EXCEL,PENDING,NO,NOT_FINAL (D-27)
CZ,★★★★,STABILIZER,,,,Guma Tara Valknut / Tara guma Valknut,,BRAK,PENDING_OWNER_EXCEL,PENDING_OWNER_EXCEL,PENDING_OWNER_EXCEL,PENDING_OWNER_EXCEL,PENDING_OWNER_EXCEL,PENDING_OWNER_EXCEL,PENDING_OWNER_EXCEL,PENDING_OWNER_EXCEL,PENDING_OWNER_EXCEL,PENDING,NO,NOT_FINAL (D-27)
DE,★★★★★,MILK,,,,"frischli H-Vollmilch 3,5% 1 L",4045500011145,CONFIRMED,PENDING_OWNER_EXCEL,PENDING_OWNER_EXCEL,PENDING_OWNER_EXCEL,PENDING_OWNER_EXCEL,PENDING_OWNER_EXCEL,PENDING_OWNER_EXCEL,PENDING_OWNER_EXCEL,PENDING_OWNER_EXCEL,PENDING_OWNER_EXCEL,PENDING,NO,NOT_FINAL (D-27)
DE,★★★★★,CREAM,,,,Hofgut Schlagsahne 30% 200 g,4070700003058,CONFIRMED,PENDING_OWNER_EXCEL,PENDING_OWNER_EXCEL,PENDING_OWNER_EXCEL,PENDING_OWNER_EXCEL,PENDING_OWNER_EXCEL,PENDING_OWNER_EXCEL,PENDING_OWNER_EXCEL,PENDING_OWNER_EXCEL,PENDING_OWNER_EXCEL,PENDING,NO,NOT_FINAL (D-27)
DE,★★★★★,SMP,,,,Saliter Magermilchpulver 250 g,4008230010901,LEAD,PENDING_OWNER_EXCEL,PENDING_OWNER_EXCEL,PENDING_OWNER_EXCEL,PENDING_OWNER_EXCEL,PENDING_OWNER_EXCEL,PENDING_OWNER_EXCEL,PENDING_OWNER_EXCEL,PENDING_OWNER_EXCEL,PENDING_OWNER_EXCEL,PENDING,NO,NOT_FINAL (D-27)
DE,★★★★★,SUCROSE,,,,Biały cukier krystaliczny — 100% cukier,,N/A_GENERIC,PENDING_OWNER_EXCEL,N/A (global PI),N/A (global PI),N/A (global PI),PENDING_OWNER_EXCEL,PENDING_OWNER_EXCEL,PENDING_OWNER_EXCEL,PENDING_OWNER_EXCEL,PENDING_OWNER_EXCEL,PENDING,NO,NOT_FINAL (D-27)
DE,★★★★★,DEXTROSE,,,,Dextrose monohydrat Pulver 5 kg,4250573301738,CONFIRMED,PENDING_OWNER_EXCEL,PENDING_OWNER_EXCEL,PENDING_OWNER_EXCEL,PENDING_OWNER_EXCEL,PENDING_OWNER_EXCEL,PENDING_OWNER_EXCEL,PENDING_OWNER_EXCEL,PENDING_OWNER_EXCEL,PENDING_OWNER_EXCEL,PENDING,NO,NOT_FINAL (D-27)
DE,★★★★★,STABILIZER,,,,SaporePuro Farina di Semi di Tara / Gomma di Tara E417,8055728540170,LEAD,PENDING_OWNER_EXCEL,PENDING_OWNER_EXCEL,PENDING_OWNER_EXCEL,PENDING_OWNER_EXCEL,PENDING_OWNER_EXCEL,PENDING_OWNER_EXCEL,PENDING_OWNER_EXCEL,PENDING_OWNER_EXCEL,PENDING_OWNER_EXCEL,PENDING,NO,NOT_FINAL (D-27)
DK,★★★★★,MILK,,,,"Arla Sødmælk 3,5% UHT 1 L",5709310050303,CONFIRMED,PENDING_OWNER_EXCEL,PENDING_OWNER_EXCEL,PENDING_OWNER_EXCEL,PENDING_OWNER_EXCEL,PENDING_OWNER_EXCEL,PENDING_OWNER_EXCEL,PENDING_OWNER_EXCEL,PENDING_OWNER_EXCEL,PENDING_OWNER_EXCEL,PENDING,NO,NOT_FINAL (D-27)
DK,★★★★★,CREAM,,,,Arla Piskefløde 35% UHT 200 ml,5711953069291,CONFIRMED,PENDING_OWNER_EXCEL,PENDING_OWNER_EXCEL,PENDING_OWNER_EXCEL,PENDING_OWNER_EXCEL,PENDING_OWNER_EXCEL,PENDING_OWNER_EXCEL,PENDING_OWNER_EXCEL,PENDING_OWNER_EXCEL,PENDING_OWNER_EXCEL,PENDING,NO,NOT_FINAL (D-27)
DK,★★★★★,SMP,,,,EASIS Skummetmælkspulver 200 g,5703161691012,LEAD,PENDING_OWNER_EXCEL,PENDING_OWNER_EXCEL,PENDING_OWNER_EXCEL,PENDING_OWNER_EXCEL,PENDING_OWNER_EXCEL,PENDING_OWNER_EXCEL,PENDING_OWNER_EXCEL,PENDING_OWNER_EXCEL,PENDING_OWNER_EXCEL,PENDING,NO,NOT_FINAL (D-27)
DK,★★★★★,SUCROSE,,,,Biały cukier krystaliczny — 100% cukier,,N/A_GENERIC,PENDING_OWNER_EXCEL,N/A (global PI),N/A (global PI),N/A (global PI),PENDING_OWNER_EXCEL,PENDING_OWNER_EXCEL,PENDING_OWNER_EXCEL,PENDING_OWNER_EXCEL,PENDING_OWNER_EXCEL,PENDING,NO,NOT_FINAL (D-27)
DK,★★★★★,DEXTROSE,,,,Urtegaarden Druesukker 500 g,5709286720064,CONFIRMED,PENDING_OWNER_EXCEL,PENDING_OWNER_EXCEL,PENDING_OWNER_EXCEL,PENDING_OWNER_EXCEL,PENDING_OWNER_EXCEL,PENDING_OWNER_EXCEL,PENDING_OWNER_EXCEL,PENDING_OWNER_EXCEL,PENDING_OWNER_EXCEL,PENDING,NO,NOT_FINAL (D-27)
DK,★★★★★,STABILIZER,,,,Gum tara 1 kg,,BRAK,PENDING_OWNER_EXCEL,PENDING_OWNER_EXCEL,PENDING_OWNER_EXCEL,PENDING_OWNER_EXCEL,PENDING_OWNER_EXCEL,PENDING_OWNER_EXCEL,PENDING_OWNER_EXCEL,PENDING_OWNER_EXCEL,PENDING_OWNER_EXCEL,PENDING,NO,NOT_FINAL (D-27)
DO,★★★★,MILK,,,,Milex Leche UHT Entera 1 L,4100290023195,CONFIRMED,PENDING_OWNER_EXCEL,PENDING_OWNER_EXCEL,PENDING_OWNER_EXCEL,PENDING_OWNER_EXCEL,PENDING_OWNER_EXCEL,PENDING_OWNER_EXCEL,PENDING_OWNER_EXCEL,PENDING_OWNER_EXCEL,PENDING_OWNER_EXCEL,PENDING,NO,NOT_FINAL (D-27)
DO,★★★★,CREAM,,,,Elle & Vire Crème Liquide Whipping Cream UHT 35% 200 ml,30028777,LEAD,PENDING_OWNER_EXCEL,PENDING_OWNER_EXCEL,PENDING_OWNER_EXCEL,PENDING_OWNER_EXCEL,PENDING_OWNER_EXCEL,PENDING_OWNER_EXCEL,PENDING_OWNER_EXCEL,PENDING_OWNER_EXCEL,PENDING_OWNER_EXCEL,PENDING,NO,NOT_FINAL (D-27)
DO,★★★★,SMP,,,,Milex Polvo Descremada Slim,,BRAK,PENDING_OWNER_EXCEL,PENDING_OWNER_EXCEL,PENDING_OWNER_EXCEL,PENDING_OWNER_EXCEL,PENDING_OWNER_EXCEL,PENDING_OWNER_EXCEL,PENDING_OWNER_EXCEL,PENDING_OWNER_EXCEL,PENDING_OWNER_EXCEL,PENDING,NO,NOT_FINAL (D-27)
DO,★★★★,SUCROSE,,,,Biały cukier krystaliczny — 100% cukier,,N/A_GENERIC,PENDING_OWNER_EXCEL,N/A (global PI),N/A (global PI),N/A (global PI),PENDING_OWNER_EXCEL,PENDING_OWNER_EXCEL,PENDING_OWNER_EXCEL,PENDING_OWNER_EXCEL,PENDING_OWNER_EXCEL,PENDING,NO,NOT_FINAL (D-27)
DO,★★★★,DEXTROSE,,,,Dextrosa Monohidratada,,BRAK,PENDING_OWNER_EXCEL,PENDING_OWNER_EXCEL,PENDING_OWNER_EXCEL,PENDING_OWNER_EXCEL,PENDING_OWNER_EXCEL,PENDING_OWNER_EXCEL,PENDING_OWNER_EXCEL,PENDING_OWNER_EXCEL,PENDING_OWNER_EXCEL,PENDING,NO,NOT_FINAL (D-27)
DO,★★★★,STABILIZER,,,,Tara Gum — Home 50g,819543011967,LEAD,PENDING_OWNER_EXCEL,PENDING_OWNER_EXCEL,PENDING_OWNER_EXCEL,PENDING_OWNER_EXCEL,PENDING_OWNER_EXCEL,PENDING_OWNER_EXCEL,PENDING_OWNER_EXCEL,PENDING_OWNER_EXCEL,PENDING_OWNER_EXCEL,PENDING,NO,NOT_FINAL (D-27)
DZ,★★★★,MILK,,,,Lait Entier Stérilisé UHT 1L,6130760003592,CONFIRMED,PENDING_OWNER_EXCEL,PENDING_OWNER_EXCEL,PENDING_OWNER_EXCEL,PENDING_OWNER_EXCEL,PENDING_OWNER_EXCEL,PENDING_OWNER_EXCEL,PENDING_OWNER_EXCEL,PENDING_OWNER_EXCEL,PENDING_OWNER_EXCEL,PENDING,NO,NOT_FINAL (D-27)
DZ,★★★★,CREAM,,,,Paysan Breton La Crème Pâtisserie & Cuisine UHT 30%,3412290032215,LEAD,PENDING_OWNER_EXCEL,PENDING_OWNER_EXCEL,PENDING_OWNER_EXCEL,PENDING_OWNER_EXCEL,PENDING_OWNER_EXCEL,PENDING_OWNER_EXCEL,PENDING_OWNER_EXCEL,PENDING_OWNER_EXCEL,PENDING_OWNER_EXCEL,PENDING,NO,NOT_FINAL (D-27)
DZ,★★★★,SMP,,,,NOW Real Food Organic Non-Fat Dry Milk Powder,733739058324,LEAD,PENDING_OWNER_EXCEL,PENDING_OWNER_EXCEL,PENDING_OWNER_EXCEL,PENDING_OWNER_EXCEL,PENDING_OWNER_EXCEL,PENDING_OWNER_EXCEL,PENDING_OWNER_EXCEL,PENDING_OWNER_EXCEL,PENDING_OWNER_EXCEL,PENDING,NO,NOT_FINAL (D-27)
DZ,★★★★,SUCROSE,,,,Biały cukier krystaliczny — 100% cukier,,N/A_GENERIC,PENDING_OWNER_EXCEL,N/A (global PI),N/A (global PI),N/A (global PI),PENDING_OWNER_EXCEL,PENDING_OWNER_EXCEL,PENDING_OWNER_EXCEL,PENDING_OWNER_EXCEL,PENDING_OWNER_EXCEL,PENDING,NO,NOT_FINAL (D-27)
DZ,★★★★,DEXTROSE,,,,Dextrose Monohydrate — food grade,,BRAK,PENDING_OWNER_EXCEL,PENDING_OWNER_EXCEL,PENDING_OWNER_EXCEL,PENDING_OWNER_EXCEL,PENDING_OWNER_EXCEL,PENDING_OWNER_EXCEL,PENDING_OWNER_EXCEL,PENDING_OWNER_EXCEL,PENDING_OWNER_EXCEL,PENDING,NO,NOT_FINAL (D-27)
DZ,★★★★,STABILIZER,,,,Cape Crystal Brands Tara Gum Powder,711221973065,LEAD,PENDING_OWNER_EXCEL,PENDING_OWNER_EXCEL,PENDING_OWNER_EXCEL,PENDING_OWNER_EXCEL,PENDING_OWNER_EXCEL,PENDING_OWNER_EXCEL,PENDING_OWNER_EXCEL,PENDING_OWNER_EXCEL,PENDING_OWNER_EXCEL,PENDING,NO,NOT_FINAL (D-27)
EE,★★★★,MILK,,,,"Tere Cappuccino UHT Milk 3,5% 1 L",4740036009085,LEAD,PENDING_OWNER_EXCEL,PENDING_OWNER_EXCEL,PENDING_OWNER_EXCEL,PENDING_OWNER_EXCEL,PENDING_OWNER_EXCEL,PENDING_OWNER_EXCEL,PENDING_OWNER_EXCEL,PENDING_OWNER_EXCEL,PENDING_OWNER_EXCEL,PENDING,NO,NOT_FINAL (D-27)
EE,★★★★,CREAM,,,,Alma vahukoor 35%,4740125220049,CONFIRMED,PENDING_OWNER_EXCEL,PENDING_OWNER_EXCEL,PENDING_OWNER_EXCEL,PENDING_OWNER_EXCEL,PENDING_OWNER_EXCEL,PENDING_OWNER_EXCEL,PENDING_OWNER_EXCEL,PENDING_OWNER_EXCEL,PENDING_OWNER_EXCEL,PENDING,NO,NOT_FINAL (D-27)
EE,★★★★,SMP,,,,Piimapulber rasvavaba / rasvaton maitojauhe instant,6408430840625,LEAD,PENDING_OWNER_EXCEL,PENDING_OWNER_EXCEL,PENDING_OWNER_EXCEL,PENDING_OWNER_EXCEL,PENDING_OWNER_EXCEL,PENDING_OWNER_EXCEL,PENDING_OWNER_EXCEL,PENDING_OWNER_EXCEL,PENDING_OWNER_EXCEL,PENDING,NO,NOT_FINAL (D-27)
EE,★★★★,SUCROSE,,,,Biały cukier krystaliczny — 100% cukier,,N/A_GENERIC,PENDING_OWNER_EXCEL,N/A (global PI),N/A (global PI),N/A (global PI),PENDING_OWNER_EXCEL,PENDING_OWNER_EXCEL,PENDING_OWNER_EXCEL,PENDING_OWNER_EXCEL,PENDING_OWNER_EXCEL,PENDING,NO,NOT_FINAL (D-27)
EE,★★★★,DEXTROSE,,,,"ICONFIT Dextro, czysta dekstroza w proszku",4744130012590,CONFIRMED,PENDING_OWNER_EXCEL,PENDING_OWNER_EXCEL,PENDING_OWNER_EXCEL,PENDING_OWNER_EXCEL,PENDING_OWNER_EXCEL,PENDING_OWNER_EXCEL,PENDING_OWNER_EXCEL,PENDING_OWNER_EXCEL,PENDING_OWNER_EXCEL,PENDING,NO,NOT_FINAL (D-27)
EE,★★★★,STABILIZER,,,,SaporePuro Farina di Semi di Tara / Gomma di Tara E417,8055728540170,LEAD,PENDING_OWNER_EXCEL,PENDING_OWNER_EXCEL,PENDING_OWNER_EXCEL,PENDING_OWNER_EXCEL,PENDING_OWNER_EXCEL,PENDING_OWNER_EXCEL,PENDING_OWNER_EXCEL,PENDING_OWNER_EXCEL,PENDING_OWNER_EXCEL,PENDING,NO,NOT_FINAL (D-27)
EG,★★★★,MILK,,,,"Juhayna Full Cream Milk UHT 3,0% 1 L",6223000350065,CONFIRMED,PENDING_OWNER_EXCEL,PENDING_OWNER_EXCEL,PENDING_OWNER_EXCEL,PENDING_OWNER_EXCEL,PENDING_OWNER_EXCEL,PENDING_OWNER_EXCEL,PENDING_OWNER_EXCEL,PENDING_OWNER_EXCEL,PENDING_OWNER_EXCEL,PENDING,NO,NOT_FINAL (D-27)
EG,★★★★,CREAM,,,,Elle & Vire Professionnel Excellence Whipping Cream UHT 35%,3161911703385,LEAD,PENDING_OWNER_EXCEL,PENDING_OWNER_EXCEL,PENDING_OWNER_EXCEL,PENDING_OWNER_EXCEL,PENDING_OWNER_EXCEL,PENDING_OWNER_EXCEL,PENDING_OWNER_EXCEL,PENDING_OWNER_EXCEL,PENDING_OWNER_EXCEL,PENDING,NO,NOT_FINAL (D-27)
EG,★★★★,SMP,,,,NOW Real Food Organic Non-Fat Dry Milk Powder,733739058324,LEAD,PENDING_OWNER_EXCEL,PENDING_OWNER_EXCEL,PENDING_OWNER_EXCEL,PENDING_OWNER_EXCEL,PENDING_OWNER_EXCEL,PENDING_OWNER_EXCEL,PENDING_OWNER_EXCEL,PENDING_OWNER_EXCEL,PENDING_OWNER_EXCEL,PENDING,NO,NOT_FINAL (D-27)
EG,★★★★,SUCROSE,,,,Biały cukier krystaliczny — 100% cukier,,N/A_GENERIC,PENDING_OWNER_EXCEL,N/A (global PI),N/A (global PI),N/A (global PI),PENDING_OWNER_EXCEL,PENDING_OWNER_EXCEL,PENDING_OWNER_EXCEL,PENDING_OWNER_EXCEL,PENDING_OWNER_EXCEL,PENDING,NO,NOT_FINAL (D-27)
EG,★★★★,DEXTROSE,,,,Dextrose Powder 100% Pure 250g,,BRAK,PENDING_OWNER_EXCEL,PENDING_OWNER_EXCEL,PENDING_OWNER_EXCEL,PENDING_OWNER_EXCEL,PENDING_OWNER_EXCEL,PENDING_OWNER_EXCEL,PENDING_OWNER_EXCEL,PENDING_OWNER_EXCEL,PENDING_OWNER_EXCEL,PENDING,NO,NOT_FINAL (D-27)
EG,★★★★,STABILIZER,,,,Cape Crystal Brands Tara Gum Powder,,BRAK,PENDING_OWNER_EXCEL,PENDING_OWNER_EXCEL,PENDING_OWNER_EXCEL,PENDING_OWNER_EXCEL,PENDING_OWNER_EXCEL,PENDING_OWNER_EXCEL,PENDING_OWNER_EXCEL,PENDING_OWNER_EXCEL,PENDING_OWNER_EXCEL,PENDING,NO,NOT_FINAL (D-27)
ES,★★★★★,MILK,,,,"Pascual Clásica Leche Entera UHT, 6 x1 L",8410128010102,CONFIRMED,PENDING_OWNER_EXCEL,PENDING_OWNER_EXCEL,PENDING_OWNER_EXCEL,PENDING_OWNER_EXCEL,PENDING_OWNER_EXCEL,PENDING_OWNER_EXCEL,PENDING_OWNER_EXCEL,PENDING_OWNER_EXCEL,PENDING_OWNER_EXCEL,PENDING,NO,NOT_FINAL (D-27)
ES,★★★★★,CREAM,,,,Reny Picot Nata líquida especial para montar 30% 200 ml,8410379941019,LEAD,PENDING_OWNER_EXCEL,PENDING_OWNER_EXCEL,PENDING_OWNER_EXCEL,PENDING_OWNER_EXCEL,PENDING_OWNER_EXCEL,PENDING_OWNER_EXCEL,PENDING_OWNER_EXCEL,PENDING_OWNER_EXCEL,PENDING_OWNER_EXCEL,PENDING,NO,NOT_FINAL (D-27)
ES,★★★★★,SMP,,,,Leche desnatada en polvo rica en calcio,8410100002330,CONFIRMED,PENDING_OWNER_EXCEL,PENDING_OWNER_EXCEL,PENDING_OWNER_EXCEL,PENDING_OWNER_EXCEL,PENDING_OWNER_EXCEL,PENDING_OWNER_EXCEL,PENDING_OWNER_EXCEL,PENDING_OWNER_EXCEL,PENDING_OWNER_EXCEL,PENDING,NO,NOT_FINAL (D-27)
ES,★★★★★,SUCROSE,,,,Biały cukier krystaliczny — 100% cukier,,N/A_GENERIC,PENDING_OWNER_EXCEL,N/A (global PI),N/A (global PI),N/A (global PI),PENDING_OWNER_EXCEL,PENDING_OWNER_EXCEL,PENDING_OWNER_EXCEL,PENDING_OWNER_EXCEL,PENDING_OWNER_EXCEL,PENDING,NO,NOT_FINAL (D-27)
ES,★★★★★,DEXTROSE,,,,DAYELET DEXTROSA,8437000514770,CONFIRMED,PENDING_OWNER_EXCEL,PENDING_OWNER_EXCEL,PENDING_OWNER_EXCEL,PENDING_OWNER_EXCEL,PENDING_OWNER_EXCEL,PENDING_OWNER_EXCEL,PENDING_OWNER_EXCEL,PENDING_OWNER_EXCEL,PENDING_OWNER_EXCEL,PENDING,NO,NOT_FINAL (D-27)
ES,★★★★★,STABILIZER,,,,SaporePuro Farina di Semi di Tara / Gomma di Tara E417,8055728540170,LEAD,PENDING_OWNER_EXCEL,PENDING_OWNER_EXCEL,PENDING_OWNER_EXCEL,PENDING_OWNER_EXCEL,PENDING_OWNER_EXCEL,PENDING_OWNER_EXCEL,PENDING_OWNER_EXCEL,PENDING_OWNER_EXCEL,PENDING_OWNER_EXCEL,PENDING,NO,NOT_FINAL (D-27)
FI,★★★★★,MILK,,,,Valio täysmaito suomalaisilta maitotiloilta 1 L,6408430000135,CONFIRMED,PENDING_OWNER_EXCEL,PENDING_OWNER_EXCEL,PENDING_OWNER_EXCEL,PENDING_OWNER_EXCEL,PENDING_OWNER_EXCEL,PENDING_OWNER_EXCEL,PENDING_OWNER_EXCEL,PENDING_OWNER_EXCEL,PENDING_OWNER_EXCEL,PENDING,NO,NOT_FINAL (D-27)
FI,★★★★★,CREAM,,,,Arla Lempi Kuohukerma luomu 35% 2 dl,6413300015225,CONFIRMED,PENDING_OWNER_EXCEL,PENDING_OWNER_EXCEL,PENDING_OWNER_EXCEL,PENDING_OWNER_EXCEL,PENDING_OWNER_EXCEL,PENDING_OWNER_EXCEL,PENDING_OWNER_EXCEL,PENDING_OWNER_EXCEL,PENDING_OWNER_EXCEL,PENDING,NO,NOT_FINAL (D-27)
FI,★★★★★,SMP,,,,Valio rasvaton maitojauhe instant 400 g,6408430840625,CONFIRMED,PENDING_OWNER_EXCEL,PENDING_OWNER_EXCEL,PENDING_OWNER_EXCEL,PENDING_OWNER_EXCEL,PENDING_OWNER_EXCEL,PENDING_OWNER_EXCEL,PENDING_OWNER_EXCEL,PENDING_OWNER_EXCEL,PENDING_OWNER_EXCEL,PENDING,NO,NOT_FINAL (D-27)
FI,★★★★★,SUCROSE,,,,Biały cukier krystaliczny — 100% cukier,,N/A_GENERIC,PENDING_OWNER_EXCEL,N/A (global PI),N/A (global PI),N/A (global PI),PENDING_OWNER_EXCEL,PENDING_OWNER_EXCEL,PENDING_OWNER_EXCEL,PENDING_OWNER_EXCEL,PENDING_OWNER_EXCEL,PENDING,NO,NOT_FINAL (D-27)
FI,★★★★★,DEXTROSE,,,,Dekstroosi monohydraatti 25 kg,,BRAK,PENDING_OWNER_EXCEL,PENDING_OWNER_EXCEL,PENDING_OWNER_EXCEL,PENDING_OWNER_EXCEL,PENDING_OWNER_EXCEL,PENDING_OWNER_EXCEL,PENDING_OWNER_EXCEL,PENDING_OWNER_EXCEL,PENDING_OWNER_EXCEL,PENDING,NO,NOT_FINAL (D-27)
FI,★★★★★,STABILIZER,,,,SaporePuro Farina di Semi di Tara / Gomma di Tara E417,8055728540170,LEAD,PENDING_OWNER_EXCEL,PENDING_OWNER_EXCEL,PENDING_OWNER_EXCEL,PENDING_OWNER_EXCEL,PENDING_OWNER_EXCEL,PENDING_OWNER_EXCEL,PENDING_OWNER_EXCEL,PENDING_OWNER_EXCEL,PENDING_OWNER_EXCEL,PENDING,NO,NOT_FINAL (D-27)
FR,★★★★★,MILK,,,,"Alsace Lait Lait frais entier pasteurisé, brique 1 L",3262970109108,LEAD,PENDING_OWNER_EXCEL,PENDING_OWNER_EXCEL,PENDING_OWNER_EXCEL,PENDING_OWNER_EXCEL,PENDING_OWNER_EXCEL,PENDING_OWNER_EXCEL,PENDING_OWNER_EXCEL,PENDING_OWNER_EXCEL,PENDING_OWNER_EXCEL,PENDING,NO,NOT_FINAL (D-27)
FR,★★★★★,CREAM,,,,Elle & Vire Crème UHT fluide entière 30% MG 2×25cl,3451790256745,CONFIRMED,PENDING_OWNER_EXCEL,PENDING_OWNER_EXCEL,PENDING_OWNER_EXCEL,PENDING_OWNER_EXCEL,PENDING_OWNER_EXCEL,PENDING_OWNER_EXCEL,PENDING_OWNER_EXCEL,PENDING_OWNER_EXCEL,PENDING_OWNER_EXCEL,PENDING,NO,NOT_FINAL (D-27)
FR,★★★★★,SMP,,,,Lait écrémé en poudre,3043934232700,CONFIRMED,PENDING_OWNER_EXCEL,PENDING_OWNER_EXCEL,PENDING_OWNER_EXCEL,PENDING_OWNER_EXCEL,PENDING_OWNER_EXCEL,PENDING_OWNER_EXCEL,PENDING_OWNER_EXCEL,PENDING_OWNER_EXCEL,PENDING_OWNER_EXCEL,PENDING,NO,NOT_FINAL (D-27)
FR,★★★★★,SUCROSE,,,,Biały cukier krystaliczny — 100% cukier,,N/A_GENERIC,PENDING_OWNER_EXCEL,N/A (global PI),N/A (global PI),N/A (global PI),PENDING_OWNER_EXCEL,PENDING_OWNER_EXCEL,PENDING_OWNER_EXCEL,PENDING_OWNER_EXCEL,PENDING_OWNER_EXCEL,PENDING,NO,NOT_FINAL (D-27)
FR,★★★★★,DEXTROSE,,,,Dextrose Monohydrate,,BRAK,PENDING_OWNER_EXCEL,PENDING_OWNER_EXCEL,PENDING_OWNER_EXCEL,PENDING_OWNER_EXCEL,PENDING_OWNER_EXCEL,PENDING_OWNER_EXCEL,PENDING_OWNER_EXCEL,PENDING_OWNER_EXCEL,PENDING_OWNER_EXCEL,PENDING,NO,NOT_FINAL (D-27)
FR,★★★★★,STABILIZER,,,,SaporePuro Farina di Semi di Tara / Gomma di Tara E417,8055728540170,LEAD,PENDING_OWNER_EXCEL,PENDING_OWNER_EXCEL,PENDING_OWNER_EXCEL,PENDING_OWNER_EXCEL,PENDING_OWNER_EXCEL,PENDING_OWNER_EXCEL,PENDING_OWNER_EXCEL,PENDING_OWNER_EXCEL,PENDING_OWNER_EXCEL,PENDING,NO,NOT_FINAL (D-27)
GB,★★★★★,MILK,,,,Arla Cravendale Whole Milk 2L,5000181024050,CONFIRMED,PENDING_OWNER_EXCEL,PENDING_OWNER_EXCEL,PENDING_OWNER_EXCEL,PENDING_OWNER_EXCEL,PENDING_OWNER_EXCEL,PENDING_OWNER_EXCEL,PENDING_OWNER_EXCEL,PENDING_OWNER_EXCEL,PENDING_OWNER_EXCEL,PENDING,NO,NOT_FINAL (D-27)
GB,★★★★★,CREAM,,,,Łaciata Śmietanka UHT 30% 500 ml,5900820000455,CONFIRMED,PENDING_OWNER_EXCEL,PENDING_OWNER_EXCEL,PENDING_OWNER_EXCEL,PENDING_OWNER_EXCEL,PENDING_OWNER_EXCEL,PENDING_OWNER_EXCEL,PENDING_OWNER_EXCEL,PENDING_OWNER_EXCEL,PENDING_OWNER_EXCEL,PENDING,NO,NOT_FINAL (D-27)
GB,★★★★★,SMP,,,,Milfresh Gold Superior Granulated Skimmed Milk 500 g,5060113910714,CONFIRMED,PENDING_OWNER_EXCEL,PENDING_OWNER_EXCEL,PENDING_OWNER_EXCEL,PENDING_OWNER_EXCEL,PENDING_OWNER_EXCEL,PENDING_OWNER_EXCEL,PENDING_OWNER_EXCEL,PENDING_OWNER_EXCEL,PENDING_OWNER_EXCEL,PENDING,NO,NOT_FINAL (D-27)
GB,★★★★★,SUCROSE,,,,Biały cukier krystaliczny — 100% cukier,,N/A_GENERIC,PENDING_OWNER_EXCEL,N/A (global PI),N/A (global PI),N/A (global PI),PENDING_OWNER_EXCEL,PENDING_OWNER_EXCEL,PENDING_OWNER_EXCEL,PENDING_OWNER_EXCEL,PENDING_OWNER_EXCEL,PENDING,NO,NOT_FINAL (D-27)
GB,★★★★★,DEXTROSE,,,,Meritose 200 Dextrose Monohydrate 25 kg,,BRAK,PENDING_OWNER_EXCEL,PENDING_OWNER_EXCEL,PENDING_OWNER_EXCEL,PENDING_OWNER_EXCEL,PENDING_OWNER_EXCEL,PENDING_OWNER_EXCEL,PENDING_OWNER_EXCEL,PENDING_OWNER_EXCEL,PENDING_OWNER_EXCEL,PENDING,NO,NOT_FINAL (D-27)
GB,★★★★★,STABILIZER,,,,SaporePuro Farina di Semi di Tara / Gomma di Tara E417,8055728540170,LEAD,PENDING_OWNER_EXCEL,PENDING_OWNER_EXCEL,PENDING_OWNER_EXCEL,PENDING_OWNER_EXCEL,PENDING_OWNER_EXCEL,PENDING_OWNER_EXCEL,PENDING_OWNER_EXCEL,PENDING_OWNER_EXCEL,PENDING_OWNER_EXCEL,PENDING,NO,NOT_FINAL (D-27)
GH,★★★★,MILK,,,,"Dano UHT Full Cream Milk 3,5% / 3,6% 1 L",4100290099800,LEAD,PENDING_OWNER_EXCEL,PENDING_OWNER_EXCEL,PENDING_OWNER_EXCEL,PENDING_OWNER_EXCEL,PENDING_OWNER_EXCEL,PENDING_OWNER_EXCEL,PENDING_OWNER_EXCEL,PENDING_OWNER_EXCEL,PENDING_OWNER_EXCEL,PENDING,NO,NOT_FINAL (D-27)
GH,★★★★,CREAM,,,,Emborg Natural Whipping Cream UHT 35%,5701215046375,LEAD,PENDING_OWNER_EXCEL,PENDING_OWNER_EXCEL,PENDING_OWNER_EXCEL,PENDING_OWNER_EXCEL,PENDING_OWNER_EXCEL,PENDING_OWNER_EXCEL,PENDING_OWNER_EXCEL,PENDING_OWNER_EXCEL,PENDING_OWNER_EXCEL,PENDING,NO,NOT_FINAL (D-27)
GH,★★★★,SMP,,,,NOW Real Food Organic Non-Fat Dry Milk Powder,733739058324,LEAD,PENDING_OWNER_EXCEL,PENDING_OWNER_EXCEL,PENDING_OWNER_EXCEL,PENDING_OWNER_EXCEL,PENDING_OWNER_EXCEL,PENDING_OWNER_EXCEL,PENDING_OWNER_EXCEL,PENDING_OWNER_EXCEL,PENDING_OWNER_EXCEL,PENDING,NO,NOT_FINAL (D-27)
GH,★★★★,SUCROSE,,,,Biały cukier krystaliczny — 100% cukier,,N/A_GENERIC,PENDING_OWNER_EXCEL,N/A (global PI),N/A (global PI),N/A (global PI),PENDING_OWNER_EXCEL,PENDING_OWNER_EXCEL,PENDING_OWNER_EXCEL,PENDING_OWNER_EXCEL,PENDING_OWNER_EXCEL,PENDING,NO,NOT_FINAL (D-27)
GH,★★★★,DEXTROSE,,,,Dextrose Monohydrate,,BRAK,PENDING_OWNER_EXCEL,PENDING_OWNER_EXCEL,PENDING_OWNER_EXCEL,PENDING_OWNER_EXCEL,PENDING_OWNER_EXCEL,PENDING_OWNER_EXCEL,PENDING_OWNER_EXCEL,PENDING_OWNER_EXCEL,PENDING_OWNER_EXCEL,PENDING,NO,NOT_FINAL (D-27)
GH,★★★★,STABILIZER,,,,Cape Crystal Brands Tara Gum Powder,711221973058,LEAD,PENDING_OWNER_EXCEL,PENDING_OWNER_EXCEL,PENDING_OWNER_EXCEL,PENDING_OWNER_EXCEL,PENDING_OWNER_EXCEL,PENDING_OWNER_EXCEL,PENDING_OWNER_EXCEL,PENDING_OWNER_EXCEL,PENDING_OWNER_EXCEL,PENDING,NO,NOT_FINAL (D-27)
GR,★★★★,MILK,,,,"DELTA mmmMilk Family High Pasteurized Full 3,5% 1,5 L",5201037509107,LEAD,PENDING_OWNER_EXCEL,PENDING_OWNER_EXCEL,PENDING_OWNER_EXCEL,PENDING_OWNER_EXCEL,PENDING_OWNER_EXCEL,PENDING_OWNER_EXCEL,PENDING_OWNER_EXCEL,PENDING_OWNER_EXCEL,PENDING_OWNER_EXCEL,PENDING,NO,NOT_FINAL (D-27)
GR,★★★★,CREAM,,,,Arla Κρέμα Γάλακτος UHT 35% 200 g,5711953155949,CONFIRMED,PENDING_OWNER_EXCEL,PENDING_OWNER_EXCEL,PENDING_OWNER_EXCEL,PENDING_OWNER_EXCEL,PENDING_OWNER_EXCEL,PENDING_OWNER_EXCEL,PENDING_OWNER_EXCEL,PENDING_OWNER_EXCEL,PENDING_OWNER_EXCEL,PENDING,NO,NOT_FINAL (D-27)
GR,★★★★,SMP,,,,Γάλα Αποβουτυρωμένο σε σκόνη,3043932643706,CONFIRMED,PENDING_OWNER_EXCEL,PENDING_OWNER_EXCEL,PENDING_OWNER_EXCEL,PENDING_OWNER_EXCEL,PENDING_OWNER_EXCEL,PENDING_OWNER_EXCEL,PENDING_OWNER_EXCEL,PENDING_OWNER_EXCEL,PENDING_OWNER_EXCEL,PENDING,NO,NOT_FINAL (D-27)
GR,★★★★,SUCROSE,,,,Biały cukier krystaliczny — 100% cukier,,N/A_GENERIC,PENDING_OWNER_EXCEL,N/A (global PI),N/A (global PI),N/A (global PI),PENDING_OWNER_EXCEL,PENDING_OWNER_EXCEL,PENDING_OWNER_EXCEL,PENDING_OWNER_EXCEL,PENDING_OWNER_EXCEL,PENDING,NO,NOT_FINAL (D-27)
GR,★★★★,DEXTROSE,,,,Dextrose Powder,,BRAK,PENDING_OWNER_EXCEL,PENDING_OWNER_EXCEL,PENDING_OWNER_EXCEL,PENDING_OWNER_EXCEL,PENDING_OWNER_EXCEL,PENDING_OWNER_EXCEL,PENDING_OWNER_EXCEL,PENDING_OWNER_EXCEL,PENDING_OWNER_EXCEL,PENDING,NO,NOT_FINAL (D-27)
GR,★★★★,STABILIZER,,,,Τάρα Γκαμ (Tara Gum) NoCarb 100 g,,BRAK,PENDING_OWNER_EXCEL,PENDING_OWNER_EXCEL,PENDING_OWNER_EXCEL,PENDING_OWNER_EXCEL,PENDING_OWNER_EXCEL,PENDING_OWNER_EXCEL,PENDING_OWNER_EXCEL,PENDING_OWNER_EXCEL,PENDING_OWNER_EXCEL,PENDING,NO,NOT_FINAL (D-27)
HK,★★★★,MILK,,,,Oldenburger UHT Full Cream Milk 3.5% fat — SKU 11067,4036300110671,LEAD,PENDING_OWNER_EXCEL,PENDING_OWNER_EXCEL,PENDING_OWNER_EXCEL,PENDING_OWNER_EXCEL,PENDING_OWNER_EXCEL,PENDING_OWNER_EXCEL,PENDING_OWNER_EXCEL,PENDING_OWNER_EXCEL,PENDING_OWNER_EXCEL,PENDING,NO,NOT_FINAL (D-27)
HK,★★★★,CREAM,,,,Emborg Natural Whipping Cream,5701215046375,LEAD,PENDING_OWNER_EXCEL,PENDING_OWNER_EXCEL,PENDING_OWNER_EXCEL,PENDING_OWNER_EXCEL,PENDING_OWNER_EXCEL,PENDING_OWNER_EXCEL,PENDING_OWNER_EXCEL,PENDING_OWNER_EXCEL,PENDING_OWNER_EXCEL,PENDING,NO,NOT_FINAL (D-27)
HK,★★★★,SMP,,,,Devondale Instant Skim Milk Powder,9300639999005,LEAD,PENDING_OWNER_EXCEL,PENDING_OWNER_EXCEL,PENDING_OWNER_EXCEL,PENDING_OWNER_EXCEL,PENDING_OWNER_EXCEL,PENDING_OWNER_EXCEL,PENDING_OWNER_EXCEL,PENDING_OWNER_EXCEL,PENDING_OWNER_EXCEL,PENDING,NO,NOT_FINAL (D-27)
HK,★★★★,SUCROSE,,,,Biały cukier krystaliczny — 100% cukier,,N/A_GENERIC,PENDING_OWNER_EXCEL,N/A (global PI),N/A (global PI),N/A (global PI),PENDING_OWNER_EXCEL,PENDING_OWNER_EXCEL,PENDING_OWNER_EXCEL,PENDING_OWNER_EXCEL,PENDING_OWNER_EXCEL,PENDING,NO,NOT_FINAL (D-27)
HK,★★★★,DEXTROSE,,,,Dextrose powder (Dextrose Monohydrate) 20kg,,BRAK,PENDING_OWNER_EXCEL,PENDING_OWNER_EXCEL,PENDING_OWNER_EXCEL,PENDING_OWNER_EXCEL,PENDING_OWNER_EXCEL,PENDING_OWNER_EXCEL,PENDING_OWNER_EXCEL,PENDING_OWNER_EXCEL,PENDING_OWNER_EXCEL,PENDING,NO,NOT_FINAL (D-27)
HK,★★★★,STABILIZER,,,,Tara Gum 50gr. / Gomma di Tara E417,8055728540170,LEAD,PENDING_OWNER_EXCEL,PENDING_OWNER_EXCEL,PENDING_OWNER_EXCEL,PENDING_OWNER_EXCEL,PENDING_OWNER_EXCEL,PENDING_OWNER_EXCEL,PENDING_OWNER_EXCEL,PENDING_OWNER_EXCEL,PENDING_OWNER_EXCEL,PENDING,NO,NOT_FINAL (D-27)
HR,★★★★,MILK,,,,"Alpsko trajno mlijeko 3,5% m.m. 1 l",3838800040578,LEAD,PENDING_OWNER_EXCEL,PENDING_OWNER_EXCEL,PENDING_OWNER_EXCEL,PENDING_OWNER_EXCEL,PENDING_OWNER_EXCEL,PENDING_OWNER_EXCEL,PENDING_OWNER_EXCEL,PENDING_OWNER_EXCEL,PENDING_OWNER_EXCEL,PENDING,NO,NOT_FINAL (D-27)
HR,★★★★,CREAM,,,,Dukat Brzo & Fino Vrhnje za šlag 33%,3850354001348,CONFIRMED,PENDING_OWNER_EXCEL,PENDING_OWNER_EXCEL,PENDING_OWNER_EXCEL,PENDING_OWNER_EXCEL,PENDING_OWNER_EXCEL,PENDING_OWNER_EXCEL,PENDING_OWNER_EXCEL,PENDING_OWNER_EXCEL,PENDING_OWNER_EXCEL,PENDING,NO,NOT_FINAL (D-27)
HR,★★★★,SMP,,,,Obrano mlijeko u prahu 1% m.m.,3850355001132,LEAD,PENDING_OWNER_EXCEL,PENDING_OWNER_EXCEL,PENDING_OWNER_EXCEL,PENDING_OWNER_EXCEL,PENDING_OWNER_EXCEL,PENDING_OWNER_EXCEL,PENDING_OWNER_EXCEL,PENDING_OWNER_EXCEL,PENDING_OWNER_EXCEL,PENDING,NO,NOT_FINAL (D-27)
HR,★★★★,SUCROSE,,,,Biały cukier krystaliczny — 100% cukier,,N/A_GENERIC,PENDING_OWNER_EXCEL,N/A (global PI),N/A (global PI),N/A (global PI),PENDING_OWNER_EXCEL,PENDING_OWNER_EXCEL,PENDING_OWNER_EXCEL,PENDING_OWNER_EXCEL,PENDING_OWNER_EXCEL,PENDING,NO,NOT_FINAL (D-27)
HR,★★★★,DEXTROSE,,,,"Dekstroza - GymBeam, bez dodatków smakowych",8588006139983,CONFIRMED,PENDING_OWNER_EXCEL,PENDING_OWNER_EXCEL,PENDING_OWNER_EXCEL,PENDING_OWNER_EXCEL,PENDING_OWNER_EXCEL,PENDING_OWNER_EXCEL,PENDING_OWNER_EXCEL,PENDING_OWNER_EXCEL,PENDING_OWNER_EXCEL,PENDING,NO,NOT_FINAL (D-27)
HR,★★★★,STABILIZER,,,,SaporePuro Farina di Semi di Tara / Gomma di Tara E417,8055728540170,LEAD,PENDING_OWNER_EXCEL,PENDING_OWNER_EXCEL,PENDING_OWNER_EXCEL,PENDING_OWNER_EXCEL,PENDING_OWNER_EXCEL,PENDING_OWNER_EXCEL,PENDING_OWNER_EXCEL,PENDING_OWNER_EXCEL,PENDING_OWNER_EXCEL,PENDING,NO,NOT_FINAL (D-27)
HU,★★★★,MILK,,,,"Mizo UHT teljes tej 3,5% 1 l",5998200460166,CONFIRMED,PENDING_OWNER_EXCEL,PENDING_OWNER_EXCEL,PENDING_OWNER_EXCEL,PENDING_OWNER_EXCEL,PENDING_OWNER_EXCEL,PENDING_OWNER_EXCEL,PENDING_OWNER_EXCEL,PENDING_OWNER_EXCEL,PENDING_OWNER_EXCEL,PENDING,NO,NOT_FINAL (D-27)
HU,★★★★,CREAM,,,,Meggle UHT habtejszín 30%,8585002501837,CONFIRMED,PENDING_OWNER_EXCEL,PENDING_OWNER_EXCEL,PENDING_OWNER_EXCEL,PENDING_OWNER_EXCEL,PENDING_OWNER_EXCEL,PENDING_OWNER_EXCEL,PENDING_OWNER_EXCEL,PENDING_OWNER_EXCEL,PENDING_OWNER_EXCEL,PENDING,NO,NOT_FINAL (D-27)
HU,★★★★,SMP,,,,Sovány tejpor porlasztva szárított,5997176735995,CONFIRMED,PENDING_OWNER_EXCEL,PENDING_OWNER_EXCEL,PENDING_OWNER_EXCEL,PENDING_OWNER_EXCEL,PENDING_OWNER_EXCEL,PENDING_OWNER_EXCEL,PENDING_OWNER_EXCEL,PENDING_OWNER_EXCEL,PENDING_OWNER_EXCEL,PENDING,NO,NOT_FINAL (D-27)
HU,★★★★,SUCROSE,,,,Biały cukier krystaliczny — 100% cukier,,N/A_GENERIC,PENDING_OWNER_EXCEL,N/A (global PI),N/A (global PI),N/A (global PI),PENDING_OWNER_EXCEL,PENDING_OWNER_EXCEL,PENDING_OWNER_EXCEL,PENDING_OWNER_EXCEL,PENDING_OWNER_EXCEL,PENDING,NO,NOT_FINAL (D-27)
HU,★★★★,DEXTROSE,,,,"Dextróz - GymBeam, bez dodatków smakowych",8588006139983,CONFIRMED,PENDING_OWNER_EXCEL,PENDING_OWNER_EXCEL,PENDING_OWNER_EXCEL,PENDING_OWNER_EXCEL,PENDING_OWNER_EXCEL,PENDING_OWNER_EXCEL,PENDING_OWNER_EXCEL,PENDING_OWNER_EXCEL,PENDING_OWNER_EXCEL,PENDING,NO,NOT_FINAL (D-27)
HU,★★★★,STABILIZER,,,,SaporePuro Farina di Semi di Tara / Gomma di Tara E417,8055728540170,LEAD,PENDING_OWNER_EXCEL,PENDING_OWNER_EXCEL,PENDING_OWNER_EXCEL,PENDING_OWNER_EXCEL,PENDING_OWNER_EXCEL,PENDING_OWNER_EXCEL,PENDING_OWNER_EXCEL,PENDING_OWNER_EXCEL,PENDING_OWNER_EXCEL,PENDING,NO,NOT_FINAL (D-27)
ID,★★★★,MILK,,,,Greenfields Full Cream UHT Milk 1L,8993351121307,LEAD,PENDING_OWNER_EXCEL,PENDING_OWNER_EXCEL,PENDING_OWNER_EXCEL,PENDING_OWNER_EXCEL,PENDING_OWNER_EXCEL,PENDING_OWNER_EXCEL,PENDING_OWNER_EXCEL,PENDING_OWNER_EXCEL,PENDING_OWNER_EXCEL,PENDING,NO,NOT_FINAL (D-27)
ID,★★★★,CREAM,,,,Emborg Natural Whipping Cream UHT 35.1% 200 ml,5701215046375,LEAD,PENDING_OWNER_EXCEL,PENDING_OWNER_EXCEL,PENDING_OWNER_EXCEL,PENDING_OWNER_EXCEL,PENDING_OWNER_EXCEL,PENDING_OWNER_EXCEL,PENDING_OWNER_EXCEL,PENDING_OWNER_EXCEL,PENDING_OWNER_EXCEL,PENDING,NO,NOT_FINAL (D-27)
ID,★★★★,SMP,,,,Sunlac Low Fat Instant Skim Milk Powder,9556958338807,LEAD,PENDING_OWNER_EXCEL,PENDING_OWNER_EXCEL,PENDING_OWNER_EXCEL,PENDING_OWNER_EXCEL,PENDING_OWNER_EXCEL,PENDING_OWNER_EXCEL,PENDING_OWNER_EXCEL,PENDING_OWNER_EXCEL,PENDING_OWNER_EXCEL,PENDING,NO,NOT_FINAL (D-27)
ID,★★★★,SUCROSE,,,,Biały cukier krystaliczny — 100% cukier,,N/A_GENERIC,PENDING_OWNER_EXCEL,N/A (global PI),N/A (global PI),N/A (global PI),PENDING_OWNER_EXCEL,PENDING_OWNER_EXCEL,PENDING_OWNER_EXCEL,PENDING_OWNER_EXCEL,PENDING_OWNER_EXCEL,PENDING,NO,NOT_FINAL (D-27)
ID,★★★★,DEXTROSE,,,,Dextrose Monohydrate – PT Lam Seng Hang Indonesia,,BRAK,PENDING_OWNER_EXCEL,PENDING_OWNER_EXCEL,PENDING_OWNER_EXCEL,PENDING_OWNER_EXCEL,PENDING_OWNER_EXCEL,PENDING_OWNER_EXCEL,PENDING_OWNER_EXCEL,PENDING_OWNER_EXCEL,PENDING_OWNER_EXCEL,PENDING,NO,NOT_FINAL (D-27)
ID,★★★★,STABILIZER,,,,Tara Gum,,BRAK,PENDING_OWNER_EXCEL,PENDING_OWNER_EXCEL,PENDING_OWNER_EXCEL,PENDING_OWNER_EXCEL,PENDING_OWNER_EXCEL,PENDING_OWNER_EXCEL,PENDING_OWNER_EXCEL,PENDING_OWNER_EXCEL,PENDING_OWNER_EXCEL,PENDING,NO,NOT_FINAL (D-27)
IE,★★★★★,MILK,,,,Avonmore Fresh Whole Milk 2 Litre,5011056020053,LEAD,PENDING_OWNER_EXCEL,PENDING_OWNER_EXCEL,PENDING_OWNER_EXCEL,PENDING_OWNER_EXCEL,PENDING_OWNER_EXCEL,PENDING_OWNER_EXCEL,PENDING_OWNER_EXCEL,PENDING_OWNER_EXCEL,PENDING_OWNER_EXCEL,PENDING,NO,NOT_FINAL (D-27)
IE,★★★★★,CREAM,,,,Łaciata Śmietanka UHT 30% 500 ml,5900820000455,CONFIRMED,PENDING_OWNER_EXCEL,PENDING_OWNER_EXCEL,PENDING_OWNER_EXCEL,PENDING_OWNER_EXCEL,PENDING_OWNER_EXCEL,PENDING_OWNER_EXCEL,PENDING_OWNER_EXCEL,PENDING_OWNER_EXCEL,PENDING_OWNER_EXCEL,PENDING,NO,NOT_FINAL (D-27)
IE,★★★★★,SMP,,,,Milfresh Gold Superior Granulated Skimmed Milk 500 g,5060113910714,LEAD,PENDING_OWNER_EXCEL,PENDING_OWNER_EXCEL,PENDING_OWNER_EXCEL,PENDING_OWNER_EXCEL,PENDING_OWNER_EXCEL,PENDING_OWNER_EXCEL,PENDING_OWNER_EXCEL,PENDING_OWNER_EXCEL,PENDING_OWNER_EXCEL,PENDING,NO,NOT_FINAL (D-27)
IE,★★★★★,SUCROSE,,,,Biały cukier krystaliczny — 100% cukier,,N/A_GENERIC,PENDING_OWNER_EXCEL,N/A (global PI),N/A (global PI),N/A (global PI),PENDING_OWNER_EXCEL,PENDING_OWNER_EXCEL,PENDING_OWNER_EXCEL,PENDING_OWNER_EXCEL,PENDING_OWNER_EXCEL,PENDING,NO,NOT_FINAL (D-27)
IE,★★★★★,DEXTROSE,,,,Dextrose Monohydrate 25 kg,,BRAK,PENDING_OWNER_EXCEL,PENDING_OWNER_EXCEL,PENDING_OWNER_EXCEL,PENDING_OWNER_EXCEL,PENDING_OWNER_EXCEL,PENDING_OWNER_EXCEL,PENDING_OWNER_EXCEL,PENDING_OWNER_EXCEL,PENDING_OWNER_EXCEL,PENDING,NO,NOT_FINAL (D-27)
IE,★★★★★,STABILIZER,,,,SaporePuro Farina di Semi di Tara / Gomma di Tara E417,8055728540170,LEAD,PENDING_OWNER_EXCEL,PENDING_OWNER_EXCEL,PENDING_OWNER_EXCEL,PENDING_OWNER_EXCEL,PENDING_OWNER_EXCEL,PENDING_OWNER_EXCEL,PENDING_OWNER_EXCEL,PENDING_OWNER_EXCEL,PENDING_OWNER_EXCEL,PENDING,NO,NOT_FINAL (D-27)
IL,★★★★,MILK,,,,"Tnuva Milk with a Classic Taste 3,8% 1 L",7290000051352,LEAD,PENDING_OWNER_EXCEL,PENDING_OWNER_EXCEL,PENDING_OWNER_EXCEL,PENDING_OWNER_EXCEL,PENDING_OWNER_EXCEL,PENDING_OWNER_EXCEL,PENDING_OWNER_EXCEL,PENDING_OWNER_EXCEL,PENDING_OWNER_EXCEL,PENDING,NO,NOT_FINAL (D-27)
IL,★★★★,CREAM,,,,Yotvata Whipping Cream 38% 250 ml (שמנת להקצפה 38%),7290104728310,LEAD,PENDING_OWNER_EXCEL,PENDING_OWNER_EXCEL,PENDING_OWNER_EXCEL,PENDING_OWNER_EXCEL,PENDING_OWNER_EXCEL,PENDING_OWNER_EXCEL,PENDING_OWNER_EXCEL,PENDING_OWNER_EXCEL,PENDING_OWNER_EXCEL,PENDING,NO,NOT_FINAL (D-27)
IL,★★★★,SMP,,,,אבקת חלב רזה 0.8% שומן,,BRAK,PENDING_OWNER_EXCEL,PENDING_OWNER_EXCEL,PENDING_OWNER_EXCEL,PENDING_OWNER_EXCEL,PENDING_OWNER_EXCEL,PENDING_OWNER_EXCEL,PENDING_OWNER_EXCEL,PENDING_OWNER_EXCEL,PENDING_OWNER_EXCEL,PENDING,NO,NOT_FINAL (D-27)
IL,★★★★,SUCROSE,,,,Biały cukier krystaliczny — 100% cukier,,N/A_GENERIC,PENDING_OWNER_EXCEL,N/A (global PI),N/A (global PI),N/A (global PI),PENDING_OWNER_EXCEL,PENDING_OWNER_EXCEL,PENDING_OWNER_EXCEL,PENDING_OWNER_EXCEL,PENDING_OWNER_EXCEL,PENDING,NO,NOT_FINAL (D-27)
IL,★★★★,DEXTROSE,,,,דקסטרוז שק / Dextrose Monohydrate,,BRAK,PENDING_OWNER_EXCEL,PENDING_OWNER_EXCEL,PENDING_OWNER_EXCEL,PENDING_OWNER_EXCEL,PENDING_OWNER_EXCEL,PENDING_OWNER_EXCEL,PENDING_OWNER_EXCEL,PENDING_OWNER_EXCEL,PENDING_OWNER_EXCEL,PENDING,NO,NOT_FINAL (D-27)
IL,★★★★,STABILIZER,,,,Modernist Pantry Tara Gum 50 g,819543011967,LEAD,PENDING_OWNER_EXCEL,PENDING_OWNER_EXCEL,PENDING_OWNER_EXCEL,PENDING_OWNER_EXCEL,PENDING_OWNER_EXCEL,PENDING_OWNER_EXCEL,PENDING_OWNER_EXCEL,PENDING_OWNER_EXCEL,PENDING_OWNER_EXCEL,PENDING,NO,NOT_FINAL (D-27)
IN,★★★★,MILK,,,,Amul Homogenised Cow Milk 1L Tetra Pak,8901262152983,CONFIRMED,PENDING_OWNER_EXCEL,PENDING_OWNER_EXCEL,PENDING_OWNER_EXCEL,PENDING_OWNER_EXCEL,PENDING_OWNER_EXCEL,PENDING_OWNER_EXCEL,PENDING_OWNER_EXCEL,PENDING_OWNER_EXCEL,PENDING_OWNER_EXCEL,PENDING,NO,NOT_FINAL (D-27)
IN,★★★★,CREAM,,,,Elle & Vire Professionnel Excellence Whipping Cream 35%,3161911703385,LEAD,PENDING_OWNER_EXCEL,PENDING_OWNER_EXCEL,PENDING_OWNER_EXCEL,PENDING_OWNER_EXCEL,PENDING_OWNER_EXCEL,PENDING_OWNER_EXCEL,PENDING_OWNER_EXCEL,PENDING_OWNER_EXCEL,PENDING_OWNER_EXCEL,PENDING,NO,NOT_FINAL (D-27)
IN,★★★★,SMP,,,,Sagar Skimmed Milk Powder Pouch,8901262110068,CONFIRMED,PENDING_OWNER_EXCEL,PENDING_OWNER_EXCEL,PENDING_OWNER_EXCEL,PENDING_OWNER_EXCEL,PENDING_OWNER_EXCEL,PENDING_OWNER_EXCEL,PENDING_OWNER_EXCEL,PENDING_OWNER_EXCEL,PENDING_OWNER_EXCEL,PENDING,NO,NOT_FINAL (D-27)
IN,★★★★,SUCROSE,,,,Biały cukier krystaliczny — 100% cukier,,N/A_GENERIC,PENDING_OWNER_EXCEL,N/A (global PI),N/A (global PI),N/A (global PI),PENDING_OWNER_EXCEL,PENDING_OWNER_EXCEL,PENDING_OWNER_EXCEL,PENDING_OWNER_EXCEL,PENDING_OWNER_EXCEL,PENDING,NO,NOT_FINAL (D-27)
IN,★★★★,DEXTROSE,,,,Gujarat Ambuja Dextrose Monohydrate Powder,,BRAK,PENDING_OWNER_EXCEL,PENDING_OWNER_EXCEL,PENDING_OWNER_EXCEL,PENDING_OWNER_EXCEL,PENDING_OWNER_EXCEL,PENDING_OWNER_EXCEL,PENDING_OWNER_EXCEL,PENDING_OWNER_EXCEL,PENDING_OWNER_EXCEL,PENDING,NO,NOT_FINAL (D-27)
IN,★★★★,STABILIZER,,,,Tara Gum Food Grade,,BRAK,PENDING_OWNER_EXCEL,PENDING_OWNER_EXCEL,PENDING_OWNER_EXCEL,PENDING_OWNER_EXCEL,PENDING_OWNER_EXCEL,PENDING_OWNER_EXCEL,PENDING_OWNER_EXCEL,PENDING_OWNER_EXCEL,PENDING_OWNER_EXCEL,PENDING,NO,NOT_FINAL (D-27)
IS,★★★★,MILK,,,,MS Nýmjólk 1 l,5690527101011,CONFIRMED,PENDING_OWNER_EXCEL,PENDING_OWNER_EXCEL,PENDING_OWNER_EXCEL,PENDING_OWNER_EXCEL,PENDING_OWNER_EXCEL,PENDING_OWNER_EXCEL,PENDING_OWNER_EXCEL,PENDING_OWNER_EXCEL,PENDING_OWNER_EXCEL,PENDING,NO,NOT_FINAL (D-27)
IS,★★★★,CREAM,,,,MS Rjómi 36% 500 ml,5690527172011,CONFIRMED,PENDING_OWNER_EXCEL,PENDING_OWNER_EXCEL,PENDING_OWNER_EXCEL,PENDING_OWNER_EXCEL,PENDING_OWNER_EXCEL,PENDING_OWNER_EXCEL,PENDING_OWNER_EXCEL,PENDING_OWNER_EXCEL,PENDING_OWNER_EXCEL,PENDING,NO,NOT_FINAL (D-27)
IS,★★★★,SMP,,,,Undanrennuduft úða/iðn 25 kg,5690516075156,CONFIRMED,PENDING_OWNER_EXCEL,PENDING_OWNER_EXCEL,PENDING_OWNER_EXCEL,PENDING_OWNER_EXCEL,PENDING_OWNER_EXCEL,PENDING_OWNER_EXCEL,PENDING_OWNER_EXCEL,PENDING_OWNER_EXCEL,PENDING_OWNER_EXCEL,PENDING,NO,NOT_FINAL (D-27)
IS,★★★★,SUCROSE,,,,Biały cukier krystaliczny — 100% cukier,,N/A_GENERIC,PENDING_OWNER_EXCEL,N/A (global PI),N/A (global PI),N/A (global PI),PENDING_OWNER_EXCEL,PENDING_OWNER_EXCEL,PENDING_OWNER_EXCEL,PENDING_OWNER_EXCEL,PENDING_OWNER_EXCEL,PENDING,NO,NOT_FINAL (D-27)
IS,★★★★,DEXTROSE,,,,Dextrose Powder Unflavoured 1 kg,5060326271725,LEAD,PENDING_OWNER_EXCEL,PENDING_OWNER_EXCEL,PENDING_OWNER_EXCEL,PENDING_OWNER_EXCEL,PENDING_OWNER_EXCEL,PENDING_OWNER_EXCEL,PENDING_OWNER_EXCEL,PENDING_OWNER_EXCEL,PENDING_OWNER_EXCEL,PENDING,NO,NOT_FINAL (D-27)
IS,★★★★,STABILIZER,,,,Pure Tara Gum Powder 50 g,819543011967,LEAD,PENDING_OWNER_EXCEL,PENDING_OWNER_EXCEL,PENDING_OWNER_EXCEL,PENDING_OWNER_EXCEL,PENDING_OWNER_EXCEL,PENDING_OWNER_EXCEL,PENDING_OWNER_EXCEL,PENDING_OWNER_EXCEL,PENDING_OWNER_EXCEL,PENDING,NO,NOT_FINAL (D-27)
IT,★★★★★,MILK,,,,Granarolo Latte Intero UHT,8002670169607,CONFIRMED,PENDING_OWNER_EXCEL,PENDING_OWNER_EXCEL,PENDING_OWNER_EXCEL,PENDING_OWNER_EXCEL,PENDING_OWNER_EXCEL,PENDING_OWNER_EXCEL,PENDING_OWNER_EXCEL,PENDING_OWNER_EXCEL,PENDING_OWNER_EXCEL,PENDING,NO,NOT_FINAL (D-27)
IT,★★★★★,CREAM,,,,Meggle Panna non zuccherata da montare e per cucinare UHT 30% 200 ml,4034900027405,CONFIRMED,PENDING_OWNER_EXCEL,PENDING_OWNER_EXCEL,PENDING_OWNER_EXCEL,PENDING_OWNER_EXCEL,PENDING_OWNER_EXCEL,PENDING_OWNER_EXCEL,PENDING_OWNER_EXCEL,PENDING_OWNER_EXCEL,PENDING_OWNER_EXCEL,PENDING,NO,NOT_FINAL (D-27)
IT,★★★★★,SMP,,,,Latte scremato in polvere istantaneo,8004990133030,CONFIRMED,PENDING_OWNER_EXCEL,PENDING_OWNER_EXCEL,PENDING_OWNER_EXCEL,PENDING_OWNER_EXCEL,PENDING_OWNER_EXCEL,PENDING_OWNER_EXCEL,PENDING_OWNER_EXCEL,PENDING_OWNER_EXCEL,PENDING_OWNER_EXCEL,PENDING,NO,NOT_FINAL (D-27)
IT,★★★★★,SUCROSE,,,,Biały cukier krystaliczny — 100% cukier,,N/A_GENERIC,PENDING_OWNER_EXCEL,N/A (global PI),N/A (global PI),N/A (global PI),PENDING_OWNER_EXCEL,PENDING_OWNER_EXCEL,PENDING_OWNER_EXCEL,PENDING_OWNER_EXCEL,PENDING_OWNER_EXCEL,PENDING,NO,NOT_FINAL (D-27)
IT,★★★★★,DEXTROSE,,,,Destrosio Monoidrato 1kg,8050246530061,LEAD,PENDING_OWNER_EXCEL,PENDING_OWNER_EXCEL,PENDING_OWNER_EXCEL,PENDING_OWNER_EXCEL,PENDING_OWNER_EXCEL,PENDING_OWNER_EXCEL,PENDING_OWNER_EXCEL,PENDING_OWNER_EXCEL,PENDING_OWNER_EXCEL,PENDING,NO,NOT_FINAL (D-27)
IT,★★★★★,STABILIZER,,,,SaporePuro Farina di Semi di Tara / Gomma di Tara E417,8055728540170,LEAD,PENDING_OWNER_EXCEL,PENDING_OWNER_EXCEL,PENDING_OWNER_EXCEL,PENDING_OWNER_EXCEL,PENDING_OWNER_EXCEL,PENDING_OWNER_EXCEL,PENDING_OWNER_EXCEL,PENDING_OWNER_EXCEL,PENDING_OWNER_EXCEL,PENDING,NO,NOT_FINAL (D-27)
JP,★★★★,MILK,,,,Hokkaido Hidaka 3.6 Long Life Milk 200 ml,4955447100416,LEAD,PENDING_OWNER_EXCEL,PENDING_OWNER_EXCEL,PENDING_OWNER_EXCEL,PENDING_OWNER_EXCEL,PENDING_OWNER_EXCEL,PENDING_OWNER_EXCEL,PENDING_OWNER_EXCEL,PENDING_OWNER_EXCEL,PENDING_OWNER_EXCEL,PENDING,NO,NOT_FINAL (D-27)
JP,★★★★,CREAM,,,,Le Gall Crème fleurette entière 30% MG,3252920035502,LEAD,PENDING_OWNER_EXCEL,PENDING_OWNER_EXCEL,PENDING_OWNER_EXCEL,PENDING_OWNER_EXCEL,PENDING_OWNER_EXCEL,PENDING_OWNER_EXCEL,PENDING_OWNER_EXCEL,PENDING_OWNER_EXCEL,PENDING_OWNER_EXCEL,PENDING,NO,NOT_FINAL (D-27)
JP,★★★★,SMP,,,,よつ葉 北海道スキムミルク (Yotsuba Hokkaido Skim Milk),4908013127805,LEAD,PENDING_OWNER_EXCEL,PENDING_OWNER_EXCEL,PENDING_OWNER_EXCEL,PENDING_OWNER_EXCEL,PENDING_OWNER_EXCEL,PENDING_OWNER_EXCEL,PENDING_OWNER_EXCEL,PENDING_OWNER_EXCEL,PENDING_OWNER_EXCEL,PENDING,NO,NOT_FINAL (D-27)
JP,★★★★,SUCROSE,,,,Biały cukier krystaliczny — 100% cukier,,N/A_GENERIC,PENDING_OWNER_EXCEL,N/A (global PI),N/A (global PI),N/A (global PI),PENDING_OWNER_EXCEL,PENDING_OWNER_EXCEL,PENDING_OWNER_EXCEL,PENDING_OWNER_EXCEL,PENDING_OWNER_EXCEL,PENDING,NO,NOT_FINAL (D-27)
JP,★★★★,DEXTROSE,,,,ブドウ糖 / 含水結晶ぶどう糖 1kg,,BRAK,PENDING_OWNER_EXCEL,PENDING_OWNER_EXCEL,PENDING_OWNER_EXCEL,PENDING_OWNER_EXCEL,PENDING_OWNER_EXCEL,PENDING_OWNER_EXCEL,PENDING_OWNER_EXCEL,PENDING_OWNER_EXCEL,PENDING_OWNER_EXCEL,PENDING,NO,NOT_FINAL (D-27)
JP,★★★★,STABILIZER,,,,"スピノガムD (Spinogum D), tara gum",,BRAK,PENDING_OWNER_EXCEL,PENDING_OWNER_EXCEL,PENDING_OWNER_EXCEL,PENDING_OWNER_EXCEL,PENDING_OWNER_EXCEL,PENDING_OWNER_EXCEL,PENDING_OWNER_EXCEL,PENDING_OWNER_EXCEL,PENDING_OWNER_EXCEL,PENDING,NO,NOT_FINAL (D-27)
KE,★★★★,MILK,,,,Almarai Long Life Milk Full Fat 200 ml,6281007032568,LEAD,PENDING_OWNER_EXCEL,PENDING_OWNER_EXCEL,PENDING_OWNER_EXCEL,PENDING_OWNER_EXCEL,PENDING_OWNER_EXCEL,PENDING_OWNER_EXCEL,PENDING_OWNER_EXCEL,PENDING_OWNER_EXCEL,PENDING_OWNER_EXCEL,PENDING,NO,NOT_FINAL (D-27)
KE,★★★★,CREAM,,,,Emborg Natural Whipping Cream UHT 35%,5701215046375,CONFIRMED,PENDING_OWNER_EXCEL,PENDING_OWNER_EXCEL,PENDING_OWNER_EXCEL,PENDING_OWNER_EXCEL,PENDING_OWNER_EXCEL,PENDING_OWNER_EXCEL,PENDING_OWNER_EXCEL,PENDING_OWNER_EXCEL,PENDING_OWNER_EXCEL,PENDING,NO,NOT_FINAL (D-27)
KE,★★★★,SMP,,,,NOW Real Food Organic Non-Fat Dry Milk Powder,733739058324,LEAD,PENDING_OWNER_EXCEL,PENDING_OWNER_EXCEL,PENDING_OWNER_EXCEL,PENDING_OWNER_EXCEL,PENDING_OWNER_EXCEL,PENDING_OWNER_EXCEL,PENDING_OWNER_EXCEL,PENDING_OWNER_EXCEL,PENDING_OWNER_EXCEL,PENDING,NO,NOT_FINAL (D-27)
KE,★★★★,SUCROSE,,,,Biały cukier krystaliczny — 100% cukier,,N/A_GENERIC,PENDING_OWNER_EXCEL,N/A (global PI),N/A (global PI),N/A (global PI),PENDING_OWNER_EXCEL,PENDING_OWNER_EXCEL,PENDING_OWNER_EXCEL,PENDING_OWNER_EXCEL,PENDING_OWNER_EXCEL,PENDING,NO,NOT_FINAL (D-27)
KE,★★★★,DEXTROSE,,,,Dextrose Monohydrate (food grade),,BRAK,PENDING_OWNER_EXCEL,PENDING_OWNER_EXCEL,PENDING_OWNER_EXCEL,PENDING_OWNER_EXCEL,PENDING_OWNER_EXCEL,PENDING_OWNER_EXCEL,PENDING_OWNER_EXCEL,PENDING_OWNER_EXCEL,PENDING_OWNER_EXCEL,PENDING,NO,NOT_FINAL (D-27)
KE,★★★★,STABILIZER,,,,Modernist Pantry Pure Tara Gum Powder,,BRAK,PENDING_OWNER_EXCEL,PENDING_OWNER_EXCEL,PENDING_OWNER_EXCEL,PENDING_OWNER_EXCEL,PENDING_OWNER_EXCEL,PENDING_OWNER_EXCEL,PENDING_OWNER_EXCEL,PENDING_OWNER_EXCEL,PENDING_OWNER_EXCEL,PENDING,NO,NOT_FINAL (D-27)
KR,★★★★,MILK,,,,"Maeil Milk Original 3,6% 900 ml",8801121772874,LEAD,PENDING_OWNER_EXCEL,PENDING_OWNER_EXCEL,PENDING_OWNER_EXCEL,PENDING_OWNER_EXCEL,PENDING_OWNER_EXCEL,PENDING_OWNER_EXCEL,PENDING_OWNER_EXCEL,PENDING_OWNER_EXCEL,PENDING_OWNER_EXCEL,PENDING,NO,NOT_FINAL (D-27)
KR,★★★★,CREAM,,,,Paysan Breton UHT Cooking & Whipping Cream 30%,3412290032215,CONFIRMED,PENDING_OWNER_EXCEL,PENDING_OWNER_EXCEL,PENDING_OWNER_EXCEL,PENDING_OWNER_EXCEL,PENDING_OWNER_EXCEL,PENDING_OWNER_EXCEL,PENDING_OWNER_EXCEL,PENDING_OWNER_EXCEL,PENDING_OWNER_EXCEL,PENDING,NO,NOT_FINAL (D-27)
KR,★★★★,SMP,,,,서울우유 탈지분유 (Seoul Skim Milk Powder),8801115421078,CONFIRMED,PENDING_OWNER_EXCEL,PENDING_OWNER_EXCEL,PENDING_OWNER_EXCEL,PENDING_OWNER_EXCEL,PENDING_OWNER_EXCEL,PENDING_OWNER_EXCEL,PENDING_OWNER_EXCEL,PENDING_OWNER_EXCEL,PENDING_OWNER_EXCEL,PENDING,NO,NOT_FINAL (D-27)
KR,★★★★,SUCROSE,,,,Biały cukier krystaliczny — 100% cukier,,N/A_GENERIC,PENDING_OWNER_EXCEL,N/A (global PI),N/A (global PI),N/A (global PI),PENDING_OWNER_EXCEL,PENDING_OWNER_EXCEL,PENDING_OWNER_EXCEL,PENDING_OWNER_EXCEL,PENDING_OWNER_EXCEL,PENDING,NO,NOT_FINAL (D-27)
KR,★★★★,DEXTROSE,,,,함수결정포도당 Dextrose Monohydrate 1kg,,BRAK,PENDING_OWNER_EXCEL,PENDING_OWNER_EXCEL,PENDING_OWNER_EXCEL,PENDING_OWNER_EXCEL,PENDING_OWNER_EXCEL,PENDING_OWNER_EXCEL,PENDING_OWNER_EXCEL,PENDING_OWNER_EXCEL,PENDING_OWNER_EXCEL,PENDING,NO,NOT_FINAL (D-27)
KR,★★★★,STABILIZER,,,,Tara Gum 50gr. / Gomma di Tara E417,8055728540170,LEAD,PENDING_OWNER_EXCEL,PENDING_OWNER_EXCEL,PENDING_OWNER_EXCEL,PENDING_OWNER_EXCEL,PENDING_OWNER_EXCEL,PENDING_OWNER_EXCEL,PENDING_OWNER_EXCEL,PENDING_OWNER_EXCEL,PENDING_OWNER_EXCEL,PENDING,NO,NOT_FINAL (D-27)
KW,★★★★,MILK,,,,Fresh Milk Full Fat 1L,6281007040235,LEAD,PENDING_OWNER_EXCEL,PENDING_OWNER_EXCEL,PENDING_OWNER_EXCEL,PENDING_OWNER_EXCEL,PENDING_OWNER_EXCEL,PENDING_OWNER_EXCEL,PENDING_OWNER_EXCEL,PENDING_OWNER_EXCEL,PENDING_OWNER_EXCEL,PENDING,NO,NOT_FINAL (D-27)
KW,★★★★,CREAM,,,,Paysan Breton La Crème Pâtisserie & Cuisine UHT 30%,3412290032215,LEAD,PENDING_OWNER_EXCEL,PENDING_OWNER_EXCEL,PENDING_OWNER_EXCEL,PENDING_OWNER_EXCEL,PENDING_OWNER_EXCEL,PENDING_OWNER_EXCEL,PENDING_OWNER_EXCEL,PENDING_OWNER_EXCEL,PENDING_OWNER_EXCEL,PENDING,NO,NOT_FINAL (D-27)
KW,★★★★,SMP,,,,Régilait Instant Skimmed Milk Powder 0% Fat,3043931691418,LEAD,PENDING_OWNER_EXCEL,PENDING_OWNER_EXCEL,PENDING_OWNER_EXCEL,PENDING_OWNER_EXCEL,PENDING_OWNER_EXCEL,PENDING_OWNER_EXCEL,PENDING_OWNER_EXCEL,PENDING_OWNER_EXCEL,PENDING_OWNER_EXCEL,PENDING,NO,NOT_FINAL (D-27)
KW,★★★★,SUCROSE,,,,Biały cukier krystaliczny — 100% cukier,,N/A_GENERIC,PENDING_OWNER_EXCEL,N/A (global PI),N/A (global PI),N/A (global PI),PENDING_OWNER_EXCEL,PENDING_OWNER_EXCEL,PENDING_OWNER_EXCEL,PENDING_OWNER_EXCEL,PENDING_OWNER_EXCEL,PENDING,NO,NOT_FINAL (D-27)
KW,★★★★,DEXTROSE,,,,Dextrose Monohydrate – food applications,,BRAK,PENDING_OWNER_EXCEL,PENDING_OWNER_EXCEL,PENDING_OWNER_EXCEL,PENDING_OWNER_EXCEL,PENDING_OWNER_EXCEL,PENDING_OWNER_EXCEL,PENDING_OWNER_EXCEL,PENDING_OWNER_EXCEL,PENDING_OWNER_EXCEL,PENDING,NO,NOT_FINAL (D-27)
KW,★★★★,STABILIZER,,,,Modernist Pantry Pure Tara Gum Powder,819543011967,LEAD,PENDING_OWNER_EXCEL,PENDING_OWNER_EXCEL,PENDING_OWNER_EXCEL,PENDING_OWNER_EXCEL,PENDING_OWNER_EXCEL,PENDING_OWNER_EXCEL,PENDING_OWNER_EXCEL,PENDING_OWNER_EXCEL,PENDING_OWNER_EXCEL,PENDING,NO,NOT_FINAL (D-27)
LK,★★★★,MILK,,,,Ambewela Fresh Milk Full Cream UHT Treated 1000 ml,4792116211000,CONFIRMED,PENDING_OWNER_EXCEL,PENDING_OWNER_EXCEL,PENDING_OWNER_EXCEL,PENDING_OWNER_EXCEL,PENDING_OWNER_EXCEL,PENDING_OWNER_EXCEL,PENDING_OWNER_EXCEL,PENDING_OWNER_EXCEL,PENDING_OWNER_EXCEL,PENDING,NO,NOT_FINAL (D-27)
LK,★★★★,CREAM,,,,Puck Whipping Cream UHT 34% minimum fat,5700426230177,LEAD,PENDING_OWNER_EXCEL,PENDING_OWNER_EXCEL,PENDING_OWNER_EXCEL,PENDING_OWNER_EXCEL,PENDING_OWNER_EXCEL,PENDING_OWNER_EXCEL,PENDING_OWNER_EXCEL,PENDING_OWNER_EXCEL,PENDING_OWNER_EXCEL,PENDING,NO,NOT_FINAL (D-27)
LK,★★★★,SMP,,,,Real Food Organic Non-Fat Dry Milk Powder,733739058324,LEAD,PENDING_OWNER_EXCEL,PENDING_OWNER_EXCEL,PENDING_OWNER_EXCEL,PENDING_OWNER_EXCEL,PENDING_OWNER_EXCEL,PENDING_OWNER_EXCEL,PENDING_OWNER_EXCEL,PENDING_OWNER_EXCEL,PENDING_OWNER_EXCEL,PENDING,NO,NOT_FINAL (D-27)
LK,★★★★,SUCROSE,,,,Biały cukier krystaliczny — 100% cukier,,N/A_GENERIC,PENDING_OWNER_EXCEL,N/A (global PI),N/A (global PI),N/A (global PI),PENDING_OWNER_EXCEL,PENDING_OWNER_EXCEL,PENDING_OWNER_EXCEL,PENDING_OWNER_EXCEL,PENDING_OWNER_EXCEL,PENDING,NO,NOT_FINAL (D-27)
LK,★★★★,DEXTROSE,,,,Likemta Dextrose Monohydrate,,BRAK,PENDING_OWNER_EXCEL,PENDING_OWNER_EXCEL,PENDING_OWNER_EXCEL,PENDING_OWNER_EXCEL,PENDING_OWNER_EXCEL,PENDING_OWNER_EXCEL,PENDING_OWNER_EXCEL,PENDING_OWNER_EXCEL,PENDING_OWNER_EXCEL,PENDING,NO,NOT_FINAL (D-27)
LK,★★★★,STABILIZER,,,,Organic Tara Gum Powder,653981866129,LEAD,PENDING_OWNER_EXCEL,PENDING_OWNER_EXCEL,PENDING_OWNER_EXCEL,PENDING_OWNER_EXCEL,PENDING_OWNER_EXCEL,PENDING_OWNER_EXCEL,PENDING_OWNER_EXCEL,PENDING_OWNER_EXCEL,PENDING_OWNER_EXCEL,PENDING,NO,NOT_FINAL (D-27)
LT,★★★★,MILK,,,,"Pienas MŪ UAT 3,5% rieb. 1 l",4770265041259,CONFIRMED,PENDING_OWNER_EXCEL,PENDING_OWNER_EXCEL,PENDING_OWNER_EXCEL,PENDING_OWNER_EXCEL,PENDING_OWNER_EXCEL,PENDING_OWNER_EXCEL,PENDING_OWNER_EXCEL,PENDING_OWNER_EXCEL,PENDING_OWNER_EXCEL,PENDING,NO,NOT_FINAL (D-27)
LT,★★★★,CREAM,,,,Meadow Star UHT whipping cream 30%,5901432003261,LEAD,PENDING_OWNER_EXCEL,PENDING_OWNER_EXCEL,PENDING_OWNER_EXCEL,PENDING_OWNER_EXCEL,PENDING_OWNER_EXCEL,PENDING_OWNER_EXCEL,PENDING_OWNER_EXCEL,PENDING_OWNER_EXCEL,PENDING_OWNER_EXCEL,PENDING,NO,NOT_FINAL (D-27)
LT,★★★★,SMP,,,,Lieso pieno milteliai,,BRAK,PENDING_OWNER_EXCEL,PENDING_OWNER_EXCEL,PENDING_OWNER_EXCEL,PENDING_OWNER_EXCEL,PENDING_OWNER_EXCEL,PENDING_OWNER_EXCEL,PENDING_OWNER_EXCEL,PENDING_OWNER_EXCEL,PENDING_OWNER_EXCEL,PENDING,NO,NOT_FINAL (D-27)
LT,★★★★,SUCROSE,,,,Biały cukier krystaliczny — 100% cukier,,N/A_GENERIC,PENDING_OWNER_EXCEL,N/A (global PI),N/A (global PI),N/A (global PI),PENDING_OWNER_EXCEL,PENDING_OWNER_EXCEL,PENDING_OWNER_EXCEL,PENDING_OWNER_EXCEL,PENDING_OWNER_EXCEL,PENDING,NO,NOT_FINAL (D-27)
LT,★★★★,DEXTROSE,,,,"ICONFIT Dextro, czysta dekstroza w proszku",4744130012590,CONFIRMED,PENDING_OWNER_EXCEL,PENDING_OWNER_EXCEL,PENDING_OWNER_EXCEL,PENDING_OWNER_EXCEL,PENDING_OWNER_EXCEL,PENDING_OWNER_EXCEL,PENDING_OWNER_EXCEL,PENDING_OWNER_EXCEL,PENDING_OWNER_EXCEL,PENDING,NO,NOT_FINAL (D-27)
LT,★★★★,STABILIZER,,,,Tara guma,,BRAK,PENDING_OWNER_EXCEL,PENDING_OWNER_EXCEL,PENDING_OWNER_EXCEL,PENDING_OWNER_EXCEL,PENDING_OWNER_EXCEL,PENDING_OWNER_EXCEL,PENDING_OWNER_EXCEL,PENDING_OWNER_EXCEL,PENDING_OWNER_EXCEL,PENDING,NO,NOT_FINAL (D-27)
LU,★★★★,MILK,,,,"Luxlait UHT Whole Milk 3,5% 1 L",5450168511507,CONFIRMED,PENDING_OWNER_EXCEL,PENDING_OWNER_EXCEL,PENDING_OWNER_EXCEL,PENDING_OWNER_EXCEL,PENDING_OWNER_EXCEL,PENDING_OWNER_EXCEL,PENDING_OWNER_EXCEL,PENDING_OWNER_EXCEL,PENDING_OWNER_EXCEL,PENDING,NO,NOT_FINAL (D-27)
LU,★★★★,CREAM,,,,Luxlait Crème UHT L’entière 30% 200 ml,5450168531871,CONFIRMED,PENDING_OWNER_EXCEL,PENDING_OWNER_EXCEL,PENDING_OWNER_EXCEL,PENDING_OWNER_EXCEL,PENDING_OWNER_EXCEL,PENDING_OWNER_EXCEL,PENDING_OWNER_EXCEL,PENDING_OWNER_EXCEL,PENDING_OWNER_EXCEL,PENDING,NO,NOT_FINAL (D-27)
LU,★★★★,SMP,,,,Lait en poudre écrémé,3254560079519,CONFIRMED,PENDING_OWNER_EXCEL,PENDING_OWNER_EXCEL,PENDING_OWNER_EXCEL,PENDING_OWNER_EXCEL,PENDING_OWNER_EXCEL,PENDING_OWNER_EXCEL,PENDING_OWNER_EXCEL,PENDING_OWNER_EXCEL,PENDING_OWNER_EXCEL,PENDING,NO,NOT_FINAL (D-27)
LU,★★★★,SUCROSE,,,,Biały cukier krystaliczny — 100% cukier,,N/A_GENERIC,PENDING_OWNER_EXCEL,N/A (global PI),N/A (global PI),N/A (global PI),PENDING_OWNER_EXCEL,PENDING_OWNER_EXCEL,PENDING_OWNER_EXCEL,PENDING_OWNER_EXCEL,PENDING_OWNER_EXCEL,PENDING,NO,NOT_FINAL (D-27)
LU,★★★★,DEXTROSE,,,,Dextrose Monohydraté,,BRAK,PENDING_OWNER_EXCEL,PENDING_OWNER_EXCEL,PENDING_OWNER_EXCEL,PENDING_OWNER_EXCEL,PENDING_OWNER_EXCEL,PENDING_OWNER_EXCEL,PENDING_OWNER_EXCEL,PENDING_OWNER_EXCEL,PENDING_OWNER_EXCEL,PENDING,NO,NOT_FINAL (D-27)
LU,★★★★,STABILIZER,,,,SaporePuro Farina di Semi di Tara / Gomma di Tara E417,8055728540170,LEAD,PENDING_OWNER_EXCEL,PENDING_OWNER_EXCEL,PENDING_OWNER_EXCEL,PENDING_OWNER_EXCEL,PENDING_OWNER_EXCEL,PENDING_OWNER_EXCEL,PENDING_OWNER_EXCEL,PENDING_OWNER_EXCEL,PENDING_OWNER_EXCEL,PENDING,NO,NOT_FINAL (D-27)
LV,★★★★,MILK,,,,"Piens MŪ 3,5% tauku 1 l",4770265041259,LEAD,PENDING_OWNER_EXCEL,PENDING_OWNER_EXCEL,PENDING_OWNER_EXCEL,PENDING_OWNER_EXCEL,PENDING_OWNER_EXCEL,PENDING_OWNER_EXCEL,PENDING_OWNER_EXCEL,PENDING_OWNER_EXCEL,PENDING_OWNER_EXCEL,PENDING,NO,NOT_FINAL (D-27)
LV,★★★★,CREAM,,,,Meadow Star UHT whipping cream 30%,5901432003261,LEAD,PENDING_OWNER_EXCEL,PENDING_OWNER_EXCEL,PENDING_OWNER_EXCEL,PENDING_OWNER_EXCEL,PENDING_OWNER_EXCEL,PENDING_OWNER_EXCEL,PENDING_OWNER_EXCEL,PENDING_OWNER_EXCEL,PENDING_OWNER_EXCEL,PENDING,NO,NOT_FINAL (D-27)
LV,★★★★,SMP,,,,Vājpiena pulveris,,BRAK,PENDING_OWNER_EXCEL,PENDING_OWNER_EXCEL,PENDING_OWNER_EXCEL,PENDING_OWNER_EXCEL,PENDING_OWNER_EXCEL,PENDING_OWNER_EXCEL,PENDING_OWNER_EXCEL,PENDING_OWNER_EXCEL,PENDING_OWNER_EXCEL,PENDING,NO,NOT_FINAL (D-27)
LV,★★★★,SUCROSE,,,,Biały cukier krystaliczny — 100% cukier,,N/A_GENERIC,PENDING_OWNER_EXCEL,N/A (global PI),N/A (global PI),N/A (global PI),PENDING_OWNER_EXCEL,PENDING_OWNER_EXCEL,PENDING_OWNER_EXCEL,PENDING_OWNER_EXCEL,PENDING_OWNER_EXCEL,PENDING,NO,NOT_FINAL (D-27)
LV,★★★★,DEXTROSE,,,,"ICONFIT Dextro, czysta dekstroza w proszku",4744130012590,CONFIRMED,PENDING_OWNER_EXCEL,PENDING_OWNER_EXCEL,PENDING_OWNER_EXCEL,PENDING_OWNER_EXCEL,PENDING_OWNER_EXCEL,PENDING_OWNER_EXCEL,PENDING_OWNER_EXCEL,PENDING_OWNER_EXCEL,PENDING_OWNER_EXCEL,PENDING,NO,NOT_FINAL (D-27)
LV,★★★★,STABILIZER,,,,SaporePuro Farina di Semi di Tara / Gomma di Tara E417,8055728540170,LEAD,PENDING_OWNER_EXCEL,PENDING_OWNER_EXCEL,PENDING_OWNER_EXCEL,PENDING_OWNER_EXCEL,PENDING_OWNER_EXCEL,PENDING_OWNER_EXCEL,PENDING_OWNER_EXCEL,PENDING_OWNER_EXCEL,PENDING_OWNER_EXCEL,PENDING,NO,NOT_FINAL (D-27)
MA,★★★★,MILK,,,,Lait de vache stérilisé UHT entier 3.5% M.G. 1L,8410285127347,LEAD,PENDING_OWNER_EXCEL,PENDING_OWNER_EXCEL,PENDING_OWNER_EXCEL,PENDING_OWNER_EXCEL,PENDING_OWNER_EXCEL,PENDING_OWNER_EXCEL,PENDING_OWNER_EXCEL,PENDING_OWNER_EXCEL,PENDING_OWNER_EXCEL,PENDING,NO,NOT_FINAL (D-27)
MA,★★★★,CREAM,,,,Bridélice Crème UHT entière fluide 30% MG,3155250367834,LEAD,PENDING_OWNER_EXCEL,PENDING_OWNER_EXCEL,PENDING_OWNER_EXCEL,PENDING_OWNER_EXCEL,PENDING_OWNER_EXCEL,PENDING_OWNER_EXCEL,PENDING_OWNER_EXCEL,PENDING_OWNER_EXCEL,PENDING_OWNER_EXCEL,PENDING,NO,NOT_FINAL (D-27)
MA,★★★★,SMP,,,,NOW Real Food Organic Non-Fat Dry Milk Powder,733739058324,LEAD,PENDING_OWNER_EXCEL,PENDING_OWNER_EXCEL,PENDING_OWNER_EXCEL,PENDING_OWNER_EXCEL,PENDING_OWNER_EXCEL,PENDING_OWNER_EXCEL,PENDING_OWNER_EXCEL,PENDING_OWNER_EXCEL,PENDING_OWNER_EXCEL,PENDING,NO,NOT_FINAL (D-27)
MA,★★★★,SUCROSE,,,,Biały cukier krystaliczny — 100% cukier,,N/A_GENERIC,PENDING_OWNER_EXCEL,N/A (global PI),N/A (global PI),N/A (global PI),PENDING_OWNER_EXCEL,PENDING_OWNER_EXCEL,PENDING_OWNER_EXCEL,PENDING_OWNER_EXCEL,PENDING_OWNER_EXCEL,PENDING,NO,NOT_FINAL (D-27)
MA,★★★★,DEXTROSE,,,,Dextrose Monohydrate 25kg,,BRAK,PENDING_OWNER_EXCEL,PENDING_OWNER_EXCEL,PENDING_OWNER_EXCEL,PENDING_OWNER_EXCEL,PENDING_OWNER_EXCEL,PENDING_OWNER_EXCEL,PENDING_OWNER_EXCEL,PENDING_OWNER_EXCEL,PENDING_OWNER_EXCEL,PENDING,NO,NOT_FINAL (D-27)
MA,★★★★,STABILIZER,,,,E417 - Gomme de Tara / Tara Gum,,BRAK,PENDING_OWNER_EXCEL,PENDING_OWNER_EXCEL,PENDING_OWNER_EXCEL,PENDING_OWNER_EXCEL,PENDING_OWNER_EXCEL,PENDING_OWNER_EXCEL,PENDING_OWNER_EXCEL,PENDING_OWNER_EXCEL,PENDING_OWNER_EXCEL,PENDING,NO,NOT_FINAL (D-27)
MT,★★★★,MILK,,,,"Benna Fresh Whole Milk 3,5% 1 L",5350066100042,CONFIRMED,PENDING_OWNER_EXCEL,PENDING_OWNER_EXCEL,PENDING_OWNER_EXCEL,PENDING_OWNER_EXCEL,PENDING_OWNER_EXCEL,PENDING_OWNER_EXCEL,PENDING_OWNER_EXCEL,PENDING_OWNER_EXCEL,PENDING_OWNER_EXCEL,PENDING,NO,NOT_FINAL (D-27)
MT,★★★★,CREAM,,,,Président Crème UHT semi-épaisse entière 30% MG 2×25cl,3155250367896,LEAD,PENDING_OWNER_EXCEL,PENDING_OWNER_EXCEL,PENDING_OWNER_EXCEL,PENDING_OWNER_EXCEL,PENDING_OWNER_EXCEL,PENDING_OWNER_EXCEL,PENDING_OWNER_EXCEL,PENDING_OWNER_EXCEL,PENDING_OWNER_EXCEL,PENDING,NO,NOT_FINAL (D-27)
MT,★★★★,SMP,,,,Skimmed Milk Powder,3043939531112,CONFIRMED,PENDING_OWNER_EXCEL,PENDING_OWNER_EXCEL,PENDING_OWNER_EXCEL,PENDING_OWNER_EXCEL,PENDING_OWNER_EXCEL,PENDING_OWNER_EXCEL,PENDING_OWNER_EXCEL,PENDING_OWNER_EXCEL,PENDING_OWNER_EXCEL,PENDING,NO,NOT_FINAL (D-27)
MT,★★★★,SUCROSE,,,,Biały cukier krystaliczny — 100% cukier,,N/A_GENERIC,PENDING_OWNER_EXCEL,N/A (global PI),N/A (global PI),N/A (global PI),PENDING_OWNER_EXCEL,PENDING_OWNER_EXCEL,PENDING_OWNER_EXCEL,PENDING_OWNER_EXCEL,PENDING_OWNER_EXCEL,PENDING,NO,NOT_FINAL (D-27)
MT,★★★★,DEXTROSE,,,,Destrosio Monoidrato 1kg,8050246530061,LEAD,PENDING_OWNER_EXCEL,PENDING_OWNER_EXCEL,PENDING_OWNER_EXCEL,PENDING_OWNER_EXCEL,PENDING_OWNER_EXCEL,PENDING_OWNER_EXCEL,PENDING_OWNER_EXCEL,PENDING_OWNER_EXCEL,PENDING_OWNER_EXCEL,PENDING,NO,NOT_FINAL (D-27)
MT,★★★★,STABILIZER,,,,SaporePuro Farina di Semi di Tara / Gomma di Tara E417,8055728540170,LEAD,PENDING_OWNER_EXCEL,PENDING_OWNER_EXCEL,PENDING_OWNER_EXCEL,PENDING_OWNER_EXCEL,PENDING_OWNER_EXCEL,PENDING_OWNER_EXCEL,PENDING_OWNER_EXCEL,PENDING_OWNER_EXCEL,PENDING_OWNER_EXCEL,PENDING,NO,NOT_FINAL (D-27)
MX,★★★★,MILK,,,,"Alpura Clásica Leche Entera UHT 3,4% 1 L",7501055900039,CONFIRMED,PENDING_OWNER_EXCEL,PENDING_OWNER_EXCEL,PENDING_OWNER_EXCEL,PENDING_OWNER_EXCEL,PENDING_OWNER_EXCEL,PENDING_OWNER_EXCEL,PENDING_OWNER_EXCEL,PENDING_OWNER_EXCEL,PENDING_OWNER_EXCEL,PENDING,NO,NOT_FINAL (D-27)
MX,★★★★,CREAM,,,,Lyncott Crema para Batir 500 ml,7501092101031,CONFIRMED,PENDING_OWNER_EXCEL,PENDING_OWNER_EXCEL,PENDING_OWNER_EXCEL,PENDING_OWNER_EXCEL,PENDING_OWNER_EXCEL,PENDING_OWNER_EXCEL,PENDING_OWNER_EXCEL,PENDING_OWNER_EXCEL,PENDING_OWNER_EXCEL,PENDING,NO,NOT_FINAL (D-27)
MX,★★★★,SMP,,,,NOW Real Food Organic Non-Fat Dry Milk Powder,733739058324,LEAD,PENDING_OWNER_EXCEL,PENDING_OWNER_EXCEL,PENDING_OWNER_EXCEL,PENDING_OWNER_EXCEL,PENDING_OWNER_EXCEL,PENDING_OWNER_EXCEL,PENDING_OWNER_EXCEL,PENDING_OWNER_EXCEL,PENDING_OWNER_EXCEL,PENDING,NO,NOT_FINAL (D-27)
MX,★★★★,SUCROSE,,,,Biały cukier krystaliczny — 100% cukier,,N/A_GENERIC,PENDING_OWNER_EXCEL,N/A (global PI),N/A (global PI),N/A (global PI),PENDING_OWNER_EXCEL,PENDING_OWNER_EXCEL,PENDING_OWNER_EXCEL,PENDING_OWNER_EXCEL,PENDING_OWNER_EXCEL,PENDING,NO,NOT_FINAL (D-27)
MX,★★★★,DEXTROSE,,,,Dextrosa monohidratada,,BRAK,PENDING_OWNER_EXCEL,PENDING_OWNER_EXCEL,PENDING_OWNER_EXCEL,PENDING_OWNER_EXCEL,PENDING_OWNER_EXCEL,PENDING_OWNER_EXCEL,PENDING_OWNER_EXCEL,PENDING_OWNER_EXCEL,PENDING_OWNER_EXCEL,PENDING,NO,NOT_FINAL (D-27)
MX,★★★★,STABILIZER,,,,Goma Tara — oferta spożywcza B2B,,BRAK,PENDING_OWNER_EXCEL,PENDING_OWNER_EXCEL,PENDING_OWNER_EXCEL,PENDING_OWNER_EXCEL,PENDING_OWNER_EXCEL,PENDING_OWNER_EXCEL,PENDING_OWNER_EXCEL,PENDING_OWNER_EXCEL,PENDING_OWNER_EXCEL,PENDING,NO,NOT_FINAL (D-27)
MY,★★★★,MILK,,,,"Emborg UHT Full Cream Milk 3,5% 1 L",5701215046832,LEAD,PENDING_OWNER_EXCEL,PENDING_OWNER_EXCEL,PENDING_OWNER_EXCEL,PENDING_OWNER_EXCEL,PENDING_OWNER_EXCEL,PENDING_OWNER_EXCEL,PENDING_OWNER_EXCEL,PENDING_OWNER_EXCEL,PENDING_OWNER_EXCEL,PENDING,NO,NOT_FINAL (D-27)
MY,★★★★,CREAM,,,,Emborg Natural Whipping Cream UHT 35.1% 200 ml,5701215046375,LEAD,PENDING_OWNER_EXCEL,PENDING_OWNER_EXCEL,PENDING_OWNER_EXCEL,PENDING_OWNER_EXCEL,PENDING_OWNER_EXCEL,PENDING_OWNER_EXCEL,PENDING_OWNER_EXCEL,PENDING_OWNER_EXCEL,PENDING_OWNER_EXCEL,PENDING,NO,NOT_FINAL (D-27)
MY,★★★★,SMP,,,,Sunlac Low Fat Instant Skim Milk Powder,9556958338807,CONFIRMED,PENDING_OWNER_EXCEL,PENDING_OWNER_EXCEL,PENDING_OWNER_EXCEL,PENDING_OWNER_EXCEL,PENDING_OWNER_EXCEL,PENDING_OWNER_EXCEL,PENDING_OWNER_EXCEL,PENDING_OWNER_EXCEL,PENDING_OWNER_EXCEL,PENDING,NO,NOT_FINAL (D-27)
MY,★★★★,SUCROSE,,,,Biały cukier krystaliczny — 100% cukier,,N/A_GENERIC,PENDING_OWNER_EXCEL,N/A (global PI),N/A (global PI),N/A (global PI),PENDING_OWNER_EXCEL,PENDING_OWNER_EXCEL,PENDING_OWNER_EXCEL,PENDING_OWNER_EXCEL,PENDING_OWNER_EXCEL,PENDING,NO,NOT_FINAL (D-27)
MY,★★★★,DEXTROSE,,,,Pastry Pro Dextrose Monohydrate Food Grade 1kg,,BRAK,PENDING_OWNER_EXCEL,PENDING_OWNER_EXCEL,PENDING_OWNER_EXCEL,PENDING_OWNER_EXCEL,PENDING_OWNER_EXCEL,PENDING_OWNER_EXCEL,PENDING_OWNER_EXCEL,PENDING_OWNER_EXCEL,PENDING_OWNER_EXCEL,PENDING,NO,NOT_FINAL (D-27)
MY,★★★★,STABILIZER,,,,Tara Gum Powder / Serbuk Gam Tara,,BRAK,PENDING_OWNER_EXCEL,PENDING_OWNER_EXCEL,PENDING_OWNER_EXCEL,PENDING_OWNER_EXCEL,PENDING_OWNER_EXCEL,PENDING_OWNER_EXCEL,PENDING_OWNER_EXCEL,PENDING_OWNER_EXCEL,PENDING_OWNER_EXCEL,PENDING,NO,NOT_FINAL (D-27)
NG,★★★★,MILK,,,,"Peak UHT Full Cream Milk 3,6% 1 L",8716200612883,LEAD,PENDING_OWNER_EXCEL,PENDING_OWNER_EXCEL,PENDING_OWNER_EXCEL,PENDING_OWNER_EXCEL,PENDING_OWNER_EXCEL,PENDING_OWNER_EXCEL,PENDING_OWNER_EXCEL,PENDING_OWNER_EXCEL,PENDING_OWNER_EXCEL,PENDING,NO,NOT_FINAL (D-27)
NG,★★★★,CREAM,,,,Emborg Natural Whipping Cream UHT 35%,5701215046375,LEAD,PENDING_OWNER_EXCEL,PENDING_OWNER_EXCEL,PENDING_OWNER_EXCEL,PENDING_OWNER_EXCEL,PENDING_OWNER_EXCEL,PENDING_OWNER_EXCEL,PENDING_OWNER_EXCEL,PENDING_OWNER_EXCEL,PENDING_OWNER_EXCEL,PENDING,NO,NOT_FINAL (D-27)
NG,★★★★,SMP,,,,NOW Real Food Organic Non-Fat Dry Milk Powder,733739058324,LEAD,PENDING_OWNER_EXCEL,PENDING_OWNER_EXCEL,PENDING_OWNER_EXCEL,PENDING_OWNER_EXCEL,PENDING_OWNER_EXCEL,PENDING_OWNER_EXCEL,PENDING_OWNER_EXCEL,PENDING_OWNER_EXCEL,PENDING_OWNER_EXCEL,PENDING,NO,NOT_FINAL (D-27)
NG,★★★★,SUCROSE,,,,Biały cukier krystaliczny — 100% cukier,,N/A_GENERIC,PENDING_OWNER_EXCEL,N/A (global PI),N/A (global PI),N/A (global PI),PENDING_OWNER_EXCEL,PENDING_OWNER_EXCEL,PENDING_OWNER_EXCEL,PENDING_OWNER_EXCEL,PENDING_OWNER_EXCEL,PENDING,NO,NOT_FINAL (D-27)
NG,★★★★,DEXTROSE,,,,Dextrose Monohydrate – Food Grade Glucose Powder,,BRAK,PENDING_OWNER_EXCEL,PENDING_OWNER_EXCEL,PENDING_OWNER_EXCEL,PENDING_OWNER_EXCEL,PENDING_OWNER_EXCEL,PENDING_OWNER_EXCEL,PENDING_OWNER_EXCEL,PENDING_OWNER_EXCEL,PENDING_OWNER_EXCEL,PENDING,NO,NOT_FINAL (D-27)
NG,★★★★,STABILIZER,,,,Cape Crystal Brands Tara Gum Powder,711221973058,LEAD,PENDING_OWNER_EXCEL,PENDING_OWNER_EXCEL,PENDING_OWNER_EXCEL,PENDING_OWNER_EXCEL,PENDING_OWNER_EXCEL,PENDING_OWNER_EXCEL,PENDING_OWNER_EXCEL,PENDING_OWNER_EXCEL,PENDING_OWNER_EXCEL,PENDING,NO,NOT_FINAL (D-27)
NL,★★★★★,MILK,,,,Campina Langlekker Volle Melk 1 L,8712800147770,CONFIRMED,PENDING_OWNER_EXCEL,PENDING_OWNER_EXCEL,PENDING_OWNER_EXCEL,PENDING_OWNER_EXCEL,PENDING_OWNER_EXCEL,PENDING_OWNER_EXCEL,PENDING_OWNER_EXCEL,PENDING_OWNER_EXCEL,PENDING_OWNER_EXCEL,PENDING,NO,NOT_FINAL (D-27)
NL,★★★★★,CREAM,,,,AH Slagroom houdbaar 30% 200 ml,8718907237888,CONFIRMED,PENDING_OWNER_EXCEL,PENDING_OWNER_EXCEL,PENDING_OWNER_EXCEL,PENDING_OWNER_EXCEL,PENDING_OWNER_EXCEL,PENDING_OWNER_EXCEL,PENDING_OWNER_EXCEL,PENDING_OWNER_EXCEL,PENDING_OWNER_EXCEL,PENDING,NO,NOT_FINAL (D-27)
NL,★★★★★,SMP,,,,Mattisson Biologische Magere Melkpoeder 450 g,8717677967827,CONFIRMED,PENDING_OWNER_EXCEL,PENDING_OWNER_EXCEL,PENDING_OWNER_EXCEL,PENDING_OWNER_EXCEL,PENDING_OWNER_EXCEL,PENDING_OWNER_EXCEL,PENDING_OWNER_EXCEL,PENDING_OWNER_EXCEL,PENDING_OWNER_EXCEL,PENDING,NO,NOT_FINAL (D-27)
NL,★★★★★,SUCROSE,,,,Biały cukier krystaliczny — 100% cukier,,N/A_GENERIC,PENDING_OWNER_EXCEL,N/A (global PI),N/A (global PI),N/A (global PI),PENDING_OWNER_EXCEL,PENDING_OWNER_EXCEL,PENDING_OWNER_EXCEL,PENDING_OWNER_EXCEL,PENDING_OWNER_EXCEL,PENDING,NO,NOT_FINAL (D-27)
NL,★★★★★,DEXTROSE,,,,Dextrose 5 kg,,BRAK,PENDING_OWNER_EXCEL,PENDING_OWNER_EXCEL,PENDING_OWNER_EXCEL,PENDING_OWNER_EXCEL,PENDING_OWNER_EXCEL,PENDING_OWNER_EXCEL,PENDING_OWNER_EXCEL,PENDING_OWNER_EXCEL,PENDING_OWNER_EXCEL,PENDING,NO,NOT_FINAL (D-27)
NL,★★★★★,STABILIZER,,,,SaporePuro Farina di Semi di Tara / Gomma di Tara E417,8055728540170,LEAD,PENDING_OWNER_EXCEL,PENDING_OWNER_EXCEL,PENDING_OWNER_EXCEL,PENDING_OWNER_EXCEL,PENDING_OWNER_EXCEL,PENDING_OWNER_EXCEL,PENDING_OWNER_EXCEL,PENDING_OWNER_EXCEL,PENDING_OWNER_EXCEL,PENDING,NO,NOT_FINAL (D-27)
NO,★★★★★,MILK,,,,"TINE Helmelk 3,5% fett 1 L",7038010000065,CONFIRMED,PENDING_OWNER_EXCEL,PENDING_OWNER_EXCEL,PENDING_OWNER_EXCEL,PENDING_OWNER_EXCEL,PENDING_OWNER_EXCEL,PENDING_OWNER_EXCEL,PENDING_OWNER_EXCEL,PENDING_OWNER_EXCEL,PENDING_OWNER_EXCEL,PENDING,NO,NOT_FINAL (D-27)
NO,★★★★★,CREAM,,,,TINE Kremfløte 37% 3 dl,7038010041914,CONFIRMED,PENDING_OWNER_EXCEL,PENDING_OWNER_EXCEL,PENDING_OWNER_EXCEL,PENDING_OWNER_EXCEL,PENDING_OWNER_EXCEL,PENDING_OWNER_EXCEL,PENDING_OWNER_EXCEL,PENDING_OWNER_EXCEL,PENDING_OWNER_EXCEL,PENDING,NO,NOT_FINAL (D-27)
NO,★★★★★,SMP,,,,Nestlé Skimmed Milk Powder 500 g,8445291393738,CONFIRMED,PENDING_OWNER_EXCEL,PENDING_OWNER_EXCEL,PENDING_OWNER_EXCEL,PENDING_OWNER_EXCEL,PENDING_OWNER_EXCEL,PENDING_OWNER_EXCEL,PENDING_OWNER_EXCEL,PENDING_OWNER_EXCEL,PENDING_OWNER_EXCEL,PENDING,NO,NOT_FINAL (D-27)
NO,★★★★★,SUCROSE,,,,Biały cukier krystaliczny — 100% cukier,,N/A_GENERIC,PENDING_OWNER_EXCEL,N/A (global PI),N/A (global PI),N/A (global PI),PENDING_OWNER_EXCEL,PENDING_OWNER_EXCEL,PENDING_OWNER_EXCEL,PENDING_OWNER_EXCEL,PENDING_OWNER_EXCEL,PENDING,NO,NOT_FINAL (D-27)
NO,★★★★★,DEXTROSE,,,,Urtegaarden Druesukker 500 g,5709286720064,CONFIRMED,PENDING_OWNER_EXCEL,PENDING_OWNER_EXCEL,PENDING_OWNER_EXCEL,PENDING_OWNER_EXCEL,PENDING_OWNER_EXCEL,PENDING_OWNER_EXCEL,PENDING_OWNER_EXCEL,PENDING_OWNER_EXCEL,PENDING_OWNER_EXCEL,PENDING,NO,NOT_FINAL (D-27)
NO,★★★★★,STABILIZER,,,,Tarakernmehl / Tara gum 100 g,4251510635756,LEAD,PENDING_OWNER_EXCEL,PENDING_OWNER_EXCEL,PENDING_OWNER_EXCEL,PENDING_OWNER_EXCEL,PENDING_OWNER_EXCEL,PENDING_OWNER_EXCEL,PENDING_OWNER_EXCEL,PENDING_OWNER_EXCEL,PENDING_OWNER_EXCEL,PENDING,NO,NOT_FINAL (D-27)
NZ,★★★★★,MILK,,,,Anchor Blue Milk 2 L,94152210,CONFIRMED,PENDING_OWNER_EXCEL,PENDING_OWNER_EXCEL,PENDING_OWNER_EXCEL,PENDING_OWNER_EXCEL,PENDING_OWNER_EXCEL,PENDING_OWNER_EXCEL,PENDING_OWNER_EXCEL,PENDING_OWNER_EXCEL,PENDING_OWNER_EXCEL,PENDING,NO,NOT_FINAL (D-27)
NZ,★★★★★,CREAM,,,,Anchor Long Life Dessert Cream Original,94150803,LEAD,PENDING_OWNER_EXCEL,PENDING_OWNER_EXCEL,PENDING_OWNER_EXCEL,PENDING_OWNER_EXCEL,PENDING_OWNER_EXCEL,PENDING_OWNER_EXCEL,PENDING_OWNER_EXCEL,PENDING_OWNER_EXCEL,PENDING_OWNER_EXCEL,PENDING,NO,NOT_FINAL (D-27)
NZ,★★★★★,SMP,,,,Woolworths Milk Skim Powder,9300633765712,LEAD,PENDING_OWNER_EXCEL,PENDING_OWNER_EXCEL,PENDING_OWNER_EXCEL,PENDING_OWNER_EXCEL,PENDING_OWNER_EXCEL,PENDING_OWNER_EXCEL,PENDING_OWNER_EXCEL,PENDING_OWNER_EXCEL,PENDING_OWNER_EXCEL,PENDING,NO,NOT_FINAL (D-27)
NZ,★★★★★,SUCROSE,,,,Biały cukier krystaliczny — 100% cukier,,N/A_GENERIC,PENDING_OWNER_EXCEL,N/A (global PI),N/A (global PI),N/A (global PI),PENDING_OWNER_EXCEL,PENDING_OWNER_EXCEL,PENDING_OWNER_EXCEL,PENDING_OWNER_EXCEL,PENDING_OWNER_EXCEL,PENDING,NO,NOT_FINAL (D-27)
NZ,★★★★★,DEXTROSE,,,,Lotus Glucose Powder (Dextrose) 500g,9317127061786,LEAD,PENDING_OWNER_EXCEL,PENDING_OWNER_EXCEL,PENDING_OWNER_EXCEL,PENDING_OWNER_EXCEL,PENDING_OWNER_EXCEL,PENDING_OWNER_EXCEL,PENDING_OWNER_EXCEL,PENDING_OWNER_EXCEL,PENDING_OWNER_EXCEL,PENDING,NO,NOT_FINAL (D-27)
NZ,★★★★★,STABILIZER,,,,Tara Gum 50gr. / Gomma di Tara E417,8055728540170,LEAD,PENDING_OWNER_EXCEL,PENDING_OWNER_EXCEL,PENDING_OWNER_EXCEL,PENDING_OWNER_EXCEL,PENDING_OWNER_EXCEL,PENDING_OWNER_EXCEL,PENDING_OWNER_EXCEL,PENDING_OWNER_EXCEL,PENDING_OWNER_EXCEL,PENDING,NO,NOT_FINAL (D-27)
OM,★★★★,MILK,,,,Mazoon UHT Full Fat Milk 1 L,6073000051499,CONFIRMED,PENDING_OWNER_EXCEL,PENDING_OWNER_EXCEL,PENDING_OWNER_EXCEL,PENDING_OWNER_EXCEL,PENDING_OWNER_EXCEL,PENDING_OWNER_EXCEL,PENDING_OWNER_EXCEL,PENDING_OWNER_EXCEL,PENDING_OWNER_EXCEL,PENDING,NO,NOT_FINAL (D-27)
OM,★★★★,CREAM,,,,Puck Whipping Cream UHT,5700426230177,LEAD,PENDING_OWNER_EXCEL,PENDING_OWNER_EXCEL,PENDING_OWNER_EXCEL,PENDING_OWNER_EXCEL,PENDING_OWNER_EXCEL,PENDING_OWNER_EXCEL,PENDING_OWNER_EXCEL,PENDING_OWNER_EXCEL,PENDING_OWNER_EXCEL,PENDING,NO,NOT_FINAL (D-27)
OM,★★★★,SMP,,,,NOW Real Food Organic Non-Fat Dry Milk Powder,733739058324,LEAD,PENDING_OWNER_EXCEL,PENDING_OWNER_EXCEL,PENDING_OWNER_EXCEL,PENDING_OWNER_EXCEL,PENDING_OWNER_EXCEL,PENDING_OWNER_EXCEL,PENDING_OWNER_EXCEL,PENDING_OWNER_EXCEL,PENDING_OWNER_EXCEL,PENDING,NO,NOT_FINAL (D-27)
OM,★★★★,SUCROSE,,,,Biały cukier krystaliczny — 100% cukier,,N/A_GENERIC,PENDING_OWNER_EXCEL,N/A (global PI),N/A (global PI),N/A (global PI),PENDING_OWNER_EXCEL,PENDING_OWNER_EXCEL,PENDING_OWNER_EXCEL,PENDING_OWNER_EXCEL,PENDING_OWNER_EXCEL,PENDING,NO,NOT_FINAL (D-27)
OM,★★★★,DEXTROSE,,,,Dextrose Monohydrate 1kg,,BRAK,PENDING_OWNER_EXCEL,PENDING_OWNER_EXCEL,PENDING_OWNER_EXCEL,PENDING_OWNER_EXCEL,PENDING_OWNER_EXCEL,PENDING_OWNER_EXCEL,PENDING_OWNER_EXCEL,PENDING_OWNER_EXCEL,PENDING_OWNER_EXCEL,PENDING,NO,NOT_FINAL (D-27)
OM,★★★★,STABILIZER,,,,Modernist Pantry Pure Tara Gum Powder,819543011967,LEAD,PENDING_OWNER_EXCEL,PENDING_OWNER_EXCEL,PENDING_OWNER_EXCEL,PENDING_OWNER_EXCEL,PENDING_OWNER_EXCEL,PENDING_OWNER_EXCEL,PENDING_OWNER_EXCEL,PENDING_OWNER_EXCEL,PENDING_OWNER_EXCEL,PENDING,NO,NOT_FINAL (D-27)
PA,★★★★,MILK,,,,Estrella Azul D'Oro Leche Entera 946ml,0088209013366,LEAD,PENDING_OWNER_EXCEL,PENDING_OWNER_EXCEL,PENDING_OWNER_EXCEL,PENDING_OWNER_EXCEL,PENDING_OWNER_EXCEL,PENDING_OWNER_EXCEL,PENDING_OWNER_EXCEL,PENDING_OWNER_EXCEL,PENDING_OWNER_EXCEL,PENDING,NO,NOT_FINAL (D-27)
PA,★★★★,CREAM,,,,Emborg Natural Whipping Cream UHT 35.1% 200 ml,5701215046375,LEAD,PENDING_OWNER_EXCEL,PENDING_OWNER_EXCEL,PENDING_OWNER_EXCEL,PENDING_OWNER_EXCEL,PENDING_OWNER_EXCEL,PENDING_OWNER_EXCEL,PENDING_OWNER_EXCEL,PENDING_OWNER_EXCEL,PENDING_OWNER_EXCEL,PENDING,NO,NOT_FINAL (D-27)
PA,★★★★,SMP,,,,NOW Real Food Organic Non-Fat Dry Milk Powder,733739058324,LEAD,PENDING_OWNER_EXCEL,PENDING_OWNER_EXCEL,PENDING_OWNER_EXCEL,PENDING_OWNER_EXCEL,PENDING_OWNER_EXCEL,PENDING_OWNER_EXCEL,PENDING_OWNER_EXCEL,PENDING_OWNER_EXCEL,PENDING_OWNER_EXCEL,PENDING,NO,NOT_FINAL (D-27)
PA,★★★★,SUCROSE,,,,Biały cukier krystaliczny — 100% cukier,,N/A_GENERIC,PENDING_OWNER_EXCEL,N/A (global PI),N/A (global PI),N/A (global PI),PENDING_OWNER_EXCEL,PENDING_OWNER_EXCEL,PENDING_OWNER_EXCEL,PENDING_OWNER_EXCEL,PENDING_OWNER_EXCEL,PENDING,NO,NOT_FINAL (D-27)
PA,★★★★,DEXTROSE,,,,DEXTROSA MONOHIDRATADA BOLSA 1 Kg,,BRAK,PENDING_OWNER_EXCEL,PENDING_OWNER_EXCEL,PENDING_OWNER_EXCEL,PENDING_OWNER_EXCEL,PENDING_OWNER_EXCEL,PENDING_OWNER_EXCEL,PENDING_OWNER_EXCEL,PENDING_OWNER_EXCEL,PENDING_OWNER_EXCEL,PENDING,NO,NOT_FINAL (D-27)
PA,★★★★,STABILIZER,,,,Tara Gum — Home 50g,819543011967,LEAD,PENDING_OWNER_EXCEL,PENDING_OWNER_EXCEL,PENDING_OWNER_EXCEL,PENDING_OWNER_EXCEL,PENDING_OWNER_EXCEL,PENDING_OWNER_EXCEL,PENDING_OWNER_EXCEL,PENDING_OWNER_EXCEL,PENDING_OWNER_EXCEL,PENDING,NO,NOT_FINAL (D-27)
PH,★★★★,MILK,,,,Emborg Full Cream Milk 3.5% 1L,5701215046832,LEAD,PENDING_OWNER_EXCEL,PENDING_OWNER_EXCEL,PENDING_OWNER_EXCEL,PENDING_OWNER_EXCEL,PENDING_OWNER_EXCEL,PENDING_OWNER_EXCEL,PENDING_OWNER_EXCEL,PENDING_OWNER_EXCEL,PENDING_OWNER_EXCEL,PENDING,NO,NOT_FINAL (D-27)
PH,★★★★,CREAM,,,,Emborg Natural Whipping Cream UHT 35.1% 200 ml,5701215046375,LEAD,PENDING_OWNER_EXCEL,PENDING_OWNER_EXCEL,PENDING_OWNER_EXCEL,PENDING_OWNER_EXCEL,PENDING_OWNER_EXCEL,PENDING_OWNER_EXCEL,PENDING_OWNER_EXCEL,PENDING_OWNER_EXCEL,PENDING_OWNER_EXCEL,PENDING,NO,NOT_FINAL (D-27)
PH,★★★★,SMP,,,,Devondale Instant Skim Milk Powder,9300639999005,LEAD,PENDING_OWNER_EXCEL,PENDING_OWNER_EXCEL,PENDING_OWNER_EXCEL,PENDING_OWNER_EXCEL,PENDING_OWNER_EXCEL,PENDING_OWNER_EXCEL,PENDING_OWNER_EXCEL,PENDING_OWNER_EXCEL,PENDING_OWNER_EXCEL,PENDING,NO,NOT_FINAL (D-27)
PH,★★★★,SUCROSE,,,,Biały cukier krystaliczny — 100% cukier,,N/A_GENERIC,PENDING_OWNER_EXCEL,N/A (global PI),N/A (global PI),N/A (global PI),PENDING_OWNER_EXCEL,PENDING_OWNER_EXCEL,PENDING_OWNER_EXCEL,PENDING_OWNER_EXCEL,PENDING_OWNER_EXCEL,PENDING,NO,NOT_FINAL (D-27)
PH,★★★★,DEXTROSE,,,,Purechem Dextrose Monohydrate,,BRAK,PENDING_OWNER_EXCEL,PENDING_OWNER_EXCEL,PENDING_OWNER_EXCEL,PENDING_OWNER_EXCEL,PENDING_OWNER_EXCEL,PENDING_OWNER_EXCEL,PENDING_OWNER_EXCEL,PENDING_OWNER_EXCEL,PENDING_OWNER_EXCEL,PENDING,NO,NOT_FINAL (D-27)
PH,★★★★,STABILIZER,,,,Tara Gum — Home 50g,819543011967,LEAD,PENDING_OWNER_EXCEL,PENDING_OWNER_EXCEL,PENDING_OWNER_EXCEL,PENDING_OWNER_EXCEL,PENDING_OWNER_EXCEL,PENDING_OWNER_EXCEL,PENDING_OWNER_EXCEL,PENDING_OWNER_EXCEL,PENDING_OWNER_EXCEL,PENDING,NO,NOT_FINAL (D-27)
PK,★★★★,MILK,,,,Nestlé Milkpak Full Cream UHT Milk 1000ml,8961008219561,CONFIRMED,PENDING_OWNER_EXCEL,PENDING_OWNER_EXCEL,PENDING_OWNER_EXCEL,PENDING_OWNER_EXCEL,PENDING_OWNER_EXCEL,PENDING_OWNER_EXCEL,PENDING_OWNER_EXCEL,PENDING_OWNER_EXCEL,PENDING_OWNER_EXCEL,PENDING,NO,NOT_FINAL (D-27)
PK,★★★★,CREAM,,,,Président Whipping Cream UHT 35.1%,3155253004699,CONFIRMED,PENDING_OWNER_EXCEL,PENDING_OWNER_EXCEL,PENDING_OWNER_EXCEL,PENDING_OWNER_EXCEL,PENDING_OWNER_EXCEL,PENDING_OWNER_EXCEL,PENDING_OWNER_EXCEL,PENDING_OWNER_EXCEL,PENDING_OWNER_EXCEL,PENDING,NO,NOT_FINAL (D-27)
PK,★★★★,SMP,,,,Real Food Organic Non-Fat Dry Milk Powder,733739058324,LEAD,PENDING_OWNER_EXCEL,PENDING_OWNER_EXCEL,PENDING_OWNER_EXCEL,PENDING_OWNER_EXCEL,PENDING_OWNER_EXCEL,PENDING_OWNER_EXCEL,PENDING_OWNER_EXCEL,PENDING_OWNER_EXCEL,PENDING_OWNER_EXCEL,PENDING,NO,NOT_FINAL (D-27)
PK,★★★★,SUCROSE,,,,Biały cukier krystaliczny — 100% cukier,,N/A_GENERIC,PENDING_OWNER_EXCEL,N/A (global PI),N/A (global PI),N/A (global PI),PENDING_OWNER_EXCEL,PENDING_OWNER_EXCEL,PENDING_OWNER_EXCEL,PENDING_OWNER_EXCEL,PENDING_OWNER_EXCEL,PENDING,NO,NOT_FINAL (D-27)
PK,★★★★,DEXTROSE,,,,Confectoland Glucose Powder (Dextrose) – Premium Sweetener 250g,,BRAK,PENDING_OWNER_EXCEL,PENDING_OWNER_EXCEL,PENDING_OWNER_EXCEL,PENDING_OWNER_EXCEL,PENDING_OWNER_EXCEL,PENDING_OWNER_EXCEL,PENDING_OWNER_EXCEL,PENDING_OWNER_EXCEL,PENDING_OWNER_EXCEL,PENDING,NO,NOT_FINAL (D-27)
PK,★★★★,STABILIZER,,,,Tara Gum [E417] 100% USP Food Grade Powder,,BRAK,PENDING_OWNER_EXCEL,PENDING_OWNER_EXCEL,PENDING_OWNER_EXCEL,PENDING_OWNER_EXCEL,PENDING_OWNER_EXCEL,PENDING_OWNER_EXCEL,PENDING_OWNER_EXCEL,PENDING_OWNER_EXCEL,PENDING_OWNER_EXCEL,PENDING,NO,NOT_FINAL (D-27)
PL,★★★★★,MILK,,,,"Łaciate Mleko UHT 3,5%, 200 ml",5900820016296,CONFIRMED,PENDING_OWNER_EXCEL,PENDING_OWNER_EXCEL,PENDING_OWNER_EXCEL,PENDING_OWNER_EXCEL,PENDING_OWNER_EXCEL,PENDING_OWNER_EXCEL,PENDING_OWNER_EXCEL,PENDING_OWNER_EXCEL,PENDING_OWNER_EXCEL,PENDING,NO,NOT_FINAL (D-27)
PL,★★★★★,CREAM,,,,Śmietanka Polska 30% UHT 1 L,5900512300634,CONFIRMED,PENDING_OWNER_EXCEL,PENDING_OWNER_EXCEL,PENDING_OWNER_EXCEL,PENDING_OWNER_EXCEL,PENDING_OWNER_EXCEL,PENDING_OWNER_EXCEL,PENDING_OWNER_EXCEL,PENDING_OWNER_EXCEL,PENDING_OWNER_EXCEL,PENDING,NO,NOT_FINAL (D-27)
PL,★★★★★,SMP,,,,Mleko w proszku odtłuszczone instant,5900512500546,CONFIRMED,PENDING_OWNER_EXCEL,PENDING_OWNER_EXCEL,PENDING_OWNER_EXCEL,PENDING_OWNER_EXCEL,PENDING_OWNER_EXCEL,PENDING_OWNER_EXCEL,PENDING_OWNER_EXCEL,PENDING_OWNER_EXCEL,PENDING_OWNER_EXCEL,PENDING,NO,NOT_FINAL (D-27)
PL,★★★★★,SUCROSE,,,,Biały cukier krystaliczny — 100% cukier,,N/A_GENERIC,PENDING_OWNER_EXCEL,N/A (global PI),N/A (global PI),N/A (global PI),PENDING_OWNER_EXCEL,PENDING_OWNER_EXCEL,PENDING_OWNER_EXCEL,PENDING_OWNER_EXCEL,PENDING_OWNER_EXCEL,PENDING,NO,NOT_FINAL (D-27)
PL,★★★★★,DEXTROSE,,,,Dekstroza – glukoza spożywcza jednowodna 100g,,BRAK,PENDING_OWNER_EXCEL,PENDING_OWNER_EXCEL,PENDING_OWNER_EXCEL,PENDING_OWNER_EXCEL,PENDING_OWNER_EXCEL,PENDING_OWNER_EXCEL,PENDING_OWNER_EXCEL,PENDING_OWNER_EXCEL,PENDING_OWNER_EXCEL,PENDING,NO,NOT_FINAL (D-27)
PL,★★★★★,STABILIZER,,,,Guma Tara (E417) 130002 SEMPRE,,BRAK,PENDING_OWNER_EXCEL,PENDING_OWNER_EXCEL,PENDING_OWNER_EXCEL,PENDING_OWNER_EXCEL,PENDING_OWNER_EXCEL,PENDING_OWNER_EXCEL,PENDING_OWNER_EXCEL,PENDING_OWNER_EXCEL,PENDING_OWNER_EXCEL,PENDING,NO,NOT_FINAL (D-27)
PT,★★★★★,MILK,,,,Leite Mimosa UHT Inteiro 1L,5601049131998,CONFIRMED,PENDING_OWNER_EXCEL,PENDING_OWNER_EXCEL,PENDING_OWNER_EXCEL,PENDING_OWNER_EXCEL,PENDING_OWNER_EXCEL,PENDING_OWNER_EXCEL,PENDING_OWNER_EXCEL,PENDING_OWNER_EXCEL,PENDING_OWNER_EXCEL,PENDING,NO,NOT_FINAL (D-27)
PT,★★★★★,CREAM,,,,Parmalat Nata para Bater 30% 500 ml,5603089007370,CONFIRMED,PENDING_OWNER_EXCEL,PENDING_OWNER_EXCEL,PENDING_OWNER_EXCEL,PENDING_OWNER_EXCEL,PENDING_OWNER_EXCEL,PENDING_OWNER_EXCEL,PENDING_OWNER_EXCEL,PENDING_OWNER_EXCEL,PENDING_OWNER_EXCEL,PENDING,NO,NOT_FINAL (D-27)
PT,★★★★★,SMP,,,,Leite Magro em Pó,3043932663704,CONFIRMED,PENDING_OWNER_EXCEL,PENDING_OWNER_EXCEL,PENDING_OWNER_EXCEL,PENDING_OWNER_EXCEL,PENDING_OWNER_EXCEL,PENDING_OWNER_EXCEL,PENDING_OWNER_EXCEL,PENDING_OWNER_EXCEL,PENDING_OWNER_EXCEL,PENDING,NO,NOT_FINAL (D-27)
PT,★★★★★,SUCROSE,,,,Biały cukier krystaliczny — 100% cukier,,N/A_GENERIC,PENDING_OWNER_EXCEL,N/A (global PI),N/A (global PI),N/A (global PI),PENDING_OWNER_EXCEL,PENDING_OWNER_EXCEL,PENDING_OWNER_EXCEL,PENDING_OWNER_EXCEL,PENDING_OWNER_EXCEL,PENDING,NO,NOT_FINAL (D-27)
PT,★★★★★,DEXTROSE,,,,Zumub Dextrose 1kg,5600985800333,CONFIRMED,PENDING_OWNER_EXCEL,PENDING_OWNER_EXCEL,PENDING_OWNER_EXCEL,PENDING_OWNER_EXCEL,PENDING_OWNER_EXCEL,PENDING_OWNER_EXCEL,PENDING_OWNER_EXCEL,PENDING_OWNER_EXCEL,PENDING_OWNER_EXCEL,PENDING,NO,NOT_FINAL (D-27)
PT,★★★★★,STABILIZER,,,,SaporePuro Farina di Semi di Tara / Gomma di Tara E417,8055728540170,LEAD,PENDING_OWNER_EXCEL,PENDING_OWNER_EXCEL,PENDING_OWNER_EXCEL,PENDING_OWNER_EXCEL,PENDING_OWNER_EXCEL,PENDING_OWNER_EXCEL,PENDING_OWNER_EXCEL,PENDING_OWNER_EXCEL,PENDING_OWNER_EXCEL,PENDING,NO,NOT_FINAL (D-27)
QA,★★★★,MILK,,,,Organic Milk Full Fat 200ml,5711953072352,LEAD,PENDING_OWNER_EXCEL,PENDING_OWNER_EXCEL,PENDING_OWNER_EXCEL,PENDING_OWNER_EXCEL,PENDING_OWNER_EXCEL,PENDING_OWNER_EXCEL,PENDING_OWNER_EXCEL,PENDING_OWNER_EXCEL,PENDING_OWNER_EXCEL,PENDING,NO,NOT_FINAL (D-27)
QA,★★★★,CREAM,,,,Paysan Breton La Crème Pâtisserie & Cuisine UHT 30%,3412290032215,LEAD,PENDING_OWNER_EXCEL,PENDING_OWNER_EXCEL,PENDING_OWNER_EXCEL,PENDING_OWNER_EXCEL,PENDING_OWNER_EXCEL,PENDING_OWNER_EXCEL,PENDING_OWNER_EXCEL,PENDING_OWNER_EXCEL,PENDING_OWNER_EXCEL,PENDING,NO,NOT_FINAL (D-27)
QA,★★★★,SMP,,,,Régilait Instant Skimmed Milk Powder 0% Fat,3043931691418,CONFIRMED,PENDING_OWNER_EXCEL,PENDING_OWNER_EXCEL,PENDING_OWNER_EXCEL,PENDING_OWNER_EXCEL,PENDING_OWNER_EXCEL,PENDING_OWNER_EXCEL,PENDING_OWNER_EXCEL,PENDING_OWNER_EXCEL,PENDING_OWNER_EXCEL,PENDING,NO,NOT_FINAL (D-27)
QA,★★★★,SUCROSE,,,,Biały cukier krystaliczny — 100% cukier,,N/A_GENERIC,PENDING_OWNER_EXCEL,N/A (global PI),N/A (global PI),N/A (global PI),PENDING_OWNER_EXCEL,PENDING_OWNER_EXCEL,PENDING_OWNER_EXCEL,PENDING_OWNER_EXCEL,PENDING_OWNER_EXCEL,PENDING,NO,NOT_FINAL (D-27)
QA,★★★★,DEXTROSE,,,,Dextrose Monohydrate 1kg,,BRAK,PENDING_OWNER_EXCEL,PENDING_OWNER_EXCEL,PENDING_OWNER_EXCEL,PENDING_OWNER_EXCEL,PENDING_OWNER_EXCEL,PENDING_OWNER_EXCEL,PENDING_OWNER_EXCEL,PENDING_OWNER_EXCEL,PENDING_OWNER_EXCEL,PENDING,NO,NOT_FINAL (D-27)
QA,★★★★,STABILIZER,,,,Modernist Pantry Pure Tara Gum Powder,819543011967,LEAD,PENDING_OWNER_EXCEL,PENDING_OWNER_EXCEL,PENDING_OWNER_EXCEL,PENDING_OWNER_EXCEL,PENDING_OWNER_EXCEL,PENDING_OWNER_EXCEL,PENDING_OWNER_EXCEL,PENDING_OWNER_EXCEL,PENDING_OWNER_EXCEL,PENDING,NO,NOT_FINAL (D-27)
RO,★★★★,MILK,,,,"Zuzu lapte de consum integral 3,5% grăsime 1 l",5941355000688,CONFIRMED,PENDING_OWNER_EXCEL,PENDING_OWNER_EXCEL,PENDING_OWNER_EXCEL,PENDING_OWNER_EXCEL,PENDING_OWNER_EXCEL,PENDING_OWNER_EXCEL,PENDING_OWNER_EXCEL,PENDING_OWNER_EXCEL,PENDING_OWNER_EXCEL,PENDING,NO,NOT_FINAL (D-27)
RO,★★★★,CREAM,,,,Meggle Frișcă lichidă UHT 30%,8585002501837,CONFIRMED,PENDING_OWNER_EXCEL,PENDING_OWNER_EXCEL,PENDING_OWNER_EXCEL,PENDING_OWNER_EXCEL,PENDING_OWNER_EXCEL,PENDING_OWNER_EXCEL,PENDING_OWNER_EXCEL,PENDING_OWNER_EXCEL,PENDING_OWNER_EXCEL,PENDING,NO,NOT_FINAL (D-27)
RO,★★★★,SMP,,,,"Lapte praf bio degresat, 1% grasime",6426309006538,CONFIRMED,PENDING_OWNER_EXCEL,PENDING_OWNER_EXCEL,PENDING_OWNER_EXCEL,PENDING_OWNER_EXCEL,PENDING_OWNER_EXCEL,PENDING_OWNER_EXCEL,PENDING_OWNER_EXCEL,PENDING_OWNER_EXCEL,PENDING_OWNER_EXCEL,PENDING,NO,NOT_FINAL (D-27)
RO,★★★★,SUCROSE,,,,Biały cukier krystaliczny — 100% cukier,,N/A_GENERIC,PENDING_OWNER_EXCEL,N/A (global PI),N/A (global PI),N/A (global PI),PENDING_OWNER_EXCEL,PENDING_OWNER_EXCEL,PENDING_OWNER_EXCEL,PENDING_OWNER_EXCEL,PENDING_OWNER_EXCEL,PENDING,NO,NOT_FINAL (D-27)
RO,★★★★,DEXTROSE,,,,"Dextroză - GymBeam, bez dodatków smakowych",8588006139983,CONFIRMED,PENDING_OWNER_EXCEL,PENDING_OWNER_EXCEL,PENDING_OWNER_EXCEL,PENDING_OWNER_EXCEL,PENDING_OWNER_EXCEL,PENDING_OWNER_EXCEL,PENDING_OWNER_EXCEL,PENDING_OWNER_EXCEL,PENDING_OWNER_EXCEL,PENDING,NO,NOT_FINAL (D-27)
RO,★★★★,STABILIZER,,,,SaporePuro Farina di Semi di Tara / Gomma di Tara E417,8055728540170,LEAD,PENDING_OWNER_EXCEL,PENDING_OWNER_EXCEL,PENDING_OWNER_EXCEL,PENDING_OWNER_EXCEL,PENDING_OWNER_EXCEL,PENDING_OWNER_EXCEL,PENDING_OWNER_EXCEL,PENDING_OWNER_EXCEL,PENDING_OWNER_EXCEL,PENDING,NO,NOT_FINAL (D-27)
SA,★★★★,MILK,,,,Almarai Fresh Milk Full Fat 1 L,6281007040235,LEAD,PENDING_OWNER_EXCEL,PENDING_OWNER_EXCEL,PENDING_OWNER_EXCEL,PENDING_OWNER_EXCEL,PENDING_OWNER_EXCEL,PENDING_OWNER_EXCEL,PENDING_OWNER_EXCEL,PENDING_OWNER_EXCEL,PENDING_OWNER_EXCEL,PENDING,NO,NOT_FINAL (D-27)
SA,★★★★,CREAM,,,,Paysan Breton La Crème Pâtisserie & Cuisine UHT 30%,3412290032215,LEAD,PENDING_OWNER_EXCEL,PENDING_OWNER_EXCEL,PENDING_OWNER_EXCEL,PENDING_OWNER_EXCEL,PENDING_OWNER_EXCEL,PENDING_OWNER_EXCEL,PENDING_OWNER_EXCEL,PENDING_OWNER_EXCEL,PENDING_OWNER_EXCEL,PENDING,NO,NOT_FINAL (D-27)
SA,★★★★,SMP,,,,Régilait Instant Skimmed Milk Powder 0% Fat,3043931692415,LEAD,PENDING_OWNER_EXCEL,PENDING_OWNER_EXCEL,PENDING_OWNER_EXCEL,PENDING_OWNER_EXCEL,PENDING_OWNER_EXCEL,PENDING_OWNER_EXCEL,PENDING_OWNER_EXCEL,PENDING_OWNER_EXCEL,PENDING_OWNER_EXCEL,PENDING,NO,NOT_FINAL (D-27)
SA,★★★★,SUCROSE,,,,Biały cukier krystaliczny — 100% cukier,,N/A_GENERIC,PENDING_OWNER_EXCEL,N/A (global PI),N/A (global PI),N/A (global PI),PENDING_OWNER_EXCEL,PENDING_OWNER_EXCEL,PENDING_OWNER_EXCEL,PENDING_OWNER_EXCEL,PENDING_OWNER_EXCEL,PENDING,NO,NOT_FINAL (D-27)
SA,★★★★,DEXTROSE,,,,DEXTROSE MONOHYDRATE 25kg,,BRAK,PENDING_OWNER_EXCEL,PENDING_OWNER_EXCEL,PENDING_OWNER_EXCEL,PENDING_OWNER_EXCEL,PENDING_OWNER_EXCEL,PENDING_OWNER_EXCEL,PENDING_OWNER_EXCEL,PENDING_OWNER_EXCEL,PENDING_OWNER_EXCEL,PENDING,NO,NOT_FINAL (D-27)
SA,★★★★,STABILIZER,,,,Cape Crystal Brands Tara Gum Powder,711221973058,LEAD,PENDING_OWNER_EXCEL,PENDING_OWNER_EXCEL,PENDING_OWNER_EXCEL,PENDING_OWNER_EXCEL,PENDING_OWNER_EXCEL,PENDING_OWNER_EXCEL,PENDING_OWNER_EXCEL,PENDING_OWNER_EXCEL,PENDING_OWNER_EXCEL,PENDING,NO,NOT_FINAL (D-27)
SE,★★★★★,MILK,,,,"Arla Sødmælk / Mjölk 3,5% UHT 1 L",5709310050303,CONFIRMED,PENDING_OWNER_EXCEL,PENDING_OWNER_EXCEL,PENDING_OWNER_EXCEL,PENDING_OWNER_EXCEL,PENDING_OWNER_EXCEL,PENDING_OWNER_EXCEL,PENDING_OWNER_EXCEL,PENDING_OWNER_EXCEL,PENDING_OWNER_EXCEL,PENDING,NO,NOT_FINAL (D-27)
SE,★★★★★,CREAM,,,,DairyFood Grädde Lång Hållbarhet 30% 2.5 dl,7311043021192,CONFIRMED,PENDING_OWNER_EXCEL,PENDING_OWNER_EXCEL,PENDING_OWNER_EXCEL,PENDING_OWNER_EXCEL,PENDING_OWNER_EXCEL,PENDING_OWNER_EXCEL,PENDING_OWNER_EXCEL,PENDING_OWNER_EXCEL,PENDING_OWNER_EXCEL,PENDING,NO,NOT_FINAL (D-27)
SE,★★★★★,SMP,,,,"Semper Mjölkpulver till bak, mat och dryck 480 g",7310100318985,CONFIRMED,PENDING_OWNER_EXCEL,PENDING_OWNER_EXCEL,PENDING_OWNER_EXCEL,PENDING_OWNER_EXCEL,PENDING_OWNER_EXCEL,PENDING_OWNER_EXCEL,PENDING_OWNER_EXCEL,PENDING_OWNER_EXCEL,PENDING_OWNER_EXCEL,PENDING,NO,NOT_FINAL (D-27)
SE,★★★★★,SUCROSE,,,,Biały cukier krystaliczny — 100% cukier,,N/A_GENERIC,PENDING_OWNER_EXCEL,N/A (global PI),N/A (global PI),N/A (global PI),PENDING_OWNER_EXCEL,PENDING_OWNER_EXCEL,PENDING_OWNER_EXCEL,PENDING_OWNER_EXCEL,PENDING_OWNER_EXCEL,PENDING,NO,NOT_FINAL (D-27)
SE,★★★★★,DEXTROSE,,,,Urtegaarden Druvsocker 500 g,5709286720064,CONFIRMED,PENDING_OWNER_EXCEL,PENDING_OWNER_EXCEL,PENDING_OWNER_EXCEL,PENDING_OWNER_EXCEL,PENDING_OWNER_EXCEL,PENDING_OWNER_EXCEL,PENDING_OWNER_EXCEL,PENDING_OWNER_EXCEL,PENDING_OWNER_EXCEL,PENDING,NO,NOT_FINAL (D-27)
SE,★★★★★,STABILIZER,,,,SaporePuro Farina di Semi di Tara / Gomma di Tara E417,8055728540170,LEAD,PENDING_OWNER_EXCEL,PENDING_OWNER_EXCEL,PENDING_OWNER_EXCEL,PENDING_OWNER_EXCEL,PENDING_OWNER_EXCEL,PENDING_OWNER_EXCEL,PENDING_OWNER_EXCEL,PENDING_OWNER_EXCEL,PENDING_OWNER_EXCEL,PENDING,NO,NOT_FINAL (D-27)
SG,★★★★,MILK,,,,FairPrice UHT Kids Full Cream Packet Milk — Fresh Milk,8888030300749,LEAD,PENDING_OWNER_EXCEL,PENDING_OWNER_EXCEL,PENDING_OWNER_EXCEL,PENDING_OWNER_EXCEL,PENDING_OWNER_EXCEL,PENDING_OWNER_EXCEL,PENDING_OWNER_EXCEL,PENDING_OWNER_EXCEL,PENDING_OWNER_EXCEL,PENDING,NO,NOT_FINAL (D-27)
SG,★★★★,CREAM,,,,Paysan Breton UHT Cooking & Whipping Cream 30%,3412290032215,LEAD,PENDING_OWNER_EXCEL,PENDING_OWNER_EXCEL,PENDING_OWNER_EXCEL,PENDING_OWNER_EXCEL,PENDING_OWNER_EXCEL,PENDING_OWNER_EXCEL,PENDING_OWNER_EXCEL,PENDING_OWNER_EXCEL,PENDING_OWNER_EXCEL,PENDING,NO,NOT_FINAL (D-27)
SG,★★★★,SMP,,,,FairPrice Adult Milk Powder - Skim,8888030307090,CONFIRMED,PENDING_OWNER_EXCEL,PENDING_OWNER_EXCEL,PENDING_OWNER_EXCEL,PENDING_OWNER_EXCEL,PENDING_OWNER_EXCEL,PENDING_OWNER_EXCEL,PENDING_OWNER_EXCEL,PENDING_OWNER_EXCEL,PENDING_OWNER_EXCEL,PENDING,NO,NOT_FINAL (D-27)
SG,★★★★,SUCROSE,,,,Biały cukier krystaliczny — 100% cukier,,N/A_GENERIC,PENDING_OWNER_EXCEL,N/A (global PI),N/A (global PI),N/A (global PI),PENDING_OWNER_EXCEL,PENDING_OWNER_EXCEL,PENDING_OWNER_EXCEL,PENDING_OWNER_EXCEL,PENDING_OWNER_EXCEL,PENDING,NO,NOT_FINAL (D-27)
SG,★★★★,DEXTROSE,,,,[Bakelab] Dextrose 5kg,,BRAK,PENDING_OWNER_EXCEL,PENDING_OWNER_EXCEL,PENDING_OWNER_EXCEL,PENDING_OWNER_EXCEL,PENDING_OWNER_EXCEL,PENDING_OWNER_EXCEL,PENDING_OWNER_EXCEL,PENDING_OWNER_EXCEL,PENDING_OWNER_EXCEL,PENDING,NO,NOT_FINAL (D-27)
SG,★★★★,STABILIZER,,,,Tara Gum (塔拉胶) - 50g,,BRAK,PENDING_OWNER_EXCEL,PENDING_OWNER_EXCEL,PENDING_OWNER_EXCEL,PENDING_OWNER_EXCEL,PENDING_OWNER_EXCEL,PENDING_OWNER_EXCEL,PENDING_OWNER_EXCEL,PENDING_OWNER_EXCEL,PENDING_OWNER_EXCEL,PENDING,NO,NOT_FINAL (D-27)
SI,★★★★,MILK,,,,"Alpsko mleko polnomastno 3,5% 1 L",3838800040578,CONFIRMED,PENDING_OWNER_EXCEL,PENDING_OWNER_EXCEL,PENDING_OWNER_EXCEL,PENDING_OWNER_EXCEL,PENDING_OWNER_EXCEL,PENDING_OWNER_EXCEL,PENDING_OWNER_EXCEL,PENDING_OWNER_EXCEL,PENDING_OWNER_EXCEL,PENDING,NO,NOT_FINAL (D-27)
SI,★★★★,CREAM,,,,Mu Cuisine Alpska smetana za stepanje 33%,3838800033754,CONFIRMED,PENDING_OWNER_EXCEL,PENDING_OWNER_EXCEL,PENDING_OWNER_EXCEL,PENDING_OWNER_EXCEL,PENDING_OWNER_EXCEL,PENDING_OWNER_EXCEL,PENDING_OWNER_EXCEL,PENDING_OWNER_EXCEL,PENDING_OWNER_EXCEL,PENDING,NO,NOT_FINAL (D-27)
SI,★★★★,SMP,,,,Posneto mleko v prahu,3831040010028,CONFIRMED,PENDING_OWNER_EXCEL,PENDING_OWNER_EXCEL,PENDING_OWNER_EXCEL,PENDING_OWNER_EXCEL,PENDING_OWNER_EXCEL,PENDING_OWNER_EXCEL,PENDING_OWNER_EXCEL,PENDING_OWNER_EXCEL,PENDING_OWNER_EXCEL,PENDING,NO,NOT_FINAL (D-27)
SI,★★★★,SUCROSE,,,,Biały cukier krystaliczny — 100% cukier,,N/A_GENERIC,PENDING_OWNER_EXCEL,N/A (global PI),N/A (global PI),N/A (global PI),PENDING_OWNER_EXCEL,PENDING_OWNER_EXCEL,PENDING_OWNER_EXCEL,PENDING_OWNER_EXCEL,PENDING_OWNER_EXCEL,PENDING,NO,NOT_FINAL (D-27)
SI,★★★★,DEXTROSE,,,,"Dekstroza - GymBeam, bez dodatków smakowych",8588006139983,CONFIRMED,PENDING_OWNER_EXCEL,PENDING_OWNER_EXCEL,PENDING_OWNER_EXCEL,PENDING_OWNER_EXCEL,PENDING_OWNER_EXCEL,PENDING_OWNER_EXCEL,PENDING_OWNER_EXCEL,PENDING_OWNER_EXCEL,PENDING_OWNER_EXCEL,PENDING,NO,NOT_FINAL (D-27)
SI,★★★★,STABILIZER,,,,SaporePuro Farina di Semi di Tara / Gomma di Tara E417,8055728540170,LEAD,PENDING_OWNER_EXCEL,PENDING_OWNER_EXCEL,PENDING_OWNER_EXCEL,PENDING_OWNER_EXCEL,PENDING_OWNER_EXCEL,PENDING_OWNER_EXCEL,PENDING_OWNER_EXCEL,PENDING_OWNER_EXCEL,PENDING_OWNER_EXCEL,PENDING,NO,NOT_FINAL (D-27)
SK,★★★★,MILK,,,,"Rajo Mlieko plnotučné UHT 3,5% 1 l",8585002510037,CONFIRMED,PENDING_OWNER_EXCEL,PENDING_OWNER_EXCEL,PENDING_OWNER_EXCEL,PENDING_OWNER_EXCEL,PENDING_OWNER_EXCEL,PENDING_OWNER_EXCEL,PENDING_OWNER_EXCEL,PENDING_OWNER_EXCEL,PENDING_OWNER_EXCEL,PENDING,NO,NOT_FINAL (D-27)
SK,★★★★,CREAM,,,,Rajo Smotana na šľahanie UHT 30%,8585002520036,CONFIRMED,PENDING_OWNER_EXCEL,PENDING_OWNER_EXCEL,PENDING_OWNER_EXCEL,PENDING_OWNER_EXCEL,PENDING_OWNER_EXCEL,PENDING_OWNER_EXCEL,PENDING_OWNER_EXCEL,PENDING_OWNER_EXCEL,PENDING_OWNER_EXCEL,PENDING,NO,NOT_FINAL (D-27)
SK,★★★★,SMP,,,,Sušené mlieko odtučnené,,BRAK,PENDING_OWNER_EXCEL,PENDING_OWNER_EXCEL,PENDING_OWNER_EXCEL,PENDING_OWNER_EXCEL,PENDING_OWNER_EXCEL,PENDING_OWNER_EXCEL,PENDING_OWNER_EXCEL,PENDING_OWNER_EXCEL,PENDING_OWNER_EXCEL,PENDING,NO,NOT_FINAL (D-27)
SK,★★★★,SUCROSE,,,,Biały cukier krystaliczny — 100% cukier,,N/A_GENERIC,PENDING_OWNER_EXCEL,N/A (global PI),N/A (global PI),N/A (global PI),PENDING_OWNER_EXCEL,PENDING_OWNER_EXCEL,PENDING_OWNER_EXCEL,PENDING_OWNER_EXCEL,PENDING_OWNER_EXCEL,PENDING,NO,NOT_FINAL (D-27)
SK,★★★★,DEXTROSE,,,,"Dextróza - GymBeam, bez dodatków smakowych",8588006139983,CONFIRMED,PENDING_OWNER_EXCEL,PENDING_OWNER_EXCEL,PENDING_OWNER_EXCEL,PENDING_OWNER_EXCEL,PENDING_OWNER_EXCEL,PENDING_OWNER_EXCEL,PENDING_OWNER_EXCEL,PENDING_OWNER_EXCEL,PENDING_OWNER_EXCEL,PENDING,NO,NOT_FINAL (D-27)
SK,★★★★,STABILIZER,,,,Guma Tara Valknut / Tara guma Valknut,,BRAK,PENDING_OWNER_EXCEL,PENDING_OWNER_EXCEL,PENDING_OWNER_EXCEL,PENDING_OWNER_EXCEL,PENDING_OWNER_EXCEL,PENDING_OWNER_EXCEL,PENDING_OWNER_EXCEL,PENDING_OWNER_EXCEL,PENDING_OWNER_EXCEL,PENDING,NO,NOT_FINAL (D-27)
TH,★★★★,MILK,,,,Meiji Pasteurized Fresh Milk,8850329120116,CONFIRMED,PENDING_OWNER_EXCEL,PENDING_OWNER_EXCEL,PENDING_OWNER_EXCEL,PENDING_OWNER_EXCEL,PENDING_OWNER_EXCEL,PENDING_OWNER_EXCEL,PENDING_OWNER_EXCEL,PENDING_OWNER_EXCEL,PENDING_OWNER_EXCEL,PENDING,NO,NOT_FINAL (D-27)
TH,★★★★,CREAM,,,,Paysan Breton UHT Cooking & Whipping Cream 30%,3412290032215,LEAD,PENDING_OWNER_EXCEL,PENDING_OWNER_EXCEL,PENDING_OWNER_EXCEL,PENDING_OWNER_EXCEL,PENDING_OWNER_EXCEL,PENDING_OWNER_EXCEL,PENDING_OWNER_EXCEL,PENDING_OWNER_EXCEL,PENDING_OWNER_EXCEL,PENDING,NO,NOT_FINAL (D-27)
TH,★★★★,SMP,,,,NOW Foods Real Food Organic Non-Fat Dry Milk Powder,0733739058324,LEAD,PENDING_OWNER_EXCEL,PENDING_OWNER_EXCEL,PENDING_OWNER_EXCEL,PENDING_OWNER_EXCEL,PENDING_OWNER_EXCEL,PENDING_OWNER_EXCEL,PENDING_OWNER_EXCEL,PENDING_OWNER_EXCEL,PENDING_OWNER_EXCEL,PENDING,NO,NOT_FINAL (D-27)
TH,★★★★,SUCROSE,,,,Biały cukier krystaliczny — 100% cukier,,N/A_GENERIC,PENDING_OWNER_EXCEL,N/A (global PI),N/A (global PI),N/A (global PI),PENDING_OWNER_EXCEL,PENDING_OWNER_EXCEL,PENDING_OWNER_EXCEL,PENDING_OWNER_EXCEL,PENDING_OWNER_EXCEL,PENDING,NO,NOT_FINAL (D-27)
TH,★★★★,DEXTROSE,,,,Dextrose Monohydrate 1kg,2055040011118,LEAD,PENDING_OWNER_EXCEL,PENDING_OWNER_EXCEL,PENDING_OWNER_EXCEL,PENDING_OWNER_EXCEL,PENDING_OWNER_EXCEL,PENDING_OWNER_EXCEL,PENDING_OWNER_EXCEL,PENDING_OWNER_EXCEL,PENDING_OWNER_EXCEL,PENDING,NO,NOT_FINAL (D-27)
TH,★★★★,STABILIZER,,,,Tara Gum (China) 25g. A M,2033200071103,LEAD,PENDING_OWNER_EXCEL,PENDING_OWNER_EXCEL,PENDING_OWNER_EXCEL,PENDING_OWNER_EXCEL,PENDING_OWNER_EXCEL,PENDING_OWNER_EXCEL,PENDING_OWNER_EXCEL,PENDING_OWNER_EXCEL,PENDING_OWNER_EXCEL,PENDING,NO,NOT_FINAL (D-27)
TN,★★★★,MILK,,,,Granarolo Bio Latte Biologico Intero 1 L,8002670165395,LEAD,PENDING_OWNER_EXCEL,PENDING_OWNER_EXCEL,PENDING_OWNER_EXCEL,PENDING_OWNER_EXCEL,PENDING_OWNER_EXCEL,PENDING_OWNER_EXCEL,PENDING_OWNER_EXCEL,PENDING_OWNER_EXCEL,PENDING_OWNER_EXCEL,PENDING,NO,NOT_FINAL (D-27)
TN,★★★★,CREAM,,,,Paysan Breton La Crème Pâtisserie & Cuisine UHT 30%,3412290032215,LEAD,PENDING_OWNER_EXCEL,PENDING_OWNER_EXCEL,PENDING_OWNER_EXCEL,PENDING_OWNER_EXCEL,PENDING_OWNER_EXCEL,PENDING_OWNER_EXCEL,PENDING_OWNER_EXCEL,PENDING_OWNER_EXCEL,PENDING_OWNER_EXCEL,PENDING,NO,NOT_FINAL (D-27)
TN,★★★★,SMP,,,,NOW Real Food Organic Non-Fat Dry Milk Powder,733739058324,LEAD,PENDING_OWNER_EXCEL,PENDING_OWNER_EXCEL,PENDING_OWNER_EXCEL,PENDING_OWNER_EXCEL,PENDING_OWNER_EXCEL,PENDING_OWNER_EXCEL,PENDING_OWNER_EXCEL,PENDING_OWNER_EXCEL,PENDING_OWNER_EXCEL,PENDING,NO,NOT_FINAL (D-27)
TN,★★★★,SUCROSE,,,,Biały cukier krystaliczny — 100% cukier,,N/A_GENERIC,PENDING_OWNER_EXCEL,N/A (global PI),N/A (global PI),N/A (global PI),PENDING_OWNER_EXCEL,PENDING_OWNER_EXCEL,PENDING_OWNER_EXCEL,PENDING_OWNER_EXCEL,PENDING_OWNER_EXCEL,PENDING,NO,NOT_FINAL (D-27)
TN,★★★★,DEXTROSE,,,,Dextrose en Poudre – Sucre Technique pour Glaces,,BRAK,PENDING_OWNER_EXCEL,PENDING_OWNER_EXCEL,PENDING_OWNER_EXCEL,PENDING_OWNER_EXCEL,PENDING_OWNER_EXCEL,PENDING_OWNER_EXCEL,PENDING_OWNER_EXCEL,PENDING_OWNER_EXCEL,PENDING_OWNER_EXCEL,PENDING,NO,NOT_FINAL (D-27)
TN,★★★★,STABILIZER,,,,Cape Crystal Brands Tara Gum Powder,711221973058,LEAD,PENDING_OWNER_EXCEL,PENDING_OWNER_EXCEL,PENDING_OWNER_EXCEL,PENDING_OWNER_EXCEL,PENDING_OWNER_EXCEL,PENDING_OWNER_EXCEL,PENDING_OWNER_EXCEL,PENDING_OWNER_EXCEL,PENDING_OWNER_EXCEL,PENDING,NO,NOT_FINAL (D-27)
TR,★★★★,MILK,,,,"Sütaş Whole Milk UHT 3,5% 1 L",8681324005449,LEAD,PENDING_OWNER_EXCEL,PENDING_OWNER_EXCEL,PENDING_OWNER_EXCEL,PENDING_OWNER_EXCEL,PENDING_OWNER_EXCEL,PENDING_OWNER_EXCEL,PENDING_OWNER_EXCEL,PENDING_OWNER_EXCEL,PENDING_OWNER_EXCEL,PENDING,NO,NOT_FINAL (D-27)
TR,★★★★,CREAM,,,,Sütaş Krema 30% Tatlılara ve Yemeklere 200 ml,8690767670060,LEAD,PENDING_OWNER_EXCEL,PENDING_OWNER_EXCEL,PENDING_OWNER_EXCEL,PENDING_OWNER_EXCEL,PENDING_OWNER_EXCEL,PENDING_OWNER_EXCEL,PENDING_OWNER_EXCEL,PENDING_OWNER_EXCEL,PENDING_OWNER_EXCEL,PENDING,NO,NOT_FINAL (D-27)
TR,★★★★,SMP,,,,Yağsız Süt Tozu,8681770071449,LEAD,PENDING_OWNER_EXCEL,PENDING_OWNER_EXCEL,PENDING_OWNER_EXCEL,PENDING_OWNER_EXCEL,PENDING_OWNER_EXCEL,PENDING_OWNER_EXCEL,PENDING_OWNER_EXCEL,PENDING_OWNER_EXCEL,PENDING_OWNER_EXCEL,PENDING,NO,NOT_FINAL (D-27)
TR,★★★★,SUCROSE,,,,Biały cukier krystaliczny — 100% cukier,,N/A_GENERIC,PENDING_OWNER_EXCEL,N/A (global PI),N/A (global PI),N/A (global PI),PENDING_OWNER_EXCEL,PENDING_OWNER_EXCEL,PENDING_OWNER_EXCEL,PENDING_OWNER_EXCEL,PENDING_OWNER_EXCEL,PENDING,NO,NOT_FINAL (D-27)
TR,★★★★,DEXTROSE,,,,Parmor Dekstroz1kg,,BRAK,PENDING_OWNER_EXCEL,PENDING_OWNER_EXCEL,PENDING_OWNER_EXCEL,PENDING_OWNER_EXCEL,PENDING_OWNER_EXCEL,PENDING_OWNER_EXCEL,PENDING_OWNER_EXCEL,PENDING_OWNER_EXCEL,PENDING_OWNER_EXCEL,PENDING,NO,NOT_FINAL (D-27)
TR,★★★★,STABILIZER,,,,Benosen Tara Gum (E417) 200 g,0795258101998,LEAD,PENDING_OWNER_EXCEL,PENDING_OWNER_EXCEL,PENDING_OWNER_EXCEL,PENDING_OWNER_EXCEL,PENDING_OWNER_EXCEL,PENDING_OWNER_EXCEL,PENDING_OWNER_EXCEL,PENDING_OWNER_EXCEL,PENDING_OWNER_EXCEL,PENDING,NO,NOT_FINAL (D-27)
TW,★★★★,MILK,,,,Hokkaido Hidaka 3.6 Long Life Milk 200 ml,4955447100416,CONFIRMED,PENDING_OWNER_EXCEL,PENDING_OWNER_EXCEL,PENDING_OWNER_EXCEL,PENDING_OWNER_EXCEL,PENDING_OWNER_EXCEL,PENDING_OWNER_EXCEL,PENDING_OWNER_EXCEL,PENDING_OWNER_EXCEL,PENDING_OWNER_EXCEL,PENDING,NO,NOT_FINAL (D-27)
TW,★★★★,CREAM,,,,Oldenburger Whipping Cream 35% fat UHT (Shani),4036300003249,LEAD,PENDING_OWNER_EXCEL,PENDING_OWNER_EXCEL,PENDING_OWNER_EXCEL,PENDING_OWNER_EXCEL,PENDING_OWNER_EXCEL,PENDING_OWNER_EXCEL,PENDING_OWNER_EXCEL,PENDING_OWNER_EXCEL,PENDING_OWNER_EXCEL,PENDING,NO,NOT_FINAL (D-27)
TW,★★★★,SMP,,,,克寧100%純脫脂奶粉 (KLIM 100% Pure Skimmed Milk Powder),4711257007419,LEAD,PENDING_OWNER_EXCEL,PENDING_OWNER_EXCEL,PENDING_OWNER_EXCEL,PENDING_OWNER_EXCEL,PENDING_OWNER_EXCEL,PENDING_OWNER_EXCEL,PENDING_OWNER_EXCEL,PENDING_OWNER_EXCEL,PENDING_OWNER_EXCEL,PENDING,NO,NOT_FINAL (D-27)
TW,★★★★,SUCROSE,,,,Biały cukier krystaliczny — 100% cukier,,N/A_GENERIC,PENDING_OWNER_EXCEL,N/A (global PI),N/A (global PI),N/A (global PI),PENDING_OWNER_EXCEL,PENDING_OWNER_EXCEL,PENDING_OWNER_EXCEL,PENDING_OWNER_EXCEL,PENDING_OWNER_EXCEL,PENDING,NO,NOT_FINAL (D-27)
TW,★★★★,DEXTROSE,,,,食品級 葡萄糖 (單水葡萄糖・一水葡萄糖) 1kg,,BRAK,PENDING_OWNER_EXCEL,PENDING_OWNER_EXCEL,PENDING_OWNER_EXCEL,PENDING_OWNER_EXCEL,PENDING_OWNER_EXCEL,PENDING_OWNER_EXCEL,PENDING_OWNER_EXCEL,PENDING_OWNER_EXCEL,PENDING_OWNER_EXCEL,PENDING,NO,NOT_FINAL (D-27)
TW,★★★★,STABILIZER,,,,Tara Gum 50gr. / Gomma di Tara E417,8055728540170,LEAD,PENDING_OWNER_EXCEL,PENDING_OWNER_EXCEL,PENDING_OWNER_EXCEL,PENDING_OWNER_EXCEL,PENDING_OWNER_EXCEL,PENDING_OWNER_EXCEL,PENDING_OWNER_EXCEL,PENDING_OWNER_EXCEL,PENDING_OWNER_EXCEL,PENDING,NO,NOT_FINAL (D-27)
US,★★★★★,MILK,,,,Organic Valley Whole Milk Half Gallon,0093966513004,LEAD,PENDING_OWNER_EXCEL,PENDING_OWNER_EXCEL,PENDING_OWNER_EXCEL,PENDING_OWNER_EXCEL,PENDING_OWNER_EXCEL,PENDING_OWNER_EXCEL,PENDING_OWNER_EXCEL,PENDING_OWNER_EXCEL,PENDING_OWNER_EXCEL,PENDING,NO,NOT_FINAL (D-27)
US,★★★★★,CREAM,,,,"Brookshire’s Whipping Cream Ultra-Pasteurized, minimum36% milkfat",092825922230,LEAD,PENDING_OWNER_EXCEL,PENDING_OWNER_EXCEL,PENDING_OWNER_EXCEL,PENDING_OWNER_EXCEL,PENDING_OWNER_EXCEL,PENDING_OWNER_EXCEL,PENDING_OWNER_EXCEL,PENDING_OWNER_EXCEL,PENDING_OWNER_EXCEL,PENDING,NO,NOT_FINAL (D-27)
US,★★★★★,SMP,,,,Bob's Red Mill Nonfat Dry Milk Powder,039978115201,LEAD,PENDING_OWNER_EXCEL,PENDING_OWNER_EXCEL,PENDING_OWNER_EXCEL,PENDING_OWNER_EXCEL,PENDING_OWNER_EXCEL,PENDING_OWNER_EXCEL,PENDING_OWNER_EXCEL,PENDING_OWNER_EXCEL,PENDING_OWNER_EXCEL,PENDING,NO,NOT_FINAL (D-27)
US,★★★★★,SUCROSE,,,,Biały cukier krystaliczny — 100% cukier,,N/A_GENERIC,PENDING_OWNER_EXCEL,N/A (global PI),N/A (global PI),N/A (global PI),PENDING_OWNER_EXCEL,PENDING_OWNER_EXCEL,PENDING_OWNER_EXCEL,PENDING_OWNER_EXCEL,PENDING_OWNER_EXCEL,PENDING,NO,NOT_FINAL (D-27)
US,★★★★★,DEXTROSE,,,,Brewmaster Corn Sugar / Dextrose Monohydrate,843200100039,LEAD,PENDING_OWNER_EXCEL,PENDING_OWNER_EXCEL,PENDING_OWNER_EXCEL,PENDING_OWNER_EXCEL,PENDING_OWNER_EXCEL,PENDING_OWNER_EXCEL,PENDING_OWNER_EXCEL,PENDING_OWNER_EXCEL,PENDING_OWNER_EXCEL,PENDING,NO,NOT_FINAL (D-27)
US,★★★★★,STABILIZER,,,,Tara Gum — Home 50g,819543011967,LEAD,PENDING_OWNER_EXCEL,PENDING_OWNER_EXCEL,PENDING_OWNER_EXCEL,PENDING_OWNER_EXCEL,PENDING_OWNER_EXCEL,PENDING_OWNER_EXCEL,PENDING_OWNER_EXCEL,PENDING_OWNER_EXCEL,PENDING_OWNER_EXCEL,PENDING,NO,NOT_FINAL (D-27)
UY,★★★★,MILK,,,,La Serenísima Leche Larga Vida Clásica 3% Botella 1 L,7790742335500,CONFIRMED,PENDING_OWNER_EXCEL,PENDING_OWNER_EXCEL,PENDING_OWNER_EXCEL,PENDING_OWNER_EXCEL,PENDING_OWNER_EXCEL,PENDING_OWNER_EXCEL,PENDING_OWNER_EXCEL,PENDING_OWNER_EXCEL,PENDING_OWNER_EXCEL,PENDING,NO,NOT_FINAL (D-27)
UY,★★★★,CREAM,,,,La Serenísima Crema para Batir Larga Vida,7790742141309,LEAD,PENDING_OWNER_EXCEL,PENDING_OWNER_EXCEL,PENDING_OWNER_EXCEL,PENDING_OWNER_EXCEL,PENDING_OWNER_EXCEL,PENDING_OWNER_EXCEL,PENDING_OWNER_EXCEL,PENDING_OWNER_EXCEL,PENDING_OWNER_EXCEL,PENDING,NO,NOT_FINAL (D-27)
UY,★★★★,SMP,,,,Conaprole Leche en Polvo Descremada,7730105004155,CONFIRMED,PENDING_OWNER_EXCEL,PENDING_OWNER_EXCEL,PENDING_OWNER_EXCEL,PENDING_OWNER_EXCEL,PENDING_OWNER_EXCEL,PENDING_OWNER_EXCEL,PENDING_OWNER_EXCEL,PENDING_OWNER_EXCEL,PENDING_OWNER_EXCEL,PENDING,NO,NOT_FINAL (D-27)
UY,★★★★,SUCROSE,,,,Biały cukier krystaliczny — 100% cukier,,N/A_GENERIC,PENDING_OWNER_EXCEL,N/A (global PI),N/A (global PI),N/A (global PI),PENDING_OWNER_EXCEL,PENDING_OWNER_EXCEL,PENDING_OWNER_EXCEL,PENDING_OWNER_EXCEL,PENDING_OWNER_EXCEL,PENDING,NO,NOT_FINAL (D-27)
UY,★★★★,DEXTROSE,,,,Dextrosa Monohidratada,,BRAK,PENDING_OWNER_EXCEL,PENDING_OWNER_EXCEL,PENDING_OWNER_EXCEL,PENDING_OWNER_EXCEL,PENDING_OWNER_EXCEL,PENDING_OWNER_EXCEL,PENDING_OWNER_EXCEL,PENDING_OWNER_EXCEL,PENDING_OWNER_EXCEL,PENDING,NO,NOT_FINAL (D-27)
UY,★★★★,STABILIZER,,,,Goma de Tara — oferta spożywcza B2B,,BRAK,PENDING_OWNER_EXCEL,PENDING_OWNER_EXCEL,PENDING_OWNER_EXCEL,PENDING_OWNER_EXCEL,PENDING_OWNER_EXCEL,PENDING_OWNER_EXCEL,PENDING_OWNER_EXCEL,PENDING_OWNER_EXCEL,PENDING_OWNER_EXCEL,PENDING,NO,NOT_FINAL (D-27)
VN,★★★★,MILK,,,,Président UHT Whole Milk 3.5% Fat 1 L,8410285127347,LEAD,PENDING_OWNER_EXCEL,PENDING_OWNER_EXCEL,PENDING_OWNER_EXCEL,PENDING_OWNER_EXCEL,PENDING_OWNER_EXCEL,PENDING_OWNER_EXCEL,PENDING_OWNER_EXCEL,PENDING_OWNER_EXCEL,PENDING_OWNER_EXCEL,PENDING,NO,NOT_FINAL (D-27)
VN,★★★★,CREAM,,,,Emborg Natural Whipping Cream UHT 35.1% 200 ml,5701215046375,LEAD,PENDING_OWNER_EXCEL,PENDING_OWNER_EXCEL,PENDING_OWNER_EXCEL,PENDING_OWNER_EXCEL,PENDING_OWNER_EXCEL,PENDING_OWNER_EXCEL,PENDING_OWNER_EXCEL,PENDING_OWNER_EXCEL,PENDING_OWNER_EXCEL,PENDING,NO,NOT_FINAL (D-27)
VN,★★★★,SMP,,,,NZMP Skim Milk Powder Low Heat / Sữa Bột Gầy Low Heat Fonterra,,BRAK,PENDING_OWNER_EXCEL,PENDING_OWNER_EXCEL,PENDING_OWNER_EXCEL,PENDING_OWNER_EXCEL,PENDING_OWNER_EXCEL,PENDING_OWNER_EXCEL,PENDING_OWNER_EXCEL,PENDING_OWNER_EXCEL,PENDING_OWNER_EXCEL,PENDING,NO,NOT_FINAL (D-27)
VN,★★★★,SUCROSE,,,,Biały cukier krystaliczny — 100% cukier,,N/A_GENERIC,PENDING_OWNER_EXCEL,N/A (global PI),N/A (global PI),N/A (global PI),PENDING_OWNER_EXCEL,PENDING_OWNER_EXCEL,PENDING_OWNER_EXCEL,PENDING_OWNER_EXCEL,PENDING_OWNER_EXCEL,PENDING,NO,NOT_FINAL (D-27)
VN,★★★★,DEXTROSE,,,,Fufeng Đường Dextrose Monohydrate C6H12O6.H2O 25kg,,BRAK,PENDING_OWNER_EXCEL,PENDING_OWNER_EXCEL,PENDING_OWNER_EXCEL,PENDING_OWNER_EXCEL,PENDING_OWNER_EXCEL,PENDING_OWNER_EXCEL,PENDING_OWNER_EXCEL,PENDING_OWNER_EXCEL,PENDING_OWNER_EXCEL,PENDING,NO,NOT_FINAL (D-27)
VN,★★★★,STABILIZER,,,,Tara Gum — food-use bulk raw material,,BRAK,PENDING_OWNER_EXCEL,PENDING_OWNER_EXCEL,PENDING_OWNER_EXCEL,PENDING_OWNER_EXCEL,PENDING_OWNER_EXCEL,PENDING_OWNER_EXCEL,PENDING_OWNER_EXCEL,PENDING_OWNER_EXCEL,PENDING_OWNER_EXCEL,PENDING,NO,NOT_FINAL (D-27)
ZA,★★★★,MILK,,,,Ultra Pasteurised Full Cream Milk 2L,6001299016158,CONFIRMED,PENDING_OWNER_EXCEL,PENDING_OWNER_EXCEL,PENDING_OWNER_EXCEL,PENDING_OWNER_EXCEL,PENDING_OWNER_EXCEL,PENDING_OWNER_EXCEL,PENDING_OWNER_EXCEL,PENDING_OWNER_EXCEL,PENDING_OWNER_EXCEL,PENDING,NO,NOT_FINAL (D-27)
ZA,★★★★,CREAM,,,,Clover Fresh Cream Ultra Pasteurised,6001299012082,CONFIRMED,PENDING_OWNER_EXCEL,PENDING_OWNER_EXCEL,PENDING_OWNER_EXCEL,PENDING_OWNER_EXCEL,PENDING_OWNER_EXCEL,PENDING_OWNER_EXCEL,PENDING_OWNER_EXCEL,PENDING_OWNER_EXCEL,PENDING_OWNER_EXCEL,PENDING,NO,NOT_FINAL (D-27)
ZA,★★★★,SMP,,,,Clover Skimmed Milk Powder,,BRAK,PENDING_OWNER_EXCEL,PENDING_OWNER_EXCEL,PENDING_OWNER_EXCEL,PENDING_OWNER_EXCEL,PENDING_OWNER_EXCEL,PENDING_OWNER_EXCEL,PENDING_OWNER_EXCEL,PENDING_OWNER_EXCEL,PENDING_OWNER_EXCEL,PENDING,NO,NOT_FINAL (D-27)
ZA,★★★★,SUCROSE,,,,Biały cukier krystaliczny — 100% cukier,,N/A_GENERIC,PENDING_OWNER_EXCEL,N/A (global PI),N/A (global PI),N/A (global PI),PENDING_OWNER_EXCEL,PENDING_OWNER_EXCEL,PENDING_OWNER_EXCEL,PENDING_OWNER_EXCEL,PENDING_OWNER_EXCEL,PENDING,NO,NOT_FINAL (D-27)
ZA,★★★★,DEXTROSE,,,,Dextrose Monohydrate Powder 1kg,6009705443239,CONFIRMED,PENDING_OWNER_EXCEL,PENDING_OWNER_EXCEL,PENDING_OWNER_EXCEL,PENDING_OWNER_EXCEL,PENDING_OWNER_EXCEL,PENDING_OWNER_EXCEL,PENDING_OWNER_EXCEL,PENDING_OWNER_EXCEL,PENDING_OWNER_EXCEL,PENDING,NO,NOT_FINAL (D-27)
ZA,★★★★,STABILIZER,,,,UNIPEKTIN VIDOGUM SP native tara gum E417,,BRAK,PENDING_OWNER_EXCEL,PENDING_OWNER_EXCEL,PENDING_OWNER_EXCEL,PENDING_OWNER_EXCEL,PENDING_OWNER_EXCEL,PENDING_OWNER_EXCEL,PENDING_OWNER_EXCEL,PENDING_OWNER_EXCEL,PENDING_OWNER_EXCEL,PENDING,NO,NOT_FINAL (D-27)
