page,iso,country,region,role,name,meta,ean,code,tags,seller,note,links,product_v23,brand_v23,pack_v23,ean_v23,v23_rows
6,DZ,Algeria,Middle East & North Africa,MILK,Lait Entier Stérilisé UHT 1L,Soummam · 1 L · 2.8% fat,6130760003592,,,,,https://www.soummam-dz.com/produit.html?f=3&sf=2 https://mantooj.net/index.php?controller=product&id=13821&lang=ar&layout=detail&option=com_gs1,Lait Entier Stérilisé UHT 1L,Soummam,1 L,6130760003592,"{""04_POKRYCIE_PR"": 126, ""11_MLEKO_75"": 26}"
6,DZ,Algeria,Middle East & North Africa,CREAM,Président Crème UHT semi-épaisse entière 30% MG 2×25cl,Président · 2 × 250 ml · 30% fat,3155250367896,,,,,https://www.miamland.com/produit/22512/achetez-creme-semi-epaisse-entiere-30-2x25cl-president https://www.greens.com.mt/productdetails?pid=3155250367896,Président Crème UHT semi-épaisse entière 30% MG 2×25cl,Président,2 × 250 ml,3155250367896,"{""04_POKRYCIE_PR"": 127, ""14_SMIETANKA_75"": 26}"
6,DZ,Algeria,Middle East & North Africa,SMP,NOW Real Food Organic Non-Fat Dry Milk Powder,NOW Foods Real Food · 12 oz (340 g) bag · 0% fat,733739058324,,From abroad,,,https://dz.iherb.com/pr/now-foods-real-food-organic-non-fat-dry-milk-powder-12-oz-340-g/21134 https://www.nowfoods.com/products/natural-foods/non-fat-dry-milk-powder-organic,NOW Real Food Organic Non-Fat Dry Milk Powder,NOW Foods Real Food,torebka 12 oz (340 g),733739058324,"{""04_POKRYCIE_PR"": 128, ""17_PROSZEK_75"": 26}"
6,DZ,Algeria,Middle East & North Africa,SUCROSE,White granulated sugar — 100% sugar,Any brand · any pack,,,,,The ingredients should list only sugar (sucrose).,,Biały cukier krystaliczny — 100% cukier,GENERIC,dowolne opakowanie,,"{""04_POKRYCIE_PR"": 129}"
6,DZ,Algeria,Middle East & North Africa,DEXTROSE,BulkSupplements.com Dextrose Crystallized Powder,BulkSupplements.com · 1 kg (2.2 lb) · monohydrate,,DEX1KG,From abroad,,,https://www.bulksupplements.com/products/dextrose-powder,BulkSupplements.com Dextrose Crystallized Powder,BulkSupplements.com,1 kg (2.2 lb) — label 005,,"{""04_POKRYCIE_PR"": 130, ""20_DEKSTROZA_75"": 26}"
6,DZ,Algeria,Middle East & North Africa,TARA,SaporePuro Farina di semi di tara (E417) 50 g,SaporePuro · 50 g,8055728540170,,From abroad,"Sold by SaporePuro, Italy",Mix with the dry ingredients and heat the base to 75–80 °C.,https://saporepuro.com/products/farina-di-semi-di-tara-gomma-di-tara-origine-peru-e417-confezionato-in-italia-1 https://bakingwarehouse.com/products/tara-gum-50gr-saporepuro,SaporePuro Farina di semi di tara (E417) 50 g,SaporePuro,50 g,8055728540170,"{""04_POKRYCIE_PR"": 131, ""23_TARA_75"": 26}"
7,AR,Argentina,Americas,MILK,La Serenísima Leche Larga Vida Clásica 3% 1 L,La Serenísima · 1 L · 3% fat,7790742308801,,,,,https://www.carrefour.com.ar/leche-entera-larga-vida-la-serenisima-3-1-l/p https://www.coto.com.ar/productos/_/A-00253482-00253482-200/,La Serenísima Leche Larga Vida Clásica 3% 1 L,La Serenísima,1 L,7790742308801,"{""04_POKRYCIE_PR"": 138, ""11_MLEKO_75"": 28}"
7,AR,Argentina,Americas,CREAM,Milkaut Profesional Crema de Leche 39%,"Milkaut · 5 l, sachet · 39.3% fat",7794820901670,,,,,https://milkautprofesional.com.ar/productos/cremas/crema-39/ https://www.cocinaconvalentino.com.ar/cremas-de-leche/17213-crema-de-leche-milkaut-sachet-x-5-lts-39-7794820901670.html,Milkaut Profesional Crema de Leche 39%,Milkaut,"5 l, sachet",7794820901670,"{""04_POKRYCIE_PR"": 139, ""14_SMIETANKA_75"": 28}"
7,AR,Argentina,Americas,SMP,La Serenísima Leche en Polvo Liviana / Descremada Instantánea 400 g,La Serenísima · 400 g · 0% fat,7790742436405,,,,,https://www.jumbo.com.ar/leche-en-polvo-descremada-la-serenisima-400-gr/p https://www.supertop.com.ar/leche-la-serenisima-en-polvo-descremada-instantanea-x-400gr-7790742436405/p,La Serenísima Leche en Polvo Liviana / Descremada Instantánea 400 g,La Serenísima,400 g,7790742436405,"{""04_POKRYCIE_PR"": 140, ""17_PROSZEK_75"": 28}"
7,AR,Argentina,Americas,SUCROSE,White granulated sugar — 100% sugar,Any brand · any pack,,,,,The ingredients should list only sugar (sucrose).,,Biały cukier krystaliczny — 100% cukier,GENERIC,dowolne opakowanie,,"{""04_POKRYCIE_PR"": 141}"
7,AR,Argentina,Americas,DEXTROSE,CERELOSE® Dextrose Monohydrate 1 kg (local repack),CERELOSE / Ingredion · 1 kg · monohydrate,,RNE 742523 / RNPA 6754756,,,,https://www.mercadolibre.com.ar/dextrosa-monohidratada-cerelose-helados-reposteria-x-1-kg/up/MLAU354075821,CERELOSE® Dextrose Monohydrate 1 kg (local repack),CERELOSE / Ingredion,1 kg,,"{""04_POKRYCIE_PR"": 142, ""20_DEKSTROZA_75"": 28}"
7,AR,Argentina,Americas,TARA,SaporePuro Farina di semi di tara (E417) 50 g,SaporePuro · 50 g,8055728540170,,From abroad,"Sold by SaporePuro, Italy",Mix with the dry ingredients and heat the base to 75–80 °C.,https://saporepuro.com/products/farina-di-semi-di-tara-gomma-di-tara-origine-peru-e417-confezionato-in-italia-1,SaporePuro Farina di semi di tara (E417) 50 g,SaporePuro,50 g,8055728540170,"{""04_POKRYCIE_PR"": 143, ""23_TARA_75"": 28}"
8,AU,Australia,Asia–Pacific,MILK,Devondale Full Cream Long Life Milk 1 L,Devondale · 1 L · 3.4% fat,9300639500041,,,,,https://www.devondale.com.au/en/products/milk/full-cream-long-life-milk https://www.thedistributorscairns.com.au/product/DEVONDALE_FULL_CREAM_1LIT_MILK,Devondale Full Cream Long Life Milk 1 L,Devondale,1 L,9300639500041,"{""04_POKRYCIE_PR"": 6, ""11_MLEKO_75"": 6}"
8,AU,Australia,Asia–Pacific,CREAM,Pauls Thickened Cream,Pauls · 300 ml · 35.4% fat,9310036007296,,,,,https://mylactalis.com.au/pauls-thickened-cream-300ml-regular https://www.woolworths.com.au/shop/productdetails/90612/pauls-thickened-cream,Pauls Thickened Cream,Pauls,300 ml,9310036007296,"{""04_POKRYCIE_PR"": 7, ""14_SMIETANKA_75"": 6}"
8,AU,Australia,Asia–Pacific,SMP,Devondale Instant Skim Milk Powder,Devondale · 1 kg · 0.9% fat,9300639999005,,,,,https://www.devondale.com.au/en/products/milk/skim-milk-powder https://www.woolworths.com.au/shop/productdetails/750032/devondale-instant-skim-milk-powder-powder-uht,Devondale Instant Skim Milk Powder,Devondale,1 kg,9300639999005,"{""04_POKRYCIE_PR"": 8, ""17_PROSZEK_75"": 6}"
8,AU,Australia,Asia–Pacific,SUCROSE,White granulated sugar — 100% sugar,Any brand · any pack,,,,,The ingredients should list only sugar (sucrose).,,Biały cukier krystaliczny — 100% cukier,GENERIC,dowolne opakowanie,,"{""04_POKRYCIE_PR"": 9}"
8,AU,Australia,Asia–Pacific,DEXTROSE,VPA Dextrose Monohydrate,VPA · 1 kg · monohydrate,,VPA-DEX-1KG,,,,https://www.vpa.com.au/products/dextrose-monohydrate,VPA Dextrose Monohydrate,VPA,1 kg,,"{""04_POKRYCIE_PR"": 10, ""20_DEKSTROZA_75"": 6}"
8,AU,Australia,Asia–Pacific,TARA,Tara Gum 50gr. / Gomma di Tara E417,SaporePuro · 50 g,8055728540170,,From abroad,"Sold by BakingWarehouse, Hong Kong",Mix with the dry ingredients and heat the base to 75–80 °C.,https://bakingwarehouse.com/products/tara-gum-50gr-saporepuro https://saporepuro.com/products/farina-di-semi-di-tara-gomma-di-tara-origine-peru-e417-confezionato-in-italia-1,Tara Gum 50gr. / Gomma di Tara E417,SaporePuro,50 g,8055728540170,"{""04_POKRYCIE_PR"": 11, ""23_TARA_75"": 6}"
9,AT,Austria,Europe,MILK,"Schärdinger Vollmilch 3,5% ESL 1 L",Schärdinger · 1 L carton · 3.5% fat,9066000164907,,,,,https://shop.kastner.at/222821.html https://www.spar.at/produktwelt/schaerdinger-vollmilch-3-5-p7715600,"Schärdinger Vollmilch 3,5% ESL 1 L",Schärdinger,1 L carton,9066000164907,"{""04_POKRYCIE_PR"": 12, ""11_MLEKO_75"": 7}"
9,AT,Austria,Europe,CREAM,Alpiland H-Schlagrahm 30% 1 L,Alpiland · 1 L · 30% fat,9066000864401,,,,,https://shop.kastner.at/222148.html,Alpiland H-Schlagrahm 30% 1 L,Alpiland,1 L,9066000864401,"{""04_POKRYCIE_PR"": 13, ""14_SMIETANKA_75"": 7}"
9,AT,Austria,Europe,SMP,Wild Thing Magermilchpulver 500 g,Wild Thing · 500 g · 0.8% fat,,20645080,,,,https://trinklusiv.at/products/wild-thing-magermilchpulver-500-g https://www.wildberger.at/premium-fuellprodukte/milchprodukte,Wild Thing Magermilchpulver 500 g,Wild Thing,500 g,,"{""04_POKRYCIE_PR"": 14, ""17_PROSZEK_75"": 7}"
9,AT,Austria,Europe,SUCROSE,White granulated sugar — 100% sugar,Any brand · any pack,,,,,The ingredients should list only sugar (sucrose).,,Biały cukier krystaliczny — 100% cukier,GENERIC,dowolne opakowanie,,"{""04_POKRYCIE_PR"": 15}"
9,AT,Austria,Europe,DEXTROSE,buXtrade Dextrose (Traubenzucker) 25 kg,"buXtrade · 25 kg, manufacturer's pack · monohydrate",4260486775762,,,,,https://www.shop-apotheke.at/ernaehrung/upm47YLPU/buxtrade-dextrose-pulver.htm https://buxtrade.de/products/dextrose-traubenzucker,buXtrade Dextrose (Traubenzucker) 25 kg,buXtrade,"25 kg, opakowanie producenta",4260486775762,"{""04_POKRYCIE_PR"": 16, ""20_DEKSTROZA_75"": 7}"
9,AT,Austria,Europe,TARA,SaporePuro Farina di Semi di Tara / Gomma di Tara E417,SaporePuro · 50 g,8055728540170,,From abroad,"Sold by SaporePuro, Italy",Mix with the dry ingredients and heat the base to 75–80 °C.,https://saporepuro.com/products/farina-di-semi-di-tara-gomma-di-tara-origine-peru-e417-confezionato-in-italia-1,SaporePuro Farina di Semi di Tara / Gomma di Tara E417,SaporePuro,50 g,8055728540170,"{""04_POKRYCIE_PR"": 17, ""23_TARA_75"": 7}"
10,BH,Bahrain,Middle East & North Africa,MILK,Organic Milk Full Fat 200ml,Arla · 200 ml · 3.5% fat,5711953072352,,,,,https://mea.arla.com/product-overview/organicmilk/full-fat-200ml-3195/ https://www.thefreshmarketdubai.com/products/arla-organic-milk-full-fat-200ml-5711953072352,Organic Milk Full Fat 200ml,Arla,200 ml,5711953072352,"{""04_POKRYCIE_PR"": 144, ""11_MLEKO_75"": 29}"
10,BH,Bahrain,Middle East & North Africa,CREAM,Puck Whipping Cream UHT,Puck · 200 ml · 35.2% fat,5700426230177,,,,,https://www.puckarabia.com/en/products/whipping-cream/ https://www.sharjahcoop.ae/en/puck-whipping-cream-200ml/p/5700426230177,Puck Whipping Cream UHT,Puck,200 ml,5700426230177,"{""04_POKRYCIE_PR"": 145, ""14_SMIETANKA_75"": 29}"
10,BH,Bahrain,Middle East & North Africa,SMP,Milfresh Gold Superior Granulated Skimmed Milk,Milfresh / Bolo Bahrain · 500 g (pack of 10) · 0.8% fat,,SUPSKIM / MIL-FRE-SKIM-MILK-500,,,,https://www.bolo.bh/categories/grocery/food-cupboard/baking-supplies/condensed-powdered-milk,Milfresh Gold Superior Granulated Skimmed Milk,Milfresh / Bolo Bahrain,500 g (pakiet 10 szt.),,"{""04_POKRYCIE_PR"": 146, ""17_PROSZEK_75"": 29}"
10,BH,Bahrain,Middle East & North Africa,SUCROSE,White granulated sugar — 100% sugar,Any brand · any pack,,,,,The ingredients should list only sugar (sucrose).,,Biały cukier krystaliczny — 100% cukier,GENERIC,dowolne opakowanie,,"{""04_POKRYCIE_PR"": 147}"
10,BH,Bahrain,Middle East & North Africa,DEXTROSE,Peak Supps Dextrose (D-Glucose) Powder,Peak Supps · 250 g · monohydrate,5060471050312,,,,,https://www.bolo.bh/products/KO00AN1XD28-dextrose-powder-250g-pure-d-glucose https://peaksupps.co.uk/products/dextrose-glucose-powder,Peak Supps Dextrose (D-Glucose) Powder,Peak Supps,250 g,5060471050312,"{""04_POKRYCIE_PR"": 148, ""20_DEKSTROZA_75"": 29}"
10,BH,Bahrain,Middle East & North Africa,TARA,SaporePuro Farina di semi di tara (E417) 50 g,SaporePuro · 50 g,8055728540170,,From abroad,"Sold by SaporePuro, Italy",Mix with the dry ingredients and heat the base to 75–80 °C.,https://saporepuro.com/products/farina-di-semi-di-tara-gomma-di-tara-origine-peru-e417-confezionato-in-italia-1 https://bakingwarehouse.com/products/tara-gum-50gr-saporepuro,SaporePuro Farina di semi di tara (E417) 50 g,SaporePuro,50 g,8055728540170,"{""04_POKRYCIE_PR"": 149, ""23_TARA_75"": 29}"
11,BD,Bangladesh,Asia–Pacific,MILK,Harvey Fresh Full Cream Longlife Milk 1L,Harvey Fresh · 1 L UHT carton · 3.5% fat,9311697100173,,,,,https://www.foodpanda.com.bd/groceries/product/FYL67N/harvey-fresh-full-cream-milk-1l https://www.harveyfresh.com.au/our-products/milk/long-life-milk/uht-full-cream-milk-1-litre,Harvey Fresh Full Cream Longlife Milk 1L,Harvey Fresh,"1 L, karton UHT",9311697100173,"{""04_POKRYCIE_PR"": 150, ""11_MLEKO_75"": 30}"
11,BD,Bangladesh,Asia–Pacific,CREAM,Emborg Natural Whipping Cream UHT 35.1% 1 L,Emborg · 1 L · 35.1% fat,5701215046399,,,,,https://www.dccbazar.com.bd/grocery-en/baking-needs/emborg-whipping-cream-200ml-clone/ https://www.emborg.com/product/whipping-cream/,Emborg Natural Whipping Cream UHT 35.1% 1 L,Emborg,1 L,5701215046399,"{""04_POKRYCIE_PR"": 151, ""14_SMIETANKA_75"": 30}"
11,BD,Bangladesh,Asia–Pacific,SMP,Real Food Organic Non-Fat Dry Milk Powder,NOW Foods · 12 oz (340 g) · 0% fat,733739058324,,From abroad,,,https://www.nowfoods.com/products/natural-foods/non-fat-dry-milk-powder-organic https://bd.iherb.com/pr/now-foods-real-food-organic-non-fat-dry-milk-powder-12-oz-340-g/21134,Real Food Organic Non-Fat Dry Milk Powder,NOW Foods,12 oz (340 g),733739058324,"{""04_POKRYCIE_PR"": 152, ""17_PROSZEK_75"": 30}"
11,BD,Bangladesh,Asia–Pacific,SUCROSE,White granulated sugar — 100% sugar,Any brand · any pack,,,,,The ingredients should list only sugar (sucrose).,,Biały cukier krystaliczny — 100% cukier,GENERIC,dowolne opakowanie,,"{""04_POKRYCIE_PR"": 153}"
11,BD,Bangladesh,Asia–Pacific,DEXTROSE,BulkSupplements.com Dextrose Crystallized Powder,BulkSupplements.com · 1 kg (2.2 lb) · monohydrate,,DEX1KG,From abroad,,,https://www.bulksupplements.com/products/dextrose-powder,BulkSupplements.com Dextrose Crystallized Powder,BulkSupplements.com,1 kg (2.2 lb) — label 005,,"{""04_POKRYCIE_PR"": 154, ""20_DEKSTROZA_75"": 30}"
11,BD,Bangladesh,Asia–Pacific,TARA,SaporePuro Farina di semi di tara (E417) 50 g,SaporePuro · 50 g,8055728540170,,From abroad,"Sold by SaporePuro, Italy",Mix with the dry ingredients and heat the base to 75–80 °C.,https://saporepuro.com/products/farina-di-semi-di-tara-gomma-di-tara-origine-peru-e417-confezionato-in-italia-1 https://bakingwarehouse.com/products/tara-gum-50gr-saporepuro,SaporePuro Farina di semi di tara (E417) 50 g,SaporePuro,50 g,8055728540170,"{""04_POKRYCIE_PR"": 155, ""23_TARA_75"": 30}"
12,BE,Belgium,Europe,MILK,Inex Lait entier UHT 1 L PET (art. 6013),Inex · 1 L PET bottle; case 6 x 1 L · 3.6% fat,54025059,,,,,https://www.bruyerre.be/en/shop/00074227-inex-6013-whole-milk-uht-pet-6-x-1l-167269/document/27519 https://www.orestofoodpartners.be/fr/lait-entier-inex-bouteille-en-plastique-1l/p17479?c=130,Inex Lait entier UHT 1 L PET (art. 6013),Inex,1 L PET bottle; case 6 x 1 L,54025059,"{""04_POKRYCIE_PR"": 18, ""11_MLEKO_75"": 8}"
12,BE,Belgium,Europe,CREAM,AH Slagroom houdbaar 30% 200 ml,AH · 200 ml · 30% fat,8718907237888,,,,,https://www.ah.be/producten/product/wi34471/ah-slagroom-houdbaar,AH Slagroom houdbaar 30% 200 ml,AH,200 ml,8718907237888,"{""04_POKRYCIE_PR"": 19, ""14_SMIETANKA_75"": 8}"
12,BE,Belgium,Europe,SMP,Régilait Lait en poudre Écrémé 300 g,Régilait / Delhaize Belgium · 300 g · 0.8% fat,3043934232700,,,,,https://www.delhaize.be/fr/shop/Cremerie-fromage-et-alternatives-vegetales/Lait/Concentre/Lait-instantanee-Ecreme-Extra-calcium-0-M-G-/p/S2007061200000150000 https://regilait.com/en/products/powdered-milks/instant-skimmed-milk-powder-0-fat,Régilait Lait en poudre Écrémé 300 g,Régilait / Delhaize Belgium,300 g,3043934232700,"{""04_POKRYCIE_PR"": 20, ""17_PROSZEK_75"": 8}"
12,BE,Belgium,Europe,SUCROSE,White granulated sugar — 100% sugar,Any brand · any pack,,,,,The ingredients should list only sugar (sucrose).,,Biały cukier krystaliczny — 100% cukier,GENERIC,dowolne opakowanie,,"{""04_POKRYCIE_PR"": 21}"
12,BE,Belgium,Europe,DEXTROSE,Glucopur 250 g (5 × 50 g),Revogan · 5 × 50 g · monohydrate,,1204 / CNK 0114074,,,,https://webshop.revogan.be/en/shop/1204-glucopur-250g-5x50g-14864,Glucopur 250 g (5 × 50 g),Revogan,5 × 50 g,,"{""04_POKRYCIE_PR"": 22, ""20_DEKSTROZA_75"": 8}"
12,BE,Belgium,Europe,TARA,SaporePuro Farina di Semi di Tara / Gomma di Tara E417,SaporePuro · 50 g,8055728540170,,From abroad,"Sold by SaporePuro, Italy",Mix with the dry ingredients and heat the base to 75–80 °C.,https://saporepuro.com/products/farina-di-semi-di-tara-gomma-di-tara-origine-peru-e417-confezionato-in-italia-1,SaporePuro Farina di Semi di Tara / Gomma di Tara E417,SaporePuro,50 g,8055728540170,"{""04_POKRYCIE_PR"": 23, ""23_TARA_75"": 8}"
13,BR,Brazil,Americas,MILK,Piracanjuba Leite Integral UHT 1 L,Piracanjuba · 1 L · 3% fat,7898215151708,,,,,https://www.piracanjuba.com.br/produto/leite-integral-piracanjuba-1l https://www.covabra.com.br/leite-piracanjuba-integral-1l/p,Piracanjuba Leite Integral UHT 1 L,Piracanjuba,1 L,7898215151708,"{""04_POKRYCIE_PR"": 156, ""11_MLEKO_75"": 31}"
13,BR,Brazil,Americas,CREAM,Piracanjuba Seleção Creme de Leite Gourmet 30%,Piracanjuba · 200 g carton · 30% fat,7898215151975,,,,,https://www.piracanjuba.com.br/produto/creme-de-leite-gourmet-piracanjuba-200g https://www.lojasantoantonio.com.br/69883-creme-de-leite-gourmet-30--gordura-200ml-piracanjuba/p,Piracanjuba Seleção Creme de Leite Gourmet 30%,Piracanjuba,"200 g, karton",7898215151975,"{""04_POKRYCIE_PR"": 157, ""14_SMIETANKA_75"": 31}"
13,BR,Brazil,Americas,SMP,Molico Desnatado Leite em Pó,Nestlé Molico · 280 g · 0% fat,7891000101506,,,,,https://www.lojafamilynes.com.br/molico-desnatado-lata-280g https://compre.estreladistribuicao.com.br/leite-em-po-molico-desnatado-lata-280g-122947,Molico Desnatado Leite em Pó,Nestlé Molico,280 g,7891000101506,"{""04_POKRYCIE_PR"": 158, ""17_PROSZEK_75"": 31}"
13,BR,Brazil,Americas,SUCROSE,White granulated sugar — 100% sugar,Any brand · any pack,,,,,The ingredients should list only sugar (sucrose).,,Biały cukier krystaliczny — 100% cukier,GENERIC,dowolne opakowanie,,"{""04_POKRYCIE_PR"": 159}"
13,BR,Brazil,Americas,DEXTROSE,Adicel Dextrose Monohidratada,Adicel · 500 g · monohydrate,,1100,,,,https://www.adicel.com.br/aditivos/dextrose-monohidratada-500g,Adicel Dextrose Monohidratada,Adicel,500 g,,"{""04_POKRYCIE_PR"": 160, ""20_DEKSTROZA_75"": 31}"
13,BR,Brazil,Americas,TARA,SaporePuro Farina di semi di tara (E417) 50 g,SaporePuro · 50 g,8055728540170,,From abroad,"Sold by SaporePuro, Italy",Mix with the dry ingredients and heat the base to 75–80 °C.,https://saporepuro.com/products/farina-di-semi-di-tara-gomma-di-tara-origine-peru-e417-confezionato-in-italia-1,SaporePuro Farina di semi di tara (E417) 50 g,SaporePuro,50 g,8055728540170,"{""04_POKRYCIE_PR"": 161, ""23_TARA_75"": 31}"
14,BG,Bulgaria,Europe,MILK,"Président UHT 3,5% / 3,6% 1 L",Président · 1 L · 3.6% fat,3228022980095,,,,,https://shop24.bg/pryasno-mlyako/466-pryasno-mlyako-president-35-1l-3228022980095.html,"Président UHT 3,5% / 3,6% 1 L",Président,1 L,3228022980095,"{""04_POKRYCIE_PR"": 162, ""11_MLEKO_75"": 32}"
14,BG,Bulgaria,Europe,CREAM,Madeta Jihočeská smetana UHT 31%,Madeta · 250 ml carton · 31% fat,8593803253053,,,,,https://www.ebag.bg/en/cream-madeta-dairy-31-uht/535345 https://www.madeta.cz/produkty/jihoceska-smetana-trvanliva-31-250_ml,Madeta Jihočeská smetana UHT 31%,Madeta,250 ml carton,8593803253053,"{""04_POKRYCIE_PR"": 163, ""14_SMIETANKA_75"": 32}"
14,BG,Bulgaria,Europe,SMP,"Сухо обезмаслено мляко 1,5%",Bioset · 50 g · 1.5% fat,3800081460239,,,,,https://randi.bg/suho-mliako-bioset-15-50gr https://tmarketonline.bg/product/suho-mlyako-bioset-15-50gr,"Сухо обезмаслено мляко 1,5%",Bioset,50 g,3800081460239,"{""04_POKRYCIE_PR"": 164, ""17_PROSZEK_75"": 32}"
14,BG,Bulgaria,Europe,SUCROSE,White granulated sugar — 100% sugar,Any brand · any pack,,,,,The ingredients should list only sugar (sucrose).,,Biały cukier krystaliczny — 100% cukier,GENERIC,dowolne opakowanie,,"{""04_POKRYCIE_PR"": 165}"
14,BG,Bulgaria,Europe,DEXTROSE,"Декстроза - GymBeam, bez dodatków smakowych",GymBeam · 1000 g · monohydrate,8588006139983,,,,,https://gymbeam.bg/dekstroza-1000-g-gymbeam.html,"Декстроза - GymBeam, bez dodatków smakowych",GymBeam,1000 g,8588006139983,"{""04_POKRYCIE_PR"": 166, ""20_DEKSTROZA_75"": 32}"
14,BG,Bulgaria,Europe,TARA,SaporePuro Farina di Semi di Tara / Gomma di Tara E417,SaporePuro · 50 g,8055728540170,,From abroad,"Sold by SaporePuro, Italy",Mix with the dry ingredients and heat the base to 75–80 °C.,https://saporepuro.com/products/farina-di-semi-di-tara-gomma-di-tara-origine-peru-e417-confezionato-in-italia-1,SaporePuro Farina di Semi di Tara / Gomma di Tara E417,SaporePuro,50 g,8055728540170,"{""04_POKRYCIE_PR"": 167, ""23_TARA_75"": 32}"
15,CA,Canada,Americas,MILK,Natrel Fine-Filtered Homogenized Milk 3.25% M.F. 2 L,Natrel · 2 L · 3.2% fat,0064420010025,,,,,https://www.natrel.ca/en/products/fine-filtered-milk/fine-filtered-325-milk https://www.agropursolutions.ca/fr/produits/lait/finement-filtre/2l-natrel-lait-finement-filtre-325,Natrel Fine-Filtered Homogenized Milk 3.25% M.F. 2 L,Natrel,2 L,0064420010025,"{""04_POKRYCIE_PR"": 60, ""11_MLEKO_75"": 15}"
15,CA,Canada,Americas,CREAM,Dairyland Whipping Cream 33% M.F.,Dairyland · 473 ml carton · 33.3% fat,068700100451,,,,,https://www.dairyland.ca/en/products/cream/33-whipping-cream https://www.saveonfoods.com/product/dairyland-33-whipping-cream-id-00068700100451,Dairyland Whipping Cream 33% M.F.,Dairyland,"473 ml, karton",068700100451,"{""04_POKRYCIE_PR"": 61, ""14_SMIETANKA_75"": 15}"
15,CA,Canada,Americas,SMP,Carnation Fat Free Instant Skim Milk Powder,Carnation · 500 g · 0% fat,059000111322,,,,,https://www.carnationmilk.ca/en/products/instant-skim https://www.amazon.ca/Carnation-Powdered-Skim-Milk-500g/dp/B01EYBIU9S,Carnation Fat Free Instant Skim Milk Powder,Carnation,500 g,059000111322,"{""04_POKRYCIE_PR"": 62, ""17_PROSZEK_75"": 15}"
15,CA,Canada,Americas,SUCROSE,White granulated sugar — 100% sugar,Any brand · any pack,,,,,The ingredients should list only sugar (sucrose).,,Biały cukier krystaliczny — 100% cukier,GENERIC,dowolne opakowanie,,"{""04_POKRYCIE_PR"": 63}"
15,CA,Canada,Americas,DEXTROSE,NOW Real Food Dextrose Powder,NOW Real Food Canada · 907 g / 32 oz,733739869258,,,,,https://nowfoods.ca/product/dextrose/ https://www.walmart.ca/en/ip/NOW-Foods-NOW-Real-Food-Dextrose-Powder-32-oz/1HH13O5A5FYG,NOW Real Food Dextrose Powder,NOW Real Food Canada,907 g / 32 oz,733739869258,"{""04_POKRYCIE_PR"": 64, ""20_DEKSTROZA_75"": 15}"
15,CA,Canada,Americas,TARA,SaporePuro Farina di semi di tara (E417) 50 g,SaporePuro · 50 g,8055728540170,,From abroad,"Sold by SaporePuro, Italy",Mix with the dry ingredients and heat the base to 75–80 °C.,https://saporepuro.com/products/farina-di-semi-di-tara-gomma-di-tara-origine-peru-e417-confezionato-in-italia-1,SaporePuro Farina di semi di tara (E417) 50 g,SaporePuro,50 g,8055728540170,"{""04_POKRYCIE_PR"": 65, ""23_TARA_75"": 15}"
16,CL,Chile,Americas,MILK,"COLUN Leche Entera Natural 3,1% 1 L",COLUN · 1 L · 3.1% fat,7802920777542,,,,,https://www.colun.cl/productos/categoria/detalle/leche-colun-entera-1-lt,"COLUN Leche Entera Natural 3,1% 1 L",COLUN,1 L,7802920777542,"{""04_POKRYCIE_PR"": 168, ""11_MLEKO_75"": 33}"
16,CL,Chile,Americas,CREAM,Soprole Crema para Batir Larga Vida 35%,Soprole · 1 L UHT carton · 35.3% fat,7802900107017,,,,,https://www.soprole.cl/productos/categorias/subcategorias/producto-detalle/cremas/crema-para-batir-1l https://super.eltit.cl/products/crema-l-vida-soprole-1lt-p-batir,Soprole Crema para Batir Larga Vida 35%,Soprole,"1 l, karton UHT",7802900107017,"{""04_POKRYCIE_PR"": 169, ""14_SMIETANKA_75"": 33}"
16,CL,Chile,Americas,SMP,Colun Leche Descremada en Polvo,COLUN · 800 g · 0.5% fat,7802920009865,,,,,https://www.colun.cl/productos/categoria/detalle/leche-colun-descremada-en-polvo-800gr https://www.mitiendacolun.cl/lp-colun-0-800-gr-2020.html,Colun Leche Descremada en Polvo,COLUN,800 g,7802920009865,"{""04_POKRYCIE_PR"": 170, ""17_PROSZEK_75"": 33}"
16,CL,Chile,Americas,SUCROSE,White granulated sugar — 100% sugar,Any brand · any pack,,,,,The ingredients should list only sugar (sucrose).,,Biały cukier krystaliczny — 100% cukier,GENERIC,dowolne opakowanie,,"{""04_POKRYCIE_PR"": 171}"
16,CL,Chile,Americas,DEXTROSE,BulkSupplements.com Dextrose Crystallized Powder,BulkSupplements.com · 1 kg (2.2 lb) · monohydrate,,DEX1KG,From abroad,,,https://www.bulksupplements.com/products/dextrose-powder,BulkSupplements.com Dextrose Crystallized Powder,BulkSupplements.com,1 kg (2.2 lb) — label 005,,"{""04_POKRYCIE_PR"": 172, ""20_DEKSTROZA_75"": 33}"
16,CL,Chile,Americas,TARA,SaporePuro Farina di semi di tara (E417) 50 g,SaporePuro · 50 g,8055728540170,,From abroad,"Sold by SaporePuro, Italy",Mix with the dry ingredients and heat the base to 75–80 °C.,https://saporepuro.com/products/farina-di-semi-di-tara-gomma-di-tara-origine-peru-e417-confezionato-in-italia-1,SaporePuro Farina di semi di tara (E417) 50 g,SaporePuro,50 g,8055728540170,"{""04_POKRYCIE_PR"": 173, ""23_TARA_75"": 33}"
17,CN,China,Asia–Pacific,MILK,Oldenburger UHT Full Cream Milk 3.5% fat — Chinese label SKU 14642,Oldenburger · 1 L carton; sold on JD as 12 x 1 L · 3.5% fat,4036300069450,,,,,https://www.jd.com/hprm/1320012e02e891835fb6.html https://item.jd.com/100051221729.html,Oldenburger UHT Full Cream Milk 3.5% fat — Chinese label SKU 14642,Oldenburger,1 L carton; sold on JD as 12 x 1 L,4036300069450,"{""04_POKRYCIE_PR"": 174, ""11_MLEKO_75"": 34}"
17,CN,China,Asia–Pacific,CREAM,Oldenburger Whipping Cream 30% fat UHT,Oldenburger · 200 g · 30% fat,4036300066749,,,,,https://online.sialchina.cn/en/productlist/18665 https://oldenburger-dairy.com/oldenburger-whipping-cream-30-fat-uht-200g/22762,Oldenburger Whipping Cream 30% fat UHT,Oldenburger,200 g,4036300066749,"{""04_POKRYCIE_PR"": 175, ""14_SMIETANKA_75"": 34}"
17,CN,China,Asia–Pacific,SMP,Devondale Instant Skim Milk Powder (德运脱脂奶粉),Devondale · 1 kg · 0.9% fat,9300639999005,,,,,https://zt.52pht.com/wap/item-detail.html?item_id=37450 https://www.devondale.com.au/en/products/milk/skim-milk-powder,Devondale Instant Skim Milk Powder (德运脱脂奶粉),Devondale,1 kg,9300639999005,"{""04_POKRYCIE_PR"": 176, ""17_PROSZEK_75"": 34}"
17,CN,China,Asia–Pacific,SUCROSE,White granulated sugar — 100% sugar,Any brand · any pack,,,,,The ingredients should list only sugar (sucrose).,,Biały cukier krystaliczny — 100% cukier,GENERIC,dowolne opakowanie,,"{""04_POKRYCIE_PR"": 177}"
17,CN,China,Asia–Pacific,DEXTROSE,BulkSupplements.com Dextrose Crystallized Powder,BulkSupplements.com · 1 kg (2.2 lb) · monohydrate,,DEX1KG,From abroad,,,https://www.bulksupplements.com/products/dextrose-powder,BulkSupplements.com Dextrose Crystallized Powder,BulkSupplements.com,1 kg (2.2 lb) — label 005,,"{""04_POKRYCIE_PR"": 178, ""20_DEKSTROZA_75"": 34}"
17,CN,China,Asia–Pacific,TARA,SaporePuro Farina di semi di tara (E417) 50 g,SaporePuro · 50 g,8055728540170,,From abroad,"Sold by BakingWarehouse, Hong Kong",Mix with the dry ingredients and heat the base to 75–80 °C.,https://bakingwarehouse.com/products/tara-gum-50gr-saporepuro https://saporepuro.com/products/farina-di-semi-di-tara-gomma-di-tara-origine-peru-e417-confezionato-in-italia-1,SaporePuro Farina di semi di tara (E417) 50 g,SaporePuro,50 g,8055728540170,"{""04_POKRYCIE_PR"": 179, ""23_TARA_75"": 34}"
18,CO,Colombia,Americas,MILK,"Alquería Súper Cremosa Leche Entera 3,5% 1100 ml",Alquería · 1100 ml bag · 3.5% fat,7702177022726,,,,,https://www.alqueria.com.co/productos/leche-entera/super-cremosa https://www.exito.com/leche-entera-super-cremosa-unidad-alqueria-1100-ml-3121825/p,"Alquería Súper Cremosa Leche Entera 3,5% 1100 ml",Alquería,1100 ml worek,7702177022726,"{""04_POKRYCIE_PR"": 276, ""11_MLEKO_75"": 51}"
18,CO,Colombia,Americas,CREAM,Alquería Crema de Leche Original (fórmula PEC) 400 g,Alquería · 400 g pouch with cap (27 × 15 g servings) · 31% fat,7702177022344,,,,,https://www.alqueria.com.co/productos/cremas/crema-de-leche https://www.megatiendas.co/crema-de-leche-alqueria-semientera-x-400-g-7702177022344/p,Alquería Crema de Leche Original (fórmula PEC) 400 g,Alquería,"400 g, saszetka z zakrętką, 27 porcji po 15 g",7702177022344,"{""04_POKRYCIE_PR"": 277, ""14_SMIETANKA_75"": 51}"
18,CO,Colombia,Americas,SMP,Leche en Polvo Descremada Colanta Slight,Colanta · 380 g bag · 0% fat,7702129004572,,,,,https://vaquitaexpress.com.co/leche-en-polvo-colanta-slight-descremada-x-380gr.html https://colanta.com/productos/leche-en-polvo-descremada-slight/,Leche en Polvo Descremada Colanta Slight,Colanta,torebka 380 g,7702129004572,"{""04_POKRYCIE_PR"": 278, ""17_PROSZEK_75"": 51}"
18,CO,Colombia,Americas,SUCROSE,White granulated sugar — 100% sugar,Any brand · any pack,,,,,The ingredients should list only sugar (sucrose).,,Biały cukier krystaliczny — 100% cukier,GENERIC,dowolne opakowanie,,"{""04_POKRYCIE_PR"": 279}"
18,CO,Colombia,Americas,DEXTROSE,BulkSupplements.com Dextrose Crystallized Powder,BulkSupplements.com · 1 kg (2.2 lb) · monohydrate,,DEX1KG,From abroad,,,https://www.bulksupplements.com/products/dextrose-powder,BulkSupplements.com Dextrose Crystallized Powder,BulkSupplements.com,1 kg (2.2 lb) — label 005,,"{""04_POKRYCIE_PR"": 280, ""20_DEKSTROZA_75"": 51}"
18,CO,Colombia,Americas,TARA,SaporePuro Farina di semi di tara (E417) 50 g,SaporePuro · 50 g,8055728540170,,From abroad,"Sold by SaporePuro, Italy",Mix with the dry ingredients and heat the base to 75–80 °C.,https://saporepuro.com/products/farina-di-semi-di-tara-gomma-di-tara-origine-peru-e417-confezionato-in-italia-1,SaporePuro Farina di semi di tara (E417) 50 g,SaporePuro,50 g,8055728540170,"{""04_POKRYCIE_PR"": 281, ""23_TARA_75"": 51}"
19,CR,Costa Rica,Americas,MILK,"Dos Pinos Leche Entera UAT 3,5% 1 L",Dos Pinos · 1 L · 3.5% fat,7441001601071,,,,,https://www.masxmenos.cr/leche-dos-pinos-entera-uht-3-grasa-1000ml-4/p https://www.superarias.com/leche-entera-3-5-grasa-dos-pinos-1l-tb/,"Dos Pinos Leche Entera UAT 3,5% 1 L",Dos Pinos,1 L,7441001601071,"{""04_POKRYCIE_PR"": 288, ""11_MLEKO_75"": 53}"
19,CR,Costa Rica,Americas,CREAM,Dos Pinos Crema Dulce para Batir 35%,Dos Pinos · 250 ml UHT carton · 34.7% fat,7441001604508,,,,,https://www.masxmenos.cr/crema-leche-dos-pinos-para-batir-250ml-4/p https://abastecidos.dospinos.com/Abastecidos/category/dips-y-culinarios/crema-dulce/0ZGR70000004V4TOAU,Dos Pinos Crema Dulce para Batir 35%,Dos Pinos,"250 ml, karton UHT",7441001604508,"{""04_POKRYCIE_PR"": 289, ""14_SMIETANKA_75"": 53}"
19,CR,Costa Rica,Americas,SMP,NOW Foods Real Food Organic Non-Fat Dry Milk Powder,NOW Foods / iHerb Costa Rica · 340 g · 0% fat,733739058324,,,,,https://www.nowfoods.com/products/natural-foods/non-fat-dry-milk-powder-organic https://cr.iherb.com/pr/now-foods-real-food-organic-non-fat-dry-milk-powder-12-oz-340-g/21134,NOW Foods Real Food Organic Non-Fat Dry Milk Powder,NOW Foods / iHerb Costa Rica,340 g,733739058324,"{""04_POKRYCIE_PR"": 290, ""17_PROSZEK_75"": 53}"
19,CR,Costa Rica,Americas,SUCROSE,White granulated sugar — 100% sugar,Any brand · any pack,,,,,The ingredients should list only sugar (sucrose).,,Biały cukier krystaliczny — 100% cukier,GENERIC,dowolne opakowanie,,"{""04_POKRYCIE_PR"": 291}"
19,CR,Costa Rica,Americas,DEXTROSE,BulkSupplements.com Dextrose Crystallized Powder,BulkSupplements.com · 1 kg (2.2 lb) · monohydrate,,DEX1KG,From abroad,,,https://www.bulksupplements.com/products/dextrose-powder,BulkSupplements.com Dextrose Crystallized Powder,BulkSupplements.com,1 kg (2.2 lb) — label 005,,"{""04_POKRYCIE_PR"": 292, ""20_DEKSTROZA_75"": 53}"
19,CR,Costa Rica,Americas,TARA,SaporePuro Farina di semi di tara (E417) 50 g,SaporePuro · 50 g,8055728540170,,From abroad,"Sold by SaporePuro, Italy",Mix with the dry ingredients and heat the base to 75–80 °C.,https://saporepuro.com/products/farina-di-semi-di-tara-gomma-di-tara-origine-peru-e417-confezionato-in-italia-1,SaporePuro Farina di semi di tara (E417) 50 g,SaporePuro,50 g,8055728540170,"{""04_POKRYCIE_PR"": 293, ""23_TARA_75"": 53}"
20,HR,Croatia,Europe,MILK,"Alpsko trajno mlijeko 3,5% m.m. 1 l",Alpsko / Ljubljanske mlekarne · 1 L UHT carton · 3.5% fat,3838800040578,,,,,https://www.konzum.hr/web/products/alpsko-trajno-mlijeko-3-5-m-m-1-l https://razvoj.dukatshop.hr/mlijeko/72-alpsko-mleko-trajno-mlijeko-35-mm-1-l-3838800040578.html,"Alpsko trajno mlijeko 3,5% m.m. 1 l",Alpsko / Ljubljanske mlekarne,1 l karton UHT,3838800040578,"{""04_POKRYCIE_PR"": 180, ""11_MLEKO_75"": 35}"
20,HR,Croatia,Europe,CREAM,Dukat Brzo & Fino Vrhnje za šlag 33%,Brzo & Fino · 500 g carton · 33% fat,3850354001348,,,,,https://www.konzum.hr/web/products/brzo-fino-vrhnje-za-slag-500-g https://razvoj.dukatshop.hr/vrhnje/188-brzo-fino-vrhnje-za-slag-500-g-3850354001348.html,Dukat Brzo & Fino Vrhnje za šlag 33%,Brzo & Fino,500 g carton,3850354001348,"{""04_POKRYCIE_PR"": 181, ""14_SMIETANKA_75"": 35}"
20,HR,Croatia,Europe,SMP,Obrano mlijeko u prahu 1% m.m.,Dukat · 1 kg · 1.5% fat,3850355001132,,,,,https://razvoj.dukatshop.hr/mlijeko-u-prahu/830-dukat-obrano-mlijeko-u-prahu-1-mm-1-kg-3850355001132.html https://www.cijene.hr/mlijeko/dukat-obrano-mlijeko-u-prahu-1-mm-1-kg-cijena-749180081,Obrano mlijeko u prahu 1% m.m.,Dukat,1 kg,3850355001132,"{""04_POKRYCIE_PR"": 182, ""17_PROSZEK_75"": 35}"
20,HR,Croatia,Europe,SUCROSE,White granulated sugar — 100% sugar,Any brand · any pack,,,,,The ingredients should list only sugar (sucrose).,,Biały cukier krystaliczny — 100% cukier,GENERIC,dowolne opakowanie,,"{""04_POKRYCIE_PR"": 183}"
20,HR,Croatia,Europe,DEXTROSE,"Dekstroza - GymBeam, bez dodatków smakowych",GymBeam · 1000 g · monohydrate,8588006139983,,,,,https://gymbeam.hr/dekstroza-gymbeam.html,"Dekstroza - GymBeam, bez dodatków smakowych",GymBeam,1000 g,8588006139983,"{""04_POKRYCIE_PR"": 184, ""20_DEKSTROZA_75"": 35}"
20,HR,Croatia,Europe,TARA,SaporePuro Farina di Semi di Tara / Gomma di Tara E417,SaporePuro · 50 g,8055728540170,,From abroad,"Sold by SaporePuro, Italy",Mix with the dry ingredients and heat the base to 75–80 °C.,https://saporepuro.com/products/farina-di-semi-di-tara-gomma-di-tara-origine-peru-e417-confezionato-in-italia-1 https://gourmetshop.hr/hrana/teksture/gelifikatori/tara-gumi-sosa,SaporePuro Farina di Semi di Tara / Gomma di Tara E417,SaporePuro,50 g,8055728540170,"{""04_POKRYCIE_PR"": 185, ""23_TARA_75"": 35}"
21,CY,Cyprus,Europe,MILK,"MEGGLE UHT Whole Milk 3,5% 1 L",MEGGLE · 1 L · 3.5% fat,8585002504432,,,,,https://wolt.com/en/cyp/ammochostos/venue/sklavenitis-paralimni/meggle-uht-whole-milk-3-5-fat-1lt-8585002504432-713974-itemid-2a4ee6410142efb41258dd27,"MEGGLE UHT Whole Milk 3,5% 1 L",MEGGLE,1 L,8585002504432,"{""04_POKRYCIE_PR"": 186, ""11_MLEKO_75"": 36}"
21,CY,Cyprus,Europe,CREAM,Charalambides Christis Dairy Whipping Cream 35% 500 ml,Charalambides Christis · 500 ml · 35.1% fat,5290036002436,,,,,https://en.charalambideschristis.com.cy/products/manufactured/cream-en/whipping-cream-en/dairy-cream-en https://www.supermarketcy.com.cy/en/charalambides-christis-whipping-cream-500ml,Charalambides Christis Dairy Whipping Cream 35% 500 ml,Charalambides Christis,500 ml,5290036002436,"{""04_POKRYCIE_PR"": 187, ""14_SMIETANKA_75"": 36}"
21,CY,Cyprus,Europe,SMP,Instant Skimmed Milk Powder With 0% Fat,Régilait · 300 g tin · 0.8% fat,3043939531112,,,,,https://www.alphamega.com.cy/en/groceries/food-cupboard/coffee-tea-cocoa/coffee/instant-coffee/regilait-instant-skimmed-milk-powder-with-0-fat-300-g https://www.supermarketcy.com.cy/en/regilait-300g,Instant Skimmed Milk Powder With 0% Fat,Régilait,puszka 300 g,3043939531112,"{""04_POKRYCIE_PR"": 188, ""17_PROSZEK_75"": 36}"
21,CY,Cyprus,Europe,SUCROSE,White granulated sugar — 100% sugar,Any brand · any pack,,,,,The ingredients should list only sugar (sucrose).,,Biały cukier krystaliczny — 100% cukier,GENERIC,dowolne opakowanie,,"{""04_POKRYCIE_PR"": 189}"
21,CY,Cyprus,Europe,DEXTROSE,buXtrade Dextrose (Traubenzucker) 25 kg,buXtrade · 25 kg · monohydrate,4260486775762,,From abroad,,,https://buxtrade.de/products/dextrose-traubenzucker https://www.shop-apotheke.com/ernaehrung/upm47YLPU/buxtrade-dextrose-pulver.htm,buXtrade Dextrose (Traubenzucker) 25 kg,buXtrade,25 kg,4260486775762,"{""04_POKRYCIE_PR"": 190, ""20_DEKSTROZA_75"": 36}"
21,CY,Cyprus,Europe,TARA,SaporePuro Farina di Semi di Tara / Gomma di Tara E417,SaporePuro · 50 g,8055728540170,,From abroad,"Sold by SaporePuro, Italy",Mix with the dry ingredients and heat the base to 75–80 °C.,https://saporepuro.com/products/farina-di-semi-di-tara-gomma-di-tara-origine-peru-e417-confezionato-in-italia-1,SaporePuro Farina di Semi di Tara / Gomma di Tara E417,SaporePuro,50 g,8055728540170,"{""04_POKRYCIE_PR"": 191, ""23_TARA_75"": 36}"
22,CZ,Czechia,Europe,MILK,Madeta Jihočeské mléko trvanlivé plnotučné 3.5% 1L,Madeta · 1 L UHT carton · 3.5% fat,8593803224015,,,,,https://eshop.agrola.cz/trvanlive/800-mleko-trvanlive-plnot35-8593803224015.html https://www.madeta.cz/en/produkty/milk-uht-3-5-1l,Madeta Jihočeské mléko trvanlivé plnotučné 3.5% 1L,Madeta,1 L karton UHT,8593803224015,"{""04_POKRYCIE_PR"": 192, ""11_MLEKO_75"": 37}"
22,CZ,Czechia,Europe,CREAM,Meggle Smetana ke šlehání 30%,MEGGLE Slovakia · 250 ml carton · 30% fat,8585002520043,,,,,https://meggle.cz/smetany/smetany-ke-slehani/smetana-ke-slehani-30-250-ml/ https://globusonline.cz/p/meggle-smetana-ke-slehani-30-tuku-250-ml,Meggle Smetana ke šlehání 30%,MEGGLE Slovakia,250 ml carton,8585002520043,"{""04_POKRYCIE_PR"": 193, ""14_SMIETANKA_75"": 37}"
22,CZ,Czechia,Europe,SMP,Sušené odtučněné mléko ALMECO,ALMECO · 150 g · 1.3% fat,8369921447533,,,,,https://www.cukrar-shop.cz/Susene-mleko-plnotucne-400g-d2388.htm https://www.pastry.cz/susene-mleko-odtucnene-2kg/,Sušené odtučněné mléko ALMECO,ALMECO,150 g,8369921447533,"{""04_POKRYCIE_PR"": 194, ""17_PROSZEK_75"": 37}"
22,CZ,Czechia,Europe,SUCROSE,White granulated sugar — 100% sugar,Any brand · any pack,,,,,The ingredients should list only sugar (sucrose).,,Biały cukier krystaliczny — 100% cukier,GENERIC,dowolne opakowanie,,"{""04_POKRYCIE_PR"": 195}"
22,CZ,Czechia,Europe,DEXTROSE,"Dextróza - GymBeam, bez dodatków smakowych",GymBeam · 1000 g · monohydrate,8588006139983,,,,,https://gymbeam.cz/dextroza-1000-g-gym-beam.html,"Dextróza - GymBeam, bez dodatków smakowych",GymBeam,1000 g,8588006139983,"{""04_POKRYCIE_PR"": 196, ""20_DEKSTROZA_75"": 37}"
22,CZ,Czechia,Europe,TARA,SaporePuro Farina di semi di tara (E417) 50 g,SaporePuro · 50 g,8055728540170,,From abroad,"Sold by SaporePuro, Italy",Mix with the dry ingredients and heat the base to 75–80 °C.,https://saporepuro.com/products/farina-di-semi-di-tara-gomma-di-tara-origine-peru-e417-confezionato-in-italia-1,SaporePuro Farina di semi di tara (E417) 50 g,SaporePuro,50 g,8055728540170,"{""04_POKRYCIE_PR"": 197, ""23_TARA_75"": 37}"
23,DK,Denmark,Europe,MILK,"Arla Sødmælk 3,5% UHT 1 L",Arla · 1 L carton with screw cap · 3.5% fat,5709310050303,,,,,https://ebberup.spar.dk/produkter/arla-s%C3%B8dm%C3%A6lk-3%2C5%25-uht-5709310050303 https://www.sartorvet.com/sodmaelk-uht1-10-x-lt.html,"Arla Sødmælk 3,5% UHT 1 L",Arla,1 L carton with screw cap,5709310050303,"{""04_POKRYCIE_PR"": 24, ""11_MLEKO_75"": 9}"
23,DK,Denmark,Europe,CREAM,Arla Piskefløde 35% UHT 200 ml,Arla · 200 ml · 35% fat,5711953069291,,,,,https://www.arla.dk/produkter/arla/piskeflode-64625/ https://naestved.meny.dk/produkter/arla-piskefl%C3%B8de-36%25-uht-5711953069291,Arla Piskefløde 35% UHT 200 ml,Arla,200 ml,5711953069291,"{""04_POKRYCIE_PR"": 25, ""14_SMIETANKA_75"": 9}"
23,DK,Denmark,Europe,SMP,EASIS Skummetmælkspulver 200 g,EASIS · 200 g · 0.6% fat,5703161691012,,,,,https://easis.dk/products/easis-skummetmaelkspulver https://www.bilkatogo.dk/produkt/easis-skummetmaelkspulver/16936/,EASIS Skummetmælkspulver 200 g,EASIS,200 g,5703161691012,"{""04_POKRYCIE_PR"": 26, ""17_PROSZEK_75"": 9}"
23,DK,Denmark,Europe,SUCROSE,White granulated sugar — 100% sugar,Any brand · any pack,,,,,The ingredients should list only sugar (sucrose).,,Biały cukier krystaliczny — 100% cukier,GENERIC,dowolne opakowanie,,"{""04_POKRYCIE_PR"": 27}"
23,DK,Denmark,Europe,DEXTROSE,buXtrade Dextrose (Traubenzucker) 25 kg,buXtrade · 25 kg · monohydrate,4260486775762,,From abroad,,,https://buxtrade.de/products/dextrose-traubenzucker https://www.shop-apotheke.com/ernaehrung/upm47YLPU/buxtrade-dextrose-pulver.htm,buXtrade Dextrose (Traubenzucker) 25 kg,buXtrade,25 kg,4260486775762,"{""04_POKRYCIE_PR"": 28, ""20_DEKSTROZA_75"": 9}"
23,DK,Denmark,Europe,TARA,SaporePuro Farina di semi di tara (E417) 50 g,SaporePuro · 50 g,8055728540170,,From abroad,"Sold by SaporePuro, Italy",Mix with the dry ingredients and heat the base to 75–80 °C.,https://saporepuro.com/products/farina-di-semi-di-tara-gomma-di-tara-origine-peru-e417-confezionato-in-italia-1,SaporePuro Farina di semi di tara (E417) 50 g,SaporePuro,50 g,8055728540170,"{""04_POKRYCIE_PR"": 29, ""23_TARA_75"": 9}"
24,DO,Dominican Republic,Americas,MILK,Milex Leche UHT Entera 1 L,Milex · 1 L · 3.6% fat,4100290023195,,,,,https://mercasid.com.do/productos/milex-leche-entera-1l-2/ https://www.arla.com/es-do/productos/milex-leche-entera-1l-194976/,Milex Leche UHT Entera 1 L,Milex,1 L,4100290023195,"{""04_POKRYCIE_PR"": 198, ""11_MLEKO_75"": 38}"
24,DO,Dominican Republic,Americas,CREAM,Elle & Vire Crème Liquide Whipping Cream UHT 35% 200 ml,Elle & Vire · 200 ml carton · 35% fat,30028777,,,,,https://supermercadosnacional.com/crema-de-leche-35-grasa-elle-vire-20-cl-2066082,Elle & Vire Crème Liquide Whipping Cream UHT 35% 200 ml,Elle & Vire,200 ml carton,30028777,"{""04_POKRYCIE_PR"": 199, ""14_SMIETANKA_75"": 38}"
24,DO,Dominican Republic,Americas,SMP,NESCAFÉ Leche Descremada en Polvo,Nestlé Professional / dystrybucja Dominikana · 500 g · 0.8% fat,7613034074218,,,,,https://www.nestleprofessional-latam.com/do/nescafe/leche-descremada-polvo-500g https://www.nestleprofessional.co.uk/coffee/other-beverages/nestle-skimmed-milk-powder-500g-bag,NESCAFÉ Leche Descremada en Polvo,Nestlé Professional / dystrybucja Dominikana,500 g,7613034074218,"{""04_POKRYCIE_PR"": 200, ""17_PROSZEK_75"": 38}"
24,DO,Dominican Republic,Americas,SUCROSE,White granulated sugar — 100% sugar,Any brand · any pack,,,,,The ingredients should list only sugar (sucrose).,,Biały cukier krystaliczny — 100% cukier,GENERIC,dowolne opakowanie,,"{""04_POKRYCIE_PR"": 201}"
24,DO,Dominican Republic,Americas,DEXTROSE,BulkSupplements.com Dextrose Crystallized Powder,BulkSupplements.com · 1 kg (2.2 lb) · monohydrate,,DEX1KG,From abroad,,,https://www.bulksupplements.com/products/dextrose-powder,BulkSupplements.com Dextrose Crystallized Powder,BulkSupplements.com,1 kg (2.2 lb) — label 005,,"{""04_POKRYCIE_PR"": 202, ""20_DEKSTROZA_75"": 38}"
24,DO,Dominican Republic,Americas,TARA,SaporePuro Farina di semi di tara (E417) 50 g,SaporePuro · 50 g,8055728540170,,From abroad,"Sold by SaporePuro, Italy",Mix with the dry ingredients and heat the base to 75–80 °C.,https://saporepuro.com/products/farina-di-semi-di-tara-gomma-di-tara-origine-peru-e417-confezionato-in-italia-1,SaporePuro Farina di semi di tara (E417) 50 g,SaporePuro,50 g,8055728540170,"{""04_POKRYCIE_PR"": 203, ""23_TARA_75"": 38}"
25,EG,Egypt,Middle East & North Africa,MILK,"Juhayna Full Cream Milk UHT 3,0% 1 L",Juhayna · 1 L · 3% fat,6223000350065,,,,,https://www.juhayna.com/brands-category/juhayna-dairy/ https://spinneys-egypt.com/en/juhayna-milk-full-cream-1-l,"Juhayna Full Cream Milk UHT 3,0% 1 L",Juhayna,1 L,6223000350065,"{""04_POKRYCIE_PR"": 204, ""11_MLEKO_75"": 39}"
25,EG,Egypt,Middle East & North Africa,CREAM,Elle & Vire Professionnel Excellence Whipping Cream UHT 35%,Elle & Vire · 1 L brik (989 g net per official technical sheet) · 35% fat,3161911703385,,,,,https://www.amazon.eg/-/en/Elle-Vire-Excellence-Whipping-Cream/dp/B087KF9CTW https://www.elle-et-vire.com/int/en/pro/creams/products/excellence-whipping-cream-35fat/,Elle & Vire Professionnel Excellence Whipping Cream UHT 35%,Elle & Vire,1 L brik (989 g net per official technical sheet),3161911703385,"{""04_POKRYCIE_PR"": 205, ""14_SMIETANKA_75"": 39}"
25,EG,Egypt,Middle East & North Africa,SMP,NOW Real Food Organic Non-Fat Dry Milk Powder,NOW Foods Real Food · 12 oz (340 g) bag · 0% fat,733739058324,,From abroad,,,https://eg.iherb.com/pr/now-foods-real-food-organic-non-fat-dry-milk-powder-12-oz-340-g/21134 https://www.nowfoods.com/products/natural-foods/non-fat-dry-milk-powder-organic,NOW Real Food Organic Non-Fat Dry Milk Powder,NOW Foods Real Food,torebka 12 oz (340 g),733739058324,"{""04_POKRYCIE_PR"": 206, ""17_PROSZEK_75"": 39}"
25,EG,Egypt,Middle East & North Africa,SUCROSE,White granulated sugar — 100% sugar,Any brand · any pack,,,,,The ingredients should list only sugar (sucrose).,,Biały cukier krystaliczny — 100% cukier,GENERIC,dowolne opakowanie,,"{""04_POKRYCIE_PR"": 207}"
25,EG,Egypt,Middle East & North Africa,DEXTROSE,BulkSupplements.com Dextrose Crystallized Powder,BulkSupplements.com · 1 kg (2.2 lb) · monohydrate,,DEX1KG,From abroad,,,https://www.bulksupplements.com/products/dextrose-powder,BulkSupplements.com Dextrose Crystallized Powder,BulkSupplements.com,1 kg (2.2 lb) — label 005,,"{""04_POKRYCIE_PR"": 208, ""20_DEKSTROZA_75"": 39}"
25,EG,Egypt,Middle East & North Africa,TARA,SaporePuro Farina di semi di tara (E417) 50 g,SaporePuro · 50 g,8055728540170,,From abroad,"Sold by SaporePuro, Italy",Mix with the dry ingredients and heat the base to 75–80 °C.,https://saporepuro.com/products/farina-di-semi-di-tara-gomma-di-tara-origine-peru-e417-confezionato-in-italia-1 https://bakingwarehouse.com/products/tara-gum-50gr-saporepuro,SaporePuro Farina di semi di tara (E417) 50 g,SaporePuro,50 g,8055728540170,"{""04_POKRYCIE_PR"": 209, ""23_TARA_75"": 39}"
26,EE,Estonia,Europe,MILK,"Tere Cappuccino UHT Milk 3,5% 1 L",Tere · 1 L · 3.5% fat,4740036009085,,,,,https://www.rimi.ee/epood/en/products/dairy-products-eggs-cheese/milk/high-pasteurized-milk/piim-cappuccino-tere-3-5-1l/p/286625 https://www.tere.eu/products/uht/tere-korgkuumutatud-cappuccino-piim,"Tere Cappuccino UHT Milk 3,5% 1 L",Tere,1 L,4740036009085,"{""04_POKRYCIE_PR"": 210, ""11_MLEKO_75"": 40}"
26,EE,Estonia,Europe,CREAM,Alma vahukoor 35%,Valio Eesti AS / Alma · 400 ml carton · 35% fat,4740125220049,,,,,https://www.valio.ee/tooted/alma-vahukoor-35-400ml/ https://coophaapsalu.ee/toode/vahukoor-35-alma-400ml/,Alma vahukoor 35%,Valio Eesti AS / Alma,400 ml carton,4740125220049,"{""04_POKRYCIE_PR"": 211, ""14_SMIETANKA_75"": 40}"
26,EE,Estonia,Europe,SMP,Piimapulber rasvavaba / rasvaton maitojauhe instant,Valio · 400 g · 0.6% fat,6408430840625,,,,,https://www.kaupmees.ee/products/?query=6408430840625 https://www.valio.fi/tuotteet/valio-rasvaton-maitojauhe-instant/,Piimapulber rasvavaba / rasvaton maitojauhe instant,Valio,400 g,6408430840625,"{""04_POKRYCIE_PR"": 212, ""17_PROSZEK_75"": 40}"
26,EE,Estonia,Europe,SUCROSE,White granulated sugar — 100% sugar,Any brand · any pack,,,,,The ingredients should list only sugar (sucrose).,,Biały cukier krystaliczny — 100% cukier,GENERIC,dowolne opakowanie,,"{""04_POKRYCIE_PR"": 213}"
26,EE,Estonia,Europe,DEXTROSE,buXtrade Dextrose (Traubenzucker) 25 kg,buXtrade · 25 kg · monohydrate,4260486775762,,From abroad,,,https://buxtrade.de/products/dextrose-traubenzucker https://www.shop-apotheke.com/ernaehrung/upm47YLPU/buxtrade-dextrose-pulver.htm,buXtrade Dextrose (Traubenzucker) 25 kg,buXtrade,25 kg,4260486775762,"{""04_POKRYCIE_PR"": 214, ""20_DEKSTROZA_75"": 40}"
26,EE,Estonia,Europe,TARA,SaporePuro Farina di Semi di Tara / Gomma di Tara E417,SaporePuro · 50 g,8055728540170,,From abroad,"Sold by SaporePuro, Italy",Mix with the dry ingredients and heat the base to 75–80 °C.,https://saporepuro.com/products/farina-di-semi-di-tara-gomma-di-tara-origine-peru-e417-confezionato-in-italia-1,SaporePuro Farina di Semi di Tara / Gomma di Tara E417,SaporePuro,50 g,8055728540170,"{""04_POKRYCIE_PR"": 215, ""23_TARA_75"": 40}"
27,FI,Finland,Europe,MILK,Valio täysmaito suomalaisilta maitotiloilta 1 L,Valio · 1 L carton · 3.5% fat,6408430000135,,,,,https://www.valio.fi/tuotteet/valio-taysmaito-suomalaisilta-maitotiloilta/ https://www.k-ruoka.fi/kauppa/tuote/valio-taysmaito-suomal-maitotil-1l-6408430000135,Valio täysmaito suomalaisilta maitotiloilta 1 L,Valio,1 L carton,6408430000135,"{""04_POKRYCIE_PR"": 30, ""11_MLEKO_75"": 10}"
27,FI,Finland,Europe,CREAM,Arla Lempi Kuohukerma luomu 35% 2 dl,Arla Lempi · 200 ml · 35% fat,6413300015225,,,,,https://www.s-kaupat.fi/tuote/arla-lempi-kuohukerma-luomu-2-dl/6413300015225 https://www.arla.fi/tuotteet/arla-lempi/kuohukerma-luomu-2dl-652156/,Arla Lempi Kuohukerma luomu 35% 2 dl,Arla Lempi,200 ml,6413300015225,"{""04_POKRYCIE_PR"": 31, ""14_SMIETANKA_75"": 10}"
27,FI,Finland,Europe,SMP,Valio rasvaton maitojauhe instant 400 g,Valio · 400 g · 0.6% fat,6408430840625,,,,,https://www.valioaimo.fi/ammattilaistuotteet/valio-rasvaton-maitojauhe-instant/ https://www.s-kaupat.fi/tuote/valio-rasvaton-maitojauhe-instant-400-g/6408430840625,Valio rasvaton maitojauhe instant 400 g,Valio,400 g,6408430840625,"{""04_POKRYCIE_PR"": 32, ""17_PROSZEK_75"": 10}"
27,FI,Finland,Europe,SUCROSE,White granulated sugar — 100% sugar,Any brand · any pack,,,,,The ingredients should list only sugar (sucrose).,,Biały cukier krystaliczny — 100% cukier,GENERIC,dowolne opakowanie,,"{""04_POKRYCIE_PR"": 33}"
27,FI,Finland,Europe,DEXTROSE,buXtrade Dextrose (Traubenzucker) 25 kg,buXtrade · 25 kg · monohydrate,4260486775762,,From abroad,,,https://buxtrade.de/products/dextrose-traubenzucker https://www.shop-apotheke.com/ernaehrung/upm47YLPU/buxtrade-dextrose-pulver.htm,buXtrade Dextrose (Traubenzucker) 25 kg,buXtrade,25 kg,4260486775762,"{""04_POKRYCIE_PR"": 34, ""20_DEKSTROZA_75"": 10}"
27,FI,Finland,Europe,TARA,SaporePuro Farina di Semi di Tara / Gomma di Tara E417,SaporePuro · 50 g,8055728540170,,From abroad,"Sold by SaporePuro, Italy",Mix with the dry ingredients and heat the base to 75–80 °C.,https://saporepuro.com/products/farina-di-semi-di-tara-gomma-di-tara-origine-peru-e417-confezionato-in-italia-1,SaporePuro Farina di Semi di Tara / Gomma di Tara E417,SaporePuro,50 g,8055728540170,"{""04_POKRYCIE_PR"": 35, ""23_TARA_75"": 10}"
28,FR,France,Europe,MILK,"Alsace Lait Lait frais entier pasteurisé, brique 1 L",Alsace Lait · 1 L brique · 3.6% fat,3262970109108,,,,,https://www.supermarchesmatch.fr/fr/p/1754550/alsace-lait-lait-frais-entier-brique-1l https://www.intermarche.com/produit/lait-frais-pasteurise-entier/3262970109108,"Alsace Lait Lait frais entier pasteurisé, brique 1 L",Alsace Lait,1 L brique,3262970109108,"{""04_POKRYCIE_PR"": 36, ""11_MLEKO_75"": 11}"
28,FR,France,Europe,CREAM,Elle & Vire Crème UHT fluide entière 30% MG 2×25cl,Elle & Vire · 2 × 250 ml · 30% fat,3451790256745,,,,,https://www.auchan.fr/elle-vire-creme-fluide-entiere-30-mg-uht/pr-C1178091 https://www.carrefour.fr/p/creme-uht-fluide-entiere-30-mg-elle-vire-3451790256745,Elle & Vire Crème UHT fluide entière 30% MG 2×25cl,Elle & Vire,2 × 250 ml,3451790256745,"{""04_POKRYCIE_PR"": 37, ""14_SMIETANKA_75"": 11}"
28,FR,France,Europe,SMP,Lait écrémé en poudre,Régilait · 300 g carton · 0.8% fat,3043934232700,,,,,https://www.auchan.fr/regilait-lait-ecreme-en-poudre/pr-C1274757 https://regilait.com/produits/laits-en-poudre/lait-ecreme,Lait écrémé en poudre,Régilait,karton 300 g,3043934232700,"{""04_POKRYCIE_PR"": 38, ""17_PROSZEK_75"": 11}"
28,FR,France,Europe,SUCROSE,White granulated sugar — 100% sugar,Any brand · any pack,,,,,The ingredients should list only sugar (sucrose).,,Biały cukier krystaliczny — 100% cukier,GENERIC,dowolne opakowanie,,"{""04_POKRYCIE_PR"": 39}"
28,FR,France,Europe,DEXTROSE,Dextrose Monohydrate,Louis François · 1 kg · monohydrate,,450A,,,,https://www.meilleurduchef.com/en/shop/baking-supplies/ingredients/sugar-sweetener/lfr-dextrose-monohydrate.html https://www.caterite.co.uk/louis-francois-dextrose/,Dextrose Monohydrate,Louis François,1 kg,,"{""04_POKRYCIE_PR"": 40, ""20_DEKSTROZA_75"": 11}"
28,FR,France,Europe,TARA,SaporePuro Farina di Semi di Tara / Gomma di Tara E417,SaporePuro · 50 g,8055728540170,,From abroad,"Sold by SaporePuro, Italy",Mix with the dry ingredients and heat the base to 75–80 °C.,https://saporepuro.com/products/farina-di-semi-di-tara-gomma-di-tara-origine-peru-e417-confezionato-in-italia-1 https://panierdeschefs.eu/en/index.php?controller=attachment&id_attachment=338,SaporePuro Farina di Semi di Tara / Gomma di Tara E417,SaporePuro,50 g,8055728540170,"{""04_POKRYCIE_PR"": 41, ""23_TARA_75"": 11}"
29,DE,Germany,Europe,MILK,"frischli H-Vollmilch 3,5% 1 L",frischli · 1 L carton; case of 12 × 1 L · 3.5% fat,4045500011145,,,,,https://www.frischli.de/produkte/index.htm?showproduct=67006&showrange=73333 https://www.amazon.de/frischli-H-Vollmilch-3-5-Fett-12er/dp/B0FJLQYXXX,"frischli H-Vollmilch 3,5% 1 L",frischli,1 L carton; case12 x1L,4045500011145,"{""04_POKRYCIE_PR"": 66, ""11_MLEKO_75"": 16}"
29,DE,Germany,Europe,CREAM,Hofgut Schlagsahne 30% 200 g,Hofgut · 200 g · 30% fat,4070700003058,,,,,https://edeka-foodservice.de/eigenmarken/produkte/167982005/hofgut-schlagsahne-30-200g,Hofgut Schlagsahne 30% 200 g,Hofgut,200 g,4070700003058,"{""04_POKRYCIE_PR"": 67, ""14_SMIETANKA_75"": 16}"
29,DE,Germany,Europe,SMP,Saliter Magermilchpulver 250 g,Saliter · 250 g · 1% fat,4008230010901,,,,,https://saliter.de/milchprodukte/milchpulver/magermilchpulver/ https://www.rewe.de/shop/p/saliter-magermilchpulver-250g/9336729,Saliter Magermilchpulver 250 g,Saliter,250 g,4008230010901,"{""04_POKRYCIE_PR"": 68, ""17_PROSZEK_75"": 16}"
29,DE,Germany,Europe,SUCROSE,White granulated sugar — 100% sugar,Any brand · any pack,,,,,The ingredients should list only sugar (sucrose).,,Biały cukier krystaliczny — 100% cukier,GENERIC,dowolne opakowanie,,"{""04_POKRYCIE_PR"": 69}"
29,DE,Germany,Europe,DEXTROSE,buXtrade Dextrose (Traubenzucker) 25 kg,"buXtrade · 25 kg, manufacturer's pack · monohydrate",4260486775762,,,,,https://buxtrade.de/products/dextrose-traubenzucker https://www.shop-apotheke.com/ernaehrung/upm47YLPU/buxtrade-dextrose-pulver.htm,buXtrade Dextrose (Traubenzucker) 25 kg,buXtrade,"25 kg, opakowanie producenta",4260486775762,"{""04_POKRYCIE_PR"": 70, ""20_DEKSTROZA_75"": 16}"
29,DE,Germany,Europe,TARA,SaporePuro Farina di Semi di Tara / Gomma di Tara E417,SaporePuro · 50 g,8055728540170,,From abroad,"Sold by SaporePuro, Italy",Mix with the dry ingredients and heat the base to 75–80 °C.,https://saporepuro.com/products/farina-di-semi-di-tara-gomma-di-tara-origine-peru-e417-confezionato-in-italia-1,SaporePuro Farina di Semi di Tara / Gomma di Tara E417,SaporePuro,50 g,8055728540170,"{""04_POKRYCIE_PR"": 71, ""23_TARA_75"": 16}"
30,GH,Ghana,Sub-Saharan Africa,MILK,"Dano UHT Full Cream Milk 3,5% / 3,6% 1 L",Dano · 1 L · 3.6% fat,4100290099800,,,,,https://www.arla.ng/brands/arla-dano-full-cream-uht-35pct-fat-1l-408775/ https://melcom.com/categories/food-beverages-toiletries/food-cupboard/dairy.html,"Dano UHT Full Cream Milk 3,5% / 3,6% 1 L",Dano,1 L,4100290099800,"{""04_POKRYCIE_PR"": 222, ""11_MLEKO_75"": 42}"
30,GH,Ghana,Sub-Saharan Africa,CREAM,Emborg Natural Whipping Cream UHT 35%,Emborg · 200 ml · 35.1% fat,5701215046375,,,,,https://www.emborg.com/product/whipping-cream/ https://maxmartonline.com/emborg-whipping-cream-200ml,Emborg Natural Whipping Cream UHT 35%,Emborg,200 ml,5701215046375,"{""04_POKRYCIE_PR"": 223, ""14_SMIETANKA_75"": 42}"
30,GH,Ghana,Sub-Saharan Africa,SMP,NOW Real Food Organic Non-Fat Dry Milk Powder,NOW Foods Real Food · 12 oz (340 g) bag · 0% fat,733739058324,,From abroad,,,https://gh.iherb.com/pr/now-foods-real-food-organic-non-fat-dry-milk-powder-12-oz-340-g/21134 https://www.nowfoods.com/products/natural-foods/non-fat-dry-milk-powder-organic,NOW Real Food Organic Non-Fat Dry Milk Powder,NOW Foods Real Food,torebka 12 oz (340 g),733739058324,"{""04_POKRYCIE_PR"": 224, ""17_PROSZEK_75"": 42}"
30,GH,Ghana,Sub-Saharan Africa,SUCROSE,White granulated sugar — 100% sugar,Any brand · any pack,,,,,The ingredients should list only sugar (sucrose).,,Biały cukier krystaliczny — 100% cukier,GENERIC,dowolne opakowanie,,"{""04_POKRYCIE_PR"": 225}"
30,GH,Ghana,Sub-Saharan Africa,DEXTROSE,BulkSupplements.com Dextrose Crystallized Powder,BulkSupplements.com · 1 kg (2.2 lb) · monohydrate,,DEX1KG,From abroad,,,https://www.bulksupplements.com/products/dextrose-powder,BulkSupplements.com Dextrose Crystallized Powder,BulkSupplements.com,1 kg (2.2 lb) — label 005,,"{""04_POKRYCIE_PR"": 226, ""20_DEKSTROZA_75"": 42}"
30,GH,Ghana,Sub-Saharan Africa,TARA,SaporePuro Farina di semi di tara (E417) 50 g,SaporePuro · 50 g,8055728540170,,From abroad,"Sold by SaporePuro, Italy",Mix with the dry ingredients and heat the base to 75–80 °C.,https://saporepuro.com/products/farina-di-semi-di-tara-gomma-di-tara-origine-peru-e417-confezionato-in-italia-1 https://bakingwarehouse.com/products/tara-gum-50gr-saporepuro,SaporePuro Farina di semi di tara (E417) 50 g,SaporePuro,50 g,8055728540170,"{""04_POKRYCIE_PR"": 227, ""23_TARA_75"": 42}"
31,GR,Greece,Europe,MILK,"DELTA mmmMilk Family High Pasteurized Full 3,5% 1,5 L","DELTA · 1,5 L · 3.5% fat",5201037509107,,,,,https://www.delta.gr/en/gala/milk-oikogeneiako-plires-15lt-2/ https://www.sklavenitis.gr/galata-rofimata-chymoi-psygeioy/galata-psygeioy/galata-agelados-ypsilis-pasteriosis/delta-mmmilk-oikogeneiako-gala-upsilis-pasteriosis-plires-35-15lt-015-1488898/,"DELTA mmmMilk Family High Pasteurized Full 3,5% 1,5 L",DELTA,"1,5 L",5201037509107,"{""04_POKRYCIE_PR"": 228, ""11_MLEKO_75"": 43}"
31,GR,Greece,Europe,CREAM,Arla Κρέμα Γάλακτος UHT 35% 200 g,Arla · 200 g · 35% fat,5711953155949,,,,,https://www.arlafoods.gr/our-brands/arla/krema-galaktos-35-200g/ https://www.thanopoulos.gr/products/galaktokomika-futika-eidh-psugeiou/kremes-galaktos-futikes-santigu/arla-krema-galaktos-makras-diarkeias-35-lipara-200ml-6697746e6b86ff00024c8817/,Arla Κρέμα Γάλακτος UHT 35% 200 g,Arla,200 g,5711953155949,"{""04_POKRYCIE_PR"": 229, ""14_SMIETANKA_75"": 43}"
31,GR,Greece,Europe,SMP,Γάλα Αποβουτυρωμένο σε σκόνη,Régilait · 250 g · 0.8% fat,3043932643706,,,,,https://www.sklavenitis.gr/eidi-proinoy-rofimata/galata-fytika-rofimata-makras-diarkeias/galata-se-skoni-enilikon/regilait-gala-se-skoni-250gr-221996/ https://www.bazaar-online.gr/regilait-250g-gala-se-skoni,Γάλα Αποβουτυρωμένο σε σκόνη,Régilait,250 g,3043932643706,"{""04_POKRYCIE_PR"": 230, ""17_PROSZEK_75"": 43}"
31,GR,Greece,Europe,SUCROSE,White granulated sugar — 100% sugar,Any brand · any pack,,,,,The ingredients should list only sugar (sucrose).,,Biały cukier krystaliczny — 100% cukier,GENERIC,dowolne opakowanie,,"{""04_POKRYCIE_PR"": 231}"
31,GR,Greece,Europe,DEXTROSE,Louis François Dextrose Monohydrate 1 kg,Louis François · 1 kg · monohydrate,,450A,,,,https://www.infusion.gr/en/bar-chef-e/sugar-polyols/dekstrozh-se-skonh-1kg-louis-francois-en https://www.meilleurduchef.com/en/shop/baking-supplies/ingredients/sugar-sweetener/lfr-dextrose-monohydrate.html,Louis François Dextrose Monohydrate 1 kg,Louis François,1 kg,,"{""04_POKRYCIE_PR"": 232, ""20_DEKSTROZA_75"": 43}"
31,GR,Greece,Europe,TARA,SaporePuro Farina di semi di tara (E417) 50 g,SaporePuro · 50 g,8055728540170,,From abroad,"Sold by SaporePuro, Italy",Mix with the dry ingredients and heat the base to 75–80 °C.,https://saporepuro.com/products/farina-di-semi-di-tara-gomma-di-tara-origine-peru-e417-confezionato-in-italia-1,SaporePuro Farina di semi di tara (E417) 50 g,SaporePuro,50 g,8055728540170,"{""04_POKRYCIE_PR"": 233, ""23_TARA_75"": 43}"
32,HK,Hong Kong SAR China,Asia–Pacific,MILK,Oldenburger UHT Full Cream Milk 3.5% fat — SKU 11067,Oldenburger · 1 L carton; local distributor case 12 x 1 L · 3.5% fat,4036300110671,,,,,https://oldenburger-dairy.com/oldenburger-fullcream-milk-3.5-uht-long-life-1l/11067 https://www.anwfood.com/hk/products/%E5%A5%B6%E9%A1%9E%E7%94%A2%E5%93%81-%E9%AE%AE%E5%A5%B6%2C-%E4%B9%B3%E9%85%AA-%E5%8F%8A%E5%BF%8C%E5%BB%89/533-89271018-oldenburger-uht-full-cream-milk,Oldenburger UHT Full Cream Milk 3.5% fat — SKU 11067,Oldenburger,1 L carton; local distributor case 12 x 1 L,4036300110671,"{""04_POKRYCIE_PR"": 396, ""11_MLEKO_75"": 71}"
32,HK,Hong Kong SAR China,Asia–Pacific,CREAM,Emborg Natural Whipping Cream,Emborg · 200 ml · 35.1% fat,5701215046375,,,,,https://www.emborg.com/product/whipping-cream/ https://www.twinsbakingsupplies.com/en/product-page/emborg%E6%B7%A1%E5%BF%8C%E5%BB%89-1,Emborg Natural Whipping Cream,Emborg,200 ml,5701215046375,"{""04_POKRYCIE_PR"": 397, ""14_SMIETANKA_75"": 71}"
32,HK,Hong Kong SAR China,Asia–Pacific,SMP,Devondale Instant Skim Milk Powder,Devondale · 1 kg · 0.9% fat,9300639999005,,,,,https://www.hktvmall.com/hktv/en/main/SIUFUNG-HEALTHY/s/S6258001/Personal-Care-%26-Health/Personal-Care-%26-Health/Health/Milk-Powder/Instant-Skim-Milk-Powder-1kg-Parallel-import/p/S6258001_S_DEV9005P https://www.devondale.com.au/en/products/milk/skim-milk-powder,Devondale Instant Skim Milk Powder,Devondale,1 kg,9300639999005,"{""04_POKRYCIE_PR"": 398, ""17_PROSZEK_75"": 71}"
32,HK,Hong Kong SAR China,Asia–Pacific,SUCROSE,White granulated sugar — 100% sugar,Any brand · any pack,,,,,The ingredients should list only sugar (sucrose).,,Biały cukier krystaliczny — 100% cukier,GENERIC,dowolne opakowanie,,"{""04_POKRYCIE_PR"": 399}"
32,HK,Hong Kong SAR China,Asia–Pacific,DEXTROSE,BulkSupplements.com Dextrose Crystallized Powder,BulkSupplements.com · 1 kg (2.2 lb) · monohydrate,,DEX1KG,From abroad,,,https://www.bulksupplements.com/products/dextrose-powder,BulkSupplements.com Dextrose Crystallized Powder,BulkSupplements.com,1 kg (2.2 lb) — label 005,,"{""04_POKRYCIE_PR"": 400, ""20_DEKSTROZA_75"": 71}"
32,HK,Hong Kong SAR China,Asia–Pacific,TARA,Tara Gum 50gr. / Gomma di Tara E417,SaporePuro · 50 g,8055728540170,,,"Sold by BakingWarehouse, Hong Kong",Mix with the dry ingredients and heat the base to 75–80 °C.,https://bakingwarehouse.com/products/tara-gum-50gr-saporepuro https://saporepuro.com/products/farina-di-semi-di-tara-gomma-di-tara-origine-peru-e417-confezionato-in-italia-1,Tara Gum 50gr. / Gomma di Tara E417,SaporePuro,50 g,8055728540170,"{""04_POKRYCIE_PR"": 401, ""23_TARA_75"": 71}"
33,HU,Hungary,Europe,MILK,"Mizo UHT teljes tej 3,5% 1 l",Mizo · 1 L UHT Q Pack carton with cap · 3.5% fat,5998200460166,,,,,https://evedd.hu/Mizo-Uht-Tej-1L-35 https://coopshop.hu/termek/mizo-uht-teljes-tej-35-1-l/,"Mizo UHT teljes tej 3,5% 1 l",Mizo,1 l karton UHT Q Pack z zamknięciem,5998200460166,"{""04_POKRYCIE_PR"": 438, ""11_MLEKO_75"": 78}"
33,HU,Hungary,Europe,CREAM,Meggle UHT habtejszín 30%,MEGGLE Slovakia · 200 ml carton · 30% fat,8585002501837,,,,,https://bevasarlas.tesco.hu/shop/hu-HU/products/210504341 https://coopshop.hu/termek/meggle-uht-habtejszin-30-200-ml/,Meggle UHT habtejszín 30%,MEGGLE Slovakia,200 ml carton,8585002501837,"{""04_POKRYCIE_PR"": 439, ""14_SMIETANKA_75"": 78}"
33,HU,Hungary,Europe,SMP,Sovány tejpor porlasztva szárított,TUTTI · 90 g · 1.5% fat,5997176735995,,,,,https://www.pcx.hu/tutti-sovany-tejpor-porlasztva-szaritott-90g-200228 https://alto.hu/tutti-sovany-tejpor-porlasztva-szaritott-90g,Sovány tejpor porlasztva szárított,TUTTI,90 g,5997176735995,"{""04_POKRYCIE_PR"": 440, ""17_PROSZEK_75"": 78}"
33,HU,Hungary,Europe,SUCROSE,White granulated sugar — 100% sugar,Any brand · any pack,,,,,The ingredients should list only sugar (sucrose).,,Biały cukier krystaliczny — 100% cukier,GENERIC,dowolne opakowanie,,"{""04_POKRYCIE_PR"": 441}"
33,HU,Hungary,Europe,DEXTROSE,"Dextróz - GymBeam, bez dodatków smakowych",GymBeam · 1000 g · monohydrate,8588006139983,,,,,https://gymbeam.hu/dextroz-gymbeam.html,"Dextróz - GymBeam, bez dodatków smakowych",GymBeam,1000 g,8588006139983,"{""04_POKRYCIE_PR"": 442, ""20_DEKSTROZA_75"": 78}"
33,HU,Hungary,Europe,TARA,SaporePuro Farina di Semi di Tara / Gomma di Tara E417,SaporePuro · 50 g,8055728540170,,From abroad,"Sold by SaporePuro, Italy",Mix with the dry ingredients and heat the base to 75–80 °C.,https://saporepuro.com/products/farina-di-semi-di-tara-gomma-di-tara-origine-peru-e417-confezionato-in-italia-1,SaporePuro Farina di Semi di Tara / Gomma di Tara E417,SaporePuro,50 g,8055728540170,"{""04_POKRYCIE_PR"": 443, ""23_TARA_75"": 78}"
34,IS,Iceland,Europe,MILK,MS Nýmjólk 1 l,MS · 1 L carton (product MS no. 0101) · 3.9% fat,5690527101011,,,,,https://www.ms.is/vorur/vara/nymjolk-1-l https://verdlagseftirlit.is/dashboard/item/33/5690527101011/,MS Nýmjólk 1 l,MS,"1 L karton, produkt MS nr0101",5690527101011,"{""04_POKRYCIE_PR"": 246, ""11_MLEKO_75"": 46}"
34,IS,Iceland,Europe,CREAM,MS Rjómi 36% 500 ml,MS · 500 ml · 36% fat,5690527172011,,,,,https://www.ms.is/vorur/vara/rjomi-500-ml,MS Rjómi 36% 500 ml,MS,500 ml,5690527172011,"{""04_POKRYCIE_PR"": 247, ""14_SMIETANKA_75"": 46}"
34,IS,Iceland,Europe,SMP,Undanrennuduft úða/iðn 25 kg,MS Mjólkursamsalan · 25 kg · 0.8% fat,5690516075156,,,,,https://www.ms.is/vorur/vara/undanrennuduft-uda-idn-25-kg,Undanrennuduft úða/iðn 25 kg,MS Mjólkursamsalan,25 kg,5690516075156,"{""04_POKRYCIE_PR"": 248, ""17_PROSZEK_75"": 46}"
34,IS,Iceland,Europe,SUCROSE,White granulated sugar — 100% sugar,Any brand · any pack,,,,,The ingredients should list only sugar (sucrose).,,Biały cukier krystaliczny — 100% cukier,GENERIC,dowolne opakowanie,,"{""04_POKRYCIE_PR"": 249}"
34,IS,Iceland,Europe,DEXTROSE,Dextrose Powder Unflavoured 1 kg,HSN Raw Series · 1 kg · monohydrate,5060326271725,,From abroad,,,https://www.hsnstore.eu/brands/raw-series/dextrose-powder https://www.carrefour.es/dextrosa-de-hsn-sin-sabor-1-kg-20-tomas-por-envase-100-pura-dextrosa-en-polvo-sin-anadidos-ni-excipientes-carbohidratos-de-alto-indice-glucemico-no-gmo-vegano-sin-gluten/5060326271725/p,Dextrose Powder Unflavoured 1 kg,HSN Raw Series,1 kg,5060326271725,"{""04_POKRYCIE_PR"": 250, ""20_DEKSTROZA_75"": 46}"
34,IS,Iceland,Europe,TARA,SaporePuro Farina di semi di tara (E417) 50 g,SaporePuro · 50 g,8055728540170,,From abroad,"Sold by SaporePuro, Italy",Mix with the dry ingredients and heat the base to 75–80 °C.,https://saporepuro.com/products/farina-di-semi-di-tara-gomma-di-tara-origine-peru-e417-confezionato-in-italia-1 https://bakingwarehouse.com/products/tara-gum-50gr-saporepuro,SaporePuro Farina di semi di tara (E417) 50 g,SaporePuro,50 g,8055728540170,"{""04_POKRYCIE_PR"": 251, ""23_TARA_75"": 46}"
35,IN,India,Asia–Pacific,MILK,Amul Homogenised Cow Milk 1L Tetra Pak,Amul · 1 L UHT Tetra Pak carton · 3.5% fat,8901262152983,,,,,https://www.bigbasket.com/pd/40248006/amul-cow-milk-homogenised-35-fat-no-preservatives-1-l-tetra-pack/ https://www.billclap.com/business/88521/pp-supermarket/products/1643849/amul-cow-milk-1l,Amul Homogenised Cow Milk 1L Tetra Pak,Amul,"1 L, karton Tetra Pak UHT",8901262152983,"{""04_POKRYCIE_PR"": 234, ""11_MLEKO_75"": 44}"
35,IN,India,Asia–Pacific,CREAM,Elle & Vire Professionnel Excellence Whipping Cream 35%,Elle & Vire Professionnel · 1 L Tetra Pak · 35% fat,3161911703385,,,,,https://eshop.deltanutritives.com/product/elle-vire-excellence-whipping-cream/ https://deltanutritives.com/elle-vire-professional-butter-84-fat/,Elle & Vire Professionnel Excellence Whipping Cream 35%,Elle & Vire Professionnel,1 L Tetra Pak,3161911703385,"{""04_POKRYCIE_PR"": 235, ""14_SMIETANKA_75"": 44}"
35,IN,India,Asia–Pacific,SMP,Sagar Skimmed Milk Powder Pouch,Amul / Sagar · 500 g · 1% fat,8901262110068,,,,,https://shop.amul.com/en/product/sagar-skimmed-milk-powder-pouch-500-g https://dudhsagardairy.coop/dairy/products/sagar-skimmed-milk-powder/,Sagar Skimmed Milk Powder Pouch,Amul / Sagar,500 g,8901262110068,"{""04_POKRYCIE_PR"": 236, ""17_PROSZEK_75"": 44}"
35,IN,India,Asia–Pacific,SUCROSE,White granulated sugar — 100% sugar,Any brand · any pack,,,,,The ingredients should list only sugar (sucrose).,,Biały cukier krystaliczny — 100% cukier,GENERIC,dowolne opakowanie,,"{""04_POKRYCIE_PR"": 237}"
35,IN,India,Asia–Pacific,DEXTROSE,BulkSupplements.com Dextrose Crystallized Powder,BulkSupplements.com · 1 kg (2.2 lb) · monohydrate,,DEX1KG,From abroad,,,https://www.bulksupplements.com/products/dextrose-powder,BulkSupplements.com Dextrose Crystallized Powder,BulkSupplements.com,1 kg (2.2 lb) — label 005,,"{""04_POKRYCIE_PR"": 238, ""20_DEKSTROZA_75"": 44}"
35,IN,India,Asia–Pacific,TARA,SaporePuro Farina di semi di tara (E417) 50 g,SaporePuro · 50 g,8055728540170,,From abroad,"Sold by BakingWarehouse, Hong Kong",Mix with the dry ingredients and heat the base to 75–80 °C.,https://bakingwarehouse.com/products/tara-gum-50gr-saporepuro https://saporepuro.com/products/farina-di-semi-di-tara-gomma-di-tara-origine-peru-e417-confezionato-in-italia-1,SaporePuro Farina di semi di tara (E417) 50 g,SaporePuro,50 g,8055728540170,"{""04_POKRYCIE_PR"": 239, ""23_TARA_75"": 44}"
36,ID,Indonesia,Asia–Pacific,MILK,Greenfields Full Cream UHT Milk 1L,Greenfields · 1 L UHT carton · 3.6% fat,8993351121307,,,,,https://shop.redmed.co.id/product/greenfields-full-cream-milk-uht-fc-ba-1l/ https://shopifull.com/product/greenfields-full-cream-uht-milk-1ltr/,Greenfields Full Cream UHT Milk 1L,Greenfields,"1 L, karton UHT",8993351121307,"{""04_POKRYCIE_PR"": 240, ""11_MLEKO_75"": 45}"
36,ID,Indonesia,Asia–Pacific,CREAM,Emborg Natural Whipping Cream UHT 35.1% 200 ml,Emborg · 200 ml · 35.1% fat,5701215046375,,,,,https://raisa.aeonstore.id/shop/dairy-eggs/cheese-cream-butter/emborg-whipping-cream-200ml/ https://www.emborg.com/product/whipping-cream/,Emborg Natural Whipping Cream UHT 35.1% 200 ml,Emborg,200 ml,5701215046375,"{""04_POKRYCIE_PR"": 241, ""14_SMIETANKA_75"": 45}"
36,ID,Indonesia,Asia–Pacific,SMP,NZMP Regular Skim Milk Powder Medium Heat,Fonterra NZMP / PT Culina Gemilang Indonesia · 25 kg · 0.9% fat,,PSB.1758,,,,https://culinagemilangindonesia.co.id/products/nzmp-skim-milk-powder/ https://www.nzmp.com/global/en/ingredients/powders-concentrates/skim-milk-powder/regular-skim-milk-powder-medium-heat.html,NZMP Regular Skim Milk Powder Medium Heat,Fonterra NZMP / PT Culina Gemilang Indonesia,25 kg,,"{""04_POKRYCIE_PR"": 242, ""17_PROSZEK_75"": 45}"
36,ID,Indonesia,Asia–Pacific,SUCROSE,White granulated sugar — 100% sugar,Any brand · any pack,,,,,The ingredients should list only sugar (sucrose).,,Biały cukier krystaliczny — 100% cukier,GENERIC,dowolne opakowanie,,"{""04_POKRYCIE_PR"": 243}"
36,ID,Indonesia,Asia–Pacific,DEXTROSE,BulkSupplements.com Dextrose Crystallized Powder,BulkSupplements.com · 1 kg (2.2 lb) · monohydrate,,DEX1KG,From abroad,,,https://www.bulksupplements.com/products/dextrose-powder,BulkSupplements.com Dextrose Crystallized Powder,BulkSupplements.com,1 kg (2.2 lb) — label 005,,"{""04_POKRYCIE_PR"": 244, ""20_DEKSTROZA_75"": 45}"
36,ID,Indonesia,Asia–Pacific,TARA,SaporePuro Farina di semi di tara (E417) 50 g,SaporePuro · 50 g,8055728540170,,From abroad,"Sold by BakingWarehouse, Hong Kong",Mix with the dry ingredients and heat the base to 75–80 °C.,https://bakingwarehouse.com/products/tara-gum-50gr-saporepuro https://saporepuro.com/products/farina-di-semi-di-tara-gomma-di-tara-origine-peru-e417-confezionato-in-italia-1,SaporePuro Farina di semi di tara (E417) 50 g,SaporePuro,50 g,8055728540170,"{""04_POKRYCIE_PR"": 245, ""23_TARA_75"": 45}"
37,IE,Ireland,Europe,MILK,Avonmore Fresh Whole Milk 2 Litre,Avonmore · 2 L bottle · 3.5% fat,5011056020053,,,,,https://www.tesco.ie/shop/en-IE/products/250004694 https://avonmore.ie/our-products/fresh-milk/,Avonmore Fresh Whole Milk 2 Litre,Avonmore,2 L butelka,5011056020053,"{""04_POKRYCIE_PR"": 54, ""11_MLEKO_75"": 14}"
37,IE,Ireland,Europe,CREAM,Łaciata Śmietanka UHT 30% 500 ml,Łaciata · 500 ml · 30% fat,5900820000455,,,,,https://moldovastore.ie/products/114/8433 https://mlekpol.com.pl/index.php/en/produkt/laciata-uht-cream-30/,Łaciata Śmietanka UHT 30% 500 ml,Łaciata,500 ml,5900820000455,"{""04_POKRYCIE_PR"": 55, ""14_SMIETANKA_75"": 14}"
37,IE,Ireland,Europe,SMP,Milfresh Gold Superior Granulated Skimmed Milk 500 g,Milfresh / Aimia Foods · 500 g; case of 10 × 500 g · 0.8% fat,5060113910714,,,,,https://www.templemanrv.co.uk/nutrition-pdf/9501/ https://www.irelandteaandcoffee.com/milfresh-gold-skimmed-milk-granules-100-percent-500g,Milfresh Gold Superior Granulated Skimmed Milk 500 g,Milfresh / Aimia Foods,500 g; karton 10 × 500 g,5060113910714,"{""04_POKRYCIE_PR"": 56, ""17_PROSZEK_75"": 14}"
37,IE,Ireland,Europe,SUCROSE,White granulated sugar — 100% sugar,Any brand · any pack,,,,,The ingredients should list only sugar (sucrose).,,Biały cukier krystaliczny — 100% cukier,GENERIC,dowolne opakowanie,,"{""04_POKRYCIE_PR"": 57}"
37,IE,Ireland,Europe,DEXTROSE,buXtrade Dextrose (Traubenzucker) 25 kg,buXtrade · 25 kg · monohydrate,4260486775762,,From abroad,,,https://buxtrade.de/products/dextrose-traubenzucker https://www.shop-apotheke.com/ernaehrung/upm47YLPU/buxtrade-dextrose-pulver.htm,buXtrade Dextrose (Traubenzucker) 25 kg,buXtrade,25 kg,4260486775762,"{""04_POKRYCIE_PR"": 58, ""20_DEKSTROZA_75"": 14}"
37,IE,Ireland,Europe,TARA,SaporePuro Farina di Semi di Tara / Gomma di Tara E417,SaporePuro · 50 g,8055728540170,,From abroad,"Sold by SaporePuro, Italy",Mix with the dry ingredients and heat the base to 75–80 °C.,https://saporepuro.com/products/farina-di-semi-di-tara-gomma-di-tara-origine-peru-e417-confezionato-in-italia-1 https://www.odaios-foods.com/tara-gum-140753,SaporePuro Farina di Semi di Tara / Gomma di Tara E417,SaporePuro,50 g,8055728540170,"{""04_POKRYCIE_PR"": 59, ""23_TARA_75"": 14}"
38,IL,Israel,Middle East & North Africa,MILK,"Tnuva Milk with a Classic Taste 3,8% 1 L",Tnuva · 1 L · 3.8% fat,7290000051352,,,,,https://www.supercompare.co.il/en/product/7290000051352 https://www.tivtaam.co.il/?catalogProduct=17231,"Tnuva Milk with a Classic Taste 3,8% 1 L",Tnuva,1 L,7290000051352,"{""04_POKRYCIE_PR"": 252, ""11_MLEKO_75"": 47}"
38,IL,Israel,Middle East & North Africa,CREAM,Yotvata Whipping Cream 38% 250 ml (שמנת להקצפה 38%),Yotvata / יטבתה · 250 ml · 38% fat,7290104728310,,,,,https://www.shufersal.co.il/online/he/p/P_7290104728310 https://www.primadonaonline.co.il/categories/79722/products?catalogProduct=1318,Yotvata Whipping Cream 38% 250 ml (שמנת להקצפה 38%),Yotvata / יטבתה,250 ml,7290104728310,"{""04_POKRYCIE_PR"": 253, ""14_SMIETANKA_75"": 47}"
38,IL,Israel,Middle East & North Africa,SMP,Spinnrad Magermilchpulver,Spinnrad · 400 g · 0.9% fat,4260175411278,,,,,https://spinnrad.de/magermilchpulver-002230048 https://vicnic.com/products/milk-powder-400-g,Spinnrad Magermilchpulver,Spinnrad,400 g,4260175411278,"{""04_POKRYCIE_PR"": 254, ""17_PROSZEK_75"": 47}"
38,IL,Israel,Middle East & North Africa,SUCROSE,White granulated sugar — 100% sugar,Any brand · any pack,,,,,The ingredients should list only sugar (sucrose).,,Biały cukier krystaliczny — 100% cukier,GENERIC,dowolne opakowanie,,"{""04_POKRYCIE_PR"": 255}"
38,IL,Israel,Middle East & North Africa,DEXTROSE,BulkSupplements.com Dextrose Crystallized Powder,BulkSupplements.com · 1 kg (2.2 lb) · monohydrate,,DEX1KG,From abroad,,,https://www.bulksupplements.com/products/dextrose-powder,BulkSupplements.com Dextrose Crystallized Powder,BulkSupplements.com,1 kg (2.2 lb) — label 005,,"{""04_POKRYCIE_PR"": 256, ""20_DEKSTROZA_75"": 47}"
38,IL,Israel,Middle East & North Africa,TARA,SaporePuro Farina di semi di tara (E417) 50 g,SaporePuro · 50 g,8055728540170,,From abroad,"Sold by SaporePuro, Italy",Mix with the dry ingredients and heat the base to 75–80 °C.,https://saporepuro.com/products/farina-di-semi-di-tara-gomma-di-tara-origine-peru-e417-confezionato-in-italia-1 https://bakingwarehouse.com/products/tara-gum-50gr-saporepuro,SaporePuro Farina di semi di tara (E417) 50 g,SaporePuro,50 g,8055728540170,"{""04_POKRYCIE_PR"": 257, ""23_TARA_75"": 47}"
39,IT,Italy,Europe,MILK,Granarolo Latte Intero UHT,Granarolo · 1 l · 3.6% fat,8002670169607,,,,,https://www.granarolo.it/marchi/linea-granarolo/latte/latte-intero-da-latte-alta-qualita-granarolo-uht https://www.carrefour.it/p/granarolo-latte-intero-uht-a-lunga-conservazione-1-l/8002670169607.html,Granarolo Latte Intero UHT,Granarolo,1 l,8002670169607,"{""04_POKRYCIE_PR"": 120, ""11_MLEKO_75"": 25}"
39,IT,Italy,Europe,CREAM,Meggle Panna non zuccherata da montare e per cucinare UHT 30% 200 ml,Meggle · 200 ml · 30% fat,4034900027405,,,,,https://www.meggle.it/i-prodotti/panna/panna-da-montare https://www.cosicomodo.it/italmark/flero/Panna-e-besciamella/Meggle-Panna-Non-Zuccherata%2A-200-ml/p/4034900027405,Meggle Panna non zuccherata da montare e per cucinare UHT 30% 200 ml,Meggle,200 ml,4034900027405,"{""04_POKRYCIE_PR"": 121, ""14_SMIETANKA_75"": 25}"
39,IT,Italy,Europe,SMP,Latte scremato in polvere istantaneo,Ristora · 300 g tin · 1.2% fat,8004990133030,,,,,https://www.bevandeistantanee.it/products/latte-scremato-in-polvere-ristora https://www.spesasicura.com/product/ristora-latte-scrempolvere-lattgr300-id-23533,Latte scremato in polvere istantaneo,Ristora,puszka 300 g,8004990133030,"{""04_POKRYCIE_PR"": 122, ""17_PROSZEK_75"": 25}"
39,IT,Italy,Europe,SUCROSE,White granulated sugar — 100% sugar,Any brand · any pack,,,,,The ingredients should list only sugar (sucrose).,,Biały cukier krystaliczny — 100% cukier,GENERIC,dowolne opakowanie,,"{""04_POKRYCIE_PR"": 123}"
39,IT,Italy,Europe,DEXTROSE,Destrosio Monoidrato 1kg,Artegustando · 1 kg · monohydrate,8050246530061,,,,,https://artegustando.com/products/destrosio-monoidrato,Destrosio Monoidrato 1kg,Artegustando,1 kg,8050246530061,"{""04_POKRYCIE_PR"": 124, ""20_DEKSTROZA_75"": 25}"
39,IT,Italy,Europe,TARA,SaporePuro Farina di Semi di Tara / Gomma di Tara E417,SaporePuro · 50 g,8055728540170,,,"Sold by SaporePuro, Italy",Mix with the dry ingredients and heat the base to 75–80 °C.,https://saporepuro.com/products/farina-di-semi-di-tara-gomma-di-tara-origine-peru-e417-confezionato-in-italia-1,SaporePuro Farina di Semi di Tara / Gomma di Tara E417,SaporePuro,50 g,8055728540170,"{""04_POKRYCIE_PR"": 125, ""23_TARA_75"": 25}"
40,JP,Japan,Asia–Pacific,MILK,Hokkaido Hidaka 3.6 Long Life Milk 200 ml,Hokkaido Hidaka · 200 ml carton; retailer case 24 cartons · 4.2% fat,4955447100416,,,,,https://store.shopping.yahoo.co.jp/souvenir-chidoriya/4955447100416-cs.html https://www.tajimaya-cc.net/products/36120,Hokkaido Hidaka 3.6 Long Life Milk 200 ml,Hokkaido Hidaka,200 ml carton; retailer case 24 cartons,4955447100416,"{""04_POKRYCIE_PR"": 258, ""11_MLEKO_75"": 48}"
40,JP,Japan,Asia–Pacific,CREAM,Le Gall Crème fleurette entière 30% MG,Le Gall · 250 ml bottle · 30% fat,3252920035502,,,,,https://www.laiterie-legall.fr/fr/creme-fleurette-entiere-30-mg-25cl/ https://www.coursesu.com/p/creme-fraiche-fleurette-30mg-le-gall---25cl/4886201.html,Le Gall Crème fleurette entière 30% MG,Le Gall,250 ml bottle,3252920035502,"{""04_POKRYCIE_PR"": 259, ""14_SMIETANKA_75"": 48}"
40,JP,Japan,Asia–Pacific,SMP,"Bob's Red Mill Milk Powder, Nonfat Dry",Bob's Red Mill / iHerb Japan · 624 g · 0% fat,039978115201,,,,,https://jp.iherb.com/pr/bob-s-red-mill-milk-powder-nonfat-dry-22-oz-624-g/97753 https://www.iherb.com/pr/bob-s-red-mill-milk-powder-nonfat-dry-22-oz-624-g/97753,"Bob's Red Mill Milk Powder, Nonfat Dry",Bob's Red Mill / iHerb Japan,624 g,039978115201,"{""04_POKRYCIE_PR"": 260, ""17_PROSZEK_75"": 48}"
40,JP,Japan,Asia–Pacific,SUCROSE,White granulated sugar — 100% sugar,Any brand · any pack,,,,,The ingredients should list only sugar (sucrose).,,Biały cukier krystaliczny — 100% cukier,GENERIC,dowolne opakowanie,,"{""04_POKRYCIE_PR"": 261}"
40,JP,Japan,Asia–Pacific,DEXTROSE,BulkSupplements.com Dextrose Crystallized Powder,BulkSupplements.com · 1 kg (2.2 lb) · monohydrate,,DEX1KG,From abroad,,,https://www.bulksupplements.com/products/dextrose-powder,BulkSupplements.com Dextrose Crystallized Powder,BulkSupplements.com,1 kg (2.2 lb) — label 005,,"{""04_POKRYCIE_PR"": 262, ""20_DEKSTROZA_75"": 48}"
40,JP,Japan,Asia–Pacific,TARA,SaporePuro Farina di semi di tara (E417) 50 g,SaporePuro · 50 g,8055728540170,,From abroad,"Sold by BakingWarehouse, Hong Kong",Mix with the dry ingredients and heat the base to 75–80 °C.,https://bakingwarehouse.com/products/tara-gum-50gr-saporepuro https://saporepuro.com/products/farina-di-semi-di-tara-gomma-di-tara-origine-peru-e417-confezionato-in-italia-1,SaporePuro Farina di semi di tara (E417) 50 g,SaporePuro,50 g,8055728540170,"{""04_POKRYCIE_PR"": 263, ""23_TARA_75"": 48}"
41,KE,Kenya,Sub-Saharan Africa,MILK,Almarai Long Life Milk Full Fat 200 ml,"Almarai · 200 ml UHT carton, individual unit · 3.3% fat",6281007032568,,,,,https://www.almarai.com/en/brands/almarai/liquid-dairy/long-life-milk/long-life-milk-full-fat https://www.facebook.com/savinghomenairobi/posts/saving-home-nairobi-kenya-branch-almarai-full-fat-milk-pure-goodness-pure-you-st/122236476026179029/,Almarai Long Life Milk Full Fat 200 ml,Almarai,"200 ml UHT carton, individual unit",6281007032568,"{""04_POKRYCIE_PR"": 270, ""11_MLEKO_75"": 50}"
41,KE,Kenya,Sub-Saharan Africa,CREAM,Emborg Natural Whipping Cream UHT 35%,Emborg · 200 ml · 35.1% fat,5701215046375,,,,,https://artcaffemarket.co.ke/products/emborg-whipping-cream-fat-uht-35-200ml https://www.emborg.com/product/whipping-cream/,Emborg Natural Whipping Cream UHT 35%,Emborg,200 ml,5701215046375,"{""04_POKRYCIE_PR"": 271, ""14_SMIETANKA_75"": 50}"
41,KE,Kenya,Sub-Saharan Africa,SMP,NOW Real Food Organic Non-Fat Dry Milk Powder,NOW Foods Real Food · 12 oz (340 g) bag · 0% fat,733739058324,,From abroad,,,https://ke.iherb.com/pr/now-foods-real-food-organic-non-fat-dry-milk-powder-12-oz-340-g/21134 https://www.nowfoods.com/products/natural-foods/non-fat-dry-milk-powder-organic,NOW Real Food Organic Non-Fat Dry Milk Powder,NOW Foods Real Food,torebka 12 oz (340 g),733739058324,"{""04_POKRYCIE_PR"": 272, ""17_PROSZEK_75"": 50}"
41,KE,Kenya,Sub-Saharan Africa,SUCROSE,White granulated sugar — 100% sugar,Any brand · any pack,,,,,The ingredients should list only sugar (sucrose).,,Biały cukier krystaliczny — 100% cukier,GENERIC,dowolne opakowanie,,"{""04_POKRYCIE_PR"": 273}"
41,KE,Kenya,Sub-Saharan Africa,DEXTROSE,BulkSupplements.com Dextrose Crystallized Powder,BulkSupplements.com · 1 kg (2.2 lb) · monohydrate,,DEX1KG,From abroad,,,https://www.bulksupplements.com/products/dextrose-powder,BulkSupplements.com Dextrose Crystallized Powder,BulkSupplements.com,1 kg (2.2 lb) — label 005,,"{""04_POKRYCIE_PR"": 274, ""20_DEKSTROZA_75"": 50}"
41,KE,Kenya,Sub-Saharan Africa,TARA,SaporePuro Farina di semi di tara (E417) 50 g,SaporePuro · 50 g,8055728540170,,From abroad,"Sold by SaporePuro, Italy",Mix with the dry ingredients and heat the base to 75–80 °C.,https://saporepuro.com/products/farina-di-semi-di-tara-gomma-di-tara-origine-peru-e417-confezionato-in-italia-1 https://bakingwarehouse.com/products/tara-gum-50gr-saporepuro,SaporePuro Farina di semi di tara (E417) 50 g,SaporePuro,50 g,8055728540170,"{""04_POKRYCIE_PR"": 275, ""23_TARA_75"": 50}"
42,KW,Kuwait,Middle East & North Africa,MILK,Fresh Milk Full Fat 1L,Almarai · 1 L bottle · 3.2% fat,6281007040235,,,,,https://www.almarai.com/en/brands/almarai/liquid-dairy/fresh-milk/fresh-milk-full-fat https://mohideensupermarket.com/product/almarai-milk-full-fat-3-1-ltr/,Fresh Milk Full Fat 1L,Almarai,1 L butelka,6281007040235,"{""04_POKRYCIE_PR"": 294, ""11_MLEKO_75"": 54}"
42,KW,Kuwait,Middle East & North Africa,CREAM,Paysan Breton La Crème Pâtisserie & Cuisine UHT 30%,Paysan Breton · 20 cl · 30% fat,3412290032215,,,,,https://casinetto.com/products/cooking-and-whipping-cream-30/ https://gcc.luluhypermarket.com/en-kw/paysan-breton-whipping-cooking-cream-200-ml/p/423673,Paysan Breton La Crème Pâtisserie & Cuisine UHT 30%,Paysan Breton,20 cl,3412290032215,"{""04_POKRYCIE_PR"": 295, ""14_SMIETANKA_75"": 54}"
42,KW,Kuwait,Middle East & North Africa,SMP,Régilait 0% Fat Instant Skimmed Milk Powder,Régilait / LuLu Hypermarket Kuwait · 300 g · 0.8% fat,,LuLu 405103,,,,https://gcc.luluhypermarket.com/en-kw/regilait-0-fat-instant-skimmed-milk-powder-300-g/p/405103 https://regilait.com/en/products/powdered-milks/instant-skimmed-milk-powder-0-fat,Régilait 0% Fat Instant Skimmed Milk Powder,Régilait / LuLu Hypermarket Kuwait,300 g,,"{""04_POKRYCIE_PR"": 296, ""17_PROSZEK_75"": 54}"
42,KW,Kuwait,Middle East & North Africa,SUCROSE,White granulated sugar — 100% sugar,Any brand · any pack,,,,,The ingredients should list only sugar (sucrose).,,Biały cukier krystaliczny — 100% cukier,GENERIC,dowolne opakowanie,,"{""04_POKRYCIE_PR"": 297}"
42,KW,Kuwait,Middle East & North Africa,DEXTROSE,BulkSupplements.com Dextrose Crystallized Powder,BulkSupplements.com · 1 kg (2.2 lb) · monohydrate,,DEX1KG,From abroad,,,https://www.bulksupplements.com/products/dextrose-powder,BulkSupplements.com Dextrose Crystallized Powder,BulkSupplements.com,1 kg (2.2 lb) — label 005,,"{""04_POKRYCIE_PR"": 298, ""20_DEKSTROZA_75"": 54}"
42,KW,Kuwait,Middle East & North Africa,TARA,SaporePuro Farina di semi di tara (E417) 50 g,SaporePuro · 50 g,8055728540170,,From abroad,"Sold by SaporePuro, Italy",Mix with the dry ingredients and heat the base to 75–80 °C.,https://saporepuro.com/products/farina-di-semi-di-tara-gomma-di-tara-origine-peru-e417-confezionato-in-italia-1 https://bakingwarehouse.com/products/tara-gum-50gr-saporepuro,SaporePuro Farina di semi di tara (E417) 50 g,SaporePuro,50 g,8055728540170,"{""04_POKRYCIE_PR"": 299, ""23_TARA_75"": 54}"
43,LV,Latvia,Europe,MILK,"Piens MŪ 3,5% tauku 1 l",MŪ · 1 L UHT carton · 3.5% fat,4770265041259,,,,,https://oliver24.lv/piens/4134-piens-mu-35-tauku-1-l-4770265041259.html https://barbora.lt/produktai/uat-pienas-mu-3-5-proc-rieb-1-l,"Piens MŪ 3,5% tauku 1 l",MŪ,1 l karton UAT/UHT,4770265041259,"{""04_POKRYCIE_PR"": 312, ""11_MLEKO_75"": 57}"
43,LV,Latvia,Europe,CREAM,Meadow Star UHT whipping cream 30%,Meadow Star · 500 ml carton · 30% fat,5901432003261,,,,,https://epromo.lv/en/product/dairy-products-and-eggs/sour-cream-cream/cream/sweet-cream-meadow-star-30-0.5-l-uht/x433344 https://www.rimi.lv/e-veikals/en/products/dairy-and-eggs/cream/whipping-cream/saldais-krejums-meadow-star-uht-30-500ml/p/4004128,Meadow Star UHT whipping cream 30%,Meadow Star,500 ml carton,5901432003261,"{""04_POKRYCIE_PR"": 313, ""14_SMIETANKA_75"": 57}"
43,LV,Latvia,Europe,SMP,Spinnrad Magermilchpulver,Spinnrad · 400 g · 0.9% fat,4260175411278,,,,,https://spinnrad.de/magermilchpulver-002230048 https://vicnic.com/products/milk-powder-400-g,Spinnrad Magermilchpulver,Spinnrad,400 g,4260175411278,"{""04_POKRYCIE_PR"": 314, ""17_PROSZEK_75"": 57}"
43,LV,Latvia,Europe,SUCROSE,White granulated sugar — 100% sugar,Any brand · any pack,,,,,The ingredients should list only sugar (sucrose).,,Biały cukier krystaliczny — 100% cukier,GENERIC,dowolne opakowanie,,"{""04_POKRYCIE_PR"": 315}"
43,LV,Latvia,Europe,DEXTROSE,buXtrade Dextrose (Traubenzucker) 25 kg,buXtrade · 25 kg · monohydrate,4260486775762,,From abroad,,,https://buxtrade.de/products/dextrose-traubenzucker https://www.shop-apotheke.com/ernaehrung/upm47YLPU/buxtrade-dextrose-pulver.htm,buXtrade Dextrose (Traubenzucker) 25 kg,buXtrade,25 kg,4260486775762,"{""04_POKRYCIE_PR"": 316, ""20_DEKSTROZA_75"": 57}"
43,LV,Latvia,Europe,TARA,SaporePuro Farina di Semi di Tara / Gomma di Tara E417,SaporePuro · 50 g,8055728540170,,From abroad,"Sold by SaporePuro, Italy",Mix with the dry ingredients and heat the base to 75–80 °C.,https://saporepuro.com/products/farina-di-semi-di-tara-gomma-di-tara-origine-peru-e417-confezionato-in-italia-1,SaporePuro Farina di Semi di Tara / Gomma di Tara E417,SaporePuro,50 g,8055728540170,"{""04_POKRYCIE_PR"": 317, ""23_TARA_75"": 57}"
44,LT,Lithuania,Europe,MILK,"Pienas MŪ UAT 3,5% rieb. 1 l",MŪ · 1 L UHT carton · 3.5% fat,4770265041259,,,,,https://barbora.lt/produktai/uat-pienas-mu-3-5-proc-rieb-1-l https://www.rimi.lt/e-parduotuve/en/products/dairy-products-and-eggs/milk/uht-milk/pienas-mu-uat-3-5-rieb-1-l/p/249003,"Pienas MŪ UAT 3,5% rieb. 1 l",MŪ,1 l karton UAT/UHT,4770265041259,"{""04_POKRYCIE_PR"": 300, ""11_MLEKO_75"": 55}"
44,LT,Lithuania,Europe,CREAM,Meadow Star UHT whipping cream 30%,Meadow Star · 500 ml carton · 30% fat,5901432003261,,,,,https://www.rimi.lt/e-parduotuve/en/products/dairy-products-and-eggs/sour-and-sweet-cream-/cream/grietinele-meadow-star-uat-30-500-ml/p/4004128 https://epromo.lv/en/product/dairy-products-and-eggs/sour-cream-cream/cream/sweet-cream-meadow-star-30-0.5-l-uht/x433344,Meadow Star UHT whipping cream 30%,Meadow Star,500 ml carton,5901432003261,"{""04_POKRYCIE_PR"": 301, ""14_SMIETANKA_75"": 55}"
44,LT,Lithuania,Europe,SMP,Lieso pieno milteliai,UAB Rilis / Yerbamate.lt · 1000 g · 1% fat,,aone.lt 23348,,,,https://aone.lt/produktas/lieso-pieno-milteliai-1000g/ https://yerbamate.lt/produktas/lieso-pieno-milteliai-1000g/,Lieso pieno milteliai,UAB Rilis / Yerbamate.lt,1000 g,,"{""04_POKRYCIE_PR"": 302, ""17_PROSZEK_75"": 55}"
44,LT,Lithuania,Europe,SUCROSE,White granulated sugar — 100% sugar,Any brand · any pack,,,,,The ingredients should list only sugar (sucrose).,,Biały cukier krystaliczny — 100% cukier,GENERIC,dowolne opakowanie,,"{""04_POKRYCIE_PR"": 303}"
44,LT,Lithuania,Europe,DEXTROSE,buXtrade Dextrose (Traubenzucker) 25 kg,buXtrade · 25 kg · monohydrate,4260486775762,,From abroad,,,https://buxtrade.de/products/dextrose-traubenzucker https://www.shop-apotheke.com/ernaehrung/upm47YLPU/buxtrade-dextrose-pulver.htm,buXtrade Dextrose (Traubenzucker) 25 kg,buXtrade,25 kg,4260486775762,"{""04_POKRYCIE_PR"": 304, ""20_DEKSTROZA_75"": 55}"
44,LT,Lithuania,Europe,TARA,SaporePuro Farina di semi di tara (E417) 50 g,SaporePuro · 50 g,8055728540170,,From abroad,"Sold by SaporePuro, Italy",Mix with the dry ingredients and heat the base to 75–80 °C.,https://saporepuro.com/products/farina-di-semi-di-tara-gomma-di-tara-origine-peru-e417-confezionato-in-italia-1,SaporePuro Farina di semi di tara (E417) 50 g,SaporePuro,50 g,8055728540170,"{""04_POKRYCIE_PR"": 305, ""23_TARA_75"": 55}"
45,LU,Luxembourg,Europe,MILK,"Luxlait UHT Whole Milk 3,5% 1 L",Luxlait · 1 L · 3.5% fat,5450168511507,,,,,https://www.luxlait.lu/en/product/uht-milk/pro,"Luxlait UHT Whole Milk 3,5% 1 L",Luxlait,1 L,5450168511507,"{""04_POKRYCIE_PR"": 306, ""11_MLEKO_75"": 56}"
45,LU,Luxembourg,Europe,CREAM,Luxlait Crème UHT L’entière 30% 200 ml,Luxlait · 200 ml · 30% fat,5450168531871,,,,,https://www.luxlait.lu/de/produkt/uht-schlagsahne/pro https://auchan.lu/munsbach/cremes-liquides/98802910-creme-fluide-entiere-30mg-20cl-3629716.html,Luxlait Crème UHT L’entière 30% 200 ml,Luxlait,200 ml,5450168531871,"{""04_POKRYCIE_PR"": 307, ""14_SMIETANKA_75"": 56}"
45,LU,Luxembourg,Europe,SMP,Lait en poudre écrémé,Auchan · 300 g · 0.8% fat,3254560079519,,,,,https://auchan.lu/lait-concentre-en-poudre/6749-lait-en-poudre-ecreme-300g-189847.html https://www.auchan.fr/auchan-lait-en-poudre-ecreme-origine-france/pr-C1260223,Lait en poudre écrémé,Auchan,300 g,3254560079519,"{""04_POKRYCIE_PR"": 308, ""17_PROSZEK_75"": 56}"
45,LU,Luxembourg,Europe,SUCROSE,White granulated sugar — 100% sugar,Any brand · any pack,,,,,The ingredients should list only sugar (sucrose).,,Biały cukier krystaliczny — 100% cukier,GENERIC,dowolne opakowanie,,"{""04_POKRYCIE_PR"": 309}"
45,LU,Luxembourg,Europe,DEXTROSE,buXtrade Dextrose (Traubenzucker) 25 kg,buXtrade · 25 kg · monohydrate,4260486775762,,From abroad,,,https://buxtrade.de/products/dextrose-traubenzucker https://www.shop-apotheke.com/ernaehrung/upm47YLPU/buxtrade-dextrose-pulver.htm,buXtrade Dextrose (Traubenzucker) 25 kg,buXtrade,25 kg,4260486775762,"{""04_POKRYCIE_PR"": 310, ""20_DEKSTROZA_75"": 56}"
45,LU,Luxembourg,Europe,TARA,SaporePuro Farina di Semi di Tara / Gomma di Tara E417,SaporePuro · 50 g,8055728540170,,From abroad,"Sold by SaporePuro, Italy",Mix with the dry ingredients and heat the base to 75–80 °C.,https://saporepuro.com/products/farina-di-semi-di-tara-gomma-di-tara-origine-peru-e417-confezionato-in-italia-1,SaporePuro Farina di Semi di Tara / Gomma di Tara E417,SaporePuro,50 g,8055728540170,"{""04_POKRYCIE_PR"": 311, ""23_TARA_75"": 56}"
46,MY,Malaysia,Asia–Pacific,MILK,"Emborg UHT Full Cream Milk 3,5% 1 L",Emborg · 1 L · 3.5% fat,5701215046832,,,,,https://bics.n.my/m/index.php?cat=Emborg&products_id=5362960&subcat=Milk&ws=showproducts https://www.emborg.com/product/full-cream-milk/,"Emborg UHT Full Cream Milk 3,5% 1 L",Emborg,1 L,5701215046832,"{""04_POKRYCIE_PR"": 318, ""11_MLEKO_75"": 58}"
46,MY,Malaysia,Asia–Pacific,CREAM,Emborg Natural Whipping Cream UHT 35.1% 200 ml,Emborg · 200 ml · 35.1% fat,5701215046375,,,,,https://www.emborg.com/product/whipping-cream/ https://myaeon2go.com/product/5537/whipping-cream-uht,Emborg Natural Whipping Cream UHT 35.1% 200 ml,Emborg,200 ml,5701215046375,"{""04_POKRYCIE_PR"": 319, ""14_SMIETANKA_75"": 58}"
46,MY,Malaysia,Asia–Pacific,SMP,ANGLOMAC Skim Milk Powder,ANGLOMAC / Lotus's Malaysia · 1 kg · 0.8% fat,,74780093,,,,https://www.lotuss.com.my/ms/p/anglomac-skim-milk-powder-1kg-74780093,ANGLOMAC Skim Milk Powder,ANGLOMAC / Lotus's Malaysia,1 kg,,"{""04_POKRYCIE_PR"": 320, ""17_PROSZEK_75"": 58}"
46,MY,Malaysia,Asia–Pacific,SUCROSE,White granulated sugar — 100% sugar,Any brand · any pack,,,,,The ingredients should list only sugar (sucrose).,,Biały cukier krystaliczny — 100% cukier,GENERIC,dowolne opakowanie,,"{""04_POKRYCIE_PR"": 321}"
46,MY,Malaysia,Asia–Pacific,DEXTROSE,BulkSupplements.com Dextrose Crystallized Powder,BulkSupplements.com · 1 kg (2.2 lb) · monohydrate,,DEX1KG,From abroad,,,https://www.bulksupplements.com/products/dextrose-powder,BulkSupplements.com Dextrose Crystallized Powder,BulkSupplements.com,1 kg (2.2 lb) — label 005,,"{""04_POKRYCIE_PR"": 322, ""20_DEKSTROZA_75"": 58}"
46,MY,Malaysia,Asia–Pacific,TARA,SaporePuro Farina di semi di tara (E417) 50 g,SaporePuro · 50 g,8055728540170,,From abroad,"Sold by BakingWarehouse, Hong Kong",Mix with the dry ingredients and heat the base to 75–80 °C.,https://bakingwarehouse.com/products/tara-gum-50gr-saporepuro https://saporepuro.com/products/farina-di-semi-di-tara-gomma-di-tara-origine-peru-e417-confezionato-in-italia-1,SaporePuro Farina di semi di tara (E417) 50 g,SaporePuro,50 g,8055728540170,"{""04_POKRYCIE_PR"": 323, ""23_TARA_75"": 58}"
47,MT,Malta,Europe,MILK,"Benna Fresh Whole Milk 3,5% 1 L",Benna · 1 L · 3.5% fat,5350066100042,,,,,https://www.benna.com.mt/products/whole-milk/ https://www.greens.com.mt/productdetails?loc=MH&pid=5350066100042,"Benna Fresh Whole Milk 3,5% 1 L",Benna,1 L,5350066100042,"{""04_POKRYCIE_PR"": 324, ""11_MLEKO_75"": 59}"
47,MT,Malta,Europe,CREAM,Président Crème UHT semi-épaisse entière 30% MG 2×25cl,Président · 2 × 250 ml · 30% fat,3155250367896,,,,,https://www.greens.com.mt/productdetails?pid=3155250367896 https://www.auchan.fr/president-creme-semi-epaisse-entiere-gastronomique-30-mg-uht/pr-C1174614,Président Crème UHT semi-épaisse entière 30% MG 2×25cl,Président,2 × 250 ml,3155250367896,"{""04_POKRYCIE_PR"": 325, ""14_SMIETANKA_75"": 59}"
47,MT,Malta,Europe,SMP,Skimmed Milk Powder,Régilait · 300 g tin · 0.8% fat,3043939531112,,,,,https://savemart.com.mt/product/89655/popup https://www.greens.com.mt/productdetails?pid=3043939531112,Skimmed Milk Powder,Régilait,puszka 300 g,3043939531112,"{""04_POKRYCIE_PR"": 326, ""17_PROSZEK_75"": 59}"
47,MT,Malta,Europe,SUCROSE,White granulated sugar — 100% sugar,Any brand · any pack,,,,,The ingredients should list only sugar (sucrose).,,Biały cukier krystaliczny — 100% cukier,GENERIC,dowolne opakowanie,,"{""04_POKRYCIE_PR"": 327}"
47,MT,Malta,Europe,DEXTROSE,Destrosio Monoidrato 1kg,Artegustando · 1 kg · monohydrate,8050246530061,,From abroad,,,https://artegustando.com/products/destrosio-monoidrato,Destrosio Monoidrato 1kg,Artegustando,1 kg,8050246530061,"{""04_POKRYCIE_PR"": 328, ""20_DEKSTROZA_75"": 59}"
47,MT,Malta,Europe,TARA,SaporePuro Farina di Semi di Tara / Gomma di Tara E417,SaporePuro · 50 g,8055728540170,,From abroad,"Sold by SaporePuro, Italy",Mix with the dry ingredients and heat the base to 75–80 °C.,https://saporepuro.com/products/farina-di-semi-di-tara-gomma-di-tara-origine-peru-e417-confezionato-in-italia-1,SaporePuro Farina di Semi di Tara / Gomma di Tara E417,SaporePuro,50 g,8055728540170,"{""04_POKRYCIE_PR"": 329, ""23_TARA_75"": 59}"
48,MX,Mexico,Americas,MILK,"Alpura Clásica Leche Entera UHT 3,4% 1 L",Alpura · 1 L · 3.4% fat,7501055900039,,,,,https://www.basicos.mx/leche-alpura-clasica-1-lts https://alpura.com/productos/leche-clasica/,"Alpura Clásica Leche Entera UHT 3,4% 1 L",Alpura,1 L,7501055900039,"{""04_POKRYCIE_PR"": 336, ""11_MLEKO_75"": 61}"
48,MX,Mexico,Americas,CREAM,Lyncott Crema para Batir 500 ml,Lyncott · 500 ml · 31.3% fat,7501092101031,,,,,https://lyncott.mx/producto/crema-para-batir/ https://www.cucopanaderos.com.mx/tienda/cremas-/389-crema-p-batir-lyncott-20x500grs-5-0.html,Lyncott Crema para Batir 500 ml,Lyncott,500 ml,7501092101031,"{""04_POKRYCIE_PR"": 337, ""14_SMIETANKA_75"": 61}"
48,MX,Mexico,Americas,SMP,NOW Real Food Organic Non-Fat Dry Milk Powder,NOW Foods · 12 oz / 340 g · 0% fat,733739058324,,From abroad,,,https://www.nowfoods.com/products/natural-foods/non-fat-dry-milk-powder-organic https://mx.iherb.com/pr/now-foods-real-food-organic-non-fat-dry-milk-powder-12-oz-340-g/21134,NOW Real Food Organic Non-Fat Dry Milk Powder,NOW Foods,12 oz / 340 g,733739058324,"{""04_POKRYCIE_PR"": 338, ""17_PROSZEK_75"": 61}"
48,MX,Mexico,Americas,SUCROSE,White granulated sugar — 100% sugar,Any brand · any pack,,,,,The ingredients should list only sugar (sucrose).,,Biały cukier krystaliczny — 100% cukier,GENERIC,dowolne opakowanie,,"{""04_POKRYCIE_PR"": 339}"
48,MX,Mexico,Americas,DEXTROSE,BulkSupplements.com Dextrose Crystallized Powder,BulkSupplements.com · 1 kg (2.2 lb) · monohydrate,,DEX1KG,From abroad,,,https://www.bulksupplements.com/products/dextrose-powder,BulkSupplements.com Dextrose Crystallized Powder,BulkSupplements.com,1 kg (2.2 lb) — label 005,,"{""04_POKRYCIE_PR"": 340, ""20_DEKSTROZA_75"": 61}"
48,MX,Mexico,Americas,TARA,SaporePuro Farina di semi di tara (E417) 50 g,SaporePuro · 50 g,8055728540170,,From abroad,"Sold by SaporePuro, Italy",Mix with the dry ingredients and heat the base to 75–80 °C.,https://saporepuro.com/products/farina-di-semi-di-tara-gomma-di-tara-origine-peru-e417-confezionato-in-italia-1,SaporePuro Farina di semi di tara (E417) 50 g,SaporePuro,50 g,8055728540170,"{""04_POKRYCIE_PR"": 341, ""23_TARA_75"": 61}"
49,MA,Morocco,Middle East & North Africa,MILK,Lait de vache stérilisé UHT entier 3.5% M.G. 1L,Président · 1 L export carton with screw cap (multilingual label) · 3.6% fat,8410285127347,,,,,https://copralim.ma/product/entier-1l/ https://www.bringo.ma/fr_MA/stores/carrefour-hypermarket/lait-entier-5/products/lait-uht-entier-president-1l-vendor-2-15602/17539,Lait de vache stérilisé UHT entier 3.5% M.G. 1L,Président,"1 L, karton eksportowy wielojęzyczny z nakrętką",8410285127347,"{""04_POKRYCIE_PR"": 330, ""11_MLEKO_75"": 60}"
49,MA,Morocco,Middle East & North Africa,CREAM,Bridélice Crème UHT entière fluide 30% MG,Bridélice · 2 × 25 cl · 30% fat,3155250367834,,,,,https://www.bringo.ma/fr_MA/stores/carrefour-supermarket/creme-fluide/products/creme-fraiche-uht-entiere-fluid-30-mg-bridelice-2x25cl-vendor-1-710622/433938 https://www.carrefour.fr/p/creme-uht-fluide-entiere-30-mg-bridelice-3155250367834,Bridélice Crème UHT entière fluide 30% MG,Bridélice,2 × 25 cl,3155250367834,"{""04_POKRYCIE_PR"": 331, ""14_SMIETANKA_75"": 60}"
49,MA,Morocco,Middle East & North Africa,SMP,NOW Real Food Organic Non-Fat Dry Milk Powder,NOW Foods Real Food · 12 oz (340 g) bag · 0% fat,733739058324,,From abroad,,,https://ma.iherb.com/pr/now-foods-real-food-organic-non-fat-dry-milk-powder-12-oz-340-g/21134 https://www.nowfoods.com/products/natural-foods/non-fat-dry-milk-powder-organic,NOW Real Food Organic Non-Fat Dry Milk Powder,NOW Foods Real Food,torebka 12 oz (340 g),733739058324,"{""04_POKRYCIE_PR"": 332, ""17_PROSZEK_75"": 60}"
49,MA,Morocco,Middle East & North Africa,SUCROSE,White granulated sugar — 100% sugar,Any brand · any pack,,,,,The ingredients should list only sugar (sucrose).,,Biały cukier krystaliczny — 100% cukier,GENERIC,dowolne opakowanie,,"{""04_POKRYCIE_PR"": 333}"
49,MA,Morocco,Middle East & North Africa,DEXTROSE,BulkSupplements.com Dextrose Crystallized Powder,BulkSupplements.com · 1 kg (2.2 lb) · monohydrate,,DEX1KG,From abroad,,,https://www.bulksupplements.com/products/dextrose-powder,BulkSupplements.com Dextrose Crystallized Powder,BulkSupplements.com,1 kg (2.2 lb) — label 005,,"{""04_POKRYCIE_PR"": 334, ""20_DEKSTROZA_75"": 60}"
49,MA,Morocco,Middle East & North Africa,TARA,SaporePuro Farina di semi di tara (E417) 50 g,SaporePuro · 50 g,8055728540170,,From abroad,"Sold by SaporePuro, Italy",Mix with the dry ingredients and heat the base to 75–80 °C.,https://saporepuro.com/products/farina-di-semi-di-tara-gomma-di-tara-origine-peru-e417-confezionato-in-italia-1 https://bakingwarehouse.com/products/tara-gum-50gr-saporepuro,SaporePuro Farina di semi di tara (E417) 50 g,SaporePuro,50 g,8055728540170,"{""04_POKRYCIE_PR"": 335, ""23_TARA_75"": 60}"
50,NL,Netherlands,Europe,MILK,Campina Langlekker Volle Melk 1 L,Campina Langlekker · 1 L carton · 3.6% fat,8712800147770,,,,,https://www.ah.nl/producten/product/wi469256/campina-langlekker-volle-melk https://www.campina.nl/producten/campina-langlekker-volle-melk-1l,Campina Langlekker Volle Melk 1 L,Campina Langlekker,1 L carton,8712800147770,"{""04_POKRYCIE_PR"": 48, ""11_MLEKO_75"": 13}"
50,NL,Netherlands,Europe,CREAM,AH Slagroom houdbaar 30% 200 ml,AH · 200 ml · 30% fat,8718907237888,,,,,https://www.ah.nl/producten/product/wi34471/ah-slagroom-houdbaar,AH Slagroom houdbaar 30% 200 ml,AH,200 ml,8718907237888,"{""04_POKRYCIE_PR"": 49, ""14_SMIETANKA_75"": 13}"
50,NL,Netherlands,Europe,SMP,Mattisson Biologische Magere Melkpoeder 450 g,Mattisson · 450 g · 0.5% fat,8717677967827,,,,,https://www.mattisson.nl/biologische-magere-melkpoeder https://www.baktotaal.nl/mattisson-magere-melkpoeder-biologisch-450g,Mattisson Biologische Magere Melkpoeder 450 g,Mattisson,450 g,8717677967827,"{""04_POKRYCIE_PR"": 50, ""17_PROSZEK_75"": 13}"
50,NL,Netherlands,Europe,SUCROSE,White granulated sugar — 100% sugar,Any brand · any pack,,,,,The ingredients should list only sugar (sucrose).,,Biały cukier krystaliczny — 100% cukier,GENERIC,dowolne opakowanie,,"{""04_POKRYCIE_PR"": 51}"
50,NL,Netherlands,Europe,DEXTROSE,Dextrose 5 kg,Natural Spices · 5 kg · monohydrate,,ES1210,,,,https://www.naturalspices.nl/dextrose,Dextrose 5 kg,Natural Spices,5 kg,,"{""04_POKRYCIE_PR"": 52, ""20_DEKSTROZA_75"": 13}"
50,NL,Netherlands,Europe,TARA,SaporePuro Farina di Semi di Tara / Gomma di Tara E417,SaporePuro · 50 g,8055728540170,,From abroad,"Sold by SaporePuro, Italy",Mix with the dry ingredients and heat the base to 75–80 °C.,https://saporepuro.com/products/farina-di-semi-di-tara-gomma-di-tara-origine-peru-e417-confezionato-in-italia-1 https://www.baktotaal.nl/sosa-tara-gum-700g,SaporePuro Farina di Semi di Tara / Gomma di Tara E417,SaporePuro,50 g,8055728540170,"{""04_POKRYCIE_PR"": 53, ""23_TARA_75"": 13}"
51,NZ,New Zealand,Asia–Pacific,MILK,Anchor Blue Milk 2 L,Anchor · 2 L · 3.4% fat,94152210,,,,,https://www.njk.co.nz/mknz034.html https://thegroceryhub.co.nz/products/anchor-blue-full-cream-milk-2l/,Anchor Blue Milk 2 L,Anchor,2 L,94152210,"{""04_POKRYCIE_PR"": 78, ""11_MLEKO_75"": 18}"
51,NZ,New Zealand,Asia–Pacific,CREAM,Anchor Long Life Dessert Cream Original,Anchor · 250 ml · 35.9% fat,94150803,,,,,https://www.woolworths.co.nz/shop/product-details/811500/anchor-cream-long-life https://www.thewarehouse.co.nz/p/anchor-long-life-cream-uht-250ml-x-24-pack/M22880749.html,Anchor Long Life Dessert Cream Original,Anchor,250 ml,94150803,"{""04_POKRYCIE_PR"": 79, ""14_SMIETANKA_75"": 18}"
51,NZ,New Zealand,Asia–Pacific,SMP,Woolworths Milk Skim Powder,Woolworths · 1 kg · 0.8% fat,9300633765712,,,,,https://www.woolworths.co.nz/shop/product-details/789358/woolworths-milk-skim-powder,Woolworths Milk Skim Powder,Woolworths,1 kg,9300633765712,"{""04_POKRYCIE_PR"": 80, ""17_PROSZEK_75"": 18}"
51,NZ,New Zealand,Asia–Pacific,SUCROSE,White granulated sugar — 100% sugar,Any brand · any pack,,,,,The ingredients should list only sugar (sucrose).,,Biały cukier krystaliczny — 100% cukier,GENERIC,dowolne opakowanie,,"{""04_POKRYCIE_PR"": 81}"
51,NZ,New Zealand,Asia–Pacific,DEXTROSE,BulkSupplements.com Dextrose Crystallized Powder,BulkSupplements.com · 1 kg (2.2 lb) · monohydrate,,DEX1KG,From abroad,,,https://www.bulksupplements.com/products/dextrose-powder,BulkSupplements.com Dextrose Crystallized Powder,BulkSupplements.com,1 kg (2.2 lb) — label 005,,"{""04_POKRYCIE_PR"": 82, ""20_DEKSTROZA_75"": 18}"
51,NZ,New Zealand,Asia–Pacific,TARA,Tara Gum 50gr. / Gomma di Tara E417,SaporePuro · 50 g,8055728540170,,From abroad,"Sold by BakingWarehouse, Hong Kong",Mix with the dry ingredients and heat the base to 75–80 °C.,https://bakingwarehouse.com/products/tara-gum-50gr-saporepuro https://thesourcery.co.nz/products/tara-gum,Tara Gum 50gr. / Gomma di Tara E417,SaporePuro,50 g,8055728540170,"{""04_POKRYCIE_PR"": 83, ""23_TARA_75"": 18}"
52,NG,Nigeria,Sub-Saharan Africa,MILK,"Peak UHT Full Cream Milk 3,6% 1 L",Peak · 1 L · 3.6% fat,8716200612883,,,,,https://www.peakmilk.com.ng/assortment/ready-to-drink/peak-uht-milk-full-cream/ https://chamuze.com/product/peak-uht-full-cream-milk-1l/,"Peak UHT Full Cream Milk 3,6% 1 L",Peak,1 L,8716200612883,"{""04_POKRYCIE_PR"": 342, ""11_MLEKO_75"": 62}"
52,NG,Nigeria,Sub-Saharan Africa,CREAM,Emborg Natural Whipping Cream UHT 35%,Emborg · 200 ml · 35.1% fat,5701215046375,,,,,https://www.supermart.ng/products/emborg-whipping-cream-200-ml https://www.emborg.com/product/whipping-cream/,Emborg Natural Whipping Cream UHT 35%,Emborg,200 ml,5701215046375,"{""04_POKRYCIE_PR"": 343, ""14_SMIETANKA_75"": 62}"
52,NG,Nigeria,Sub-Saharan Africa,SMP,NOW Real Food Organic Non-Fat Dry Milk Powder,NOW Foods Real Food · 12 oz (340 g) bag · 0% fat,733739058324,,From abroad,,,https://ng.iherb.com/pr/now-foods-real-food-organic-non-fat-dry-milk-powder-12-oz-340-g/21134 https://www.nowfoods.com/products/natural-foods/non-fat-dry-milk-powder-organic,NOW Real Food Organic Non-Fat Dry Milk Powder,NOW Foods Real Food,torebka 12 oz (340 g),733739058324,"{""04_POKRYCIE_PR"": 344, ""17_PROSZEK_75"": 62}"
52,NG,Nigeria,Sub-Saharan Africa,SUCROSE,White granulated sugar — 100% sugar,Any brand · any pack,,,,,The ingredients should list only sugar (sucrose).,,Biały cukier krystaliczny — 100% cukier,GENERIC,dowolne opakowanie,,"{""04_POKRYCIE_PR"": 345}"
52,NG,Nigeria,Sub-Saharan Africa,DEXTROSE,BulkSupplements.com Dextrose Crystallized Powder,BulkSupplements.com · 1 kg (2.2 lb) · monohydrate,,DEX1KG,From abroad,,,https://www.bulksupplements.com/products/dextrose-powder,BulkSupplements.com Dextrose Crystallized Powder,BulkSupplements.com,1 kg (2.2 lb) — label 005,,"{""04_POKRYCIE_PR"": 346, ""20_DEKSTROZA_75"": 62}"
52,NG,Nigeria,Sub-Saharan Africa,TARA,SaporePuro Farina di semi di tara (E417) 50 g,SaporePuro · 50 g,8055728540170,,From abroad,"Sold by SaporePuro, Italy",Mix with the dry ingredients and heat the base to 75–80 °C.,https://saporepuro.com/products/farina-di-semi-di-tara-gomma-di-tara-origine-peru-e417-confezionato-in-italia-1 https://bakingwarehouse.com/products/tara-gum-50gr-saporepuro,SaporePuro Farina di semi di tara (E417) 50 g,SaporePuro,50 g,8055728540170,"{""04_POKRYCIE_PR"": 347, ""23_TARA_75"": 62}"
53,NO,Norway,Europe,MILK,"TINE Helmelk 3,5% fett 1 L",TINE · 1 L · 3.5% fat,7038010000065,,,,,https://www.tine.no/merkevarer/tinemelk/produkter/tinemelk-helmelk-3-5-fett https://meny.no/varer/meieri-egg/melk/helmelk/helmelk-7038010000065,"TINE Helmelk 3,5% fett 1 L",TINE,1 L,7038010000065,"{""04_POKRYCIE_PR"": 72, ""11_MLEKO_75"": 17}"
53,NO,Norway,Europe,CREAM,TINE Kremfløte 37% 3 dl,TINE · 300 ml · 37% fat,7038010041914,,,,,https://meny.no/varer/meieri-egg/flote/kremflote/kremflote-37-7038010041914 https://spar.no/varer/meieri-og-egg/flote/kremflote/kremflote-37-7038010041914,TINE Kremfløte 37% 3 dl,TINE,300 ml,7038010041914,"{""04_POKRYCIE_PR"": 73, ""14_SMIETANKA_75"": 17}"
53,NO,Norway,Europe,SMP,Nestlé Skimmed Milk Powder 500 g,Nestlé · 500 g · 1.1% fat,8445291393738,,,,,https://magnar-eikeland.emo.no/web/ePortal/ctrl?action=showiteminfo&itemNo=170806 https://www.nestleprofessional.nl/nestle-cacao-en-melkproducten/nestle-skimmed-milk-powder,Nestlé Skimmed Milk Powder 500 g,Nestlé,500 g,8445291393738,"{""04_POKRYCIE_PR"": 74, ""17_PROSZEK_75"": 17}"
53,NO,Norway,Europe,SUCROSE,White granulated sugar — 100% sugar,Any brand · any pack,,,,,The ingredients should list only sugar (sucrose).,,Biały cukier krystaliczny — 100% cukier,GENERIC,dowolne opakowanie,,"{""04_POKRYCIE_PR"": 75}"
53,NO,Norway,Europe,DEXTROSE,buXtrade Dextrose (Traubenzucker) 25 kg,buXtrade · 25 kg · monohydrate,4260486775762,,From abroad,,,https://buxtrade.de/products/dextrose-traubenzucker https://www.shop-apotheke.com/ernaehrung/upm47YLPU/buxtrade-dextrose-pulver.htm,buXtrade Dextrose (Traubenzucker) 25 kg,buXtrade,25 kg,4260486775762,"{""04_POKRYCIE_PR"": 76, ""20_DEKSTROZA_75"": 17}"
53,NO,Norway,Europe,TARA,SaporePuro Farina di semi di tara (E417) 50 g,SaporePuro · 50 g,8055728540170,,From abroad,"Sold by BakingWarehouse, Hong Kong",Mix with the dry ingredients and heat the base to 75–80 °C.,https://bakingwarehouse.com/products/tara-gum-50gr-saporepuro https://saporepuro.com/products/farina-di-semi-di-tara-gomma-di-tara-origine-peru-e417-confezionato-in-italia-1,SaporePuro Farina di semi di tara (E417) 50 g,SaporePuro,50 g,8055728540170,"{""04_POKRYCIE_PR"": 77, ""23_TARA_75"": 17}"
54,OM,Oman,Middle East & North Africa,MILK,Mazoon UHT Full Fat Milk 1 L,Mazoon · 1 L · 3.2% fat,6073000051499,,,,,https://www.mazoondairy.om/product/uht-full-fat-milk/ https://youshopom.com/en/products/%D9%85%D8%B2%D9%88%D9%86-%D8%AD%D9%84%D9%8A%D8%A8-%D8%B7%D9%88%D9%8A%D9%84-%D8%A7%D9%84%D8%A3%D8%AC%D9%84-%D9%83%D8%A7%D9%85%D9%84-%D8%A7%D9%84%D8%AF%D8%B3%D9%85-1-%D9%84%D8%AA%D8%B1,Mazoon UHT Full Fat Milk 1 L,Mazoon,1 L,6073000051499,"{""04_POKRYCIE_PR"": 348, ""11_MLEKO_75"": 63}"
54,OM,Oman,Middle East & North Africa,CREAM,Puck Whipping Cream UHT,Puck · 200 ml · 35.2% fat,5700426230177,,,,,https://www.puckarabia.com/en/products/whipping-cream/ https://www.sharjahcoop.ae/en/puck-whipping-cream-200ml/p/5700426230177,Puck Whipping Cream UHT,Puck,200 ml,5700426230177,"{""04_POKRYCIE_PR"": 349, ""14_SMIETANKA_75"": 63}"
54,OM,Oman,Middle East & North Africa,SMP,NOW Real Food Organic Non-Fat Dry Milk Powder,NOW Foods Real Food · 12 oz (340 g) bag · 0% fat,733739058324,,From abroad,,,https://om.iherb.com/pr/now-foods-real-food-organic-non-fat-dry-milk-powder-12-oz-340-g/21134 https://www.nowfoods.com/products/natural-foods/non-fat-dry-milk-powder-organic,NOW Real Food Organic Non-Fat Dry Milk Powder,NOW Foods Real Food,torebka 12 oz (340 g),733739058324,"{""04_POKRYCIE_PR"": 350, ""17_PROSZEK_75"": 63}"
54,OM,Oman,Middle East & North Africa,SUCROSE,White granulated sugar — 100% sugar,Any brand · any pack,,,,,The ingredients should list only sugar (sucrose).,,Biały cukier krystaliczny — 100% cukier,GENERIC,dowolne opakowanie,,"{""04_POKRYCIE_PR"": 351}"
54,OM,Oman,Middle East & North Africa,DEXTROSE,Dextrose Monohydrate 1kg,Louis François · 1 kg; case 12 · monohydrate,,18224,,,,https://www.chefmiddleeast.com/products/18224/ https://louisfrancois.com/produit/dextrose/,Dextrose Monohydrate 1kg,Louis François,1 kg; case 12,,"{""04_POKRYCIE_PR"": 352, ""20_DEKSTROZA_75"": 63}"
54,OM,Oman,Middle East & North Africa,TARA,SaporePuro Farina di semi di tara (E417) 50 g,SaporePuro · 50 g,8055728540170,,From abroad,"Sold by SaporePuro, Italy",Mix with the dry ingredients and heat the base to 75–80 °C.,https://saporepuro.com/products/farina-di-semi-di-tara-gomma-di-tara-origine-peru-e417-confezionato-in-italia-1 https://bakingwarehouse.com/products/tara-gum-50gr-saporepuro,SaporePuro Farina di semi di tara (E417) 50 g,SaporePuro,50 g,8055728540170,"{""04_POKRYCIE_PR"": 353, ""23_TARA_75"": 63}"
55,PK,Pakistan,Asia–Pacific,MILK,Nestlé Milkpak Full Cream UHT Milk 1000ml,Nestlé Milkpak · 1 L UHT carton (4 × 250 ml portions) · 3.5% fat,8961008219561,,,,,https://www.foodpanda.pk/groceries/product/B55L20/nestle-milkpak-full-cream-uht-milk-1000ml https://www.nestle.pk/brands/dairy/nestle-milkpak,Nestlé Milkpak Full Cream UHT Milk 1000ml,Nestlé Milkpak,"1 L, karton UHT, 4 porcje po250ml",8961008219561,"{""04_POKRYCIE_PR"": 354, ""11_MLEKO_75"": 64}"
55,PK,Pakistan,Asia–Pacific,CREAM,Président Whipping Cream UHT 35.1%,Président · 200 ml / 20 cl carton · 35.1% fat,3155253004699,,,,,https://alfatah.pk/products/president-whipping-cream-200ml https://www.auchan.sn/cremerie-fromage/6295-president-creme-liquide-sterilisee-uht-351-mg-20cl-3155253004699.html,Président Whipping Cream UHT 35.1%,Président,200 ml / 20 cl carton,3155253004699,"{""04_POKRYCIE_PR"": 355, ""14_SMIETANKA_75"": 64}"
55,PK,Pakistan,Asia–Pacific,SMP,Real Food Organic Non-Fat Dry Milk Powder,NOW Foods · 12 oz (340 g) · 0% fat,733739058324,,From abroad,,,https://www.nowfoods.com/products/natural-foods/non-fat-dry-milk-powder-organic https://pk.iherb.com/pr/now-foods-real-food-organic-non-fat-dry-milk-powder-12-oz-340-g/21134,Real Food Organic Non-Fat Dry Milk Powder,NOW Foods,12 oz (340 g),733739058324,"{""04_POKRYCIE_PR"": 356, ""17_PROSZEK_75"": 64}"
55,PK,Pakistan,Asia–Pacific,SUCROSE,White granulated sugar — 100% sugar,Any brand · any pack,,,,,The ingredients should list only sugar (sucrose).,,Biały cukier krystaliczny — 100% cukier,GENERIC,dowolne opakowanie,,"{""04_POKRYCIE_PR"": 357}"
55,PK,Pakistan,Asia–Pacific,DEXTROSE,BulkSupplements.com Dextrose Crystallized Powder,BulkSupplements.com · 1 kg (2.2 lb) · monohydrate,,DEX1KG,From abroad,,,https://www.bulksupplements.com/products/dextrose-powder,BulkSupplements.com Dextrose Crystallized Powder,BulkSupplements.com,1 kg (2.2 lb) — label 005,,"{""04_POKRYCIE_PR"": 358, ""20_DEKSTROZA_75"": 64}"
55,PK,Pakistan,Asia–Pacific,TARA,SaporePuro Farina di semi di tara (E417) 50 g,SaporePuro · 50 g,8055728540170,,From abroad,"Sold by SaporePuro, Italy",Mix with the dry ingredients and heat the base to 75–80 °C.,https://saporepuro.com/products/farina-di-semi-di-tara-gomma-di-tara-origine-peru-e417-confezionato-in-italia-1 https://bakingwarehouse.com/products/tara-gum-50gr-saporepuro,SaporePuro Farina di semi di tara (E417) 50 g,SaporePuro,50 g,8055728540170,"{""04_POKRYCIE_PR"": 359, ""23_TARA_75"": 64}"
56,PA,Panama,Americas,MILK,Estrella Azul D'Oro Leche Entera 946ml,Estrella Azul · 946 ml UHT carton · 3.6% fat,0088209013366,,,,,https://www.super99.com/20046072-estrella-azul-d-oro-leche-entera-946ml,Estrella Azul D'Oro Leche Entera 946ml,Estrella Azul,946 ml karton UHT,0088209013366,"{""04_POKRYCIE_PR"": 360, ""11_MLEKO_75"": 65}"
56,PA,Panama,Americas,CREAM,Emborg Natural Whipping Cream UHT 35.1% 200 ml,Emborg · 200 ml · 35.1% fat,5701215046375,,,,,https://www.super99.com/20145110-emborg-crema-batir-200ml https://www.emborg.com/product/whipping-cream/,Emborg Natural Whipping Cream UHT 35.1% 200 ml,Emborg,200 ml,5701215046375,"{""04_POKRYCIE_PR"": 361, ""14_SMIETANKA_75"": 65}"
56,PA,Panama,Americas,SMP,NOW Real Food Organic Non-Fat Dry Milk Powder,NOW Foods · 12 oz / 340 g · 0% fat,733739058324,,From abroad,,,https://www.nowfoods.com/products/natural-foods/non-fat-dry-milk-powder-organic https://pa.iherb.com/pr/now-foods-real-food-organic-non-fat-dry-milk-powder-12-oz-340-g/21134,NOW Real Food Organic Non-Fat Dry Milk Powder,NOW Foods,12 oz / 340 g,733739058324,"{""04_POKRYCIE_PR"": 362, ""17_PROSZEK_75"": 65}"
56,PA,Panama,Americas,SUCROSE,White granulated sugar — 100% sugar,Any brand · any pack,,,,,The ingredients should list only sugar (sucrose).,,Biały cukier krystaliczny — 100% cukier,GENERIC,dowolne opakowanie,,"{""04_POKRYCIE_PR"": 363}"
56,PA,Panama,Americas,DEXTROSE,BulkSupplements.com Dextrose Crystallized Powder,BulkSupplements.com · 1 kg (2.2 lb) · monohydrate,,DEX1KG,From abroad,,,https://www.bulksupplements.com/products/dextrose-powder,BulkSupplements.com Dextrose Crystallized Powder,BulkSupplements.com,1 kg (2.2 lb) — label 005,,"{""04_POKRYCIE_PR"": 364, ""20_DEKSTROZA_75"": 65}"
56,PA,Panama,Americas,TARA,SaporePuro Farina di semi di tara (E417) 50 g,SaporePuro · 50 g,8055728540170,,From abroad,"Sold by SaporePuro, Italy",Mix with the dry ingredients and heat the base to 75–80 °C.,https://saporepuro.com/products/farina-di-semi-di-tara-gomma-di-tara-origine-peru-e417-confezionato-in-italia-1,SaporePuro Farina di semi di tara (E417) 50 g,SaporePuro,50 g,8055728540170,"{""04_POKRYCIE_PR"": 365, ""23_TARA_75"": 65}"
57,PH,Philippines,Asia–Pacific,MILK,Emborg Full Cream Milk 3.5% 1L,Emborg · 1 L UHT carton · 3.5% fat,5701215046832,,,,,https://ptccom.com.ph/products/dairy/milk/emborg-full-cream-milk/ https://www.emborg.com/product/full-cream-milk/,Emborg Full Cream Milk 3.5% 1L,Emborg,"1 L, karton UHT",5701215046832,"{""04_POKRYCIE_PR"": 216, ""11_MLEKO_75"": 41}"
57,PH,Philippines,Asia–Pacific,CREAM,Emborg Natural Whipping Cream UHT 35.1% 200 ml,Emborg · 200 ml · 35.1% fat,5701215046375,,,,,https://freshmart.ph/products/emborg-uht-whipping-cream-200ml https://www.emborg.com/product/whipping-cream/,Emborg Natural Whipping Cream UHT 35.1% 200 ml,Emborg,200 ml,5701215046375,"{""04_POKRYCIE_PR"": 217, ""14_SMIETANKA_75"": 41}"
57,PH,Philippines,Asia–Pacific,SMP,Devondale Instant Skim Milk Powder,Devondale · 1 kg · 0.9% fat,9300639999005,,,,,https://shopee.ph/Devondale-Instant-Skim-Milk-Powder-1kg-i.82265567.23335805507 https://www.nanamall.com/products/devondale-instant-skim-milk-powder-1kg,Devondale Instant Skim Milk Powder,Devondale,1 kg,9300639999005,"{""04_POKRYCIE_PR"": 218, ""17_PROSZEK_75"": 41}"
57,PH,Philippines,Asia–Pacific,SUCROSE,White granulated sugar — 100% sugar,Any brand · any pack,,,,,The ingredients should list only sugar (sucrose).,,Biały cukier krystaliczny — 100% cukier,GENERIC,dowolne opakowanie,,"{""04_POKRYCIE_PR"": 219}"
57,PH,Philippines,Asia–Pacific,DEXTROSE,BulkSupplements.com Dextrose Crystallized Powder,BulkSupplements.com · 1 kg (2.2 lb) · monohydrate,,DEX1KG,From abroad,,,https://www.bulksupplements.com/products/dextrose-powder,BulkSupplements.com Dextrose Crystallized Powder,BulkSupplements.com,1 kg (2.2 lb) — label 005,,"{""04_POKRYCIE_PR"": 220, ""20_DEKSTROZA_75"": 41}"
57,PH,Philippines,Asia–Pacific,TARA,SaporePuro Farina di semi di tara (E417) 50 g,SaporePuro · 50 g,8055728540170,,From abroad,"Sold by BakingWarehouse, Hong Kong",Mix with the dry ingredients and heat the base to 75–80 °C.,https://bakingwarehouse.com/products/tara-gum-50gr-saporepuro https://saporepuro.com/products/farina-di-semi-di-tara-gomma-di-tara-origine-peru-e417-confezionato-in-italia-1,SaporePuro Farina di semi di tara (E417) 50 g,SaporePuro,50 g,8055728540170,"{""04_POKRYCIE_PR"": 221, ""23_TARA_75"": 41}"
58,PL,Poland,Europe,MILK,"Łaciate Mleko UHT 3,5%, 200 ml",Łaciate · 200 ml carton · 3.5% fat,5900820016296,,,,,https://mlekpol.com.pl/index.php/en/produkt/laciate-uht-milk-35-2/ https://leclerc.com.pl/laciate-mleko-uht-35,"Łaciate Mleko UHT 3,5%, 200 ml",Łaciate,200 ml karton,5900820016296,"{""04_POKRYCIE_PR"": 84, ""11_MLEKO_75"": 19}"
58,PL,Poland,Europe,CREAM,Śmietanka Polska 30% UHT 1 L,Mlekovita · 1 L · 30% fat,5900512300634,,,,,https://mlekovita.com.pl/produkt/smietanka-uht-polska-30-tluszczu-1-l-491,Śmietanka Polska 30% UHT 1 L,Mlekovita,1 L,5900512300634,"{""04_POKRYCIE_PR"": 85, ""14_SMIETANKA_75"": 19}"
58,PL,Poland,Europe,SMP,Mleko w proszku odtłuszczone instant,Mlekovita · 250 g · 1.3% fat,5900512500546,,,,,https://www.divinebody.pl/pl/p/Mlekovita-Mleko-w-proszku-odtluszczone-instant-250/3244 https://torimpex.pl/produkt/mlekovita-mleko-w-proszku-odtluszczone-instant-250-g/,Mleko w proszku odtłuszczone instant,Mlekovita,250 g,5900512500546,"{""04_POKRYCIE_PR"": 86, ""17_PROSZEK_75"": 19}"
58,PL,Poland,Europe,SUCROSE,White granulated sugar — 100% sugar,Any brand · any pack,,,,,The ingredients should list only sugar (sucrose).,,Biały cukier krystaliczny — 100% cukier,GENERIC,dowolne opakowanie,,"{""04_POKRYCIE_PR"": 87}"
58,PL,Poland,Europe,DEXTROSE,Dekstroza – glukoza spożywcza jednowodna 100g,KicCake · 100 g · monohydrate,,109326,,,,https://kiccake.pl/pl/products/dekstroza-glukoza-spozywcza-jednowodna-100g-kiccake-109326.html,Dekstroza – glukoza spożywcza jednowodna 100g,KicCake,100 g,,"{""04_POKRYCIE_PR"": 88, ""20_DEKSTROZA_75"": 19}"
58,PL,Poland,Europe,TARA,SaporePuro Farina di semi di tara (E417) 50 g,SaporePuro · 50 g,8055728540170,,From abroad,"Sold by SaporePuro, Italy",Mix with the dry ingredients and heat the base to 75–80 °C.,https://saporepuro.com/products/farina-di-semi-di-tara-gomma-di-tara-origine-peru-e417-confezionato-in-italia-1,SaporePuro Farina di semi di tara (E417) 50 g,SaporePuro,50 g,8055728540170,"{""04_POKRYCIE_PR"": 89, ""23_TARA_75"": 19}"
59,PT,Portugal,Europe,MILK,Leite Mimosa UHT Inteiro 1L,Mimosa · 1 L UHT carton · 3.6% fat,5601049131998,,,,,https://www.auchan.pt/pt/alimentacao/produtos-lacteos/leites/leite-uht/leite-mimosa-uht-inteiro-1l/11864.html https://mimosa.pt/produtos/leite/uht/,Leite Mimosa UHT Inteiro 1L,Mimosa,1 L karton UHT,5601049131998,"{""04_POKRYCIE_PR"": 90, ""11_MLEKO_75"": 20}"
59,PT,Portugal,Europe,CREAM,Parmalat Nata para Bater 30% 500 ml,Parmalat · 500 ml · 30% fat,5603089007370,,,,,https://parmalat.pt/produto/nata-para-bater-500-ml/ https://www.auchan.pt/pt/alimentacao/produtos-lacteos/natas-bechamel-e-chantilly/natas/nata-parmalat-para-bater-500ml/2307302.html,Parmalat Nata para Bater 30% 500 ml,Parmalat,500 ml,5603089007370,"{""04_POKRYCIE_PR"": 91, ""14_SMIETANKA_75"": 20}"
59,PT,Portugal,Europe,SMP,Leite Magro em Pó,Régilait · 250 g · 0.8% fat,3043932663704,,,,,https://www.auchan.pt/pt/alimentacao/produtos-lacteos/leites/leite-em-po/leite-em-po-regilait-magro-250g/3717097.html,Leite Magro em Pó,Régilait,250 g,3043932663704,"{""04_POKRYCIE_PR"": 92, ""17_PROSZEK_75"": 20}"
59,PT,Portugal,Europe,SUCROSE,White granulated sugar — 100% sugar,Any brand · any pack,,,,,The ingredients should list only sugar (sucrose).,,Biały cukier krystaliczny — 100% cukier,GENERIC,dowolne opakowanie,,"{""04_POKRYCIE_PR"": 93}"
59,PT,Portugal,Europe,DEXTROSE,Zumub Dextrose 1kg,Zumub · 1 kg · monohydrate,5600985800333,,,,,https://www.zumub.com/PT/nutri-ao-desportiva/dextrose/dextrose-1kg-p-9210,Zumub Dextrose 1kg,Zumub,1 kg,5600985800333,"{""04_POKRYCIE_PR"": 94, ""20_DEKSTROZA_75"": 20}"
59,PT,Portugal,Europe,TARA,SaporePuro Farina di Semi di Tara / Gomma di Tara E417,SaporePuro · 50 g,8055728540170,,From abroad,"Sold by SaporePuro, Italy",Mix with the dry ingredients and heat the base to 75–80 °C.,https://saporepuro.com/products/farina-di-semi-di-tara-gomma-di-tara-origine-peru-e417-confezionato-in-italia-1 https://ferreralimentacion.com/pt-pt/producto/goma-tara/,SaporePuro Farina di Semi di Tara / Gomma di Tara E417,SaporePuro,50 g,8055728540170,"{""04_POKRYCIE_PR"": 95, ""23_TARA_75"": 20}"
60,QA,Qatar,Middle East & North Africa,MILK,Organic Milk Full Fat 200ml,Arla · 200 ml · 3.5% fat,5711953072352,,,,,https://mea.arla.com/product-overview/organicmilk/full-fat-200ml-3195/ https://www.thefreshmarketdubai.com/products/arla-organic-milk-full-fat-200ml-5711953072352,Organic Milk Full Fat 200ml,Arla,200 ml,5711953072352,"{""04_POKRYCIE_PR"": 264, ""11_MLEKO_75"": 49}"
60,QA,Qatar,Middle East & North Africa,CREAM,Paysan Breton La Crème Pâtisserie & Cuisine UHT 30%,Paysan Breton · 20 cl · 30% fat,3412290032215,,,,,https://casinetto.com/products/cooking-and-whipping-cream-30/ https://gcc.luluhypermarket.com/en-qa/paysan-breton-whipping-cooking-cream-200-ml/p/423673,Paysan Breton La Crème Pâtisserie & Cuisine UHT 30%,Paysan Breton,20 cl,3412290032215,"{""04_POKRYCIE_PR"": 265, ""14_SMIETANKA_75"": 49}"
60,QA,Qatar,Middle East & North Africa,SMP,Régilait Instant Skimmed Milk Powder 0% Fat,Régilait · 300 g tin · 0.8% fat,3043931691418,,,,,https://thegrocer.com.qa/product/regilait-instant-skimmed-milk-powder-non-fat-300g/ https://gcc.luluhypermarket.com/en-qa/regilait-0-fat-instant-skimmed-milk-powder-300-g/p/405103,Régilait Instant Skimmed Milk Powder 0% Fat,Régilait,puszka 300 g,3043931691418,"{""04_POKRYCIE_PR"": 266, ""17_PROSZEK_75"": 49}"
60,QA,Qatar,Middle East & North Africa,SUCROSE,White granulated sugar — 100% sugar,Any brand · any pack,,,,,The ingredients should list only sugar (sucrose).,,Biały cukier krystaliczny — 100% cukier,GENERIC,dowolne opakowanie,,"{""04_POKRYCIE_PR"": 267}"
60,QA,Qatar,Middle East & North Africa,DEXTROSE,Dextrose Monohydrate 1kg,Louis François · 1 kg; case 12 · monohydrate,,18224,,,,https://www.chefmiddleeast.com/products/18224/ https://louisfrancois.com/produit/dextrose/,Dextrose Monohydrate 1kg,Louis François,1 kg; case 12,,"{""04_POKRYCIE_PR"": 268, ""20_DEKSTROZA_75"": 49}"
60,QA,Qatar,Middle East & North Africa,TARA,SaporePuro Farina di semi di tara (E417) 50 g,SaporePuro · 50 g,8055728540170,,From abroad,"Sold by BakingWarehouse, Hong Kong",Mix with the dry ingredients and heat the base to 75–80 °C.,https://bakingwarehouse.com/products/tara-gum-50gr-saporepuro https://saporepuro.com/products/farina-di-semi-di-tara-gomma-di-tara-origine-peru-e417-confezionato-in-italia-1,SaporePuro Farina di semi di tara (E417) 50 g,SaporePuro,50 g,8055728540170,"{""04_POKRYCIE_PR"": 269, ""23_TARA_75"": 49}"
61,RO,Romania,Europe,MILK,"Zuzu lapte de consum integral 3,5% grăsime 1 l","Zuzu · 1 L carton, pasteurised chilled milk · 3.5% fat",5941355000688,,,,,https://www.albalact.ro/produse/zuzu-lapte-integral-1l/ https://pacomarket.ro/product/lapte-zuzu-1l-3-5-grasime-2/,"Zuzu lapte de consum integral 3,5% grăsime 1 l",Zuzu,"1 l karton, mleko pasteryzowane chłodzone",5941355000688,"{""04_POKRYCIE_PR"": 372, ""11_MLEKO_75"": 67}"
61,RO,Romania,Europe,CREAM,Meggle Frișcă lichidă UHT 30%,MEGGLE Slovakia · 200 ml carton · 30% fat,8585002501837,,,,,https://www.depozitcc.ro/delicatese/smantana-frisca-unt/frisca/frisca-lichida-30-meggle-uht-200ml-92327.html https://bevasarlas.tesco.hu/shop/hu-HU/products/210504341,Meggle Frișcă lichidă UHT 30%,MEGGLE Slovakia,200 ml carton,8585002501837,"{""04_POKRYCIE_PR"": 373, ""14_SMIETANKA_75"": 67}"
61,RO,Romania,Europe,SMP,"Lapte praf bio degresat, 1% grasime",Pronat · 250 g zip bag · 0.5% fat,6426309006538,,,,,https://pronat.ro/products/lapte-praf-bio-degresat-1-grasime-250g-pronat https://www.trada.ro/lapte-praf-bio-degresat-1-grasime-250g-73894.html,"Lapte praf bio degresat, 1% grasime",Pronat,"250 g, worek zip",6426309006538,"{""04_POKRYCIE_PR"": 374, ""17_PROSZEK_75"": 67}"
61,RO,Romania,Europe,SUCROSE,White granulated sugar — 100% sugar,Any brand · any pack,,,,,The ingredients should list only sugar (sucrose).,,Biały cukier krystaliczny — 100% cukier,GENERIC,dowolne opakowanie,,"{""04_POKRYCIE_PR"": 375}"
61,RO,Romania,Europe,DEXTROSE,"Dextroză - GymBeam, bez dodatków smakowych",GymBeam · 1000 g · monohydrate,8588006139983,,,,,https://gymbeam.ro/dextroza-1000-g-gymbeam.html,"Dextroză - GymBeam, bez dodatków smakowych",GymBeam,1000 g,8588006139983,"{""04_POKRYCIE_PR"": 376, ""20_DEKSTROZA_75"": 67}"
61,RO,Romania,Europe,TARA,SaporePuro Farina di Semi di Tara / Gomma di Tara E417,SaporePuro · 50 g,8055728540170,,From abroad,"Sold by SaporePuro, Italy",Mix with the dry ingredients and heat the base to 75–80 °C.,https://saporepuro.com/products/farina-di-semi-di-tara-gomma-di-tara-origine-peru-e417-confezionato-in-italia-1 https://www.emag.ro/guma-tara-pudra-700g-sosa-58050058/pd/DZ5CW2MBM/,SaporePuro Farina di Semi di Tara / Gomma di Tara E417,SaporePuro,50 g,8055728540170,"{""04_POKRYCIE_PR"": 377, ""23_TARA_75"": 67}"
62,SA,Saudi Arabia,Middle East & North Africa,MILK,Almarai Fresh Milk Full Fat 1 L,Almarai · 1 L · 3.2% fat,6281007040235,,,,,https://www.almarai.com/en/brands/almarai/liquid-dairy/fresh-milk/fresh-milk-full-fat https://mohideensupermarket.com/product/almarai-milk-full-fat-3-1-ltr/,Almarai Fresh Milk Full Fat 1 L,Almarai,1 L,6281007040235,"{""04_POKRYCIE_PR"": 132, ""11_MLEKO_75"": 27}"
62,SA,Saudi Arabia,Middle East & North Africa,CREAM,Paysan Breton La Crème Pâtisserie & Cuisine UHT 30%,Paysan Breton · 20 cl · 30% fat,3412290032215,,,,,https://casinetto.com/products/cooking-and-whipping-cream-30/ https://www.carrefourksa.com/mafsau/en/fresh-cream/pb-cooking-cream-uht-20cl/p/595748,Paysan Breton La Crème Pâtisserie & Cuisine UHT 30%,Paysan Breton,20 cl,3412290032215,"{""04_POKRYCIE_PR"": 133, ""14_SMIETANKA_75"": 27}"
62,SA,Saudi Arabia,Middle East & North Africa,SMP,Régilait 0% Fat Instant Skimmed Milk Powder,Régilait / Danube Saudi Arabia · 300 g · 0.8% fat,,,,,,https://danube.sa/en/products/regilait-0-fat-milk-powder-300-g https://regilait.com/en/products/powdered-milks/instant-skimmed-milk-powder-0-fat,Régilait 0% Fat Instant Skimmed Milk Powder,Régilait / Danube Saudi Arabia,300 g,,"{""04_POKRYCIE_PR"": 134, ""17_PROSZEK_75"": 27}"
62,SA,Saudi Arabia,Middle East & North Africa,SUCROSE,White granulated sugar — 100% sugar,Any brand · any pack,,,,,The ingredients should list only sugar (sucrose).,,Biały cukier krystaliczny — 100% cukier,GENERIC,dowolne opakowanie,,"{""04_POKRYCIE_PR"": 135}"
62,SA,Saudi Arabia,Middle East & North Africa,DEXTROSE,BulkSupplements.com Dextrose Crystallized Powder,BulkSupplements.com · 1 kg (2.2 lb) · monohydrate,,DEX1KG,From abroad,,,https://www.bulksupplements.com/products/dextrose-powder,BulkSupplements.com Dextrose Crystallized Powder,BulkSupplements.com,1 kg (2.2 lb) — label 005,,"{""04_POKRYCIE_PR"": 136, ""20_DEKSTROZA_75"": 27}"
62,SA,Saudi Arabia,Middle East & North Africa,TARA,SaporePuro Farina di semi di tara (E417) 50 g,SaporePuro · 50 g,8055728540170,,From abroad,"Sold by BakingWarehouse, Hong Kong",Mix with the dry ingredients and heat the base to 75–80 °C.,https://bakingwarehouse.com/products/tara-gum-50gr-saporepuro https://saporepuro.com/products/farina-di-semi-di-tara-gomma-di-tara-origine-peru-e417-confezionato-in-italia-1,SaporePuro Farina di semi di tara (E417) 50 g,SaporePuro,50 g,8055728540170,"{""04_POKRYCIE_PR"": 137, ""23_TARA_75"": 27}"
63,SG,Singapore,Asia–Pacific,MILK,FairPrice UHT Kids Full Cream Packet Milk — Fresh Milk,FairPrice · 200 ml carton; retail multipack 6 x 200 ml · 3.4% fat,8888030300749,,,,,https://www.fairprice.com.sg/product/fairprice-uht-kids-full-cream-packet-milk-fresh-milk-6-x-200ml-13165083,FairPrice UHT Kids Full Cream Packet Milk — Fresh Milk,FairPrice,200 ml carton; retail multipack 6 x 200 ml,8888030300749,"{""04_POKRYCIE_PR"": 378, ""11_MLEKO_75"": 68}"
63,SG,Singapore,Asia–Pacific,CREAM,Paysan Breton UHT Cooking & Whipping Cream 30%,Paysan Breton · 200 ml (20 cl) · 30% fat,3412290032215,,,,,https://www.benmart.com.sg/product/paysan-breton-whipping-cream-200ml/ https://redmart.lazada.sg/paysan-breton-164150/?m=redmart,Paysan Breton UHT Cooking & Whipping Cream 30%,Paysan Breton,200 ml (20 cl),3412290032215,"{""04_POKRYCIE_PR"": 379, ""14_SMIETANKA_75"": 68}"
63,SG,Singapore,Asia–Pacific,SMP,FairPrice Adult Milk Powder - Skim,FairPrice · 600 g · 0.8% fat,8888030307090,,,,,https://www.fairprice.com.sg/product/fairprice-instant-skim-milk-powder-600g-13097040,FairPrice Adult Milk Powder - Skim,FairPrice,600 g,8888030307090,"{""04_POKRYCIE_PR"": 380, ""17_PROSZEK_75"": 68}"
63,SG,Singapore,Asia–Pacific,SUCROSE,White granulated sugar — 100% sugar,Any brand · any pack,,,,,The ingredients should list only sugar (sucrose).,,Biały cukier krystaliczny — 100% cukier,GENERIC,dowolne opakowanie,,"{""04_POKRYCIE_PR"": 381}"
63,SG,Singapore,Asia–Pacific,DEXTROSE,BulkSupplements.com Dextrose Crystallized Powder,BulkSupplements.com · 1 kg (2.2 lb) · monohydrate,,DEX1KG,From abroad,,,https://www.bulksupplements.com/products/dextrose-powder,BulkSupplements.com Dextrose Crystallized Powder,BulkSupplements.com,1 kg (2.2 lb) — label 005,,"{""04_POKRYCIE_PR"": 382, ""20_DEKSTROZA_75"": 68}"
63,SG,Singapore,Asia–Pacific,TARA,SaporePuro Farina di semi di tara (E417) 50 g,SaporePuro · 50 g,8055728540170,,From abroad,"Sold by BakingWarehouse, Hong Kong",Mix with the dry ingredients and heat the base to 75–80 °C.,https://bakingwarehouse.com/products/tara-gum-50gr-saporepuro https://saporepuro.com/products/farina-di-semi-di-tara-gomma-di-tara-origine-peru-e417-confezionato-in-italia-1,SaporePuro Farina di semi di tara (E417) 50 g,SaporePuro,50 g,8055728540170,"{""04_POKRYCIE_PR"": 383, ""23_TARA_75"": 68}"
64,SK,Slovakia,Europe,MILK,"Rajo Mlieko plnotučné UHT 3,5% 1 l",Rajo · 1 L UHT carton with cap · 3.5% fat,8585002510037,,,,,https://potravinydomov.itesco.sk/shop/sk-SK/products/206593874 https://www.office4u.sk/mlieka-a-smotany/19321-trvanlive-mlieko-rajo-plnotucne-35-1--8585002510037.html,"Rajo Mlieko plnotučné UHT 3,5% 1 l",Rajo,1 l karton UHT z zamknięciem,8585002510037,"{""04_POKRYCIE_PR"": 384, ""11_MLEKO_75"": 69}"
64,SK,Slovakia,Europe,CREAM,Rajo Smotana na šľahanie UHT 30%,Rajo / MEGGLE Slovakia · 250 ml carton · 30% fat,8585002520036,,,,,https://lcsever.ijednota.sk/produkt/smotna-slah30-250ml,Rajo Smotana na šľahanie UHT 30%,Rajo / MEGGLE Slovakia,250 ml carton,8585002520036,"{""04_POKRYCIE_PR"": 385, ""14_SMIETANKA_75"": 69}"
64,SK,Slovakia,Europe,SMP,Sušené mlieko odtučnené,SABI · 400 g · 1% fat,,LIBEX 1041689,,,,https://www.milkagro.sk/sk/produkty/susene-vyrobky/susene-mlieko/susene-mlieko-odtucnene/product/80 https://www.liana.sk/tovar-5111-mlieko-susene-odtucnene-sabi-400g,Sušené mlieko odtučnené,SABI,400 g,,"{""04_POKRYCIE_PR"": 386, ""17_PROSZEK_75"": 69}"
64,SK,Slovakia,Europe,SUCROSE,White granulated sugar — 100% sugar,Any brand · any pack,,,,,The ingredients should list only sugar (sucrose).,,Biały cukier krystaliczny — 100% cukier,GENERIC,dowolne opakowanie,,"{""04_POKRYCIE_PR"": 387}"
64,SK,Slovakia,Europe,DEXTROSE,"Dextróza - GymBeam, bez dodatków smakowych",GymBeam · 1000 g · monohydrate,8588006139983,,,,,https://gymbeam.sk/dextroza-gymbeam.html,"Dextróza - GymBeam, bez dodatków smakowych",GymBeam,1000 g,8588006139983,"{""04_POKRYCIE_PR"": 388, ""20_DEKSTROZA_75"": 69}"
64,SK,Slovakia,Europe,TARA,SaporePuro Farina di semi di tara (E417) 50 g,SaporePuro · 50 g,8055728540170,,From abroad,"Sold by SaporePuro, Italy",Mix with the dry ingredients and heat the base to 75–80 °C.,https://saporepuro.com/products/farina-di-semi-di-tara-gomma-di-tara-origine-peru-e417-confezionato-in-italia-1,SaporePuro Farina di semi di tara (E417) 50 g,SaporePuro,50 g,8055728540170,"{""04_POKRYCIE_PR"": 389, ""23_TARA_75"": 69}"
65,SI,Slovenia,Europe,MILK,"Alpsko mleko polnomastno 3,5% 1 L",Alpsko mleko · 1 L · 3.5% fat,3838800040578,,,,,https://www.tuscc.si/katalog/izdelek/alpsko-mleko-polnomastno-1l-619828 https://www.l-m.si/en/produkti/alpsko-mleko-with-35-milk-fat/,"Alpsko mleko polnomastno 3,5% 1 L",Alpsko mleko,1 L,3838800040578,"{""04_POKRYCIE_PR"": 390, ""11_MLEKO_75"": 70}"
65,SI,Slovenia,Europe,CREAM,Mu Cuisine Alpska smetana za stepanje 33%,Mu Cuisine · 500 ml carton · 33% fat,3838800033754,,,,,https://mercatoronline.si/izdelek/5068345/alpska-smetana-za-stepanje-33-m-m-mu-cuisine-500-ml https://incomepro.si/product/smetana-alpska-mu-05l/,Mu Cuisine Alpska smetana za stepanje 33%,Mu Cuisine,500 ml carton,3838800033754,"{""04_POKRYCIE_PR"": 391, ""14_SMIETANKA_75"": 70}"
65,SI,Slovenia,Europe,SMP,Posneto mleko v prahu,Pomurske mlekarne · 400 g · 0.4% fat,3831040010028,,,,,https://www.pomurske-mlekarne.si/posneto-mleko-v-prahu/ https://www.tuscc.si/katalog/izdelek/mleko-v-prahu-pomurske-mlekarne-posneto-400-g-563640,Posneto mleko v prahu,Pomurske mlekarne,400 g,3831040010028,"{""04_POKRYCIE_PR"": 392, ""17_PROSZEK_75"": 70}"
65,SI,Slovenia,Europe,SUCROSE,White granulated sugar — 100% sugar,Any brand · any pack,,,,,The ingredients should list only sugar (sucrose).,,Biały cukier krystaliczny — 100% cukier,GENERIC,dowolne opakowanie,,"{""04_POKRYCIE_PR"": 393}"
65,SI,Slovenia,Europe,DEXTROSE,"Dekstroza - GymBeam, bez dodatków smakowych",GymBeam · 1000 g · monohydrate,8588006139983,,,,,https://gymbeam.si/dekstroza-gymbeam.html,"Dekstroza - GymBeam, bez dodatków smakowych",GymBeam,1000 g,8588006139983,"{""04_POKRYCIE_PR"": 394, ""20_DEKSTROZA_75"": 70}"
65,SI,Slovenia,Europe,TARA,SaporePuro Farina di Semi di Tara / Gomma di Tara E417,SaporePuro · 50 g,8055728540170,,From abroad,"Sold by SaporePuro, Italy",Mix with the dry ingredients and heat the base to 75–80 °C.,https://saporepuro.com/products/farina-di-semi-di-tara-gomma-di-tara-origine-peru-e417-confezionato-in-italia-1 https://gourmetshop.si/zivila/teksture/gelifikanti/tara-gumi-sosa,SaporePuro Farina di Semi di Tara / Gomma di Tara E417,SaporePuro,50 g,8055728540170,"{""04_POKRYCIE_PR"": 395, ""23_TARA_75"": 70}"
66,ZA,South Africa,Sub-Saharan Africa,MILK,Ultra Pasteurised Full Cream Milk 2L,Clover · 2 L · 3.5% fat,6001299016158,,,,,https://www.clover.co.za/product/dairy/milk/ultra-pasteurised-full-cream-milk-2l/ https://www.checkers.co.za/product/clover-fresh-full-cream-milk-2l-10413121EA,Ultra Pasteurised Full Cream Milk 2L,Clover,2 L,6001299016158,"{""04_POKRYCIE_PR"": 366, ""11_MLEKO_75"": 66}"
66,ZA,South Africa,Sub-Saharan Africa,CREAM,Clover Fresh Cream Ultra Pasteurised,Clover · 250 ml · 31.2% fat,6001299012082,,,,,https://www.clover.co.za/product/dairy/cream/clover-cream-250ml/ https://www.evergreenspta.co.za/cream/7455-clover-fresh-cream-250ml.html,Clover Fresh Cream Ultra Pasteurised,Clover,250 ml,6001299012082,"{""04_POKRYCIE_PR"": 367, ""14_SMIETANKA_75"": 66}"
66,ZA,South Africa,Sub-Saharan Africa,SMP,Clover Skimmed Milk Powder,Clover · 25 kg sack · 1% fat,,,,,,https://www.clover.co.za/business/clover-skimmed-milk-powder/,Clover Skimmed Milk Powder,Clover,worek 25 kg,,"{""04_POKRYCIE_PR"": 368, ""17_PROSZEK_75"": 66}"
66,ZA,South Africa,Sub-Saharan Africa,SUCROSE,White granulated sugar — 100% sugar,Any brand · any pack,,,,,The ingredients should list only sugar (sucrose).,,Biały cukier krystaliczny — 100% cukier,GENERIC,dowolne opakowanie,,"{""04_POKRYCIE_PR"": 369}"
66,ZA,South Africa,Sub-Saharan Africa,DEXTROSE,BulkSupplements.com Dextrose Crystallized Powder,BulkSupplements.com · 1 kg (2.2 lb) · monohydrate,,DEX1KG,From abroad,,,https://www.bulksupplements.com/products/dextrose-powder,BulkSupplements.com Dextrose Crystallized Powder,BulkSupplements.com,1 kg (2.2 lb) — label 005,,"{""04_POKRYCIE_PR"": 370, ""20_DEKSTROZA_75"": 66}"
66,ZA,South Africa,Sub-Saharan Africa,TARA,SaporePuro Farina di semi di tara (E417) 50 g,SaporePuro · 50 g,8055728540170,,From abroad,"Sold by SaporePuro, Italy",Mix with the dry ingredients and heat the base to 75–80 °C.,https://saporepuro.com/products/farina-di-semi-di-tara-gomma-di-tara-origine-peru-e417-confezionato-in-italia-1 https://bakingwarehouse.com/products/tara-gum-50gr-saporepuro,SaporePuro Farina di semi di tara (E417) 50 g,SaporePuro,50 g,8055728540170,"{""04_POKRYCIE_PR"": 371, ""23_TARA_75"": 66}"
67,KR,South Korea,Asia–Pacific,MILK,"Maeil Milk Original 3,6% 900 ml",Maeil · 900 ml · 3.6% fat,8801121772874,,,,,https://www.maeil.com/,"Maeil Milk Original 3,6% 900 ml",Maeil,900 ml,8801121772874,"{""04_POKRYCIE_PR"": 282, ""11_MLEKO_75"": 52}"
67,KR,South Korea,Asia–Pacific,CREAM,Paysan Breton UHT Cooking & Whipping Cream 30%,Paysan Breton · 200 ml (20 cl) · 30% fat,3412290032215,,,,,https://winenfood.co.kr/product/?bmode=view&idx=102391422 https://casinetto.com/products/cooking-and-whipping-cream-30/,Paysan Breton UHT Cooking & Whipping Cream 30%,Paysan Breton,200 ml (20 cl),3412290032215,"{""04_POKRYCIE_PR"": 283, ""14_SMIETANKA_75"": 52}"
67,KR,South Korea,Asia–Pacific,SMP,서울우유 탈지분유 (Seoul Skim Milk Powder),Seoul Milk / 서울우유 · 1 kg · 0.5% fat,8801115421078,,,,,https://m.seoulmilk.co.kr/mobile/product/product_view.sm?gubun=&nmNo=10000000000506&page=1&subname=P11 https://lottemartzetta.com/products/OS8801115421078/details,서울우유 탈지분유 (Seoul Skim Milk Powder),Seoul Milk / 서울우유,1 kg,8801115421078,"{""04_POKRYCIE_PR"": 284, ""17_PROSZEK_75"": 52}"
67,KR,South Korea,Asia–Pacific,SUCROSE,White granulated sugar — 100% sugar,Any brand · any pack,,,,,The ingredients should list only sugar (sucrose).,,Biały cukier krystaliczny — 100% cukier,GENERIC,dowolne opakowanie,,"{""04_POKRYCIE_PR"": 285}"
67,KR,South Korea,Asia–Pacific,DEXTROSE,BulkSupplements.com Dextrose Crystallized Powder,BulkSupplements.com · 1 kg (2.2 lb) · monohydrate,,DEX1KG,From abroad,,,https://www.bulksupplements.com/products/dextrose-powder,BulkSupplements.com Dextrose Crystallized Powder,BulkSupplements.com,1 kg (2.2 lb) — label 005,,"{""04_POKRYCIE_PR"": 286, ""20_DEKSTROZA_75"": 52}"
67,KR,South Korea,Asia–Pacific,TARA,Tara Gum 50gr. / Gomma di Tara E417,SaporePuro · 50 g,8055728540170,,From abroad,"Sold by BakingWarehouse, Hong Kong",Mix with the dry ingredients and heat the base to 75–80 °C.,https://bakingwarehouse.com/products/tara-gum-50gr-saporepuro https://saporepuro.com/products/farina-di-semi-di-tara-gomma-di-tara-origine-peru-e417-confezionato-in-italia-1,Tara Gum 50gr. / Gomma di Tara E417,SaporePuro,50 g,8055728540170,"{""04_POKRYCIE_PR"": 287, ""23_TARA_75"": 52}"
68,ES,Spain,Europe,MILK,"Pascual Clásica Leche Entera UHT, 6 x1 L","Pascual · 6 × 1 L (the barcode is on the 6-pack, not the single carton) · 3.6% fat",8410128010102,,,,,https://soria.e-leclerc.es/detalle/-/Producto/leche-entera-6x1l/8410128010102 https://clientes.pascualprofesional.com/calidadpascual/es/L%C3%A1cteos-y-Bebidas-Vegetales/Leche-y-Bebidas-L%C3%A1cteas/Leche-Cl%C3%A1sica//p/30012361-8410128010102,"Pascual Clásica Leche Entera UHT, 6 x1 L",Pascual,6 x1 L (GTIN for retail multipack; not singlecarton),8410128010102,"{""04_POKRYCIE_PR"": 42, ""11_MLEKO_75"": 12}"
68,ES,Spain,Europe,CREAM,Reny Picot Nata líquida especial para montar 30% 200 ml,Reny Picot · 200 ml · 30% fat,8410379941019,,,,,https://www.elcorteingles.es/supermercado/B001020616300164-reny-picot-nata-liquida-especial-para-montar-brik-200-ml/ https://distribucionesplata.com/tienda/alimentacion-y-bebidas/21850-nata-reny-picot-liqmont-mg30-bk200m-8410379941019.html,Reny Picot Nata líquida especial para montar 30% 200 ml,Reny Picot,200 ml,8410379941019,"{""04_POKRYCIE_PR"": 43, ""14_SMIETANKA_75"": 12}"
68,ES,Spain,Europe,SMP,Leche desnatada en polvo rica en calcio,Nestlé Sveltesse · 400 g tin · 0.9% fat,8410100002330,,,,,https://www.elcorteingles.es/supermercado/B001020615800032-nestle-sveltesse-leche-desnatada-en-polvo-rica-en-calcio-bote-400-g/ https://www.online.bmsupermercados.es/es/p/leche-en-polvo-400-g/6029,Leche desnatada en polvo rica en calcio,Nestlé Sveltesse,puszka 400 g,8410100002330,"{""04_POKRYCIE_PR"": 44, ""17_PROSZEK_75"": 12}"
68,ES,Spain,Europe,SUCROSE,White granulated sugar — 100% sugar,Any brand · any pack,,,,,The ingredients should list only sugar (sucrose).,,Biały cukier krystaliczny — 100% cukier,GENERIC,dowolne opakowanie,,"{""04_POKRYCIE_PR"": 45}"
68,ES,Spain,Europe,DEXTROSE,buXtrade Dextrose (Traubenzucker) 25 kg,buXtrade · 25 kg · monohydrate,4260486775762,,From abroad,,,https://buxtrade.de/products/dextrose-traubenzucker https://www.shop-apotheke.com/ernaehrung/upm47YLPU/buxtrade-dextrose-pulver.htm,buXtrade Dextrose (Traubenzucker) 25 kg,buXtrade,25 kg,4260486775762,"{""04_POKRYCIE_PR"": 46, ""20_DEKSTROZA_75"": 12}"
68,ES,Spain,Europe,TARA,SaporePuro Farina di Semi di Tara / Gomma di Tara E417,SaporePuro · 50 g,8055728540170,,From abroad,"Sold by SaporePuro, Italy",Mix with the dry ingredients and heat the base to 75–80 °C.,https://saporepuro.com/products/farina-di-semi-di-tara-gomma-di-tara-origine-peru-e417-confezionato-in-italia-1 https://ferreralimentacion.com/pt-pt/producto/goma-tara/,SaporePuro Farina di Semi di Tara / Gomma di Tara E417,SaporePuro,50 g,8055728540170,"{""04_POKRYCIE_PR"": 47, ""23_TARA_75"": 12}"
69,LK,Sri Lanka,Asia–Pacific,MILK,Ambewela Fresh Milk Full Cream UHT Treated 1000 ml,Ambewela · 1000 ml carton with cap · 3.5% fat,4792116211000,,,,,https://mart.mrdeal.lk/product/ambewela-fresh-milk-full-cream-1l/4792116211000 https://lmfgroup.lk/ambewela-milk/,Ambewela Fresh Milk Full Cream UHT Treated 1000 ml,Ambewela,1000 ml carton with cap,4792116211000,"{""04_POKRYCIE_PR"": 402, ""11_MLEKO_75"": 72}"
69,LK,Sri Lanka,Asia–Pacific,CREAM,Puck Whipping Cream UHT 34% minimum fat,Puck · 200 ml Tetra Pak · 35.2% fat,5700426230177,,,,,https://colombomall.lk/product/puck-whipping-cream-200ml-from-dubai-sam https://www.daraz.lk/products/puck-whipping-cream-200ml-from-dubai-sam-i267894886.html,Puck Whipping Cream UHT 34% minimum fat,Puck,200 ml Tetra Pak,5700426230177,"{""04_POKRYCIE_PR"": 403, ""14_SMIETANKA_75"": 72}"
69,LK,Sri Lanka,Asia–Pacific,SMP,Real Food Organic Non-Fat Dry Milk Powder,NOW Foods · 12 oz (340 g) · 0% fat,733739058324,,From abroad,,,https://www.nowfoods.com/products/natural-foods/non-fat-dry-milk-powder-organic https://lk.iherb.com/pr/now-foods-real-food-organic-non-fat-dry-milk-powder-12-oz-340-g/21134,Real Food Organic Non-Fat Dry Milk Powder,NOW Foods,12 oz (340 g),733739058324,"{""04_POKRYCIE_PR"": 404, ""17_PROSZEK_75"": 72}"
69,LK,Sri Lanka,Asia–Pacific,SUCROSE,White granulated sugar — 100% sugar,Any brand · any pack,,,,,The ingredients should list only sugar (sucrose).,,Biały cukier krystaliczny — 100% cukier,GENERIC,dowolne opakowanie,,"{""04_POKRYCIE_PR"": 405}"
69,LK,Sri Lanka,Asia–Pacific,DEXTROSE,BulkSupplements.com Dextrose Crystallized Powder,BulkSupplements.com · 1 kg (2.2 lb) · monohydrate,,DEX1KG,From abroad,,,https://www.bulksupplements.com/products/dextrose-powder,BulkSupplements.com Dextrose Crystallized Powder,BulkSupplements.com,1 kg (2.2 lb) — label 005,,"{""04_POKRYCIE_PR"": 406, ""20_DEKSTROZA_75"": 72}"
69,LK,Sri Lanka,Asia–Pacific,TARA,SaporePuro Farina di semi di tara (E417) 50 g,SaporePuro · 50 g,8055728540170,,From abroad,"Sold by SaporePuro, Italy",Mix with the dry ingredients and heat the base to 75–80 °C.,https://saporepuro.com/products/farina-di-semi-di-tara-gomma-di-tara-origine-peru-e417-confezionato-in-italia-1 https://bakingwarehouse.com/products/tara-gum-50gr-saporepuro,SaporePuro Farina di semi di tara (E417) 50 g,SaporePuro,50 g,8055728540170,"{""04_POKRYCIE_PR"": 407, ""23_TARA_75"": 72}"
70,SE,Sweden,Europe,MILK,"Arla Sødmælk / Mjölk 3,5% UHT 1 L",Arla · 1 L carton with screw cap · 3.5% fat,5709310050303,,,,,https://www.chefsculinar.se/sv-se/mat-and-dryck/mejeri-and-gg/mj-lk/mj-lk-3-5-uht-1l-34231043,"Arla Sødmælk / Mjölk 3,5% UHT 1 L",Arla,1 L carton with screw cap,5709310050303,"{""04_POKRYCIE_PR"": 108, ""11_MLEKO_75"": 23}"
70,SE,Sweden,Europe,CREAM,DairyFood Grädde Lång Hållbarhet 30% 2.5 dl,DairyFood · 250 ml · 30% fat,7311043021192,,,,,https://www.delitea.se/dairy-food-gradde-lang-hallbarhet-30-25dl,DairyFood Grädde Lång Hållbarhet 30% 2.5 dl,DairyFood,250 ml,7311043021192,"{""04_POKRYCIE_PR"": 109, ""14_SMIETANKA_75"": 23}"
70,SE,Sweden,Europe,SMP,"Semper Mjölkpulver till bak, mat och dryck 480 g",Semper · 480 g · 1% fat,7310100318985,,,,,https://www.mathem.se/se/products/10879-semper-mjolkpulver-fettfri/ https://www.martinservera.se/produkter/633057/torrmjolk-fettfri-480g,"Semper Mjölkpulver till bak, mat och dryck 480 g",Semper,480 g,7310100318985,"{""04_POKRYCIE_PR"": 110, ""17_PROSZEK_75"": 23}"
70,SE,Sweden,Europe,SUCROSE,White granulated sugar — 100% sugar,Any brand · any pack,,,,,The ingredients should list only sugar (sucrose).,,Biały cukier krystaliczny — 100% cukier,GENERIC,dowolne opakowanie,,"{""04_POKRYCIE_PR"": 111}"
70,SE,Sweden,Europe,DEXTROSE,buXtrade Dextrose (Traubenzucker) 25 kg,buXtrade · 25 kg · monohydrate,4260486775762,,From abroad,,,https://buxtrade.de/products/dextrose-traubenzucker https://www.shop-apotheke.com/ernaehrung/upm47YLPU/buxtrade-dextrose-pulver.htm,buXtrade Dextrose (Traubenzucker) 25 kg,buXtrade,25 kg,4260486775762,"{""04_POKRYCIE_PR"": 112, ""20_DEKSTROZA_75"": 23}"
70,SE,Sweden,Europe,TARA,SaporePuro Farina di Semi di Tara / Gomma di Tara E417,SaporePuro · 50 g,8055728540170,,From abroad,"Sold by SaporePuro, Italy",Mix with the dry ingredients and heat the base to 75–80 °C.,https://saporepuro.com/products/farina-di-semi-di-tara-gomma-di-tara-origine-peru-e417-confezionato-in-italia-1,SaporePuro Farina di Semi di Tara / Gomma di Tara E417,SaporePuro,50 g,8055728540170,"{""04_POKRYCIE_PR"": 113, ""23_TARA_75"": 23}"
71,CH,Switzerland,Europe,MILK,Prima Vollmilch UHT 3.5% 1L Tetra Base,Prima · 1 L Tetra Base carton (sold in shrink packs of 12 × 1 L) · 3.6% fat,7610900041589,,,,,https://www.emmi-food-service.ch/che/de/genusswelten/milch-nachhaltigkeit/produktdetailseiten/prima-vollmilch https://ofrex.ch/products/1647201013,Prima Vollmilch UHT 3.5% 1L Tetra Base,Prima,1 L Tetra Base; jednostka konsumencka w zgrzewce 12 x 1 L,7610900041589,"{""04_POKRYCIE_PR"": 102, ""11_MLEKO_75"": 22}"
71,CH,Switzerland,Europe,CREAM,Valflora Vollrahm UHT 35% 250 ml,Valflora · 250 ml · 35% fat,7613269880585,,,,,https://migipedia.migros.ch/de/valflora-vollrahm-35-milchfett-uht-204111300000?community=details https://www.migros.ch/en/product/204111300000,Valflora Vollrahm UHT 35% 250 ml,Valflora,250 ml,7613269880585,"{""04_POKRYCIE_PR"": 103, ""14_SMIETANKA_75"": 22}"
71,CH,Switzerland,Europe,SMP,Coop Magermilchpulver 350 g,Coop · 350 g · 0.8% fat,,3080756,,,,https://www.coop.ch/de/lebensmittel/milchprodukte-eier/milch/spezialmilch/magermilchpulver/p/3080756,Coop Magermilchpulver 350 g,Coop,350 g,,"{""04_POKRYCIE_PR"": 104, ""17_PROSZEK_75"": 22}"
71,CH,Switzerland,Europe,SUCROSE,White granulated sugar — 100% sugar,Any brand · any pack,,,,,The ingredients should list only sugar (sucrose).,,Biały cukier krystaliczny — 100% cukier,GENERIC,dowolne opakowanie,,"{""04_POKRYCIE_PR"": 105}"
71,CH,Switzerland,Europe,DEXTROSE,Dextrose Pulver Neutral 1000 g,Lee-Sport® · 1000 g · monohydrate,7640153565938,,,,,https://whey-protein.ch/products/dextrose-pulver,Dextrose Pulver Neutral 1000 g,Lee-Sport®,1000 g,7640153565938,"{""04_POKRYCIE_PR"": 106, ""20_DEKSTROZA_75"": 22}"
71,CH,Switzerland,Europe,TARA,SaporePuro Farina di Semi di Tara / Gomma di Tara E417,SaporePuro · 50 g,8055728540170,,From abroad,"Sold by SaporePuro, Italy",Mix with the dry ingredients and heat the base to 75–80 °C.,https://saporepuro.com/products/farina-di-semi-di-tara-gomma-di-tara-origine-peru-e417-confezionato-in-italia-1,SaporePuro Farina di Semi di Tara / Gomma di Tara E417,SaporePuro,50 g,8055728540170,"{""04_POKRYCIE_PR"": 107, ""23_TARA_75"": 22}"
72,TW,Taiwan,Asia–Pacific,MILK,Hokkaido Hidaka 3.6 Long Life Milk 200 ml,Hokkaido Hidaka · 200 ml carton; retailer case 24 cartons · 4.2% fat,4955447100416,,,,,https://www.hug.com.tw/product/detail/drx8eizjgp5c https://shop.use.com.tw/products/%E5%8C%97%E6%B5%B7%E9%81%93%E6%97%A5%E9%AB%9836%E7%89%9B%E4%B9%B3,Hokkaido Hidaka 3.6 Long Life Milk 200 ml,Hokkaido Hidaka,200 ml carton; retailer case 24 cartons,4955447100416,"{""04_POKRYCIE_PR"": 414, ""11_MLEKO_75"": 74}"
72,TW,Taiwan,Asia–Pacific,CREAM,Oldenburger Whipping Cream 35% fat UHT (Shani),Oldenburger · 200 g (PX Mart lists 200 ml) · 35% fat,4036300003249,,,,,https://shop.pxgo.com.tw/hourArrive/goods/246464-33050016-4036300003249 https://oldenburger-dairy.com/oldenburger-whipping-cream-35-fat-uht-200g/12197,Oldenburger Whipping Cream 35% fat UHT (Shani),Oldenburger,200 g (PX Mart lists 200 ml),4036300003249,"{""04_POKRYCIE_PR"": 415, ""14_SMIETANKA_75"": 74}"
72,TW,Taiwan,Asia–Pacific,SMP,克寧100%純脫脂奶粉 (KLIM 100% Pure Skimmed Milk Powder),KLIM / 克寧 · 750 g · 1.1% fat,4711257007419,,,,,https://klim.nestle.com.tw/fullcream/products-fullcream https://shop.pxgo.com.tw/hourArrive/goods/723125-29020192-4711257007419,克寧100%純脫脂奶粉 (KLIM 100% Pure Skimmed Milk Powder),KLIM / 克寧,750 g,4711257007419,"{""04_POKRYCIE_PR"": 416, ""17_PROSZEK_75"": 74}"
72,TW,Taiwan,Asia–Pacific,SUCROSE,White granulated sugar — 100% sugar,Any brand · any pack,,,,,The ingredients should list only sugar (sucrose).,,Biały cukier krystaliczny — 100% cukier,GENERIC,dowolne opakowanie,,"{""04_POKRYCIE_PR"": 417}"
72,TW,Taiwan,Asia–Pacific,DEXTROSE,BulkSupplements.com Dextrose Crystallized Powder,BulkSupplements.com · 1 kg (2.2 lb) · monohydrate,,DEX1KG,From abroad,,,https://www.bulksupplements.com/products/dextrose-powder,BulkSupplements.com Dextrose Crystallized Powder,BulkSupplements.com,1 kg (2.2 lb) — label 005,,"{""04_POKRYCIE_PR"": 418, ""20_DEKSTROZA_75"": 74}"
72,TW,Taiwan,Asia–Pacific,TARA,Tara Gum 50gr. / Gomma di Tara E417,SaporePuro · 50 g,8055728540170,,From abroad,"Sold by BakingWarehouse, Hong Kong",Mix with the dry ingredients and heat the base to 75–80 °C.,https://bakingwarehouse.com/products/tara-gum-50gr-saporepuro https://saporepuro.com/products/farina-di-semi-di-tara-gomma-di-tara-origine-peru-e417-confezionato-in-italia-1,Tara Gum 50gr. / Gomma di Tara E417,SaporePuro,50 g,8055728540170,"{""04_POKRYCIE_PR"": 419, ""23_TARA_75"": 74}"
73,TH,Thailand,Asia–Pacific,MILK,Meiji Pasteurized Fresh Milk,Meiji · 200 ml bottle · 4% fat,8850329120116,,,,,https://www.tops.co.th/th/meiji-pasteurized-milk-plain-200cc-8850329120116 https://www.cpmeiji.com/en/product/view/Meiji-Pasteurized-Fresh-Milk-200ml,Meiji Pasteurized Fresh Milk,Meiji,200 ml bottle,8850329120116,"{""04_POKRYCIE_PR"": 408, ""11_MLEKO_75"": 73}"
73,TH,Thailand,Asia–Pacific,CREAM,Paysan Breton UHT Cooking & Whipping Cream 30%,Paysan Breton · 200 ml (20 cl) · 30% fat,3412290032215,,,,,https://www.tops.co.th/en/paysan-breton-uht-whipping-and-cooking-cream-fat-30percent-200ml-3412290032215 https://casinetto.com/products/cooking-and-whipping-cream-30/,Paysan Breton UHT Cooking & Whipping Cream 30%,Paysan Breton,200 ml (20 cl),3412290032215,"{""04_POKRYCIE_PR"": 409, ""14_SMIETANKA_75"": 73}"
73,TH,Thailand,Asia–Pacific,SMP,NOW Foods Real Food Organic Non-Fat Dry Milk Powder,NOW Foods / Real Food · 340 g (12 oz) · 0% fat,0733739058324,,From abroad,,,https://www.nowfoods.com/products/natural-foods/non-fat-dry-milk-powder-organic https://th.iherb.com/pr/now-foods-real-food-organic-non-fat-dry-milk-powder-12-oz-340-g/21134,NOW Foods Real Food Organic Non-Fat Dry Milk Powder,NOW Foods / Real Food,340 g (12 oz),0733739058324,"{""04_POKRYCIE_PR"": 410, ""17_PROSZEK_75"": 73}"
73,TH,Thailand,Asia–Pacific,SUCROSE,White granulated sugar — 100% sugar,Any brand · any pack,,,,,The ingredients should list only sugar (sucrose).,,Biały cukier krystaliczny — 100% cukier,GENERIC,dowolne opakowanie,,"{""04_POKRYCIE_PR"": 411}"
73,TH,Thailand,Asia–Pacific,DEXTROSE,BulkSupplements.com Dextrose Crystallized Powder,BulkSupplements.com · 1 kg (2.2 lb) · monohydrate,,DEX1KG,From abroad,,,https://www.bulksupplements.com/products/dextrose-powder,BulkSupplements.com Dextrose Crystallized Powder,BulkSupplements.com,1 kg (2.2 lb) — label 005,,"{""04_POKRYCIE_PR"": 412, ""20_DEKSTROZA_75"": 73}"
73,TH,Thailand,Asia–Pacific,TARA,SaporePuro Farina di semi di tara (E417) 50 g,SaporePuro · 50 g,8055728540170,,From abroad,"Sold by BakingWarehouse, Hong Kong",Mix with the dry ingredients and heat the base to 75–80 °C.,https://bakingwarehouse.com/products/tara-gum-50gr-saporepuro https://saporepuro.com/products/farina-di-semi-di-tara-gomma-di-tara-origine-peru-e417-confezionato-in-italia-1,SaporePuro Farina di semi di tara (E417) 50 g,SaporePuro,50 g,8055728540170,"{""04_POKRYCIE_PR"": 413, ""23_TARA_75"": 73}"
74,TN,Tunisia,Middle East & North Africa,MILK,Granarolo Bio Latte Biologico Intero 1 L,"Granarolo Bio · 1 L Tetra Rex carton; ESL milk, keep chilled at 0–6 °C · 3.7% fat",8002670165395,,,,,https://italiaintunisia.com/fr/612-granarolo-biologico-latte-bio-intero-1-lt.html https://www.tiportolaspesa.it/negozio/freschissimi/latticini/latte-e-panna-fresca/latte-fresco-intero-granarolo-bio-lt-1-2/,Granarolo Bio Latte Biologico Intero 1 L,Granarolo Bio,"1 L, karton Tetra Rex; mleko ESL pasteryzowane w podwyższonej temperaturze, chłodzone 0–6°C",8002670165395,"{""04_POKRYCIE_PR"": 420, ""11_MLEKO_75"": 75}"
74,TN,Tunisia,Middle East & North Africa,CREAM,Paysan Breton La Crème Pâtisserie & Cuisine UHT 30%,Paysan Breton · 20 cl · 30% fat,3412290032215,,,,,https://www.carrefour.tn/creme-fraiche-la-dosette-3412290032215.html https://casinetto.com/products/cooking-and-whipping-cream-30/,Paysan Breton La Crème Pâtisserie & Cuisine UHT 30%,Paysan Breton,20 cl,3412290032215,"{""04_POKRYCIE_PR"": 421, ""14_SMIETANKA_75"": 75}"
74,TN,Tunisia,Middle East & North Africa,SMP,NOW Real Food Organic Non-Fat Dry Milk Powder,NOW Foods Real Food · 12 oz (340 g) bag · 0% fat,733739058324,,From abroad,,,https://tn.iherb.com/pr/now-foods-real-food-organic-non-fat-dry-milk-powder-12-oz-340-g/21134 https://www.nowfoods.com/products/natural-foods/non-fat-dry-milk-powder-organic,NOW Real Food Organic Non-Fat Dry Milk Powder,NOW Foods Real Food,torebka 12 oz (340 g),733739058324,"{""04_POKRYCIE_PR"": 422, ""17_PROSZEK_75"": 75}"
74,TN,Tunisia,Middle East & North Africa,SUCROSE,White granulated sugar — 100% sugar,Any brand · any pack,,,,,The ingredients should list only sugar (sucrose).,,Biały cukier krystaliczny — 100% cukier,GENERIC,dowolne opakowanie,,"{""04_POKRYCIE_PR"": 423}"
74,TN,Tunisia,Middle East & North Africa,DEXTROSE,BulkSupplements.com Dextrose Crystallized Powder,BulkSupplements.com · 1 kg (2.2 lb) · monohydrate,,DEX1KG,From abroad,,,https://www.bulksupplements.com/products/dextrose-powder,BulkSupplements.com Dextrose Crystallized Powder,BulkSupplements.com,1 kg (2.2 lb) — label 005,,"{""04_POKRYCIE_PR"": 424, ""20_DEKSTROZA_75"": 75}"
74,TN,Tunisia,Middle East & North Africa,TARA,SaporePuro Farina di semi di tara (E417) 50 g,SaporePuro · 50 g,8055728540170,,From abroad,"Sold by SaporePuro, Italy",Mix with the dry ingredients and heat the base to 75–80 °C.,https://saporepuro.com/products/farina-di-semi-di-tara-gomma-di-tara-origine-peru-e417-confezionato-in-italia-1 https://bakingwarehouse.com/products/tara-gum-50gr-saporepuro,SaporePuro Farina di semi di tara (E417) 50 g,SaporePuro,50 g,8055728540170,"{""04_POKRYCIE_PR"": 425, ""23_TARA_75"": 75}"
75,TR,Türkiye,Europe,MILK,"Sütaş Whole Milk UHT 3,5% 1 L",Sütaş · 1 L · 3.5% fat,8681324005449,,,,,https://www.sutas.com/sutas-1000-ml-full-fat-milk https://www.asyasanalmarket.com/sutas-sut-1-lt-tam-yagli-uzun-omurlu-sut-25224,"Sütaş Whole Milk UHT 3,5% 1 L",Sütaş,1 L,8681324005449,"{""04_POKRYCIE_PR"": 426, ""11_MLEKO_75"": 76}"
75,TR,Türkiye,Europe,CREAM,Sütaş Krema 30% Tatlılara ve Yemeklere 200 ml,Sütaş · 200 ml · 30% fat,8690767670060,,,,,https://www.sutas.com.tr/sutas-krema-200-ml https://www.sariyermarket.com/sutas-krema-200-gr,Sütaş Krema 30% Tatlılara ve Yemeklere 200 ml,Sütaş,200 ml,8690767670060,"{""04_POKRYCIE_PR"": 427, ""14_SMIETANKA_75"": 76}"
75,TR,Türkiye,Europe,SMP,ENKA Yağsız Süt Tozu Çabuk Eriyen — 2 × 500 g,ENKA · 2 × 500 g · 1% fat,,Z065,,,,https://www.enkagurme.com/urun-yagsiz-sut-tozu-cabuk-eriyen-2-li-500-g-210 https://www.enkasut.com/yagsiz-sut-tozu/,ENKA Yağsız Süt Tozu Çabuk Eriyen — 2 × 500 g,ENKA,2 × 500 g,,"{""04_POKRYCIE_PR"": 428, ""17_PROSZEK_75"": 76}"
75,TR,Türkiye,Europe,SUCROSE,White granulated sugar — 100% sugar,Any brand · any pack,,,,,The ingredients should list only sugar (sucrose).,,Biały cukier krystaliczny — 100% cukier,GENERIC,dowolne opakowanie,,"{""04_POKRYCIE_PR"": 429}"
75,TR,Türkiye,Europe,DEXTROSE,BulkSupplements.com Dextrose Crystallized Powder,BulkSupplements.com · 1 kg (2.2 lb) · monohydrate,,DEX1KG,From abroad,,,https://www.bulksupplements.com/products/dextrose-powder,BulkSupplements.com Dextrose Crystallized Powder,BulkSupplements.com,1 kg (2.2 lb) — label 005,,"{""04_POKRYCIE_PR"": 430, ""20_DEKSTROZA_75"": 76}"
75,TR,Türkiye,Europe,TARA,SaporePuro Farina di semi di tara (E417) 50 g,SaporePuro · 50 g,8055728540170,,From abroad,"Sold by SaporePuro, Italy",Mix with the dry ingredients and heat the base to 75–80 °C.,https://saporepuro.com/products/farina-di-semi-di-tara-gomma-di-tara-origine-peru-e417-confezionato-in-italia-1 https://bakingwarehouse.com/products/tara-gum-50gr-saporepuro,SaporePuro Farina di semi di tara (E417) 50 g,SaporePuro,50 g,8055728540170,"{""04_POKRYCIE_PR"": 431, ""23_TARA_75"": 76}"
76,AE,United Arab Emirates,Middle East & North Africa,MILK,Al Rawabi Fresh Milk Full Cream 1 L,Al Rawabi · 1 L · 3.2% fat,6291030200032,,,,,https://www.sharjahcoop.ae/en/al-rawabi-fresh-milk-full-cream-1-l/p/6291030200032 https://alrawabidairy.com/products/full-cream-milk/,Al Rawabi Fresh Milk Full Cream 1 L,Al Rawabi,1 L,6291030200032,"{""04_POKRYCIE_PR"": 450, ""11_MLEKO_75"": 80}"
76,AE,United Arab Emirates,Middle East & North Africa,CREAM,Paysan Breton La Crème Pâtisserie & Cuisine UHT 30%,Paysan Breton · 20 cl · 30% fat,3412290032215,,,,,https://casinetto.com/products/cooking-and-whipping-cream-30/,Paysan Breton La Crème Pâtisserie & Cuisine UHT 30%,Paysan Breton,20 cl,3412290032215,"{""04_POKRYCIE_PR"": 451, ""14_SMIETANKA_75"": 80}"
76,AE,United Arab Emirates,Middle East & North Africa,SMP,Régilait Instant Skimmed Milk Powder 0% Fat,Régilait · 700 g tin · 0.8% fat,3043931692415,,,,,https://www.amazon.ae/REGILAIT-NON-SKIMD-MILK-700G/dp/B07NF7B1H6 https://gcc.luluhypermarket.com/en-ae/regilait-0-fat-instant-skimmed-milk-powder-700-g/p/3706,Régilait Instant Skimmed Milk Powder 0% Fat,Régilait,puszka 700 g,3043931692415,"{""04_POKRYCIE_PR"": 452, ""17_PROSZEK_75"": 80}"
76,AE,United Arab Emirates,Middle East & North Africa,SUCROSE,White granulated sugar — 100% sugar,Any brand · any pack,,,,,The ingredients should list only sugar (sucrose).,,Biały cukier krystaliczny — 100% cukier,GENERIC,dowolne opakowanie,,"{""04_POKRYCIE_PR"": 453}"
76,AE,United Arab Emirates,Middle East & North Africa,DEXTROSE,NOW Real Food Dextrose,NOW Real Food · 907 g / 32 oz,733739069252,,,,,https://ae.iherb.com/pr/now-foods-real-food-dextrose-32-oz-907-g/526 https://www.nowfoods.com/products/natural-foods/dextrose,NOW Real Food Dextrose,NOW Real Food,907 g / 32 oz,733739069252,"{""04_POKRYCIE_PR"": 454, ""20_DEKSTROZA_75"": 80}"
76,AE,United Arab Emirates,Middle East & North Africa,TARA,SaporePuro Farina di semi di tara (E417) 50 g,SaporePuro · 50 g,8055728540170,,From abroad,"Sold by BakingWarehouse, Hong Kong",Mix with the dry ingredients and heat the base to 75–80 °C.,https://bakingwarehouse.com/products/tara-gum-50gr-saporepuro https://saporepuro.com/products/farina-di-semi-di-tara-gomma-di-tara-origine-peru-e417-confezionato-in-italia-1,SaporePuro Farina di semi di tara (E417) 50 g,SaporePuro,50 g,8055728540170,"{""04_POKRYCIE_PR"": 455, ""23_TARA_75"": 80}"
77,GB,United Kingdom,Europe,MILK,Arla Cravendale Whole Milk 2L,"Arla Cravendale · 2 L bottle, fresh filtered milk · 3.6% fat",5000181024050,,,,,https://www.arlafoods.co.uk/brands/arla-cravendale/cravendale-whole-milk-2l/,Arla Cravendale Whole Milk 2L,Arla Cravendale,"2 L butelka, świeże filtrowane mleko",5000181024050,"{""04_POKRYCIE_PR"": 114, ""11_MLEKO_75"": 24}"
77,GB,United Kingdom,Europe,CREAM,Łaciata Śmietanka UHT 30% 500 ml,Łaciata · 500 ml · 30% fat,5900820000455,,,,,https://mlekpol.com.pl/index.php/en/produkt/laciata-uht-cream-30/ https://leclerc.com.pl/laciata-smietanka-30,Łaciata Śmietanka UHT 30% 500 ml,Łaciata,500 ml,5900820000455,"{""04_POKRYCIE_PR"": 115, ""14_SMIETANKA_75"": 24}"
77,GB,United Kingdom,Europe,SMP,Milfresh Gold Superior Granulated Skimmed Milk 500 g,Milfresh / Aimia Foods · 500 g; case of 10 × 500 g · 0.8% fat,5060113910714,,,,,https://www.templemanrv.co.uk/nutrition-pdf/9501/ https://www.brake.co.uk/dairy/milk/powder/bulk/milfresh-gold-superior-granulated-skimmed-milk/p/28375,Milfresh Gold Superior Granulated Skimmed Milk 500 g,Milfresh / Aimia Foods,500 g; karton 10 × 500 g,5060113910714,"{""04_POKRYCIE_PR"": 116, ""17_PROSZEK_75"": 24}"
77,GB,United Kingdom,Europe,SUCROSE,White granulated sugar — 100% sugar,Any brand · any pack,,,,,The ingredients should list only sugar (sucrose).,,Biały cukier krystaliczny — 100% cukier,GENERIC,dowolne opakowanie,,"{""04_POKRYCIE_PR"": 117}"
77,GB,United Kingdom,Europe,DEXTROSE,buXtrade Dextrose (Traubenzucker) 25 kg,buXtrade · 25 kg · monohydrate,4260486775762,,From abroad,,,https://buxtrade.de/products/dextrose-traubenzucker https://www.shop-apotheke.com/ernaehrung/upm47YLPU/buxtrade-dextrose-pulver.htm,buXtrade Dextrose (Traubenzucker) 25 kg,buXtrade,25 kg,4260486775762,"{""04_POKRYCIE_PR"": 118, ""20_DEKSTROZA_75"": 24}"
77,GB,United Kingdom,Europe,TARA,SaporePuro Farina di Semi di Tara / Gomma di Tara E417,SaporePuro · 50 g,8055728540170,,From abroad,"Sold by SaporePuro, Italy",Mix with the dry ingredients and heat the base to 75–80 °C.,https://saporepuro.com/products/farina-di-semi-di-tara-gomma-di-tara-origine-peru-e417-confezionato-in-italia-1 https://www.unifect.com/products/organic-tara-gum-food-grade/,SaporePuro Farina di Semi di Tara / Gomma di Tara E417,SaporePuro,50 g,8055728540170,"{""04_POKRYCIE_PR"": 119, ""23_TARA_75"": 24}"
78,US,United States,Americas,MILK,Organic Valley Whole Milk Half Gallon,"Organic Valley · 64 fl oz / 1,89 L · 3.3% fat",0093966513004,,,,,https://www.priceritemarketplace.com/sm/planning/rsid/377/product/organic-valley-whole-milk-half-gallon-id-00093966513004 https://www.frysfood.com/p/organic-valley-whole-milk-half-gallon/0009396651300,Organic Valley Whole Milk Half Gallon,Organic Valley,"64 fl oz / 1,89 L",0093966513004,"{""04_POKRYCIE_PR"": 96, ""11_MLEKO_75"": 21}"
78,US,United States,Americas,CREAM,"Brookshire’s Whipping Cream Ultra-Pasteurized, minimum36% milkfat",Brookshire’s · 1 pint (473ml) · 33.3% fat,092825922230,,,,,https://www.freshbybrookshires.com/product/brookshires-whipping-cream-1-pint-id-00092825922230 https://delivery.brookshires.com/store/brookshires/products/18635421-brookshire-s-whipping-cream-ultra-pasteurized-30-milkfat-16-oz,"Brookshire’s Whipping Cream Ultra-Pasteurized, minimum36% milkfat",Brookshire’s,1 pint (473ml),092825922230,"{""04_POKRYCIE_PR"": 97, ""14_SMIETANKA_75"": 21}"
78,US,United States,Americas,SMP,Bob's Red Mill Nonfat Dry Milk Powder,Bob's Red Mill · 22 oz / 624 g · 0% fat,039978115201,,,,,https://www.bobsredmill.com/product/non-fat-dry-milk-powder https://www.vitacost.com/products/bob-s-red-mill-milk-powder-nonfat-dry-22-oz-624-g-97753,Bob's Red Mill Nonfat Dry Milk Powder,Bob's Red Mill,22 oz / 624 g,039978115201,"{""04_POKRYCIE_PR"": 98, ""17_PROSZEK_75"": 21}"
78,US,United States,Americas,SUCROSE,White granulated sugar — 100% sugar,Any brand · any pack,,,,,The ingredients should list only sugar (sucrose).,,Biały cukier krystaliczny — 100% cukier,GENERIC,dowolne opakowanie,,"{""04_POKRYCIE_PR"": 99}"
78,US,United States,Americas,DEXTROSE,BulkSupplements.com Dextrose Crystallized Powder,BulkSupplements.com · 1 kg (2.2 lb) · monohydrate,,DEX1KG,,,,https://www.bulksupplements.com/products/dextrose-powder,BulkSupplements.com Dextrose Crystallized Powder,BulkSupplements.com,1 kg (2.2 lb) — label 005,,"{""04_POKRYCIE_PR"": 100, ""20_DEKSTROZA_75"": 21}"
78,US,United States,Americas,TARA,TIC Pretested® Tara Gum 100,TIC Gums / Ingredion · B2B — pack size per order (not published),,PIN 38930903 · Essex item 1191099,B2B,Sold to businesses via US distributors,Mix with the dry ingredients and heat the base to 75–80 °C.,https://essexfoodingredients.com/product/tic-pretested-tara-gum-100/,TIC Pretested® Tara Gum 100,TIC Gums / Ingredion,B2B — opakowanie według zamówienia; masa niepublikowana,,"{""04_POKRYCIE_PR"": 101, ""23_TARA_75"": 21}"
79,UY,Uruguay,Americas,MILK,La Serenísima Leche Larga Vida Clásica 3% Botella 1 L,La Serenísima · 1 L PET bottle · 3% fat,7790742335500,,,,,https://www.eldorado.com.uy/leche-la-serenisima-larga-vida-entera-1lt/p https://dipiandistribuidora.uy/producto/leche-la-serenisima-3/,La Serenísima Leche Larga Vida Clásica 3% Botella 1 L,La Serenísima,1 L PET bottle,7790742335500,"{""04_POKRYCIE_PR"": 432, ""11_MLEKO_75"": 77}"
79,UY,Uruguay,Americas,CREAM,Conaprole Crema de Leche Ultrapasteurizada 1L,Conaprole · Sachet 1 L · 40.7% fat,7730105011276,,,,,https://www.conaprole.uy/producto/crema-leche-ultrapasteurizada-1l/ https://www.eldorado.com.uy/crema-de-leche-conaprole-1lt/p,Conaprole Crema de Leche Ultrapasteurizada 1L,Conaprole,Sachet 1 L,7730105011276,"{""04_POKRYCIE_PR"": 433, ""14_SMIETANKA_75"": 77}"
79,UY,Uruguay,Americas,SMP,"Bob's Red Mill Milk Powder, Nonfat Dry",Bob's Red Mill / iHerb Uruguay · 624 g · 0% fat,039978115201,,,,,https://www.iherb.com/pr/bob-s-red-mill-milk-powder-nonfat-dry-22-oz-624-g/97753,"Bob's Red Mill Milk Powder, Nonfat Dry",Bob's Red Mill / iHerb Uruguay,624 g,039978115201,"{""04_POKRYCIE_PR"": 434, ""17_PROSZEK_75"": 77}"
79,UY,Uruguay,Americas,SUCROSE,White granulated sugar — 100% sugar,Any brand · any pack,,,,,The ingredients should list only sugar (sucrose).,,Biały cukier krystaliczny — 100% cukier,GENERIC,dowolne opakowanie,,"{""04_POKRYCIE_PR"": 435}"
79,UY,Uruguay,Americas,DEXTROSE,BulkSupplements.com Dextrose Crystallized Powder,BulkSupplements.com · 1 kg (2.2 lb) · monohydrate,,DEX1KG,From abroad,,,https://www.bulksupplements.com/products/dextrose-powder,BulkSupplements.com Dextrose Crystallized Powder,BulkSupplements.com,1 kg (2.2 lb) — label 005,,"{""04_POKRYCIE_PR"": 436, ""20_DEKSTROZA_75"": 77}"
79,UY,Uruguay,Americas,TARA,SaporePuro Farina di semi di tara (E417) 50 g,SaporePuro · 50 g,8055728540170,,From abroad,"Sold by SaporePuro, Italy",Mix with the dry ingredients and heat the base to 75–80 °C.,https://saporepuro.com/products/farina-di-semi-di-tara-gomma-di-tara-origine-peru-e417-confezionato-in-italia-1,SaporePuro Farina di semi di tara (E417) 50 g,SaporePuro,50 g,8055728540170,"{""04_POKRYCIE_PR"": 437, ""23_TARA_75"": 77}"
80,VN,Vietnam,Asia–Pacific,MILK,Président UHT Whole Milk 3.5% Fat 1 L,Président · 1 L carton · 3.6% fat,8410285127347,,,,,https://www.lottemart.vn/en-dni/product/sua-tuoi-tiet-trung-nguyen-kem-president-3-5-beo-1l-8410285127347-p236999 https://suatuoi.com/president/president-full-cream-1l,Président UHT Whole Milk 3.5% Fat 1 L,Président,1 L carton,8410285127347,"{""04_POKRYCIE_PR"": 444, ""11_MLEKO_75"": 79}"
80,VN,Vietnam,Asia–Pacific,CREAM,Emborg Natural Whipping Cream UHT 35.1% 200 ml,Emborg · 200 ml · 35.1% fat,5701215046375,,,,,https://www.emborg.com/product/whipping-cream/ https://shop.annam-gourmet.com/hn-xd/emborg-whipping-cream-35-1-fat-uht-200ml.html,Emborg Natural Whipping Cream UHT 35.1% 200 ml,Emborg,200 ml,5701215046375,"{""04_POKRYCIE_PR"": 445, ""14_SMIETANKA_75"": 79}"
80,VN,Vietnam,Asia–Pacific,SMP,a2 Skim Premium Instant Milk Powder,The a2 Milk Company / dystrybucja Wietnam · 1 kg · 0.8% fat,9421902960246,,,,,https://icheck.vn/san-pham/sua-bot-tach-kem-giau-canxi-milk-power-protein-a2-1kg-9421902960246 https://wowmart.vn/sp/sua-bot-a2-tach-kem-uc-a2-skim-milk-powder-1000g/,a2 Skim Premium Instant Milk Powder,The a2 Milk Company / dystrybucja Wietnam,1 kg,9421902960246,"{""04_POKRYCIE_PR"": 446, ""17_PROSZEK_75"": 79}"
80,VN,Vietnam,Asia–Pacific,SUCROSE,White granulated sugar — 100% sugar,Any brand · any pack,,,,,The ingredients should list only sugar (sucrose).,,Biały cukier krystaliczny — 100% cukier,GENERIC,dowolne opakowanie,,"{""04_POKRYCIE_PR"": 447}"
80,VN,Vietnam,Asia–Pacific,DEXTROSE,BulkSupplements.com Dextrose Crystallized Powder,BulkSupplements.com · 1 kg (2.2 lb) · monohydrate,,DEX1KG,From abroad,,,https://www.bulksupplements.com/products/dextrose-powder,BulkSupplements.com Dextrose Crystallized Powder,BulkSupplements.com,1 kg (2.2 lb) — label 005,,"{""04_POKRYCIE_PR"": 448, ""20_DEKSTROZA_75"": 79}"
80,VN,Vietnam,Asia–Pacific,TARA,SaporePuro Farina di semi di tara (E417) 50 g,SaporePuro · 50 g,8055728540170,,From abroad,"Sold by BakingWarehouse, Hong Kong",Mix with the dry ingredients and heat the base to 75–80 °C.,https://bakingwarehouse.com/products/tara-gum-50gr-saporepuro https://saporepuro.com/products/farina-di-semi-di-tara-gomma-di-tara-origine-peru-e417-confezionato-in-italia-1,SaporePuro Farina di semi di tara (E417) 50 g,SaporePuro,50 g,8055728540170,"{""04_POKRYCIE_PR"": 449, ""23_TARA_75"": 79}"
